[0.245s] DEBUG:colcon:Command line arguments: ['/usr/bin/colcon', 'build', '--symlink-install', '--executor', 'sequential', '--event-handlers', 'console_direct+', '--cmake-args', '-DCMAKE_BUILD_TYPE=Release']
[0.245s] DEBUG:colcon:Parsed command line arguments: Namespace(log_base=None, log_level=None, verb_name='build', build_base='build', install_base='install', merge_install=False, symlink_install=True, test_result_base=None, continue_on_error=False, executor='sequential', parallel_workers=16, event_handlers=['console_direct+'], ignore_user_meta=False, metas=['./colcon.meta'], base_paths=['.'], packages_ignore=None, packages_ignore_regex=None, paths=None, packages_up_to=None, packages_up_to_regex=None, packages_above=None, packages_above_and_dependencies=None, packages_above_depth=None, packages_select_by_dep=None, packages_skip_by_dep=None, packages_skip_up_to=None, packages_select_build_failed=False, packages_skip_build_finished=False, packages_select_test_failures=False, packages_skip_test_passed=False, packages_select=None, packages_skip=None, packages_select_regex=None, packages_skip_regex=None, packages_start=None, packages_end=None, allow_overriding=[], cmake_args=['-DCMAKE_BUILD_TYPE=Release'], cmake_target=None, cmake_target_skip_unavailable=False, cmake_clean_cache=False, cmake_clean_first=False, cmake_force_configure=False, ament_cmake_args=None, catkin_cmake_args=None, catkin_skip_building_tests=False, mixin_files=None, mixin=None, verb_parser=<colcon_mixin.mixin.mixin_argument.MixinArgumentDecorator object at 0x751e6ca8a4b0>, verb_extension=<colcon_core.verb.build.BuildVerb object at 0x751e6ca8a330>, main=<bound method BuildVerb.main of <colcon_core.verb.build.BuildVerb object at 0x751e6ca8a330>>, mixin_verb=('build',))
[0.302s] Level 1:colcon.colcon_core.package_discovery:discover_packages(colcon_meta) check parameters
[0.302s] Level 1:colcon.colcon_core.package_discovery:discover_packages(recursive) check parameters
[0.302s] Level 1:colcon.colcon_core.package_discovery:discover_packages(ignore) check parameters
[0.302s] Level 1:colcon.colcon_core.package_discovery:discover_packages(path) check parameters
[0.302s] Level 1:colcon.colcon_core.package_discovery:discover_packages(colcon_meta) discover
[0.302s] Level 1:colcon.colcon_core.package_discovery:discover_packages(recursive) discover
[0.302s] INFO:colcon.colcon_core.package_discovery:Crawling recursively for packages in '/home/jamiek/2026_ROS_manipulator/open_manipulator_ws'
[0.302s] Level 1:colcon.colcon_core.package_identification:_identify(.) by extensions ['ignore', 'ignore_ament_install']
[0.302s] Level 1:colcon.colcon_core.package_identification:_identify(.) by extension 'ignore'
[0.302s] Level 1:colcon.colcon_core.package_identification:_identify(.) by extension 'ignore_ament_install'
[0.302s] Level 1:colcon.colcon_core.package_identification:_identify(.) by extensions ['colcon_pkg']
[0.302s] Level 1:colcon.colcon_core.package_identification:_identify(.) by extension 'colcon_pkg'
[0.302s] Level 1:colcon.colcon_core.package_identification:_identify(.) by extensions ['colcon_meta']
[0.302s] Level 1:colcon.colcon_core.package_identification:_identify(.) by extension 'colcon_meta'
[0.303s] Level 1:colcon.colcon_core.package_identification:_identify(.) by extensions ['ros']
[0.303s] Level 1:colcon.colcon_core.package_identification:_identify(.) by extension 'ros'
[0.325s] Level 1:colcon.colcon_core.package_identification:_identify(.) by extensions ['cmake', 'python']
[0.325s] Level 1:colcon.colcon_core.package_identification:_identify(.) by extension 'cmake'
[0.325s] Level 1:colcon.colcon_core.package_identification:_identify(.) by extension 'python'
[0.325s] Level 1:colcon.colcon_core.package_identification:_identify(.) by extensions ['python_setup_py']
[0.325s] Level 1:colcon.colcon_core.package_identification:_identify(.) by extension 'python_setup_py'
[0.325s] Level 1:colcon.colcon_core.package_identification:_identify(build) by extensions ['ignore', 'ignore_ament_install']
[0.326s] Level 1:colcon.colcon_core.package_identification:_identify(build) by extension 'ignore'
[0.326s] Level 1:colcon.colcon_core.package_identification:_identify(build) ignored
[0.326s] Level 1:colcon.colcon_core.package_identification:_identify(install) by extensions ['ignore', 'ignore_ament_install']
[0.326s] Level 1:colcon.colcon_core.package_identification:_identify(install) by extension 'ignore'
[0.326s] Level 1:colcon.colcon_core.package_identification:_identify(install) ignored
[0.326s] Level 1:colcon.colcon_core.package_identification:_identify(log) by extensions ['ignore', 'ignore_ament_install']
[0.326s] Level 1:colcon.colcon_core.package_identification:_identify(log) by extension 'ignore'
[0.326s] Level 1:colcon.colcon_core.package_identification:_identify(log) ignored
[0.326s] Level 1:colcon.colcon_core.package_identification:_identify(src) by extensions ['ignore', 'ignore_ament_install']
[0.326s] Level 1:colcon.colcon_core.package_identification:_identify(src) by extension 'ignore'
[0.326s] Level 1:colcon.colcon_core.package_identification:_identify(src) by extension 'ignore_ament_install'
[0.326s] Level 1:colcon.colcon_core.package_identification:_identify(src) by extensions ['colcon_pkg']
[0.326s] Level 1:colcon.colcon_core.package_identification:_identify(src) by extension 'colcon_pkg'
[0.326s] Level 1:colcon.colcon_core.package_identification:_identify(src) by extensions ['colcon_meta']
[0.326s] Level 1:colcon.colcon_core.package_identification:_identify(src) by extension 'colcon_meta'
[0.326s] Level 1:colcon.colcon_core.package_identification:_identify(src) by extensions ['ros']
[0.326s] Level 1:colcon.colcon_core.package_identification:_identify(src) by extension 'ros'
[0.326s] Level 1:colcon.colcon_core.package_identification:_identify(src) by extensions ['cmake', 'python']
[0.327s] Level 1:colcon.colcon_core.package_identification:_identify(src) by extension 'cmake'
[0.327s] Level 1:colcon.colcon_core.package_identification:_identify(src) by extension 'python'
[0.327s] Level 1:colcon.colcon_core.package_identification:_identify(src) by extensions ['python_setup_py']
[0.327s] Level 1:colcon.colcon_core.package_identification:_identify(src) by extension 'python_setup_py'
[0.327s] Level 1:colcon.colcon_core.package_identification:_identify(src/DynamixelSDK) by extensions ['ignore', 'ignore_ament_install']
[0.327s] Level 1:colcon.colcon_core.package_identification:_identify(src/DynamixelSDK) by extension 'ignore'
[0.327s] Level 1:colcon.colcon_core.package_identification:_identify(src/DynamixelSDK) by extension 'ignore_ament_install'
[0.327s] Level 1:colcon.colcon_core.package_identification:_identify(src/DynamixelSDK) by extensions ['colcon_pkg']
[0.327s] Level 1:colcon.colcon_core.package_identification:_identify(src/DynamixelSDK) by extension 'colcon_pkg'
[0.327s] Level 1:colcon.colcon_core.package_identification:_identify(src/DynamixelSDK) by extensions ['colcon_meta']
[0.327s] Level 1:colcon.colcon_core.package_identification:_identify(src/DynamixelSDK) by extension 'colcon_meta'
[0.327s] Level 1:colcon.colcon_core.package_identification:_identify(src/DynamixelSDK) by extensions ['ros']
[0.327s] Level 1:colcon.colcon_core.package_identification:_identify(src/DynamixelSDK) by extension 'ros'
[0.327s] Level 1:colcon.colcon_core.package_identification:_identify(src/DynamixelSDK) by extensions ['cmake', 'python']
[0.327s] Level 1:colcon.colcon_core.package_identification:_identify(src/DynamixelSDK) by extension 'cmake'
[0.327s] Level 1:colcon.colcon_core.package_identification:_identify(src/DynamixelSDK) by extension 'python'
[0.327s] Level 1:colcon.colcon_core.package_identification:_identify(src/DynamixelSDK) by extensions ['python_setup_py']
[0.327s] Level 1:colcon.colcon_core.package_identification:_identify(src/DynamixelSDK) by extension 'python_setup_py'
[0.327s] Level 1:colcon.colcon_core.package_identification:_identify(src/DynamixelSDK/c) by extensions ['ignore', 'ignore_ament_install']
[0.327s] Level 1:colcon.colcon_core.package_identification:_identify(src/DynamixelSDK/c) by extension 'ignore'
[0.327s] Level 1:colcon.colcon_core.package_identification:_identify(src/DynamixelSDK/c) ignored
[0.327s] Level 1:colcon.colcon_core.package_identification:_identify(src/DynamixelSDK/c#) by extensions ['ignore', 'ignore_ament_install']
[0.328s] Level 1:colcon.colcon_core.package_identification:_identify(src/DynamixelSDK/c#) by extension 'ignore'
[0.328s] Level 1:colcon.colcon_core.package_identification:_identify(src/DynamixelSDK/c#) by extension 'ignore_ament_install'
[0.328s] Level 1:colcon.colcon_core.package_identification:_identify(src/DynamixelSDK/c#) by extensions ['colcon_pkg']
[0.328s] Level 1:colcon.colcon_core.package_identification:_identify(src/DynamixelSDK/c#) by extension 'colcon_pkg'
[0.328s] Level 1:colcon.colcon_core.package_identification:_identify(src/DynamixelSDK/c#) by extensions ['colcon_meta']
[0.328s] Level 1:colcon.colcon_core.package_identification:_identify(src/DynamixelSDK/c#) by extension 'colcon_meta'
[0.328s] Level 1:colcon.colcon_core.package_identification:_identify(src/DynamixelSDK/c#) by extensions ['ros']
[0.328s] Level 1:colcon.colcon_core.package_identification:_identify(src/DynamixelSDK/c#) by extension 'ros'
[0.328s] Level 1:colcon.colcon_core.package_identification:_identify(src/DynamixelSDK/c#) by extensions ['cmake', 'python']
[0.328s] Level 1:colcon.colcon_core.package_identification:_identify(src/DynamixelSDK/c#) by extension 'cmake'
[0.328s] Level 1:colcon.colcon_core.package_identification:_identify(src/DynamixelSDK/c#) by extension 'python'
[0.328s] Level 1:colcon.colcon_core.package_identification:_identify(src/DynamixelSDK/c#) by extensions ['python_setup_py']
[0.328s] Level 1:colcon.colcon_core.package_identification:_identify(src/DynamixelSDK/c#) by extension 'python_setup_py'
[0.328s] Level 1:colcon.colcon_core.package_identification:_identify(src/DynamixelSDK/c#/dynamixel_functions_csharp) by extensions ['ignore', 'ignore_ament_install']
[0.328s] Level 1:colcon.colcon_core.package_identification:_identify(src/DynamixelSDK/c#/dynamixel_functions_csharp) by extension 'ignore'
[0.328s] Level 1:colcon.colcon_core.package_identification:_identify(src/DynamixelSDK/c#/dynamixel_functions_csharp) by extension 'ignore_ament_install'
[0.328s] Level 1:colcon.colcon_core.package_identification:_identify(src/DynamixelSDK/c#/dynamixel_functions_csharp) by extensions ['colcon_pkg']
[0.328s] Level 1:colcon.colcon_core.package_identification:_identify(src/DynamixelSDK/c#/dynamixel_functions_csharp) by extension 'colcon_pkg'
[0.328s] Level 1:colcon.colcon_core.package_identification:_identify(src/DynamixelSDK/c#/dynamixel_functions_csharp) by extensions ['colcon_meta']
[0.328s] Level 1:colcon.colcon_core.package_identification:_identify(src/DynamixelSDK/c#/dynamixel_functions_csharp) by extension 'colcon_meta'
[0.328s] Level 1:colcon.colcon_core.package_identification:_identify(src/DynamixelSDK/c#/dynamixel_functions_csharp) by extensions ['ros']
[0.328s] Level 1:colcon.colcon_core.package_identification:_identify(src/DynamixelSDK/c#/dynamixel_functions_csharp) by extension 'ros'
[0.328s] Level 1:colcon.colcon_core.package_identification:_identify(src/DynamixelSDK/c#/dynamixel_functions_csharp) by extensions ['cmake', 'python']
[0.328s] Level 1:colcon.colcon_core.package_identification:_identify(src/DynamixelSDK/c#/dynamixel_functions_csharp) by extension 'cmake'
[0.329s] Level 1:colcon.colcon_core.package_identification:_identify(src/DynamixelSDK/c#/dynamixel_functions_csharp) by extension 'python'
[0.329s] Level 1:colcon.colcon_core.package_identification:_identify(src/DynamixelSDK/c#/dynamixel_functions_csharp) by extensions ['python_setup_py']
[0.329s] Level 1:colcon.colcon_core.package_identification:_identify(src/DynamixelSDK/c#/dynamixel_functions_csharp) by extension 'python_setup_py'
[0.329s] Level 1:colcon.colcon_core.package_identification:_identify(src/DynamixelSDK/c#/dynamixel_functions_csharp/win32) by extensions ['ignore', 'ignore_ament_install']
[0.329s] Level 1:colcon.colcon_core.package_identification:_identify(src/DynamixelSDK/c#/dynamixel_functions_csharp/win32) by extension 'ignore'
[0.329s] Level 1:colcon.colcon_core.package_identification:_identify(src/DynamixelSDK/c#/dynamixel_functions_csharp/win32) by extension 'ignore_ament_install'
[0.329s] Level 1:colcon.colcon_core.package_identification:_identify(src/DynamixelSDK/c#/dynamixel_functions_csharp/win32) by extensions ['colcon_pkg']
[0.329s] Level 1:colcon.colcon_core.package_identification:_identify(src/DynamixelSDK/c#/dynamixel_functions_csharp/win32) by extension 'colcon_pkg'
[0.329s] Level 1:colcon.colcon_core.package_identification:_identify(src/DynamixelSDK/c#/dynamixel_functions_csharp/win32) by extensions ['colcon_meta']
[0.329s] Level 1:colcon.colcon_core.package_identification:_identify(src/DynamixelSDK/c#/dynamixel_functions_csharp/win32) by extension 'colcon_meta'
[0.329s] Level 1:colcon.colcon_core.package_identification:_identify(src/DynamixelSDK/c#/dynamixel_functions_csharp/win32) by extensions ['ros']
[0.329s] Level 1:colcon.colcon_core.package_identification:_identify(src/DynamixelSDK/c#/dynamixel_functions_csharp/win32) by extension 'ros'
[0.329s] Level 1:colcon.colcon_core.package_identification:_identify(src/DynamixelSDK/c#/dynamixel_functions_csharp/win32) by extensions ['cmake', 'python']
[0.329s] Level 1:colcon.colcon_core.package_identification:_identify(src/DynamixelSDK/c#/dynamixel_functions_csharp/win32) by extension 'cmake'
[0.329s] Level 1:colcon.colcon_core.package_identification:_identify(src/DynamixelSDK/c#/dynamixel_functions_csharp/win32) by extension 'python'
[0.329s] Level 1:colcon.colcon_core.package_identification:_identify(src/DynamixelSDK/c#/dynamixel_functions_csharp/win32) by extensions ['python_setup_py']
[0.329s] Level 1:colcon.colcon_core.package_identification:_identify(src/DynamixelSDK/c#/dynamixel_functions_csharp/win32) by extension 'python_setup_py'
[0.329s] Level 1:colcon.colcon_core.package_identification:_identify(src/DynamixelSDK/c#/dynamixel_functions_csharp/win64) by extensions ['ignore', 'ignore_ament_install']
[0.329s] Level 1:colcon.colcon_core.package_identification:_identify(src/DynamixelSDK/c#/dynamixel_functions_csharp/win64) by extension 'ignore'
[0.329s] Level 1:colcon.colcon_core.package_identification:_identify(src/DynamixelSDK/c#/dynamixel_functions_csharp/win64) by extension 'ignore_ament_install'
[0.329s] Level 1:colcon.colcon_core.package_identification:_identify(src/DynamixelSDK/c#/dynamixel_functions_csharp/win64) by extensions ['colcon_pkg']
[0.329s] Level 1:colcon.colcon_core.package_identification:_identify(src/DynamixelSDK/c#/dynamixel_functions_csharp/win64) by extension 'colcon_pkg'
[0.329s] Level 1:colcon.colcon_core.package_identification:_identify(src/DynamixelSDK/c#/dynamixel_functions_csharp/win64) by extensions ['colcon_meta']
[0.330s] Level 1:colcon.colcon_core.package_identification:_identify(src/DynamixelSDK/c#/dynamixel_functions_csharp/win64) by extension 'colcon_meta'
[0.330s] Level 1:colcon.colcon_core.package_identification:_identify(src/DynamixelSDK/c#/dynamixel_functions_csharp/win64) by extensions ['ros']
[0.330s] Level 1:colcon.colcon_core.package_identification:_identify(src/DynamixelSDK/c#/dynamixel_functions_csharp/win64) by extension 'ros'
[0.330s] Level 1:colcon.colcon_core.package_identification:_identify(src/DynamixelSDK/c#/dynamixel_functions_csharp/win64) by extensions ['cmake', 'python']
[0.330s] Level 1:colcon.colcon_core.package_identification:_identify(src/DynamixelSDK/c#/dynamixel_functions_csharp/win64) by extension 'cmake'
[0.330s] Level 1:colcon.colcon_core.package_identification:_identify(src/DynamixelSDK/c#/dynamixel_functions_csharp/win64) by extension 'python'
[0.330s] Level 1:colcon.colcon_core.package_identification:_identify(src/DynamixelSDK/c#/dynamixel_functions_csharp/win64) by extensions ['python_setup_py']
[0.330s] Level 1:colcon.colcon_core.package_identification:_identify(src/DynamixelSDK/c#/dynamixel_functions_csharp/win64) by extension 'python_setup_py'
[0.330s] Level 1:colcon.colcon_core.package_identification:_identify(src/DynamixelSDK/c#/protocol1.0) by extensions ['ignore', 'ignore_ament_install']
[0.330s] Level 1:colcon.colcon_core.package_identification:_identify(src/DynamixelSDK/c#/protocol1.0) by extension 'ignore'
[0.330s] Level 1:colcon.colcon_core.package_identification:_identify(src/DynamixelSDK/c#/protocol1.0) by extension 'ignore_ament_install'
[0.330s] Level 1:colcon.colcon_core.package_identification:_identify(src/DynamixelSDK/c#/protocol1.0) by extensions ['colcon_pkg']
[0.330s] Level 1:colcon.colcon_core.package_identification:_identify(src/DynamixelSDK/c#/protocol1.0) by extension 'colcon_pkg'
[0.330s] Level 1:colcon.colcon_core.package_identification:_identify(src/DynamixelSDK/c#/protocol1.0) by extensions ['colcon_meta']
[0.330s] Level 1:colcon.colcon_core.package_identification:_identify(src/DynamixelSDK/c#/protocol1.0) by extension 'colcon_meta'
[0.330s] Level 1:colcon.colcon_core.package_identification:_identify(src/DynamixelSDK/c#/protocol1.0) by extensions ['ros']
[0.330s] Level 1:colcon.colcon_core.package_identification:_identify(src/DynamixelSDK/c#/protocol1.0) by extension 'ros'
[0.330s] Level 1:colcon.colcon_core.package_identification:_identify(src/DynamixelSDK/c#/protocol1.0) by extensions ['cmake', 'python']
[0.330s] Level 1:colcon.colcon_core.package_identification:_identify(src/DynamixelSDK/c#/protocol1.0) by extension 'cmake'
[0.330s] Level 1:colcon.colcon_core.package_identification:_identify(src/DynamixelSDK/c#/protocol1.0) by extension 'python'
[0.330s] Level 1:colcon.colcon_core.package_identification:_identify(src/DynamixelSDK/c#/protocol1.0) by extensions ['python_setup_py']
[0.330s] Level 1:colcon.colcon_core.package_identification:_identify(src/DynamixelSDK/c#/protocol1.0) by extension 'python_setup_py'
[0.330s] Level 1:colcon.colcon_core.package_identification:_identify(src/DynamixelSDK/c#/protocol1.0/bulk_read) by extensions ['ignore', 'ignore_ament_install']
[0.331s] Level 1:colcon.colcon_core.package_identification:_identify(src/DynamixelSDK/c#/protocol1.0/bulk_read) by extension 'ignore'
[0.331s] Level 1:colcon.colcon_core.package_identification:_identify(src/DynamixelSDK/c#/protocol1.0/bulk_read) by extension 'ignore_ament_install'
[0.331s] Level 1:colcon.colcon_core.package_identification:_identify(src/DynamixelSDK/c#/protocol1.0/bulk_read) by extensions ['colcon_pkg']
[0.331s] Level 1:colcon.colcon_core.package_identification:_identify(src/DynamixelSDK/c#/protocol1.0/bulk_read) by extension 'colcon_pkg'
[0.331s] Level 1:colcon.colcon_core.package_identification:_identify(src/DynamixelSDK/c#/protocol1.0/bulk_read) by extensions ['colcon_meta']
[0.331s] Level 1:colcon.colcon_core.package_identification:_identify(src/DynamixelSDK/c#/protocol1.0/bulk_read) by extension 'colcon_meta'
[0.331s] Level 1:colcon.colcon_core.package_identification:_identify(src/DynamixelSDK/c#/protocol1.0/bulk_read) by extensions ['ros']
[0.331s] Level 1:colcon.colcon_core.package_identification:_identify(src/DynamixelSDK/c#/protocol1.0/bulk_read) by extension 'ros'
[0.331s] Level 1:colcon.colcon_core.package_identification:_identify(src/DynamixelSDK/c#/protocol1.0/bulk_read) by extensions ['cmake', 'python']
[0.331s] Level 1:colcon.colcon_core.package_identification:_identify(src/DynamixelSDK/c#/protocol1.0/bulk_read) by extension 'cmake'
[0.331s] Level 1:colcon.colcon_core.package_identification:_identify(src/DynamixelSDK/c#/protocol1.0/bulk_read) by extension 'python'
[0.331s] Level 1:colcon.colcon_core.package_identification:_identify(src/DynamixelSDK/c#/protocol1.0/bulk_read) by extensions ['python_setup_py']
[0.331s] Level 1:colcon.colcon_core.package_identification:_identify(src/DynamixelSDK/c#/protocol1.0/bulk_read) by extension 'python_setup_py'
[0.331s] Level 1:colcon.colcon_core.package_identification:_identify(src/DynamixelSDK/c#/protocol1.0/bulk_read/win32) by extensions ['ignore', 'ignore_ament_install']
[0.331s] Level 1:colcon.colcon_core.package_identification:_identify(src/DynamixelSDK/c#/protocol1.0/bulk_read/win32) by extension 'ignore'
[0.331s] Level 1:colcon.colcon_core.package_identification:_identify(src/DynamixelSDK/c#/protocol1.0/bulk_read/win32) by extension 'ignore_ament_install'
[0.331s] Level 1:colcon.colcon_core.package_identification:_identify(src/DynamixelSDK/c#/protocol1.0/bulk_read/win32) by extensions ['colcon_pkg']
[0.331s] Level 1:colcon.colcon_core.package_identification:_identify(src/DynamixelSDK/c#/protocol1.0/bulk_read/win32) by extension 'colcon_pkg'
[0.331s] Level 1:colcon.colcon_core.package_identification:_identify(src/DynamixelSDK/c#/protocol1.0/bulk_read/win32) by extensions ['colcon_meta']
[0.331s] Level 1:colcon.colcon_core.package_identification:_identify(src/DynamixelSDK/c#/protocol1.0/bulk_read/win32) by extension 'colcon_meta'
[0.331s] Level 1:colcon.colcon_core.package_identification:_identify(src/DynamixelSDK/c#/protocol1.0/bulk_read/win32) by extensions ['ros']
[0.331s] Level 1:colcon.colcon_core.package_identification:_identify(src/DynamixelSDK/c#/protocol1.0/bulk_read/win32) by extension 'ros'
[0.331s] Level 1:colcon.colcon_core.package_identification:_identify(src/DynamixelSDK/c#/protocol1.0/bulk_read/win32) by extensions ['cmake', 'python']
[0.332s] Level 1:colcon.colcon_core.package_identification:_identify(src/DynamixelSDK/c#/protocol1.0/bulk_read/win32) by extension 'cmake'
[0.332s] Level 1:colcon.colcon_core.package_identification:_identify(src/DynamixelSDK/c#/protocol1.0/bulk_read/win32) by extension 'python'
[0.332s] Level 1:colcon.colcon_core.package_identification:_identify(src/DynamixelSDK/c#/protocol1.0/bulk_read/win32) by extensions ['python_setup_py']
[0.332s] Level 1:colcon.colcon_core.package_identification:_identify(src/DynamixelSDK/c#/protocol1.0/bulk_read/win32) by extension 'python_setup_py'
[0.332s] Level 1:colcon.colcon_core.package_identification:_identify(src/DynamixelSDK/c#/protocol1.0/bulk_read/win32/bulk_read) by extensions ['ignore', 'ignore_ament_install']
[0.332s] Level 1:colcon.colcon_core.package_identification:_identify(src/DynamixelSDK/c#/protocol1.0/bulk_read/win32/bulk_read) by extension 'ignore'
[0.332s] Level 1:colcon.colcon_core.package_identification:_identify(src/DynamixelSDK/c#/protocol1.0/bulk_read/win32/bulk_read) by extension 'ignore_ament_install'
[0.332s] Level 1:colcon.colcon_core.package_identification:_identify(src/DynamixelSDK/c#/protocol1.0/bulk_read/win32/bulk_read) by extensions ['colcon_pkg']
[0.332s] Level 1:colcon.colcon_core.package_identification:_identify(src/DynamixelSDK/c#/protocol1.0/bulk_read/win32/bulk_read) by extension 'colcon_pkg'
[0.332s] Level 1:colcon.colcon_core.package_identification:_identify(src/DynamixelSDK/c#/protocol1.0/bulk_read/win32/bulk_read) by extensions ['colcon_meta']
[0.332s] Level 1:colcon.colcon_core.package_identification:_identify(src/DynamixelSDK/c#/protocol1.0/bulk_read/win32/bulk_read) by extension 'colcon_meta'
[0.332s] Level 1:colcon.colcon_core.package_identification:_identify(src/DynamixelSDK/c#/protocol1.0/bulk_read/win32/bulk_read) by extensions ['ros']
[0.332s] Level 1:colcon.colcon_core.package_identification:_identify(src/DynamixelSDK/c#/protocol1.0/bulk_read/win32/bulk_read) by extension 'ros'
[0.332s] Level 1:colcon.colcon_core.package_identification:_identify(src/DynamixelSDK/c#/protocol1.0/bulk_read/win32/bulk_read) by extensions ['cmake', 'python']
[0.332s] Level 1:colcon.colcon_core.package_identification:_identify(src/DynamixelSDK/c#/protocol1.0/bulk_read/win32/bulk_read) by extension 'cmake'
[0.332s] Level 1:colcon.colcon_core.package_identification:_identify(src/DynamixelSDK/c#/protocol1.0/bulk_read/win32/bulk_read) by extension 'python'
[0.332s] Level 1:colcon.colcon_core.package_identification:_identify(src/DynamixelSDK/c#/protocol1.0/bulk_read/win32/bulk_read) by extensions ['python_setup_py']
[0.332s] Level 1:colcon.colcon_core.package_identification:_identify(src/DynamixelSDK/c#/protocol1.0/bulk_read/win32/bulk_read) by extension 'python_setup_py'
[0.332s] Level 1:colcon.colcon_core.package_identification:_identify(src/DynamixelSDK/c#/protocol1.0/bulk_read/win32/bulk_read/Properties) by extensions ['ignore', 'ignore_ament_install']
[0.332s] Level 1:colcon.colcon_core.package_identification:_identify(src/DynamixelSDK/c#/protocol1.0/bulk_read/win32/bulk_read/Properties) by extension 'ignore'
[0.332s] Level 1:colcon.colcon_core.package_identification:_identify(src/DynamixelSDK/c#/protocol1.0/bulk_read/win32/bulk_read/Properties) by extension 'ignore_ament_install'
[0.332s] Level 1:colcon.colcon_core.package_identification:_identify(src/DynamixelSDK/c#/protocol1.0/bulk_read/win32/bulk_read/Properties) by extensions ['colcon_pkg']
[0.333s] Level 1:colcon.colcon_core.package_identification:_identify(src/DynamixelSDK/c#/protocol1.0/bulk_read/win32/bulk_read/Properties) by extension 'colcon_pkg'
[0.333s] Level 1:colcon.colcon_core.package_identification:_identify(src/DynamixelSDK/c#/protocol1.0/bulk_read/win32/bulk_read/Properties) by extensions ['colcon_meta']
[0.333s] Level 1:colcon.colcon_core.package_identification:_identify(src/DynamixelSDK/c#/protocol1.0/bulk_read/win32/bulk_read/Properties) by extension 'colcon_meta'
[0.333s] Level 1:colcon.colcon_core.package_identification:_identify(src/DynamixelSDK/c#/protocol1.0/bulk_read/win32/bulk_read/Properties) by extensions ['ros']
[0.333s] Level 1:colcon.colcon_core.package_identification:_identify(src/DynamixelSDK/c#/protocol1.0/bulk_read/win32/bulk_read/Properties) by extension 'ros'
[0.333s] Level 1:colcon.colcon_core.package_identification:_identify(src/DynamixelSDK/c#/protocol1.0/bulk_read/win32/bulk_read/Properties) by extensions ['cmake', 'python']
[0.333s] Level 1:colcon.colcon_core.package_identification:_identify(src/DynamixelSDK/c#/protocol1.0/bulk_read/win32/bulk_read/Properties) by extension 'cmake'
[0.333s] Level 1:colcon.colcon_core.package_identification:_identify(src/DynamixelSDK/c#/protocol1.0/bulk_read/win32/bulk_read/Properties) by extension 'python'
[0.333s] Level 1:colcon.colcon_core.package_identification:_identify(src/DynamixelSDK/c#/protocol1.0/bulk_read/win32/bulk_read/Properties) by extensions ['python_setup_py']
[0.333s] Level 1:colcon.colcon_core.package_identification:_identify(src/DynamixelSDK/c#/protocol1.0/bulk_read/win32/bulk_read/Properties) by extension 'python_setup_py'
[0.333s] Level 1:colcon.colcon_core.package_identification:_identify(src/DynamixelSDK/c#/protocol1.0/bulk_read/win64) by extensions ['ignore', 'ignore_ament_install']
[0.333s] Level 1:colcon.colcon_core.package_identification:_identify(src/DynamixelSDK/c#/protocol1.0/bulk_read/win64) by extension 'ignore'
[0.333s] Level 1:colcon.colcon_core.package_identification:_identify(src/DynamixelSDK/c#/protocol1.0/bulk_read/win64) by extension 'ignore_ament_install'
[0.333s] Level 1:colcon.colcon_core.package_identification:_identify(src/DynamixelSDK/c#/protocol1.0/bulk_read/win64) by extensions ['colcon_pkg']
[0.333s] Level 1:colcon.colcon_core.package_identification:_identify(src/DynamixelSDK/c#/protocol1.0/bulk_read/win64) by extension 'colcon_pkg'
[0.333s] Level 1:colcon.colcon_core.package_identification:_identify(src/DynamixelSDK/c#/protocol1.0/bulk_read/win64) by extensions ['colcon_meta']
[0.333s] Level 1:colcon.colcon_core.package_identification:_identify(src/DynamixelSDK/c#/protocol1.0/bulk_read/win64) by extension 'colcon_meta'
[0.333s] Level 1:colcon.colcon_core.package_identification:_identify(src/DynamixelSDK/c#/protocol1.0/bulk_read/win64) by extensions ['ros']
[0.333s] Level 1:colcon.colcon_core.package_identification:_identify(src/DynamixelSDK/c#/protocol1.0/bulk_read/win64) by extension 'ros'
[0.333s] Level 1:colcon.colcon_core.package_identification:_identify(src/DynamixelSDK/c#/protocol1.0/bulk_read/win64) by extensions ['cmake', 'python']
[0.333s] Level 1:colcon.colcon_core.package_identification:_identify(src/DynamixelSDK/c#/protocol1.0/bulk_read/win64) by extension 'cmake'
[0.333s] Level 1:colcon.colcon_core.package_identification:_identify(src/DynamixelSDK/c#/protocol1.0/bulk_read/win64) by extension 'python'
[0.333s] Level 1:colcon.colcon_core.package_identification:_identify(src/DynamixelSDK/c#/protocol1.0/bulk_read/win64) by extensions ['python_setup_py']
[0.333s] Level 1:colcon.colcon_core.package_identification:_identify(src/DynamixelSDK/c#/protocol1.0/bulk_read/win64) by extension 'python_setup_py'
[0.334s] Level 1:colcon.colcon_core.package_identification:_identify(src/DynamixelSDK/c#/protocol1.0/bulk_read/win64/bulk_read) by extensions ['ignore', 'ignore_ament_install']
[0.334s] Level 1:colcon.colcon_core.package_identification:_identify(src/DynamixelSDK/c#/protocol1.0/bulk_read/win64/bulk_read) by extension 'ignore'
[0.334s] Level 1:colcon.colcon_core.package_identification:_identify(src/DynamixelSDK/c#/protocol1.0/bulk_read/win64/bulk_read) by extension 'ignore_ament_install'
[0.334s] Level 1:colcon.colcon_core.package_identification:_identify(src/DynamixelSDK/c#/protocol1.0/bulk_read/win64/bulk_read) by extensions ['colcon_pkg']
[0.334s] Level 1:colcon.colcon_core.package_identification:_identify(src/DynamixelSDK/c#/protocol1.0/bulk_read/win64/bulk_read) by extension 'colcon_pkg'
[0.334s] Level 1:colcon.colcon_core.package_identification:_identify(src/DynamixelSDK/c#/protocol1.0/bulk_read/win64/bulk_read) by extensions ['colcon_meta']
[0.334s] Level 1:colcon.colcon_core.package_identification:_identify(src/DynamixelSDK/c#/protocol1.0/bulk_read/win64/bulk_read) by extension 'colcon_meta'
[0.334s] Level 1:colcon.colcon_core.package_identification:_identify(src/DynamixelSDK/c#/protocol1.0/bulk_read/win64/bulk_read) by extensions ['ros']
[0.334s] Level 1:colcon.colcon_core.package_identification:_identify(src/DynamixelSDK/c#/protocol1.0/bulk_read/win64/bulk_read) by extension 'ros'
[0.334s] Level 1:colcon.colcon_core.package_identification:_identify(src/DynamixelSDK/c#/protocol1.0/bulk_read/win64/bulk_read) by extensions ['cmake', 'python']
[0.334s] Level 1:colcon.colcon_core.package_identification:_identify(src/DynamixelSDK/c#/protocol1.0/bulk_read/win64/bulk_read) by extension 'cmake'
[0.334s] Level 1:colcon.colcon_core.package_identification:_identify(src/DynamixelSDK/c#/protocol1.0/bulk_read/win64/bulk_read) by extension 'python'
[0.334s] Level 1:colcon.colcon_core.package_identification:_identify(src/DynamixelSDK/c#/protocol1.0/bulk_read/win64/bulk_read) by extensions ['python_setup_py']
[0.334s] Level 1:colcon.colcon_core.package_identification:_identify(src/DynamixelSDK/c#/protocol1.0/bulk_read/win64/bulk_read) by extension 'python_setup_py'
[0.334s] Level 1:colcon.colcon_core.package_identification:_identify(src/DynamixelSDK/c#/protocol1.0/bulk_read/win64/bulk_read/Properties) by extensions ['ignore', 'ignore_ament_install']
[0.334s] Level 1:colcon.colcon_core.package_identification:_identify(src/DynamixelSDK/c#/protocol1.0/bulk_read/win64/bulk_read/Properties) by extension 'ignore'
[0.334s] Level 1:colcon.colcon_core.package_identification:_identify(src/DynamixelSDK/c#/protocol1.0/bulk_read/win64/bulk_read/Properties) by extension 'ignore_ament_install'
[0.334s] Level 1:colcon.colcon_core.package_identification:_identify(src/DynamixelSDK/c#/protocol1.0/bulk_read/win64/bulk_read/Properties) by extensions ['colcon_pkg']
[0.334s] Level 1:colcon.colcon_core.package_identification:_identify(src/DynamixelSDK/c#/protocol1.0/bulk_read/win64/bulk_read/Properties) by extension 'colcon_pkg'
[0.334s] Level 1:colcon.colcon_core.package_identification:_identify(src/DynamixelSDK/c#/protocol1.0/bulk_read/win64/bulk_read/Properties) by extensions ['colcon_meta']
[0.334s] Level 1:colcon.colcon_core.package_identification:_identify(src/DynamixelSDK/c#/protocol1.0/bulk_read/win64/bulk_read/Properties) by extension 'colcon_meta'
[0.334s] Level 1:colcon.colcon_core.package_identification:_identify(src/DynamixelSDK/c#/protocol1.0/bulk_read/win64/bulk_read/Properties) by extensions ['ros']
[0.335s] Level 1:colcon.colcon_core.package_identification:_identify(src/DynamixelSDK/c#/protocol1.0/bulk_read/win64/bulk_read/Properties) by extension 'ros'
[0.335s] Level 1:colcon.colcon_core.package_identification:_identify(src/DynamixelSDK/c#/protocol1.0/bulk_read/win64/bulk_read/Properties) by extensions ['cmake', 'python']
[0.335s] Level 1:colcon.colcon_core.package_identification:_identify(src/DynamixelSDK/c#/protocol1.0/bulk_read/win64/bulk_read/Properties) by extension 'cmake'
[0.335s] Level 1:colcon.colcon_core.package_identification:_identify(src/DynamixelSDK/c#/protocol1.0/bulk_read/win64/bulk_read/Properties) by extension 'python'
[0.335s] Level 1:colcon.colcon_core.package_identification:_identify(src/DynamixelSDK/c#/protocol1.0/bulk_read/win64/bulk_read/Properties) by extensions ['python_setup_py']
[0.335s] Level 1:colcon.colcon_core.package_identification:_identify(src/DynamixelSDK/c#/protocol1.0/bulk_read/win64/bulk_read/Properties) by extension 'python_setup_py'
[0.335s] Level 1:colcon.colcon_core.package_identification:_identify(src/DynamixelSDK/c#/protocol1.0/multi_port) by extensions ['ignore', 'ignore_ament_install']
[0.335s] Level 1:colcon.colcon_core.package_identification:_identify(src/DynamixelSDK/c#/protocol1.0/multi_port) by extension 'ignore'
[0.335s] Level 1:colcon.colcon_core.package_identification:_identify(src/DynamixelSDK/c#/protocol1.0/multi_port) by extension 'ignore_ament_install'
[0.335s] Level 1:colcon.colcon_core.package_identification:_identify(src/DynamixelSDK/c#/protocol1.0/multi_port) by extensions ['colcon_pkg']
[0.335s] Level 1:colcon.colcon_core.package_identification:_identify(src/DynamixelSDK/c#/protocol1.0/multi_port) by extension 'colcon_pkg'
[0.335s] Level 1:colcon.colcon_core.package_identification:_identify(src/DynamixelSDK/c#/protocol1.0/multi_port) by extensions ['colcon_meta']
[0.335s] Level 1:colcon.colcon_core.package_identification:_identify(src/DynamixelSDK/c#/protocol1.0/multi_port) by extension 'colcon_meta'
[0.335s] Level 1:colcon.colcon_core.package_identification:_identify(src/DynamixelSDK/c#/protocol1.0/multi_port) by extensions ['ros']
[0.335s] Level 1:colcon.colcon_core.package_identification:_identify(src/DynamixelSDK/c#/protocol1.0/multi_port) by extension 'ros'
[0.335s] Level 1:colcon.colcon_core.package_identification:_identify(src/DynamixelSDK/c#/protocol1.0/multi_port) by extensions ['cmake', 'python']
[0.335s] Level 1:colcon.colcon_core.package_identification:_identify(src/DynamixelSDK/c#/protocol1.0/multi_port) by extension 'cmake'
[0.335s] Level 1:colcon.colcon_core.package_identification:_identify(src/DynamixelSDK/c#/protocol1.0/multi_port) by extension 'python'
[0.335s] Level 1:colcon.colcon_core.package_identification:_identify(src/DynamixelSDK/c#/protocol1.0/multi_port) by extensions ['python_setup_py']
[0.335s] Level 1:colcon.colcon_core.package_identification:_identify(src/DynamixelSDK/c#/protocol1.0/multi_port) by extension 'python_setup_py'
[0.335s] Level 1:colcon.colcon_core.package_identification:_identify(src/DynamixelSDK/c#/protocol1.0/multi_port/win32) by extensions ['ignore', 'ignore_ament_install']
[0.335s] Level 1:colcon.colcon_core.package_identification:_identify(src/DynamixelSDK/c#/protocol1.0/multi_port/win32) by extension 'ignore'
[0.336s] Level 1:colcon.colcon_core.package_identification:_identify(src/DynamixelSDK/c#/protocol1.0/multi_port/win32) by extension 'ignore_ament_install'
[0.336s] Level 1:colcon.colcon_core.package_identification:_identify(src/DynamixelSDK/c#/protocol1.0/multi_port/win32) by extensions ['colcon_pkg']
[0.336s] Level 1:colcon.colcon_core.package_identification:_identify(src/DynamixelSDK/c#/protocol1.0/multi_port/win32) by extension 'colcon_pkg'
[0.336s] Level 1:colcon.colcon_core.package_identification:_identify(src/DynamixelSDK/c#/protocol1.0/multi_port/win32) by extensions ['colcon_meta']
[0.336s] Level 1:colcon.colcon_core.package_identification:_identify(src/DynamixelSDK/c#/protocol1.0/multi_port/win32) by extension 'colcon_meta'
[0.336s] Level 1:colcon.colcon_core.package_identification:_identify(src/DynamixelSDK/c#/protocol1.0/multi_port/win32) by extensions ['ros']
[0.336s] Level 1:colcon.colcon_core.package_identification:_identify(src/DynamixelSDK/c#/protocol1.0/multi_port/win32) by extension 'ros'
[0.336s] Level 1:colcon.colcon_core.package_identification:_identify(src/DynamixelSDK/c#/protocol1.0/multi_port/win32) by extensions ['cmake', 'python']
[0.336s] Level 1:colcon.colcon_core.package_identification:_identify(src/DynamixelSDK/c#/protocol1.0/multi_port/win32) by extension 'cmake'
[0.336s] Level 1:colcon.colcon_core.package_identification:_identify(src/DynamixelSDK/c#/protocol1.0/multi_port/win32) by extension 'python'
[0.336s] Level 1:colcon.colcon_core.package_identification:_identify(src/DynamixelSDK/c#/protocol1.0/multi_port/win32) by extensions ['python_setup_py']
[0.336s] Level 1:colcon.colcon_core.package_identification:_identify(src/DynamixelSDK/c#/protocol1.0/multi_port/win32) by extension 'python_setup_py'
[0.336s] Level 1:colcon.colcon_core.package_identification:_identify(src/DynamixelSDK/c#/protocol1.0/multi_port/win32/multi_port) by extensions ['ignore', 'ignore_ament_install']
[0.336s] Level 1:colcon.colcon_core.package_identification:_identify(src/DynamixelSDK/c#/protocol1.0/multi_port/win32/multi_port) by extension 'ignore'
[0.336s] Level 1:colcon.colcon_core.package_identification:_identify(src/DynamixelSDK/c#/protocol1.0/multi_port/win32/multi_port) by extension 'ignore_ament_install'
[0.336s] Level 1:colcon.colcon_core.package_identification:_identify(src/DynamixelSDK/c#/protocol1.0/multi_port/win32/multi_port) by extensions ['colcon_pkg']
[0.336s] Level 1:colcon.colcon_core.package_identification:_identify(src/DynamixelSDK/c#/protocol1.0/multi_port/win32/multi_port) by extension 'colcon_pkg'
[0.336s] Level 1:colcon.colcon_core.package_identification:_identify(src/DynamixelSDK/c#/protocol1.0/multi_port/win32/multi_port) by extensions ['colcon_meta']
[0.336s] Level 1:colcon.colcon_core.package_identification:_identify(src/DynamixelSDK/c#/protocol1.0/multi_port/win32/multi_port) by extension 'colcon_meta'
[0.336s] Level 1:colcon.colcon_core.package_identification:_identify(src/DynamixelSDK/c#/protocol1.0/multi_port/win32/multi_port) by extensions ['ros']
[0.336s] Level 1:colcon.colcon_core.package_identification:_identify(src/DynamixelSDK/c#/protocol1.0/multi_port/win32/multi_port) by extension 'ros'
[0.336s] Level 1:colcon.colcon_core.package_identification:_identify(src/DynamixelSDK/c#/protocol1.0/multi_port/win32/multi_port) by extensions ['cmake', 'python']
[0.336s] Level 1:colcon.colcon_core.package_identification:_identify(src/DynamixelSDK/c#/protocol1.0/multi_port/win32/multi_port) by extension 'cmake'
[0.336s] Level 1:colcon.colcon_core.package_identification:_identify(src/DynamixelSDK/c#/protocol1.0/multi_port/win32/multi_port) by extension 'python'
[0.337s] Level 1:colcon.colcon_core.package_identification:_identify(src/DynamixelSDK/c#/protocol1.0/multi_port/win32/multi_port) by extensions ['python_setup_py']
[0.337s] Level 1:colcon.colcon_core.package_identification:_identify(src/DynamixelSDK/c#/protocol1.0/multi_port/win32/multi_port) by extension 'python_setup_py'
[0.337s] Level 1:colcon.colcon_core.package_identification:_identify(src/DynamixelSDK/c#/protocol1.0/multi_port/win32/multi_port/Properties) by extensions ['ignore', 'ignore_ament_install']
[0.337s] Level 1:colcon.colcon_core.package_identification:_identify(src/DynamixelSDK/c#/protocol1.0/multi_port/win32/multi_port/Properties) by extension 'ignore'
[0.337s] Level 1:colcon.colcon_core.package_identification:_identify(src/DynamixelSDK/c#/protocol1.0/multi_port/win32/multi_port/Properties) by extension 'ignore_ament_install'
[0.337s] Level 1:colcon.colcon_core.package_identification:_identify(src/DynamixelSDK/c#/protocol1.0/multi_port/win32/multi_port/Properties) by extensions ['colcon_pkg']
[0.337s] Level 1:colcon.colcon_core.package_identification:_identify(src/DynamixelSDK/c#/protocol1.0/multi_port/win32/multi_port/Properties) by extension 'colcon_pkg'
[0.337s] Level 1:colcon.colcon_core.package_identification:_identify(src/DynamixelSDK/c#/protocol1.0/multi_port/win32/multi_port/Properties) by extensions ['colcon_meta']
[0.337s] Level 1:colcon.colcon_core.package_identification:_identify(src/DynamixelSDK/c#/protocol1.0/multi_port/win32/multi_port/Properties) by extension 'colcon_meta'
[0.337s] Level 1:colcon.colcon_core.package_identification:_identify(src/DynamixelSDK/c#/protocol1.0/multi_port/win32/multi_port/Properties) by extensions ['ros']
[0.337s] Level 1:colcon.colcon_core.package_identification:_identify(src/DynamixelSDK/c#/protocol1.0/multi_port/win32/multi_port/Properties) by extension 'ros'
[0.337s] Level 1:colcon.colcon_core.package_identification:_identify(src/DynamixelSDK/c#/protocol1.0/multi_port/win32/multi_port/Properties) by extensions ['cmake', 'python']
[0.337s] Level 1:colcon.colcon_core.package_identification:_identify(src/DynamixelSDK/c#/protocol1.0/multi_port/win32/multi_port/Properties) by extension 'cmake'
[0.337s] Level 1:colcon.colcon_core.package_identification:_identify(src/DynamixelSDK/c#/protocol1.0/multi_port/win32/multi_port/Properties) by extension 'python'
[0.337s] Level 1:colcon.colcon_core.package_identification:_identify(src/DynamixelSDK/c#/protocol1.0/multi_port/win32/multi_port/Properties) by extensions ['python_setup_py']
[0.337s] Level 1:colcon.colcon_core.package_identification:_identify(src/DynamixelSDK/c#/protocol1.0/multi_port/win32/multi_port/Properties) by extension 'python_setup_py'
[0.337s] Level 1:colcon.colcon_core.package_identification:_identify(src/DynamixelSDK/c#/protocol1.0/multi_port/win64) by extensions ['ignore', 'ignore_ament_install']
[0.337s] Level 1:colcon.colcon_core.package_identification:_identify(src/DynamixelSDK/c#/protocol1.0/multi_port/win64) by extension 'ignore'
[0.337s] Level 1:colcon.colcon_core.package_identification:_identify(src/DynamixelSDK/c#/protocol1.0/multi_port/win64) by extension 'ignore_ament_install'
[0.337s] Level 1:colcon.colcon_core.package_identification:_identify(src/DynamixelSDK/c#/protocol1.0/multi_port/win64) by extensions ['colcon_pkg']
[0.337s] Level 1:colcon.colcon_core.package_identification:_identify(src/DynamixelSDK/c#/protocol1.0/multi_port/win64) by extension 'colcon_pkg'
[0.337s] Level 1:colcon.colcon_core.package_identification:_identify(src/DynamixelSDK/c#/protocol1.0/multi_port/win64) by extensions ['colcon_meta']
[0.337s] Level 1:colcon.colcon_core.package_identification:_identify(src/DynamixelSDK/c#/protocol1.0/multi_port/win64) by extension 'colcon_meta'
[0.338s] Level 1:colcon.colcon_core.package_identification:_identify(src/DynamixelSDK/c#/protocol1.0/multi_port/win64) by extensions ['ros']
[0.338s] Level 1:colcon.colcon_core.package_identification:_identify(src/DynamixelSDK/c#/protocol1.0/multi_port/win64) by extension 'ros'
[0.338s] Level 1:colcon.colcon_core.package_identification:_identify(src/DynamixelSDK/c#/protocol1.0/multi_port/win64) by extensions ['cmake', 'python']
[0.338s] Level 1:colcon.colcon_core.package_identification:_identify(src/DynamixelSDK/c#/protocol1.0/multi_port/win64) by extension 'cmake'
[0.338s] Level 1:colcon.colcon_core.package_identification:_identify(src/DynamixelSDK/c#/protocol1.0/multi_port/win64) by extension 'python'
[0.338s] Level 1:colcon.colcon_core.package_identification:_identify(src/DynamixelSDK/c#/protocol1.0/multi_port/win64) by extensions ['python_setup_py']
[0.338s] Level 1:colcon.colcon_core.package_identification:_identify(src/DynamixelSDK/c#/protocol1.0/multi_port/win64) by extension 'python_setup_py'
[0.338s] Level 1:colcon.colcon_core.package_identification:_identify(src/DynamixelSDK/c#/protocol1.0/multi_port/win64/multi_port) by extensions ['ignore', 'ignore_ament_install']
[0.338s] Level 1:colcon.colcon_core.package_identification:_identify(src/DynamixelSDK/c#/protocol1.0/multi_port/win64/multi_port) by extension 'ignore'
[0.338s] Level 1:colcon.colcon_core.package_identification:_identify(src/DynamixelSDK/c#/protocol1.0/multi_port/win64/multi_port) by extension 'ignore_ament_install'
[0.338s] Level 1:colcon.colcon_core.package_identification:_identify(src/DynamixelSDK/c#/protocol1.0/multi_port/win64/multi_port) by extensions ['colcon_pkg']
[0.338s] Level 1:colcon.colcon_core.package_identification:_identify(src/DynamixelSDK/c#/protocol1.0/multi_port/win64/multi_port) by extension 'colcon_pkg'
[0.338s] Level 1:colcon.colcon_core.package_identification:_identify(src/DynamixelSDK/c#/protocol1.0/multi_port/win64/multi_port) by extensions ['colcon_meta']
[0.338s] Level 1:colcon.colcon_core.package_identification:_identify(src/DynamixelSDK/c#/protocol1.0/multi_port/win64/multi_port) by extension 'colcon_meta'
[0.338s] Level 1:colcon.colcon_core.package_identification:_identify(src/DynamixelSDK/c#/protocol1.0/multi_port/win64/multi_port) by extensions ['ros']
[0.338s] Level 1:colcon.colcon_core.package_identification:_identify(src/DynamixelSDK/c#/protocol1.0/multi_port/win64/multi_port) by extension 'ros'
[0.338s] Level 1:colcon.colcon_core.package_identification:_identify(src/DynamixelSDK/c#/protocol1.0/multi_port/win64/multi_port) by extensions ['cmake', 'python']
[0.338s] Level 1:colcon.colcon_core.package_identification:_identify(src/DynamixelSDK/c#/protocol1.0/multi_port/win64/multi_port) by extension 'cmake'
[0.338s] Level 1:colcon.colcon_core.package_identification:_identify(src/DynamixelSDK/c#/protocol1.0/multi_port/win64/multi_port) by extension 'python'
[0.338s] Level 1:colcon.colcon_core.package_identification:_identify(src/DynamixelSDK/c#/protocol1.0/multi_port/win64/multi_port) by extensions ['python_setup_py']
[0.338s] Level 1:colcon.colcon_core.package_identification:_identify(src/DynamixelSDK/c#/protocol1.0/multi_port/win64/multi_port) by extension 'python_setup_py'
[0.338s] Level 1:colcon.colcon_core.package_identification:_identify(src/DynamixelSDK/c#/protocol1.0/multi_port/win64/multi_port/Properties) by extensions ['ignore', 'ignore_ament_install']
[0.339s] Level 1:colcon.colcon_core.package_identification:_identify(src/DynamixelSDK/c#/protocol1.0/multi_port/win64/multi_port/Properties) by extension 'ignore'
[0.339s] Level 1:colcon.colcon_core.package_identification:_identify(src/DynamixelSDK/c#/protocol1.0/multi_port/win64/multi_port/Properties) by extension 'ignore_ament_install'
[0.339s] Level 1:colcon.colcon_core.package_identification:_identify(src/DynamixelSDK/c#/protocol1.0/multi_port/win64/multi_port/Properties) by extensions ['colcon_pkg']
[0.339s] Level 1:colcon.colcon_core.package_identification:_identify(src/DynamixelSDK/c#/protocol1.0/multi_port/win64/multi_port/Properties) by extension 'colcon_pkg'
[0.339s] Level 1:colcon.colcon_core.package_identification:_identify(src/DynamixelSDK/c#/protocol1.0/multi_port/win64/multi_port/Properties) by extensions ['colcon_meta']
[0.339s] Level 1:colcon.colcon_core.package_identification:_identify(src/DynamixelSDK/c#/protocol1.0/multi_port/win64/multi_port/Properties) by extension 'colcon_meta'
[0.339s] Level 1:colcon.colcon_core.package_identification:_identify(src/DynamixelSDK/c#/protocol1.0/multi_port/win64/multi_port/Properties) by extensions ['ros']
[0.339s] Level 1:colcon.colcon_core.package_identification:_identify(src/DynamixelSDK/c#/protocol1.0/multi_port/win64/multi_port/Properties) by extension 'ros'
[0.339s] Level 1:colcon.colcon_core.package_identification:_identify(src/DynamixelSDK/c#/protocol1.0/multi_port/win64/multi_port/Properties) by extensions ['cmake', 'python']
[0.339s] Level 1:colcon.colcon_core.package_identification:_identify(src/DynamixelSDK/c#/protocol1.0/multi_port/win64/multi_port/Properties) by extension 'cmake'
[0.339s] Level 1:colcon.colcon_core.package_identification:_identify(src/DynamixelSDK/c#/protocol1.0/multi_port/win64/multi_port/Properties) by extension 'python'
[0.339s] Level 1:colcon.colcon_core.package_identification:_identify(src/DynamixelSDK/c#/protocol1.0/multi_port/win64/multi_port/Properties) by extensions ['python_setup_py']
[0.339s] Level 1:colcon.colcon_core.package_identification:_identify(src/DynamixelSDK/c#/protocol1.0/multi_port/win64/multi_port/Properties) by extension 'python_setup_py'
[0.339s] Level 1:colcon.colcon_core.package_identification:_identify(src/DynamixelSDK/c#/protocol1.0/ping) by extensions ['ignore', 'ignore_ament_install']
[0.339s] Level 1:colcon.colcon_core.package_identification:_identify(src/DynamixelSDK/c#/protocol1.0/ping) by extension 'ignore'
[0.339s] Level 1:colcon.colcon_core.package_identification:_identify(src/DynamixelSDK/c#/protocol1.0/ping) by extension 'ignore_ament_install'
[0.339s] Level 1:colcon.colcon_core.package_identification:_identify(src/DynamixelSDK/c#/protocol1.0/ping) by extensions ['colcon_pkg']
[0.339s] Level 1:colcon.colcon_core.package_identification:_identify(src/DynamixelSDK/c#/protocol1.0/ping) by extension 'colcon_pkg'
[0.339s] Level 1:colcon.colcon_core.package_identification:_identify(src/DynamixelSDK/c#/protocol1.0/ping) by extensions ['colcon_meta']
[0.339s] Level 1:colcon.colcon_core.package_identification:_identify(src/DynamixelSDK/c#/protocol1.0/ping) by extension 'colcon_meta'
[0.339s] Level 1:colcon.colcon_core.package_identification:_identify(src/DynamixelSDK/c#/protocol1.0/ping) by extensions ['ros']
[0.339s] Level 1:colcon.colcon_core.package_identification:_identify(src/DynamixelSDK/c#/protocol1.0/ping) by extension 'ros'
[0.339s] Level 1:colcon.colcon_core.package_identification:_identify(src/DynamixelSDK/c#/protocol1.0/ping) by extensions ['cmake', 'python']
[0.339s] Level 1:colcon.colcon_core.package_identification:_identify(src/DynamixelSDK/c#/protocol1.0/ping) by extension 'cmake'
[0.340s] Level 1:colcon.colcon_core.package_identification:_identify(src/DynamixelSDK/c#/protocol1.0/ping) by extension 'python'
[0.340s] Level 1:colcon.colcon_core.package_identification:_identify(src/DynamixelSDK/c#/protocol1.0/ping) by extensions ['python_setup_py']
[0.340s] Level 1:colcon.colcon_core.package_identification:_identify(src/DynamixelSDK/c#/protocol1.0/ping) by extension 'python_setup_py'
[0.340s] Level 1:colcon.colcon_core.package_identification:_identify(src/DynamixelSDK/c#/protocol1.0/ping/win32) by extensions ['ignore', 'ignore_ament_install']
[0.340s] Level 1:colcon.colcon_core.package_identification:_identify(src/DynamixelSDK/c#/protocol1.0/ping/win32) by extension 'ignore'
[0.340s] Level 1:colcon.colcon_core.package_identification:_identify(src/DynamixelSDK/c#/protocol1.0/ping/win32) by extension 'ignore_ament_install'
[0.340s] Level 1:colcon.colcon_core.package_identification:_identify(src/DynamixelSDK/c#/protocol1.0/ping/win32) by extensions ['colcon_pkg']
[0.340s] Level 1:colcon.colcon_core.package_identification:_identify(src/DynamixelSDK/c#/protocol1.0/ping/win32) by extension 'colcon_pkg'
[0.340s] Level 1:colcon.colcon_core.package_identification:_identify(src/DynamixelSDK/c#/protocol1.0/ping/win32) by extensions ['colcon_meta']
[0.340s] Level 1:colcon.colcon_core.package_identification:_identify(src/DynamixelSDK/c#/protocol1.0/ping/win32) by extension 'colcon_meta'
[0.340s] Level 1:colcon.colcon_core.package_identification:_identify(src/DynamixelSDK/c#/protocol1.0/ping/win32) by extensions ['ros']
[0.340s] Level 1:colcon.colcon_core.package_identification:_identify(src/DynamixelSDK/c#/protocol1.0/ping/win32) by extension 'ros'
[0.340s] Level 1:colcon.colcon_core.package_identification:_identify(src/DynamixelSDK/c#/protocol1.0/ping/win32) by extensions ['cmake', 'python']
[0.340s] Level 1:colcon.colcon_core.package_identification:_identify(src/DynamixelSDK/c#/protocol1.0/ping/win32) by extension 'cmake'
[0.340s] Level 1:colcon.colcon_core.package_identification:_identify(src/DynamixelSDK/c#/protocol1.0/ping/win32) by extension 'python'
[0.340s] Level 1:colcon.colcon_core.package_identification:_identify(src/DynamixelSDK/c#/protocol1.0/ping/win32) by extensions ['python_setup_py']
[0.340s] Level 1:colcon.colcon_core.package_identification:_identify(src/DynamixelSDK/c#/protocol1.0/ping/win32) by extension 'python_setup_py'
[0.340s] Level 1:colcon.colcon_core.package_identification:_identify(src/DynamixelSDK/c#/protocol1.0/ping/win32/ping) by extensions ['ignore', 'ignore_ament_install']
[0.340s] Level 1:colcon.colcon_core.package_identification:_identify(src/DynamixelSDK/c#/protocol1.0/ping/win32/ping) by extension 'ignore'
[0.340s] Level 1:colcon.colcon_core.package_identification:_identify(src/DynamixelSDK/c#/protocol1.0/ping/win32/ping) by extension 'ignore_ament_install'
[0.340s] Level 1:colcon.colcon_core.package_identification:_identify(src/DynamixelSDK/c#/protocol1.0/ping/win32/ping) by extensions ['colcon_pkg']
[0.340s] Level 1:colcon.colcon_core.package_identification:_identify(src/DynamixelSDK/c#/protocol1.0/ping/win32/ping) by extension 'colcon_pkg'
[0.340s] Level 1:colcon.colcon_core.package_identification:_identify(src/DynamixelSDK/c#/protocol1.0/ping/win32/ping) by extensions ['colcon_meta']
[0.340s] Level 1:colcon.colcon_core.package_identification:_identify(src/DynamixelSDK/c#/protocol1.0/ping/win32/ping) by extension 'colcon_meta'
[0.341s] Level 1:colcon.colcon_core.package_identification:_identify(src/DynamixelSDK/c#/protocol1.0/ping/win32/ping) by extensions ['ros']
[0.341s] Level 1:colcon.colcon_core.package_identification:_identify(src/DynamixelSDK/c#/protocol1.0/ping/win32/ping) by extension 'ros'
[0.341s] Level 1:colcon.colcon_core.package_identification:_identify(src/DynamixelSDK/c#/protocol1.0/ping/win32/ping) by extensions ['cmake', 'python']
[0.341s] Level 1:colcon.colcon_core.package_identification:_identify(src/DynamixelSDK/c#/protocol1.0/ping/win32/ping) by extension 'cmake'
[0.341s] Level 1:colcon.colcon_core.package_identification:_identify(src/DynamixelSDK/c#/protocol1.0/ping/win32/ping) by extension 'python'
[0.341s] Level 1:colcon.colcon_core.package_identification:_identify(src/DynamixelSDK/c#/protocol1.0/ping/win32/ping) by extensions ['python_setup_py']
[0.341s] Level 1:colcon.colcon_core.package_identification:_identify(src/DynamixelSDK/c#/protocol1.0/ping/win32/ping) by extension 'python_setup_py'
[0.341s] Level 1:colcon.colcon_core.package_identification:_identify(src/DynamixelSDK/c#/protocol1.0/ping/win32/ping/Properties) by extensions ['ignore', 'ignore_ament_install']
[0.341s] Level 1:colcon.colcon_core.package_identification:_identify(src/DynamixelSDK/c#/protocol1.0/ping/win32/ping/Properties) by extension 'ignore'
[0.341s] Level 1:colcon.colcon_core.package_identification:_identify(src/DynamixelSDK/c#/protocol1.0/ping/win32/ping/Properties) by extension 'ignore_ament_install'
[0.341s] Level 1:colcon.colcon_core.package_identification:_identify(src/DynamixelSDK/c#/protocol1.0/ping/win32/ping/Properties) by extensions ['colcon_pkg']
[0.341s] Level 1:colcon.colcon_core.package_identification:_identify(src/DynamixelSDK/c#/protocol1.0/ping/win32/ping/Properties) by extension 'colcon_pkg'
[0.341s] Level 1:colcon.colcon_core.package_identification:_identify(src/DynamixelSDK/c#/protocol1.0/ping/win32/ping/Properties) by extensions ['colcon_meta']
[0.341s] Level 1:colcon.colcon_core.package_identification:_identify(src/DynamixelSDK/c#/protocol1.0/ping/win32/ping/Properties) by extension 'colcon_meta'
[0.341s] Level 1:colcon.colcon_core.package_identification:_identify(src/DynamixelSDK/c#/protocol1.0/ping/win32/ping/Properties) by extensions ['ros']
[0.341s] Level 1:colcon.colcon_core.package_identification:_identify(src/DynamixelSDK/c#/protocol1.0/ping/win32/ping/Properties) by extension 'ros'
[0.341s] Level 1:colcon.colcon_core.package_identification:_identify(src/DynamixelSDK/c#/protocol1.0/ping/win32/ping/Properties) by extensions ['cmake', 'python']
[0.341s] Level 1:colcon.colcon_core.package_identification:_identify(src/DynamixelSDK/c#/protocol1.0/ping/win32/ping/Properties) by extension 'cmake'
[0.341s] Level 1:colcon.colcon_core.package_identification:_identify(src/DynamixelSDK/c#/protocol1.0/ping/win32/ping/Properties) by extension 'python'
[0.341s] Level 1:colcon.colcon_core.package_identification:_identify(src/DynamixelSDK/c#/protocol1.0/ping/win32/ping/Properties) by extensions ['python_setup_py']
[0.341s] Level 1:colcon.colcon_core.package_identification:_identify(src/DynamixelSDK/c#/protocol1.0/ping/win32/ping/Properties) by extension 'python_setup_py'
[0.341s] Level 1:colcon.colcon_core.package_identification:_identify(src/DynamixelSDK/c#/protocol1.0/ping/win64) by extensions ['ignore', 'ignore_ament_install']
[0.342s] Level 1:colcon.colcon_core.package_identification:_identify(src/DynamixelSDK/c#/protocol1.0/ping/win64) by extension 'ignore'
[0.342s] Level 1:colcon.colcon_core.package_identification:_identify(src/DynamixelSDK/c#/protocol1.0/ping/win64) by extension 'ignore_ament_install'
[0.342s] Level 1:colcon.colcon_core.package_identification:_identify(src/DynamixelSDK/c#/protocol1.0/ping/win64) by extensions ['colcon_pkg']
[0.342s] Level 1:colcon.colcon_core.package_identification:_identify(src/DynamixelSDK/c#/protocol1.0/ping/win64) by extension 'colcon_pkg'
[0.342s] Level 1:colcon.colcon_core.package_identification:_identify(src/DynamixelSDK/c#/protocol1.0/ping/win64) by extensions ['colcon_meta']
[0.342s] Level 1:colcon.colcon_core.package_identification:_identify(src/DynamixelSDK/c#/protocol1.0/ping/win64) by extension 'colcon_meta'
[0.342s] Level 1:colcon.colcon_core.package_identification:_identify(src/DynamixelSDK/c#/protocol1.0/ping/win64) by extensions ['ros']
[0.342s] Level 1:colcon.colcon_core.package_identification:_identify(src/DynamixelSDK/c#/protocol1.0/ping/win64) by extension 'ros'
[0.342s] Level 1:colcon.colcon_core.package_identification:_identify(src/DynamixelSDK/c#/protocol1.0/ping/win64) by extensions ['cmake', 'python']
[0.342s] Level 1:colcon.colcon_core.package_identification:_identify(src/DynamixelSDK/c#/protocol1.0/ping/win64) by extension 'cmake'
[0.342s] Level 1:colcon.colcon_core.package_identification:_identify(src/DynamixelSDK/c#/protocol1.0/ping/win64) by extension 'python'
[0.342s] Level 1:colcon.colcon_core.package_identification:_identify(src/DynamixelSDK/c#/protocol1.0/ping/win64) by extensions ['python_setup_py']
[0.342s] Level 1:colcon.colcon_core.package_identification:_identify(src/DynamixelSDK/c#/protocol1.0/ping/win64) by extension 'python_setup_py'
[0.342s] Level 1:colcon.colcon_core.package_identification:_identify(src/DynamixelSDK/c#/protocol1.0/ping/win64/ping) by extensions ['ignore', 'ignore_ament_install']
[0.342s] Level 1:colcon.colcon_core.package_identification:_identify(src/DynamixelSDK/c#/protocol1.0/ping/win64/ping) by extension 'ignore'
[0.342s] Level 1:colcon.colcon_core.package_identification:_identify(src/DynamixelSDK/c#/protocol1.0/ping/win64/ping) by extension 'ignore_ament_install'
[0.342s] Level 1:colcon.colcon_core.package_identification:_identify(src/DynamixelSDK/c#/protocol1.0/ping/win64/ping) by extensions ['colcon_pkg']
[0.342s] Level 1:colcon.colcon_core.package_identification:_identify(src/DynamixelSDK/c#/protocol1.0/ping/win64/ping) by extension 'colcon_pkg'
[0.342s] Level 1:colcon.colcon_core.package_identification:_identify(src/DynamixelSDK/c#/protocol1.0/ping/win64/ping) by extensions ['colcon_meta']
[0.342s] Level 1:colcon.colcon_core.package_identification:_identify(src/DynamixelSDK/c#/protocol1.0/ping/win64/ping) by extension 'colcon_meta'
[0.342s] Level 1:colcon.colcon_core.package_identification:_identify(src/DynamixelSDK/c#/protocol1.0/ping/win64/ping) by extensions ['ros']
[0.342s] Level 1:colcon.colcon_core.package_identification:_identify(src/DynamixelSDK/c#/protocol1.0/ping/win64/ping) by extension 'ros'
[0.342s] Level 1:colcon.colcon_core.package_identification:_identify(src/DynamixelSDK/c#/protocol1.0/ping/win64/ping) by extensions ['cmake', 'python']
[0.342s] Level 1:colcon.colcon_core.package_identification:_identify(src/DynamixelSDK/c#/protocol1.0/ping/win64/ping) by extension 'cmake'
[0.343s] Level 1:colcon.colcon_core.package_identification:_identify(src/DynamixelSDK/c#/protocol1.0/ping/win64/ping) by extension 'python'
[0.343s] Level 1:colcon.colcon_core.package_identification:_identify(src/DynamixelSDK/c#/protocol1.0/ping/win64/ping) by extensions ['python_setup_py']
[0.343s] Level 1:colcon.colcon_core.package_identification:_identify(src/DynamixelSDK/c#/protocol1.0/ping/win64/ping) by extension 'python_setup_py'
[0.343s] Level 1:colcon.colcon_core.package_identification:_identify(src/DynamixelSDK/c#/protocol1.0/ping/win64/ping/Properties) by extensions ['ignore', 'ignore_ament_install']
[0.343s] Level 1:colcon.colcon_core.package_identification:_identify(src/DynamixelSDK/c#/protocol1.0/ping/win64/ping/Properties) by extension 'ignore'
[0.343s] Level 1:colcon.colcon_core.package_identification:_identify(src/DynamixelSDK/c#/protocol1.0/ping/win64/ping/Properties) by extension 'ignore_ament_install'
[0.343s] Level 1:colcon.colcon_core.package_identification:_identify(src/DynamixelSDK/c#/protocol1.0/ping/win64/ping/Properties) by extensions ['colcon_pkg']
[0.343s] Level 1:colcon.colcon_core.package_identification:_identify(src/DynamixelSDK/c#/protocol1.0/ping/win64/ping/Properties) by extension 'colcon_pkg'
[0.343s] Level 1:colcon.colcon_core.package_identification:_identify(src/DynamixelSDK/c#/protocol1.0/ping/win64/ping/Properties) by extensions ['colcon_meta']
[0.343s] Level 1:colcon.colcon_core.package_identification:_identify(src/DynamixelSDK/c#/protocol1.0/ping/win64/ping/Properties) by extension 'colcon_meta'
[0.343s] Level 1:colcon.colcon_core.package_identification:_identify(src/DynamixelSDK/c#/protocol1.0/ping/win64/ping/Properties) by extensions ['ros']
[0.343s] Level 1:colcon.colcon_core.package_identification:_identify(src/DynamixelSDK/c#/protocol1.0/ping/win64/ping/Properties) by extension 'ros'
[0.343s] Level 1:colcon.colcon_core.package_identification:_identify(src/DynamixelSDK/c#/protocol1.0/ping/win64/ping/Properties) by extensions ['cmake', 'python']
[0.343s] Level 1:colcon.colcon_core.package_identification:_identify(src/DynamixelSDK/c#/protocol1.0/ping/win64/ping/Properties) by extension 'cmake'
[0.343s] Level 1:colcon.colcon_core.package_identification:_identify(src/DynamixelSDK/c#/protocol1.0/ping/win64/ping/Properties) by extension 'python'
[0.343s] Level 1:colcon.colcon_core.package_identification:_identify(src/DynamixelSDK/c#/protocol1.0/ping/win64/ping/Properties) by extensions ['python_setup_py']
[0.343s] Level 1:colcon.colcon_core.package_identification:_identify(src/DynamixelSDK/c#/protocol1.0/ping/win64/ping/Properties) by extension 'python_setup_py'
[0.343s] Level 1:colcon.colcon_core.package_identification:_identify(src/DynamixelSDK/c#/protocol1.0/read_write) by extensions ['ignore', 'ignore_ament_install']
[0.343s] Level 1:colcon.colcon_core.package_identification:_identify(src/DynamixelSDK/c#/protocol1.0/read_write) by extension 'ignore'
[0.343s] Level 1:colcon.colcon_core.package_identification:_identify(src/DynamixelSDK/c#/protocol1.0/read_write) by extension 'ignore_ament_install'
[0.343s] Level 1:colcon.colcon_core.package_identification:_identify(src/DynamixelSDK/c#/protocol1.0/read_write) by extensions ['colcon_pkg']
[0.343s] Level 1:colcon.colcon_core.package_identification:_identify(src/DynamixelSDK/c#/protocol1.0/read_write) by extension 'colcon_pkg'
[0.344s] Level 1:colcon.colcon_core.package_identification:_identify(src/DynamixelSDK/c#/protocol1.0/read_write) by extensions ['colcon_meta']
[0.344s] Level 1:colcon.colcon_core.package_identification:_identify(src/DynamixelSDK/c#/protocol1.0/read_write) by extension 'colcon_meta'
[0.344s] Level 1:colcon.colcon_core.package_identification:_identify(src/DynamixelSDK/c#/protocol1.0/read_write) by extensions ['ros']
[0.344s] Level 1:colcon.colcon_core.package_identification:_identify(src/DynamixelSDK/c#/protocol1.0/read_write) by extension 'ros'
[0.344s] Level 1:colcon.colcon_core.package_identification:_identify(src/DynamixelSDK/c#/protocol1.0/read_write) by extensions ['cmake', 'python']
[0.344s] Level 1:colcon.colcon_core.package_identification:_identify(src/DynamixelSDK/c#/protocol1.0/read_write) by extension 'cmake'
[0.344s] Level 1:colcon.colcon_core.package_identification:_identify(src/DynamixelSDK/c#/protocol1.0/read_write) by extension 'python'
[0.344s] Level 1:colcon.colcon_core.package_identification:_identify(src/DynamixelSDK/c#/protocol1.0/read_write) by extensions ['python_setup_py']
[0.344s] Level 1:colcon.colcon_core.package_identification:_identify(src/DynamixelSDK/c#/protocol1.0/read_write) by extension 'python_setup_py'
[0.344s] Level 1:colcon.colcon_core.package_identification:_identify(src/DynamixelSDK/c#/protocol1.0/read_write/win32) by extensions ['ignore', 'ignore_ament_install']
[0.344s] Level 1:colcon.colcon_core.package_identification:_identify(src/DynamixelSDK/c#/protocol1.0/read_write/win32) by extension 'ignore'
[0.344s] Level 1:colcon.colcon_core.package_identification:_identify(src/DynamixelSDK/c#/protocol1.0/read_write/win32) by extension 'ignore_ament_install'
[0.344s] Level 1:colcon.colcon_core.package_identification:_identify(src/DynamixelSDK/c#/protocol1.0/read_write/win32) by extensions ['colcon_pkg']
[0.344s] Level 1:colcon.colcon_core.package_identification:_identify(src/DynamixelSDK/c#/protocol1.0/read_write/win32) by extension 'colcon_pkg'
[0.344s] Level 1:colcon.colcon_core.package_identification:_identify(src/DynamixelSDK/c#/protocol1.0/read_write/win32) by extensions ['colcon_meta']
[0.344s] Level 1:colcon.colcon_core.package_identification:_identify(src/DynamixelSDK/c#/protocol1.0/read_write/win32) by extension 'colcon_meta'
[0.344s] Level 1:colcon.colcon_core.package_identification:_identify(src/DynamixelSDK/c#/protocol1.0/read_write/win32) by extensions ['ros']
[0.344s] Level 1:colcon.colcon_core.package_identification:_identify(src/DynamixelSDK/c#/protocol1.0/read_write/win32) by extension 'ros'
[0.344s] Level 1:colcon.colcon_core.package_identification:_identify(src/DynamixelSDK/c#/protocol1.0/read_write/win32) by extensions ['cmake', 'python']
[0.344s] Level 1:colcon.colcon_core.package_identification:_identify(src/DynamixelSDK/c#/protocol1.0/read_write/win32) by extension 'cmake'
[0.344s] Level 1:colcon.colcon_core.package_identification:_identify(src/DynamixelSDK/c#/protocol1.0/read_write/win32) by extension 'python'
[0.344s] Level 1:colcon.colcon_core.package_identification:_identify(src/DynamixelSDK/c#/protocol1.0/read_write/win32) by extensions ['python_setup_py']
[0.344s] Level 1:colcon.colcon_core.package_identification:_identify(src/DynamixelSDK/c#/protocol1.0/read_write/win32) by extension 'python_setup_py'
[0.344s] Level 1:colcon.colcon_core.package_identification:_identify(src/DynamixelSDK/c#/protocol1.0/read_write/win32/read_write) by extensions ['ignore', 'ignore_ament_install']
[0.345s] Level 1:colcon.colcon_core.package_identification:_identify(src/DynamixelSDK/c#/protocol1.0/read_write/win32/read_write) by extension 'ignore'
[0.345s] Level 1:colcon.colcon_core.package_identification:_identify(src/DynamixelSDK/c#/protocol1.0/read_write/win32/read_write) by extension 'ignore_ament_install'
[0.345s] Level 1:colcon.colcon_core.package_identification:_identify(src/DynamixelSDK/c#/protocol1.0/read_write/win32/read_write) by extensions ['colcon_pkg']
[0.345s] Level 1:colcon.colcon_core.package_identification:_identify(src/DynamixelSDK/c#/protocol1.0/read_write/win32/read_write) by extension 'colcon_pkg'
[0.345s] Level 1:colcon.colcon_core.package_identification:_identify(src/DynamixelSDK/c#/protocol1.0/read_write/win32/read_write) by extensions ['colcon_meta']
[0.345s] Level 1:colcon.colcon_core.package_identification:_identify(src/DynamixelSDK/c#/protocol1.0/read_write/win32/read_write) by extension 'colcon_meta'
[0.345s] Level 1:colcon.colcon_core.package_identification:_identify(src/DynamixelSDK/c#/protocol1.0/read_write/win32/read_write) by extensions ['ros']
[0.345s] Level 1:colcon.colcon_core.package_identification:_identify(src/DynamixelSDK/c#/protocol1.0/read_write/win32/read_write) by extension 'ros'
[0.345s] Level 1:colcon.colcon_core.package_identification:_identify(src/DynamixelSDK/c#/protocol1.0/read_write/win32/read_write) by extensions ['cmake', 'python']
[0.345s] Level 1:colcon.colcon_core.package_identification:_identify(src/DynamixelSDK/c#/protocol1.0/read_write/win32/read_write) by extension 'cmake'
[0.345s] Level 1:colcon.colcon_core.package_identification:_identify(src/DynamixelSDK/c#/protocol1.0/read_write/win32/read_write) by extension 'python'
[0.345s] Level 1:colcon.colcon_core.package_identification:_identify(src/DynamixelSDK/c#/protocol1.0/read_write/win32/read_write) by extensions ['python_setup_py']
[0.345s] Level 1:colcon.colcon_core.package_identification:_identify(src/DynamixelSDK/c#/protocol1.0/read_write/win32/read_write) by extension 'python_setup_py'
[0.345s] Level 1:colcon.colcon_core.package_identification:_identify(src/DynamixelSDK/c#/protocol1.0/read_write/win32/read_write/Properties) by extensions ['ignore', 'ignore_ament_install']
[0.345s] Level 1:colcon.colcon_core.package_identification:_identify(src/DynamixelSDK/c#/protocol1.0/read_write/win32/read_write/Properties) by extension 'ignore'
[0.345s] Level 1:colcon.colcon_core.package_identification:_identify(src/DynamixelSDK/c#/protocol1.0/read_write/win32/read_write/Properties) by extension 'ignore_ament_install'
[0.345s] Level 1:colcon.colcon_core.package_identification:_identify(src/DynamixelSDK/c#/protocol1.0/read_write/win32/read_write/Properties) by extensions ['colcon_pkg']
[0.345s] Level 1:colcon.colcon_core.package_identification:_identify(src/DynamixelSDK/c#/protocol1.0/read_write/win32/read_write/Properties) by extension 'colcon_pkg'
[0.345s] Level 1:colcon.colcon_core.package_identification:_identify(src/DynamixelSDK/c#/protocol1.0/read_write/win32/read_write/Properties) by extensions ['colcon_meta']
[0.345s] Level 1:colcon.colcon_core.package_identification:_identify(src/DynamixelSDK/c#/protocol1.0/read_write/win32/read_write/Properties) by extension 'colcon_meta'
[0.345s] Level 1:colcon.colcon_core.package_identification:_identify(src/DynamixelSDK/c#/protocol1.0/read_write/win32/read_write/Properties) by extensions ['ros']
[0.345s] Level 1:colcon.colcon_core.package_identification:_identify(src/DynamixelSDK/c#/protocol1.0/read_write/win32/read_write/Properties) by extension 'ros'
[0.346s] Level 1:colcon.colcon_core.package_identification:_identify(src/DynamixelSDK/c#/protocol1.0/read_write/win32/read_write/Properties) by extensions ['cmake', 'python']
[0.346s] Level 1:colcon.colcon_core.package_identification:_identify(src/DynamixelSDK/c#/protocol1.0/read_write/win32/read_write/Properties) by extension 'cmake'
[0.346s] Level 1:colcon.colcon_core.package_identification:_identify(src/DynamixelSDK/c#/protocol1.0/read_write/win32/read_write/Properties) by extension 'python'
[0.346s] Level 1:colcon.colcon_core.package_identification:_identify(src/DynamixelSDK/c#/protocol1.0/read_write/win32/read_write/Properties) by extensions ['python_setup_py']
[0.346s] Level 1:colcon.colcon_core.package_identification:_identify(src/DynamixelSDK/c#/protocol1.0/read_write/win32/read_write/Properties) by extension 'python_setup_py'
[0.346s] Level 1:colcon.colcon_core.package_identification:_identify(src/DynamixelSDK/c#/protocol1.0/read_write/win64) by extensions ['ignore', 'ignore_ament_install']
[0.346s] Level 1:colcon.colcon_core.package_identification:_identify(src/DynamixelSDK/c#/protocol1.0/read_write/win64) by extension 'ignore'
[0.346s] Level 1:colcon.colcon_core.package_identification:_identify(src/DynamixelSDK/c#/protocol1.0/read_write/win64) by extension 'ignore_ament_install'
[0.346s] Level 1:colcon.colcon_core.package_identification:_identify(src/DynamixelSDK/c#/protocol1.0/read_write/win64) by extensions ['colcon_pkg']
[0.346s] Level 1:colcon.colcon_core.package_identification:_identify(src/DynamixelSDK/c#/protocol1.0/read_write/win64) by extension 'colcon_pkg'
[0.346s] Level 1:colcon.colcon_core.package_identification:_identify(src/DynamixelSDK/c#/protocol1.0/read_write/win64) by extensions ['colcon_meta']
[0.346s] Level 1:colcon.colcon_core.package_identification:_identify(src/DynamixelSDK/c#/protocol1.0/read_write/win64) by extension 'colcon_meta'
[0.346s] Level 1:colcon.colcon_core.package_identification:_identify(src/DynamixelSDK/c#/protocol1.0/read_write/win64) by extensions ['ros']
[0.346s] Level 1:colcon.colcon_core.package_identification:_identify(src/DynamixelSDK/c#/protocol1.0/read_write/win64) by extension 'ros'
[0.346s] Level 1:colcon.colcon_core.package_identification:_identify(src/DynamixelSDK/c#/protocol1.0/read_write/win64) by extensions ['cmake', 'python']
[0.346s] Level 1:colcon.colcon_core.package_identification:_identify(src/DynamixelSDK/c#/protocol1.0/read_write/win64) by extension 'cmake'
[0.346s] Level 1:colcon.colcon_core.package_identification:_identify(src/DynamixelSDK/c#/protocol1.0/read_write/win64) by extension 'python'
[0.346s] Level 1:colcon.colcon_core.package_identification:_identify(src/DynamixelSDK/c#/protocol1.0/read_write/win64) by extensions ['python_setup_py']
[0.346s] Level 1:colcon.colcon_core.package_identification:_identify(src/DynamixelSDK/c#/protocol1.0/read_write/win64) by extension 'python_setup_py'
[0.346s] Level 1:colcon.colcon_core.package_identification:_identify(src/DynamixelSDK/c#/protocol1.0/read_write/win64/read_write) by extensions ['ignore', 'ignore_ament_install']
[0.346s] Level 1:colcon.colcon_core.package_identification:_identify(src/DynamixelSDK/c#/protocol1.0/read_write/win64/read_write) by extension 'ignore'
[0.346s] Level 1:colcon.colcon_core.package_identification:_identify(src/DynamixelSDK/c#/protocol1.0/read_write/win64/read_write) by extension 'ignore_ament_install'
[0.346s] Level 1:colcon.colcon_core.package_identification:_identify(src/DynamixelSDK/c#/protocol1.0/read_write/win64/read_write) by extensions ['colcon_pkg']
[0.347s] Level 1:colcon.colcon_core.package_identification:_identify(src/DynamixelSDK/c#/protocol1.0/read_write/win64/read_write) by extension 'colcon_pkg'
[0.347s] Level 1:colcon.colcon_core.package_identification:_identify(src/DynamixelSDK/c#/protocol1.0/read_write/win64/read_write) by extensions ['colcon_meta']
[0.347s] Level 1:colcon.colcon_core.package_identification:_identify(src/DynamixelSDK/c#/protocol1.0/read_write/win64/read_write) by extension 'colcon_meta'
[0.347s] Level 1:colcon.colcon_core.package_identification:_identify(src/DynamixelSDK/c#/protocol1.0/read_write/win64/read_write) by extensions ['ros']
[0.347s] Level 1:colcon.colcon_core.package_identification:_identify(src/DynamixelSDK/c#/protocol1.0/read_write/win64/read_write) by extension 'ros'
[0.347s] Level 1:colcon.colcon_core.package_identification:_identify(src/DynamixelSDK/c#/protocol1.0/read_write/win64/read_write) by extensions ['cmake', 'python']
[0.347s] Level 1:colcon.colcon_core.package_identification:_identify(src/DynamixelSDK/c#/protocol1.0/read_write/win64/read_write) by extension 'cmake'
[0.347s] Level 1:colcon.colcon_core.package_identification:_identify(src/DynamixelSDK/c#/protocol1.0/read_write/win64/read_write) by extension 'python'
[0.347s] Level 1:colcon.colcon_core.package_identification:_identify(src/DynamixelSDK/c#/protocol1.0/read_write/win64/read_write) by extensions ['python_setup_py']
[0.347s] Level 1:colcon.colcon_core.package_identification:_identify(src/DynamixelSDK/c#/protocol1.0/read_write/win64/read_write) by extension 'python_setup_py'
[0.347s] Level 1:colcon.colcon_core.package_identification:_identify(src/DynamixelSDK/c#/protocol1.0/read_write/win64/read_write/Properties) by extensions ['ignore', 'ignore_ament_install']
[0.347s] Level 1:colcon.colcon_core.package_identification:_identify(src/DynamixelSDK/c#/protocol1.0/read_write/win64/read_write/Properties) by extension 'ignore'
[0.347s] Level 1:colcon.colcon_core.package_identification:_identify(src/DynamixelSDK/c#/protocol1.0/read_write/win64/read_write/Properties) by extension 'ignore_ament_install'
[0.347s] Level 1:colcon.colcon_core.package_identification:_identify(src/DynamixelSDK/c#/protocol1.0/read_write/win64/read_write/Properties) by extensions ['colcon_pkg']
[0.347s] Level 1:colcon.colcon_core.package_identification:_identify(src/DynamixelSDK/c#/protocol1.0/read_write/win64/read_write/Properties) by extension 'colcon_pkg'
[0.347s] Level 1:colcon.colcon_core.package_identification:_identify(src/DynamixelSDK/c#/protocol1.0/read_write/win64/read_write/Properties) by extensions ['colcon_meta']
[0.347s] Level 1:colcon.colcon_core.package_identification:_identify(src/DynamixelSDK/c#/protocol1.0/read_write/win64/read_write/Properties) by extension 'colcon_meta'
[0.347s] Level 1:colcon.colcon_core.package_identification:_identify(src/DynamixelSDK/c#/protocol1.0/read_write/win64/read_write/Properties) by extensions ['ros']
[0.347s] Level 1:colcon.colcon_core.package_identification:_identify(src/DynamixelSDK/c#/protocol1.0/read_write/win64/read_write/Properties) by extension 'ros'
[0.347s] Level 1:colcon.colcon_core.package_identification:_identify(src/DynamixelSDK/c#/protocol1.0/read_write/win64/read_write/Properties) by extensions ['cmake', 'python']
[0.347s] Level 1:colcon.colcon_core.package_identification:_identify(src/DynamixelSDK/c#/protocol1.0/read_write/win64/read_write/Properties) by extension 'cmake'
[0.347s] Level 1:colcon.colcon_core.package_identification:_identify(src/DynamixelSDK/c#/protocol1.0/read_write/win64/read_write/Properties) by extension 'python'
[0.347s] Level 1:colcon.colcon_core.package_identification:_identify(src/DynamixelSDK/c#/protocol1.0/read_write/win64/read_write/Properties) by extensions ['python_setup_py']
[0.347s] Level 1:colcon.colcon_core.package_identification:_identify(src/DynamixelSDK/c#/protocol1.0/read_write/win64/read_write/Properties) by extension 'python_setup_py'
[0.348s] Level 1:colcon.colcon_core.package_identification:_identify(src/DynamixelSDK/c#/protocol1.0/reset) by extensions ['ignore', 'ignore_ament_install']
[0.348s] Level 1:colcon.colcon_core.package_identification:_identify(src/DynamixelSDK/c#/protocol1.0/reset) by extension 'ignore'
[0.348s] Level 1:colcon.colcon_core.package_identification:_identify(src/DynamixelSDK/c#/protocol1.0/reset) by extension 'ignore_ament_install'
[0.348s] Level 1:colcon.colcon_core.package_identification:_identify(src/DynamixelSDK/c#/protocol1.0/reset) by extensions ['colcon_pkg']
[0.348s] Level 1:colcon.colcon_core.package_identification:_identify(src/DynamixelSDK/c#/protocol1.0/reset) by extension 'colcon_pkg'
[0.348s] Level 1:colcon.colcon_core.package_identification:_identify(src/DynamixelSDK/c#/protocol1.0/reset) by extensions ['colcon_meta']
[0.348s] Level 1:colcon.colcon_core.package_identification:_identify(src/DynamixelSDK/c#/protocol1.0/reset) by extension 'colcon_meta'
[0.348s] Level 1:colcon.colcon_core.package_identification:_identify(src/DynamixelSDK/c#/protocol1.0/reset) by extensions ['ros']
[0.348s] Level 1:colcon.colcon_core.package_identification:_identify(src/DynamixelSDK/c#/protocol1.0/reset) by extension 'ros'
[0.348s] Level 1:colcon.colcon_core.package_identification:_identify(src/DynamixelSDK/c#/protocol1.0/reset) by extensions ['cmake', 'python']
[0.348s] Level 1:colcon.colcon_core.package_identification:_identify(src/DynamixelSDK/c#/protocol1.0/reset) by extension 'cmake'
[0.348s] Level 1:colcon.colcon_core.package_identification:_identify(src/DynamixelSDK/c#/protocol1.0/reset) by extension 'python'
[0.348s] Level 1:colcon.colcon_core.package_identification:_identify(src/DynamixelSDK/c#/protocol1.0/reset) by extensions ['python_setup_py']
[0.348s] Level 1:colcon.colcon_core.package_identification:_identify(src/DynamixelSDK/c#/protocol1.0/reset) by extension 'python_setup_py'
[0.348s] Level 1:colcon.colcon_core.package_identification:_identify(src/DynamixelSDK/c#/protocol1.0/reset/win32) by extensions ['ignore', 'ignore_ament_install']
[0.348s] Level 1:colcon.colcon_core.package_identification:_identify(src/DynamixelSDK/c#/protocol1.0/reset/win32) by extension 'ignore'
[0.348s] Level 1:colcon.colcon_core.package_identification:_identify(src/DynamixelSDK/c#/protocol1.0/reset/win32) by extension 'ignore_ament_install'
[0.348s] Level 1:colcon.colcon_core.package_identification:_identify(src/DynamixelSDK/c#/protocol1.0/reset/win32) by extensions ['colcon_pkg']
[0.348s] Level 1:colcon.colcon_core.package_identification:_identify(src/DynamixelSDK/c#/protocol1.0/reset/win32) by extension 'colcon_pkg'
[0.348s] Level 1:colcon.colcon_core.package_identification:_identify(src/DynamixelSDK/c#/protocol1.0/reset/win32) by extensions ['colcon_meta']
[0.348s] Level 1:colcon.colcon_core.package_identification:_identify(src/DynamixelSDK/c#/protocol1.0/reset/win32) by extension 'colcon_meta'
[0.348s] Level 1:colcon.colcon_core.package_identification:_identify(src/DynamixelSDK/c#/protocol1.0/reset/win32) by extensions ['ros']
[0.348s] Level 1:colcon.colcon_core.package_identification:_identify(src/DynamixelSDK/c#/protocol1.0/reset/win32) by extension 'ros'
[0.349s] Level 1:colcon.colcon_core.package_identification:_identify(src/DynamixelSDK/c#/protocol1.0/reset/win32) by extensions ['cmake', 'python']
[0.349s] Level 1:colcon.colcon_core.package_identification:_identify(src/DynamixelSDK/c#/protocol1.0/reset/win32) by extension 'cmake'
[0.349s] Level 1:colcon.colcon_core.package_identification:_identify(src/DynamixelSDK/c#/protocol1.0/reset/win32) by extension 'python'
[0.349s] Level 1:colcon.colcon_core.package_identification:_identify(src/DynamixelSDK/c#/protocol1.0/reset/win32) by extensions ['python_setup_py']
[0.349s] Level 1:colcon.colcon_core.package_identification:_identify(src/DynamixelSDK/c#/protocol1.0/reset/win32) by extension 'python_setup_py'
[0.349s] Level 1:colcon.colcon_core.package_identification:_identify(src/DynamixelSDK/c#/protocol1.0/reset/win32/reset) by extensions ['ignore', 'ignore_ament_install']
[0.349s] Level 1:colcon.colcon_core.package_identification:_identify(src/DynamixelSDK/c#/protocol1.0/reset/win32/reset) by extension 'ignore'
[0.349s] Level 1:colcon.colcon_core.package_identification:_identify(src/DynamixelSDK/c#/protocol1.0/reset/win32/reset) by extension 'ignore_ament_install'
[0.349s] Level 1:colcon.colcon_core.package_identification:_identify(src/DynamixelSDK/c#/protocol1.0/reset/win32/reset) by extensions ['colcon_pkg']
[0.349s] Level 1:colcon.colcon_core.package_identification:_identify(src/DynamixelSDK/c#/protocol1.0/reset/win32/reset) by extension 'colcon_pkg'
[0.349s] Level 1:colcon.colcon_core.package_identification:_identify(src/DynamixelSDK/c#/protocol1.0/reset/win32/reset) by extensions ['colcon_meta']
[0.349s] Level 1:colcon.colcon_core.package_identification:_identify(src/DynamixelSDK/c#/protocol1.0/reset/win32/reset) by extension 'colcon_meta'
[0.349s] Level 1:colcon.colcon_core.package_identification:_identify(src/DynamixelSDK/c#/protocol1.0/reset/win32/reset) by extensions ['ros']
[0.349s] Level 1:colcon.colcon_core.package_identification:_identify(src/DynamixelSDK/c#/protocol1.0/reset/win32/reset) by extension 'ros'
[0.349s] Level 1:colcon.colcon_core.package_identification:_identify(src/DynamixelSDK/c#/protocol1.0/reset/win32/reset) by extensions ['cmake', 'python']
[0.349s] Level 1:colcon.colcon_core.package_identification:_identify(src/DynamixelSDK/c#/protocol1.0/reset/win32/reset) by extension 'cmake'
[0.349s] Level 1:colcon.colcon_core.package_identification:_identify(src/DynamixelSDK/c#/protocol1.0/reset/win32/reset) by extension 'python'
[0.349s] Level 1:colcon.colcon_core.package_identification:_identify(src/DynamixelSDK/c#/protocol1.0/reset/win32/reset) by extensions ['python_setup_py']
[0.349s] Level 1:colcon.colcon_core.package_identification:_identify(src/DynamixelSDK/c#/protocol1.0/reset/win32/reset) by extension 'python_setup_py'
[0.349s] Level 1:colcon.colcon_core.package_identification:_identify(src/DynamixelSDK/c#/protocol1.0/reset/win32/reset/Properties) by extensions ['ignore', 'ignore_ament_install']
[0.349s] Level 1:colcon.colcon_core.package_identification:_identify(src/DynamixelSDK/c#/protocol1.0/reset/win32/reset/Properties) by extension 'ignore'
[0.349s] Level 1:colcon.colcon_core.package_identification:_identify(src/DynamixelSDK/c#/protocol1.0/reset/win32/reset/Properties) by extension 'ignore_ament_install'
[0.350s] Level 1:colcon.colcon_core.package_identification:_identify(src/DynamixelSDK/c#/protocol1.0/reset/win32/reset/Properties) by extensions ['colcon_pkg']
[0.350s] Level 1:colcon.colcon_core.package_identification:_identify(src/DynamixelSDK/c#/protocol1.0/reset/win32/reset/Properties) by extension 'colcon_pkg'
[0.350s] Level 1:colcon.colcon_core.package_identification:_identify(src/DynamixelSDK/c#/protocol1.0/reset/win32/reset/Properties) by extensions ['colcon_meta']
[0.350s] Level 1:colcon.colcon_core.package_identification:_identify(src/DynamixelSDK/c#/protocol1.0/reset/win32/reset/Properties) by extension 'colcon_meta'
[0.350s] Level 1:colcon.colcon_core.package_identification:_identify(src/DynamixelSDK/c#/protocol1.0/reset/win32/reset/Properties) by extensions ['ros']
[0.350s] Level 1:colcon.colcon_core.package_identification:_identify(src/DynamixelSDK/c#/protocol1.0/reset/win32/reset/Properties) by extension 'ros'
[0.350s] Level 1:colcon.colcon_core.package_identification:_identify(src/DynamixelSDK/c#/protocol1.0/reset/win32/reset/Properties) by extensions ['cmake', 'python']
[0.350s] Level 1:colcon.colcon_core.package_identification:_identify(src/DynamixelSDK/c#/protocol1.0/reset/win32/reset/Properties) by extension 'cmake'
[0.350s] Level 1:colcon.colcon_core.package_identification:_identify(src/DynamixelSDK/c#/protocol1.0/reset/win32/reset/Properties) by extension 'python'
[0.350s] Level 1:colcon.colcon_core.package_identification:_identify(src/DynamixelSDK/c#/protocol1.0/reset/win32/reset/Properties) by extensions ['python_setup_py']
[0.350s] Level 1:colcon.colcon_core.package_identification:_identify(src/DynamixelSDK/c#/protocol1.0/reset/win32/reset/Properties) by extension 'python_setup_py'
[0.350s] Level 1:colcon.colcon_core.package_identification:_identify(src/DynamixelSDK/c#/protocol1.0/reset/win64) by extensions ['ignore', 'ignore_ament_install']
[0.350s] Level 1:colcon.colcon_core.package_identification:_identify(src/DynamixelSDK/c#/protocol1.0/reset/win64) by extension 'ignore'
[0.350s] Level 1:colcon.colcon_core.package_identification:_identify(src/DynamixelSDK/c#/protocol1.0/reset/win64) by extension 'ignore_ament_install'
[0.350s] Level 1:colcon.colcon_core.package_identification:_identify(src/DynamixelSDK/c#/protocol1.0/reset/win64) by extensions ['colcon_pkg']
[0.350s] Level 1:colcon.colcon_core.package_identification:_identify(src/DynamixelSDK/c#/protocol1.0/reset/win64) by extension 'colcon_pkg'
[0.350s] Level 1:colcon.colcon_core.package_identification:_identify(src/DynamixelSDK/c#/protocol1.0/reset/win64) by extensions ['colcon_meta']
[0.350s] Level 1:colcon.colcon_core.package_identification:_identify(src/DynamixelSDK/c#/protocol1.0/reset/win64) by extension 'colcon_meta'
[0.350s] Level 1:colcon.colcon_core.package_identification:_identify(src/DynamixelSDK/c#/protocol1.0/reset/win64) by extensions ['ros']
[0.350s] Level 1:colcon.colcon_core.package_identification:_identify(src/DynamixelSDK/c#/protocol1.0/reset/win64) by extension 'ros'
[0.350s] Level 1:colcon.colcon_core.package_identification:_identify(src/DynamixelSDK/c#/protocol1.0/reset/win64) by extensions ['cmake', 'python']
[0.350s] Level 1:colcon.colcon_core.package_identification:_identify(src/DynamixelSDK/c#/protocol1.0/reset/win64) by extension 'cmake'
[0.350s] Level 1:colcon.colcon_core.package_identification:_identify(src/DynamixelSDK/c#/protocol1.0/reset/win64) by extension 'python'
[0.350s] Level 1:colcon.colcon_core.package_identification:_identify(src/DynamixelSDK/c#/protocol1.0/reset/win64) by extensions ['python_setup_py']
[0.351s] Level 1:colcon.colcon_core.package_identification:_identify(src/DynamixelSDK/c#/protocol1.0/reset/win64) by extension 'python_setup_py'
[0.351s] Level 1:colcon.colcon_core.package_identification:_identify(src/DynamixelSDK/c#/protocol1.0/reset/win64/reset) by extensions ['ignore', 'ignore_ament_install']
[0.351s] Level 1:colcon.colcon_core.package_identification:_identify(src/DynamixelSDK/c#/protocol1.0/reset/win64/reset) by extension 'ignore'
[0.351s] Level 1:colcon.colcon_core.package_identification:_identify(src/DynamixelSDK/c#/protocol1.0/reset/win64/reset) by extension 'ignore_ament_install'
[0.351s] Level 1:colcon.colcon_core.package_identification:_identify(src/DynamixelSDK/c#/protocol1.0/reset/win64/reset) by extensions ['colcon_pkg']
[0.351s] Level 1:colcon.colcon_core.package_identification:_identify(src/DynamixelSDK/c#/protocol1.0/reset/win64/reset) by extension 'colcon_pkg'
[0.351s] Level 1:colcon.colcon_core.package_identification:_identify(src/DynamixelSDK/c#/protocol1.0/reset/win64/reset) by extensions ['colcon_meta']
[0.351s] Level 1:colcon.colcon_core.package_identification:_identify(src/DynamixelSDK/c#/protocol1.0/reset/win64/reset) by extension 'colcon_meta'
[0.351s] Level 1:colcon.colcon_core.package_identification:_identify(src/DynamixelSDK/c#/protocol1.0/reset/win64/reset) by extensions ['ros']
[0.351s] Level 1:colcon.colcon_core.package_identification:_identify(src/DynamixelSDK/c#/protocol1.0/reset/win64/reset) by extension 'ros'
[0.351s] Level 1:colcon.colcon_core.package_identification:_identify(src/DynamixelSDK/c#/protocol1.0/reset/win64/reset) by extensions ['cmake', 'python']
[0.351s] Level 1:colcon.colcon_core.package_identification:_identify(src/DynamixelSDK/c#/protocol1.0/reset/win64/reset) by extension 'cmake'
[0.351s] Level 1:colcon.colcon_core.package_identification:_identify(src/DynamixelSDK/c#/protocol1.0/reset/win64/reset) by extension 'python'
[0.351s] Level 1:colcon.colcon_core.package_identification:_identify(src/DynamixelSDK/c#/protocol1.0/reset/win64/reset) by extensions ['python_setup_py']
[0.351s] Level 1:colcon.colcon_core.package_identification:_identify(src/DynamixelSDK/c#/protocol1.0/reset/win64/reset) by extension 'python_setup_py'
[0.351s] Level 1:colcon.colcon_core.package_identification:_identify(src/DynamixelSDK/c#/protocol1.0/reset/win64/reset/Properties) by extensions ['ignore', 'ignore_ament_install']
[0.351s] Level 1:colcon.colcon_core.package_identification:_identify(src/DynamixelSDK/c#/protocol1.0/reset/win64/reset/Properties) by extension 'ignore'
[0.351s] Level 1:colcon.colcon_core.package_identification:_identify(src/DynamixelSDK/c#/protocol1.0/reset/win64/reset/Properties) by extension 'ignore_ament_install'
[0.351s] Level 1:colcon.colcon_core.package_identification:_identify(src/DynamixelSDK/c#/protocol1.0/reset/win64/reset/Properties) by extensions ['colcon_pkg']
[0.351s] Level 1:colcon.colcon_core.package_identification:_identify(src/DynamixelSDK/c#/protocol1.0/reset/win64/reset/Properties) by extension 'colcon_pkg'
[0.351s] Level 1:colcon.colcon_core.package_identification:_identify(src/DynamixelSDK/c#/protocol1.0/reset/win64/reset/Properties) by extensions ['colcon_meta']
[0.351s] Level 1:colcon.colcon_core.package_identification:_identify(src/DynamixelSDK/c#/protocol1.0/reset/win64/reset/Properties) by extension 'colcon_meta'
[0.352s] Level 1:colcon.colcon_core.package_identification:_identify(src/DynamixelSDK/c#/protocol1.0/reset/win64/reset/Properties) by extensions ['ros']
[0.352s] Level 1:colcon.colcon_core.package_identification:_identify(src/DynamixelSDK/c#/protocol1.0/reset/win64/reset/Properties) by extension 'ros'
[0.352s] Level 1:colcon.colcon_core.package_identification:_identify(src/DynamixelSDK/c#/protocol1.0/reset/win64/reset/Properties) by extensions ['cmake', 'python']
[0.352s] Level 1:colcon.colcon_core.package_identification:_identify(src/DynamixelSDK/c#/protocol1.0/reset/win64/reset/Properties) by extension 'cmake'
[0.352s] Level 1:colcon.colcon_core.package_identification:_identify(src/DynamixelSDK/c#/protocol1.0/reset/win64/reset/Properties) by extension 'python'
[0.352s] Level 1:colcon.colcon_core.package_identification:_identify(src/DynamixelSDK/c#/protocol1.0/reset/win64/reset/Properties) by extensions ['python_setup_py']
[0.352s] Level 1:colcon.colcon_core.package_identification:_identify(src/DynamixelSDK/c#/protocol1.0/reset/win64/reset/Properties) by extension 'python_setup_py'
[0.352s] Level 1:colcon.colcon_core.package_identification:_identify(src/DynamixelSDK/c#/protocol1.0/sync_write) by extensions ['ignore', 'ignore_ament_install']
[0.352s] Level 1:colcon.colcon_core.package_identification:_identify(src/DynamixelSDK/c#/protocol1.0/sync_write) by extension 'ignore'
[0.352s] Level 1:colcon.colcon_core.package_identification:_identify(src/DynamixelSDK/c#/protocol1.0/sync_write) by extension 'ignore_ament_install'
[0.352s] Level 1:colcon.colcon_core.package_identification:_identify(src/DynamixelSDK/c#/protocol1.0/sync_write) by extensions ['colcon_pkg']
[0.352s] Level 1:colcon.colcon_core.package_identification:_identify(src/DynamixelSDK/c#/protocol1.0/sync_write) by extension 'colcon_pkg'
[0.352s] Level 1:colcon.colcon_core.package_identification:_identify(src/DynamixelSDK/c#/protocol1.0/sync_write) by extensions ['colcon_meta']
[0.352s] Level 1:colcon.colcon_core.package_identification:_identify(src/DynamixelSDK/c#/protocol1.0/sync_write) by extension 'colcon_meta'
[0.352s] Level 1:colcon.colcon_core.package_identification:_identify(src/DynamixelSDK/c#/protocol1.0/sync_write) by extensions ['ros']
[0.352s] Level 1:colcon.colcon_core.package_identification:_identify(src/DynamixelSDK/c#/protocol1.0/sync_write) by extension 'ros'
[0.352s] Level 1:colcon.colcon_core.package_identification:_identify(src/DynamixelSDK/c#/protocol1.0/sync_write) by extensions ['cmake', 'python']
[0.352s] Level 1:colcon.colcon_core.package_identification:_identify(src/DynamixelSDK/c#/protocol1.0/sync_write) by extension 'cmake'
[0.352s] Level 1:colcon.colcon_core.package_identification:_identify(src/DynamixelSDK/c#/protocol1.0/sync_write) by extension 'python'
[0.352s] Level 1:colcon.colcon_core.package_identification:_identify(src/DynamixelSDK/c#/protocol1.0/sync_write) by extensions ['python_setup_py']
[0.352s] Level 1:colcon.colcon_core.package_identification:_identify(src/DynamixelSDK/c#/protocol1.0/sync_write) by extension 'python_setup_py'
[0.352s] Level 1:colcon.colcon_core.package_identification:_identify(src/DynamixelSDK/c#/protocol1.0/sync_write/win32) by extensions ['ignore', 'ignore_ament_install']
[0.352s] Level 1:colcon.colcon_core.package_identification:_identify(src/DynamixelSDK/c#/protocol1.0/sync_write/win32) by extension 'ignore'
[0.353s] Level 1:colcon.colcon_core.package_identification:_identify(src/DynamixelSDK/c#/protocol1.0/sync_write/win32) by extension 'ignore_ament_install'
[0.353s] Level 1:colcon.colcon_core.package_identification:_identify(src/DynamixelSDK/c#/protocol1.0/sync_write/win32) by extensions ['colcon_pkg']
[0.353s] Level 1:colcon.colcon_core.package_identification:_identify(src/DynamixelSDK/c#/protocol1.0/sync_write/win32) by extension 'colcon_pkg'
[0.353s] Level 1:colcon.colcon_core.package_identification:_identify(src/DynamixelSDK/c#/protocol1.0/sync_write/win32) by extensions ['colcon_meta']
[0.353s] Level 1:colcon.colcon_core.package_identification:_identify(src/DynamixelSDK/c#/protocol1.0/sync_write/win32) by extension 'colcon_meta'
[0.353s] Level 1:colcon.colcon_core.package_identification:_identify(src/DynamixelSDK/c#/protocol1.0/sync_write/win32) by extensions ['ros']
[0.353s] Level 1:colcon.colcon_core.package_identification:_identify(src/DynamixelSDK/c#/protocol1.0/sync_write/win32) by extension 'ros'
[0.353s] Level 1:colcon.colcon_core.package_identification:_identify(src/DynamixelSDK/c#/protocol1.0/sync_write/win32) by extensions ['cmake', 'python']
[0.353s] Level 1:colcon.colcon_core.package_identification:_identify(src/DynamixelSDK/c#/protocol1.0/sync_write/win32) by extension 'cmake'
[0.353s] Level 1:colcon.colcon_core.package_identification:_identify(src/DynamixelSDK/c#/protocol1.0/sync_write/win32) by extension 'python'
[0.353s] Level 1:colcon.colcon_core.package_identification:_identify(src/DynamixelSDK/c#/protocol1.0/sync_write/win32) by extensions ['python_setup_py']
[0.353s] Level 1:colcon.colcon_core.package_identification:_identify(src/DynamixelSDK/c#/protocol1.0/sync_write/win32) by extension 'python_setup_py'
[0.353s] Level 1:colcon.colcon_core.package_identification:_identify(src/DynamixelSDK/c#/protocol1.0/sync_write/win32/sync_write) by extensions ['ignore', 'ignore_ament_install']
[0.353s] Level 1:colcon.colcon_core.package_identification:_identify(src/DynamixelSDK/c#/protocol1.0/sync_write/win32/sync_write) by extension 'ignore'
[0.353s] Level 1:colcon.colcon_core.package_identification:_identify(src/DynamixelSDK/c#/protocol1.0/sync_write/win32/sync_write) by extension 'ignore_ament_install'
[0.353s] Level 1:colcon.colcon_core.package_identification:_identify(src/DynamixelSDK/c#/protocol1.0/sync_write/win32/sync_write) by extensions ['colcon_pkg']
[0.353s] Level 1:colcon.colcon_core.package_identification:_identify(src/DynamixelSDK/c#/protocol1.0/sync_write/win32/sync_write) by extension 'colcon_pkg'
[0.353s] Level 1:colcon.colcon_core.package_identification:_identify(src/DynamixelSDK/c#/protocol1.0/sync_write/win32/sync_write) by extensions ['colcon_meta']
[0.353s] Level 1:colcon.colcon_core.package_identification:_identify(src/DynamixelSDK/c#/protocol1.0/sync_write/win32/sync_write) by extension 'colcon_meta'
[0.353s] Level 1:colcon.colcon_core.package_identification:_identify(src/DynamixelSDK/c#/protocol1.0/sync_write/win32/sync_write) by extensions ['ros']
[0.353s] Level 1:colcon.colcon_core.package_identification:_identify(src/DynamixelSDK/c#/protocol1.0/sync_write/win32/sync_write) by extension 'ros'
[0.353s] Level 1:colcon.colcon_core.package_identification:_identify(src/DynamixelSDK/c#/protocol1.0/sync_write/win32/sync_write) by extensions ['cmake', 'python']
[0.354s] Level 1:colcon.colcon_core.package_identification:_identify(src/DynamixelSDK/c#/protocol1.0/sync_write/win32/sync_write) by extension 'cmake'
[0.354s] Level 1:colcon.colcon_core.package_identification:_identify(src/DynamixelSDK/c#/protocol1.0/sync_write/win32/sync_write) by extension 'python'
[0.354s] Level 1:colcon.colcon_core.package_identification:_identify(src/DynamixelSDK/c#/protocol1.0/sync_write/win32/sync_write) by extensions ['python_setup_py']
[0.354s] Level 1:colcon.colcon_core.package_identification:_identify(src/DynamixelSDK/c#/protocol1.0/sync_write/win32/sync_write) by extension 'python_setup_py'
[0.354s] Level 1:colcon.colcon_core.package_identification:_identify(src/DynamixelSDK/c#/protocol1.0/sync_write/win32/sync_write/Properties) by extensions ['ignore', 'ignore_ament_install']
[0.354s] Level 1:colcon.colcon_core.package_identification:_identify(src/DynamixelSDK/c#/protocol1.0/sync_write/win32/sync_write/Properties) by extension 'ignore'
[0.354s] Level 1:colcon.colcon_core.package_identification:_identify(src/DynamixelSDK/c#/protocol1.0/sync_write/win32/sync_write/Properties) by extension 'ignore_ament_install'
[0.354s] Level 1:colcon.colcon_core.package_identification:_identify(src/DynamixelSDK/c#/protocol1.0/sync_write/win32/sync_write/Properties) by extensions ['colcon_pkg']
[0.354s] Level 1:colcon.colcon_core.package_identification:_identify(src/DynamixelSDK/c#/protocol1.0/sync_write/win32/sync_write/Properties) by extension 'colcon_pkg'
[0.354s] Level 1:colcon.colcon_core.package_identification:_identify(src/DynamixelSDK/c#/protocol1.0/sync_write/win32/sync_write/Properties) by extensions ['colcon_meta']
[0.354s] Level 1:colcon.colcon_core.package_identification:_identify(src/DynamixelSDK/c#/protocol1.0/sync_write/win32/sync_write/Properties) by extension 'colcon_meta'
[0.354s] Level 1:colcon.colcon_core.package_identification:_identify(src/DynamixelSDK/c#/protocol1.0/sync_write/win32/sync_write/Properties) by extensions ['ros']
[0.354s] Level 1:colcon.colcon_core.package_identification:_identify(src/DynamixelSDK/c#/protocol1.0/sync_write/win32/sync_write/Properties) by extension 'ros'
[0.354s] Level 1:colcon.colcon_core.package_identification:_identify(src/DynamixelSDK/c#/protocol1.0/sync_write/win32/sync_write/Properties) by extensions ['cmake', 'python']
[0.354s] Level 1:colcon.colcon_core.package_identification:_identify(src/DynamixelSDK/c#/protocol1.0/sync_write/win32/sync_write/Properties) by extension 'cmake'
[0.354s] Level 1:colcon.colcon_core.package_identification:_identify(src/DynamixelSDK/c#/protocol1.0/sync_write/win32/sync_write/Properties) by extension 'python'
[0.354s] Level 1:colcon.colcon_core.package_identification:_identify(src/DynamixelSDK/c#/protocol1.0/sync_write/win32/sync_write/Properties) by extensions ['python_setup_py']
[0.354s] Level 1:colcon.colcon_core.package_identification:_identify(src/DynamixelSDK/c#/protocol1.0/sync_write/win32/sync_write/Properties) by extension 'python_setup_py'
[0.354s] Level 1:colcon.colcon_core.package_identification:_identify(src/DynamixelSDK/c#/protocol1.0/sync_write/win64) by extensions ['ignore', 'ignore_ament_install']
[0.354s] Level 1:colcon.colcon_core.package_identification:_identify(src/DynamixelSDK/c#/protocol1.0/sync_write/win64) by extension 'ignore'
[0.354s] Level 1:colcon.colcon_core.package_identification:_identify(src/DynamixelSDK/c#/protocol1.0/sync_write/win64) by extension 'ignore_ament_install'
[0.354s] Level 1:colcon.colcon_core.package_identification:_identify(src/DynamixelSDK/c#/protocol1.0/sync_write/win64) by extensions ['colcon_pkg']
[0.355s] Level 1:colcon.colcon_core.package_identification:_identify(src/DynamixelSDK/c#/protocol1.0/sync_write/win64) by extension 'colcon_pkg'
[0.355s] Level 1:colcon.colcon_core.package_identification:_identify(src/DynamixelSDK/c#/protocol1.0/sync_write/win64) by extensions ['colcon_meta']
[0.355s] Level 1:colcon.colcon_core.package_identification:_identify(src/DynamixelSDK/c#/protocol1.0/sync_write/win64) by extension 'colcon_meta'
[0.355s] Level 1:colcon.colcon_core.package_identification:_identify(src/DynamixelSDK/c#/protocol1.0/sync_write/win64) by extensions ['ros']
[0.355s] Level 1:colcon.colcon_core.package_identification:_identify(src/DynamixelSDK/c#/protocol1.0/sync_write/win64) by extension 'ros'
[0.355s] Level 1:colcon.colcon_core.package_identification:_identify(src/DynamixelSDK/c#/protocol1.0/sync_write/win64) by extensions ['cmake', 'python']
[0.355s] Level 1:colcon.colcon_core.package_identification:_identify(src/DynamixelSDK/c#/protocol1.0/sync_write/win64) by extension 'cmake'
[0.355s] Level 1:colcon.colcon_core.package_identification:_identify(src/DynamixelSDK/c#/protocol1.0/sync_write/win64) by extension 'python'
[0.355s] Level 1:colcon.colcon_core.package_identification:_identify(src/DynamixelSDK/c#/protocol1.0/sync_write/win64) by extensions ['python_setup_py']
[0.355s] Level 1:colcon.colcon_core.package_identification:_identify(src/DynamixelSDK/c#/protocol1.0/sync_write/win64) by extension 'python_setup_py'
[0.355s] Level 1:colcon.colcon_core.package_identification:_identify(src/DynamixelSDK/c#/protocol1.0/sync_write/win64/sync_write) by extensions ['ignore', 'ignore_ament_install']
[0.355s] Level 1:colcon.colcon_core.package_identification:_identify(src/DynamixelSDK/c#/protocol1.0/sync_write/win64/sync_write) by extension 'ignore'
[0.355s] Level 1:colcon.colcon_core.package_identification:_identify(src/DynamixelSDK/c#/protocol1.0/sync_write/win64/sync_write) by extension 'ignore_ament_install'
[0.355s] Level 1:colcon.colcon_core.package_identification:_identify(src/DynamixelSDK/c#/protocol1.0/sync_write/win64/sync_write) by extensions ['colcon_pkg']
[0.355s] Level 1:colcon.colcon_core.package_identification:_identify(src/DynamixelSDK/c#/protocol1.0/sync_write/win64/sync_write) by extension 'colcon_pkg'
[0.355s] Level 1:colcon.colcon_core.package_identification:_identify(src/DynamixelSDK/c#/protocol1.0/sync_write/win64/sync_write) by extensions ['colcon_meta']
[0.355s] Level 1:colcon.colcon_core.package_identification:_identify(src/DynamixelSDK/c#/protocol1.0/sync_write/win64/sync_write) by extension 'colcon_meta'
[0.355s] Level 1:colcon.colcon_core.package_identification:_identify(src/DynamixelSDK/c#/protocol1.0/sync_write/win64/sync_write) by extensions ['ros']
[0.355s] Level 1:colcon.colcon_core.package_identification:_identify(src/DynamixelSDK/c#/protocol1.0/sync_write/win64/sync_write) by extension 'ros'
[0.355s] Level 1:colcon.colcon_core.package_identification:_identify(src/DynamixelSDK/c#/protocol1.0/sync_write/win64/sync_write) by extensions ['cmake', 'python']
[0.355s] Level 1:colcon.colcon_core.package_identification:_identify(src/DynamixelSDK/c#/protocol1.0/sync_write/win64/sync_write) by extension 'cmake'
[0.355s] Level 1:colcon.colcon_core.package_identification:_identify(src/DynamixelSDK/c#/protocol1.0/sync_write/win64/sync_write) by extension 'python'
[0.355s] Level 1:colcon.colcon_core.package_identification:_identify(src/DynamixelSDK/c#/protocol1.0/sync_write/win64/sync_write) by extensions ['python_setup_py']
[0.355s] Level 1:colcon.colcon_core.package_identification:_identify(src/DynamixelSDK/c#/protocol1.0/sync_write/win64/sync_write) by extension 'python_setup_py'
[0.356s] Level 1:colcon.colcon_core.package_identification:_identify(src/DynamixelSDK/c#/protocol1.0/sync_write/win64/sync_write/Properties) by extensions ['ignore', 'ignore_ament_install']
[0.356s] Level 1:colcon.colcon_core.package_identification:_identify(src/DynamixelSDK/c#/protocol1.0/sync_write/win64/sync_write/Properties) by extension 'ignore'
[0.356s] Level 1:colcon.colcon_core.package_identification:_identify(src/DynamixelSDK/c#/protocol1.0/sync_write/win64/sync_write/Properties) by extension 'ignore_ament_install'
[0.356s] Level 1:colcon.colcon_core.package_identification:_identify(src/DynamixelSDK/c#/protocol1.0/sync_write/win64/sync_write/Properties) by extensions ['colcon_pkg']
[0.356s] Level 1:colcon.colcon_core.package_identification:_identify(src/DynamixelSDK/c#/protocol1.0/sync_write/win64/sync_write/Properties) by extension 'colcon_pkg'
[0.356s] Level 1:colcon.colcon_core.package_identification:_identify(src/DynamixelSDK/c#/protocol1.0/sync_write/win64/sync_write/Properties) by extensions ['colcon_meta']
[0.356s] Level 1:colcon.colcon_core.package_identification:_identify(src/DynamixelSDK/c#/protocol1.0/sync_write/win64/sync_write/Properties) by extension 'colcon_meta'
[0.356s] Level 1:colcon.colcon_core.package_identification:_identify(src/DynamixelSDK/c#/protocol1.0/sync_write/win64/sync_write/Properties) by extensions ['ros']
[0.356s] Level 1:colcon.colcon_core.package_identification:_identify(src/DynamixelSDK/c#/protocol1.0/sync_write/win64/sync_write/Properties) by extension 'ros'
[0.356s] Level 1:colcon.colcon_core.package_identification:_identify(src/DynamixelSDK/c#/protocol1.0/sync_write/win64/sync_write/Properties) by extensions ['cmake', 'python']
[0.356s] Level 1:colcon.colcon_core.package_identification:_identify(src/DynamixelSDK/c#/protocol1.0/sync_write/win64/sync_write/Properties) by extension 'cmake'
[0.356s] Level 1:colcon.colcon_core.package_identification:_identify(src/DynamixelSDK/c#/protocol1.0/sync_write/win64/sync_write/Properties) by extension 'python'
[0.356s] Level 1:colcon.colcon_core.package_identification:_identify(src/DynamixelSDK/c#/protocol1.0/sync_write/win64/sync_write/Properties) by extensions ['python_setup_py']
[0.356s] Level 1:colcon.colcon_core.package_identification:_identify(src/DynamixelSDK/c#/protocol1.0/sync_write/win64/sync_write/Properties) by extension 'python_setup_py'
[0.356s] Level 1:colcon.colcon_core.package_identification:_identify(src/DynamixelSDK/c#/protocol2.0) by extensions ['ignore', 'ignore_ament_install']
[0.356s] Level 1:colcon.colcon_core.package_identification:_identify(src/DynamixelSDK/c#/protocol2.0) by extension 'ignore'
[0.356s] Level 1:colcon.colcon_core.package_identification:_identify(src/DynamixelSDK/c#/protocol2.0) by extension 'ignore_ament_install'
[0.356s] Level 1:colcon.colcon_core.package_identification:_identify(src/DynamixelSDK/c#/protocol2.0) by extensions ['colcon_pkg']
[0.356s] Level 1:colcon.colcon_core.package_identification:_identify(src/DynamixelSDK/c#/protocol2.0) by extension 'colcon_pkg'
[0.356s] Level 1:colcon.colcon_core.package_identification:_identify(src/DynamixelSDK/c#/protocol2.0) by extensions ['colcon_meta']
[0.356s] Level 1:colcon.colcon_core.package_identification:_identify(src/DynamixelSDK/c#/protocol2.0) by extension 'colcon_meta'
[0.356s] Level 1:colcon.colcon_core.package_identification:_identify(src/DynamixelSDK/c#/protocol2.0) by extensions ['ros']
[0.356s] Level 1:colcon.colcon_core.package_identification:_identify(src/DynamixelSDK/c#/protocol2.0) by extension 'ros'
[0.357s] Level 1:colcon.colcon_core.package_identification:_identify(src/DynamixelSDK/c#/protocol2.0) by extensions ['cmake', 'python']
[0.357s] Level 1:colcon.colcon_core.package_identification:_identify(src/DynamixelSDK/c#/protocol2.0) by extension 'cmake'
[0.357s] Level 1:colcon.colcon_core.package_identification:_identify(src/DynamixelSDK/c#/protocol2.0) by extension 'python'
[0.357s] Level 1:colcon.colcon_core.package_identification:_identify(src/DynamixelSDK/c#/protocol2.0) by extensions ['python_setup_py']
[0.357s] Level 1:colcon.colcon_core.package_identification:_identify(src/DynamixelSDK/c#/protocol2.0) by extension 'python_setup_py'
[0.357s] Level 1:colcon.colcon_core.package_identification:_identify(src/DynamixelSDK/c#/protocol2.0/broadcast_ping) by extensions ['ignore', 'ignore_ament_install']
[0.357s] Level 1:colcon.colcon_core.package_identification:_identify(src/DynamixelSDK/c#/protocol2.0/broadcast_ping) by extension 'ignore'
[0.357s] Level 1:colcon.colcon_core.package_identification:_identify(src/DynamixelSDK/c#/protocol2.0/broadcast_ping) by extension 'ignore_ament_install'
[0.357s] Level 1:colcon.colcon_core.package_identification:_identify(src/DynamixelSDK/c#/protocol2.0/broadcast_ping) by extensions ['colcon_pkg']
[0.357s] Level 1:colcon.colcon_core.package_identification:_identify(src/DynamixelSDK/c#/protocol2.0/broadcast_ping) by extension 'colcon_pkg'
[0.357s] Level 1:colcon.colcon_core.package_identification:_identify(src/DynamixelSDK/c#/protocol2.0/broadcast_ping) by extensions ['colcon_meta']
[0.357s] Level 1:colcon.colcon_core.package_identification:_identify(src/DynamixelSDK/c#/protocol2.0/broadcast_ping) by extension 'colcon_meta'
[0.357s] Level 1:colcon.colcon_core.package_identification:_identify(src/DynamixelSDK/c#/protocol2.0/broadcast_ping) by extensions ['ros']
[0.357s] Level 1:colcon.colcon_core.package_identification:_identify(src/DynamixelSDK/c#/protocol2.0/broadcast_ping) by extension 'ros'
[0.357s] Level 1:colcon.colcon_core.package_identification:_identify(src/DynamixelSDK/c#/protocol2.0/broadcast_ping) by extensions ['cmake', 'python']
[0.357s] Level 1:colcon.colcon_core.package_identification:_identify(src/DynamixelSDK/c#/protocol2.0/broadcast_ping) by extension 'cmake'
[0.357s] Level 1:colcon.colcon_core.package_identification:_identify(src/DynamixelSDK/c#/protocol2.0/broadcast_ping) by extension 'python'
[0.357s] Level 1:colcon.colcon_core.package_identification:_identify(src/DynamixelSDK/c#/protocol2.0/broadcast_ping) by extensions ['python_setup_py']
[0.357s] Level 1:colcon.colcon_core.package_identification:_identify(src/DynamixelSDK/c#/protocol2.0/broadcast_ping) by extension 'python_setup_py'
[0.357s] Level 1:colcon.colcon_core.package_identification:_identify(src/DynamixelSDK/c#/protocol2.0/broadcast_ping/win32) by extensions ['ignore', 'ignore_ament_install']
[0.357s] Level 1:colcon.colcon_core.package_identification:_identify(src/DynamixelSDK/c#/protocol2.0/broadcast_ping/win32) by extension 'ignore'
[0.357s] Level 1:colcon.colcon_core.package_identification:_identify(src/DynamixelSDK/c#/protocol2.0/broadcast_ping/win32) by extension 'ignore_ament_install'
[0.358s] Level 1:colcon.colcon_core.package_identification:_identify(src/DynamixelSDK/c#/protocol2.0/broadcast_ping/win32) by extensions ['colcon_pkg']
[0.358s] Level 1:colcon.colcon_core.package_identification:_identify(src/DynamixelSDK/c#/protocol2.0/broadcast_ping/win32) by extension 'colcon_pkg'
[0.358s] Level 1:colcon.colcon_core.package_identification:_identify(src/DynamixelSDK/c#/protocol2.0/broadcast_ping/win32) by extensions ['colcon_meta']
[0.358s] Level 1:colcon.colcon_core.package_identification:_identify(src/DynamixelSDK/c#/protocol2.0/broadcast_ping/win32) by extension 'colcon_meta'
[0.358s] Level 1:colcon.colcon_core.package_identification:_identify(src/DynamixelSDK/c#/protocol2.0/broadcast_ping/win32) by extensions ['ros']
[0.358s] Level 1:colcon.colcon_core.package_identification:_identify(src/DynamixelSDK/c#/protocol2.0/broadcast_ping/win32) by extension 'ros'
[0.358s] Level 1:colcon.colcon_core.package_identification:_identify(src/DynamixelSDK/c#/protocol2.0/broadcast_ping/win32) by extensions ['cmake', 'python']
[0.358s] Level 1:colcon.colcon_core.package_identification:_identify(src/DynamixelSDK/c#/protocol2.0/broadcast_ping/win32) by extension 'cmake'
[0.358s] Level 1:colcon.colcon_core.package_identification:_identify(src/DynamixelSDK/c#/protocol2.0/broadcast_ping/win32) by extension 'python'
[0.358s] Level 1:colcon.colcon_core.package_identification:_identify(src/DynamixelSDK/c#/protocol2.0/broadcast_ping/win32) by extensions ['python_setup_py']
[0.358s] Level 1:colcon.colcon_core.package_identification:_identify(src/DynamixelSDK/c#/protocol2.0/broadcast_ping/win32) by extension 'python_setup_py'
[0.358s] Level 1:colcon.colcon_core.package_identification:_identify(src/DynamixelSDK/c#/protocol2.0/broadcast_ping/win32/broadcast_ping) by extensions ['ignore', 'ignore_ament_install']
[0.358s] Level 1:colcon.colcon_core.package_identification:_identify(src/DynamixelSDK/c#/protocol2.0/broadcast_ping/win32/broadcast_ping) by extension 'ignore'
[0.358s] Level 1:colcon.colcon_core.package_identification:_identify(src/DynamixelSDK/c#/protocol2.0/broadcast_ping/win32/broadcast_ping) by extension 'ignore_ament_install'
[0.358s] Level 1:colcon.colcon_core.package_identification:_identify(src/DynamixelSDK/c#/protocol2.0/broadcast_ping/win32/broadcast_ping) by extensions ['colcon_pkg']
[0.358s] Level 1:colcon.colcon_core.package_identification:_identify(src/DynamixelSDK/c#/protocol2.0/broadcast_ping/win32/broadcast_ping) by extension 'colcon_pkg'
[0.358s] Level 1:colcon.colcon_core.package_identification:_identify(src/DynamixelSDK/c#/protocol2.0/broadcast_ping/win32/broadcast_ping) by extensions ['colcon_meta']
[0.358s] Level 1:colcon.colcon_core.package_identification:_identify(src/DynamixelSDK/c#/protocol2.0/broadcast_ping/win32/broadcast_ping) by extension 'colcon_meta'
[0.358s] Level 1:colcon.colcon_core.package_identification:_identify(src/DynamixelSDK/c#/protocol2.0/broadcast_ping/win32/broadcast_ping) by extensions ['ros']
[0.358s] Level 1:colcon.colcon_core.package_identification:_identify(src/DynamixelSDK/c#/protocol2.0/broadcast_ping/win32/broadcast_ping) by extension 'ros'
[0.358s] Level 1:colcon.colcon_core.package_identification:_identify(src/DynamixelSDK/c#/protocol2.0/broadcast_ping/win32/broadcast_ping) by extensions ['cmake', 'python']
[0.358s] Level 1:colcon.colcon_core.package_identification:_identify(src/DynamixelSDK/c#/protocol2.0/broadcast_ping/win32/broadcast_ping) by extension 'cmake'
[0.358s] Level 1:colcon.colcon_core.package_identification:_identify(src/DynamixelSDK/c#/protocol2.0/broadcast_ping/win32/broadcast_ping) by extension 'python'
[0.358s] Level 1:colcon.colcon_core.package_identification:_identify(src/DynamixelSDK/c#/protocol2.0/broadcast_ping/win32/broadcast_ping) by extensions ['python_setup_py']
[0.358s] Level 1:colcon.colcon_core.package_identification:_identify(src/DynamixelSDK/c#/protocol2.0/broadcast_ping/win32/broadcast_ping) by extension 'python_setup_py'
[0.359s] Level 1:colcon.colcon_core.package_identification:_identify(src/DynamixelSDK/c#/protocol2.0/broadcast_ping/win32/broadcast_ping/Properties) by extensions ['ignore', 'ignore_ament_install']
[0.359s] Level 1:colcon.colcon_core.package_identification:_identify(src/DynamixelSDK/c#/protocol2.0/broadcast_ping/win32/broadcast_ping/Properties) by extension 'ignore'
[0.359s] Level 1:colcon.colcon_core.package_identification:_identify(src/DynamixelSDK/c#/protocol2.0/broadcast_ping/win32/broadcast_ping/Properties) by extension 'ignore_ament_install'
[0.359s] Level 1:colcon.colcon_core.package_identification:_identify(src/DynamixelSDK/c#/protocol2.0/broadcast_ping/win32/broadcast_ping/Properties) by extensions ['colcon_pkg']
[0.359s] Level 1:colcon.colcon_core.package_identification:_identify(src/DynamixelSDK/c#/protocol2.0/broadcast_ping/win32/broadcast_ping/Properties) by extension 'colcon_pkg'
[0.359s] Level 1:colcon.colcon_core.package_identification:_identify(src/DynamixelSDK/c#/protocol2.0/broadcast_ping/win32/broadcast_ping/Properties) by extensions ['colcon_meta']
[0.359s] Level 1:colcon.colcon_core.package_identification:_identify(src/DynamixelSDK/c#/protocol2.0/broadcast_ping/win32/broadcast_ping/Properties) by extension 'colcon_meta'
[0.359s] Level 1:colcon.colcon_core.package_identification:_identify(src/DynamixelSDK/c#/protocol2.0/broadcast_ping/win32/broadcast_ping/Properties) by extensions ['ros']
[0.359s] Level 1:colcon.colcon_core.package_identification:_identify(src/DynamixelSDK/c#/protocol2.0/broadcast_ping/win32/broadcast_ping/Properties) by extension 'ros'
[0.359s] Level 1:colcon.colcon_core.package_identification:_identify(src/DynamixelSDK/c#/protocol2.0/broadcast_ping/win32/broadcast_ping/Properties) by extensions ['cmake', 'python']
[0.359s] Level 1:colcon.colcon_core.package_identification:_identify(src/DynamixelSDK/c#/protocol2.0/broadcast_ping/win32/broadcast_ping/Properties) by extension 'cmake'
[0.359s] Level 1:colcon.colcon_core.package_identification:_identify(src/DynamixelSDK/c#/protocol2.0/broadcast_ping/win32/broadcast_ping/Properties) by extension 'python'
[0.359s] Level 1:colcon.colcon_core.package_identification:_identify(src/DynamixelSDK/c#/protocol2.0/broadcast_ping/win32/broadcast_ping/Properties) by extensions ['python_setup_py']
[0.359s] Level 1:colcon.colcon_core.package_identification:_identify(src/DynamixelSDK/c#/protocol2.0/broadcast_ping/win32/broadcast_ping/Properties) by extension 'python_setup_py'
[0.359s] Level 1:colcon.colcon_core.package_identification:_identify(src/DynamixelSDK/c#/protocol2.0/broadcast_ping/win64) by extensions ['ignore', 'ignore_ament_install']
[0.359s] Level 1:colcon.colcon_core.package_identification:_identify(src/DynamixelSDK/c#/protocol2.0/broadcast_ping/win64) by extension 'ignore'
[0.359s] Level 1:colcon.colcon_core.package_identification:_identify(src/DynamixelSDK/c#/protocol2.0/broadcast_ping/win64) by extension 'ignore_ament_install'
[0.359s] Level 1:colcon.colcon_core.package_identification:_identify(src/DynamixelSDK/c#/protocol2.0/broadcast_ping/win64) by extensions ['colcon_pkg']
[0.359s] Level 1:colcon.colcon_core.package_identification:_identify(src/DynamixelSDK/c#/protocol2.0/broadcast_ping/win64) by extension 'colcon_pkg'
[0.359s] Level 1:colcon.colcon_core.package_identification:_identify(src/DynamixelSDK/c#/protocol2.0/broadcast_ping/win64) by extensions ['colcon_meta']
[0.359s] Level 1:colcon.colcon_core.package_identification:_identify(src/DynamixelSDK/c#/protocol2.0/broadcast_ping/win64) by extension 'colcon_meta'
[0.359s] Level 1:colcon.colcon_core.package_identification:_identify(src/DynamixelSDK/c#/protocol2.0/broadcast_ping/win64) by extensions ['ros']
[0.359s] Level 1:colcon.colcon_core.package_identification:_identify(src/DynamixelSDK/c#/protocol2.0/broadcast_ping/win64) by extension 'ros'
[0.360s] Level 1:colcon.colcon_core.package_identification:_identify(src/DynamixelSDK/c#/protocol2.0/broadcast_ping/win64) by extensions ['cmake', 'python']
[0.360s] Level 1:colcon.colcon_core.package_identification:_identify(src/DynamixelSDK/c#/protocol2.0/broadcast_ping/win64) by extension 'cmake'
[0.360s] Level 1:colcon.colcon_core.package_identification:_identify(src/DynamixelSDK/c#/protocol2.0/broadcast_ping/win64) by extension 'python'
[0.360s] Level 1:colcon.colcon_core.package_identification:_identify(src/DynamixelSDK/c#/protocol2.0/broadcast_ping/win64) by extensions ['python_setup_py']
[0.360s] Level 1:colcon.colcon_core.package_identification:_identify(src/DynamixelSDK/c#/protocol2.0/broadcast_ping/win64) by extension 'python_setup_py'
[0.360s] Level 1:colcon.colcon_core.package_identification:_identify(src/DynamixelSDK/c#/protocol2.0/broadcast_ping/win64/broadcast_ping) by extensions ['ignore', 'ignore_ament_install']
[0.360s] Level 1:colcon.colcon_core.package_identification:_identify(src/DynamixelSDK/c#/protocol2.0/broadcast_ping/win64/broadcast_ping) by extension 'ignore'
[0.360s] Level 1:colcon.colcon_core.package_identification:_identify(src/DynamixelSDK/c#/protocol2.0/broadcast_ping/win64/broadcast_ping) by extension 'ignore_ament_install'
[0.360s] Level 1:colcon.colcon_core.package_identification:_identify(src/DynamixelSDK/c#/protocol2.0/broadcast_ping/win64/broadcast_ping) by extensions ['colcon_pkg']
[0.360s] Level 1:colcon.colcon_core.package_identification:_identify(src/DynamixelSDK/c#/protocol2.0/broadcast_ping/win64/broadcast_ping) by extension 'colcon_pkg'
[0.360s] Level 1:colcon.colcon_core.package_identification:_identify(src/DynamixelSDK/c#/protocol2.0/broadcast_ping/win64/broadcast_ping) by extensions ['colcon_meta']
[0.360s] Level 1:colcon.colcon_core.package_identification:_identify(src/DynamixelSDK/c#/protocol2.0/broadcast_ping/win64/broadcast_ping) by extension 'colcon_meta'
[0.360s] Level 1:colcon.colcon_core.package_identification:_identify(src/DynamixelSDK/c#/protocol2.0/broadcast_ping/win64/broadcast_ping) by extensions ['ros']
[0.360s] Level 1:colcon.colcon_core.package_identification:_identify(src/DynamixelSDK/c#/protocol2.0/broadcast_ping/win64/broadcast_ping) by extension 'ros'
[0.360s] Level 1:colcon.colcon_core.package_identification:_identify(src/DynamixelSDK/c#/protocol2.0/broadcast_ping/win64/broadcast_ping) by extensions ['cmake', 'python']
[0.360s] Level 1:colcon.colcon_core.package_identification:_identify(src/DynamixelSDK/c#/protocol2.0/broadcast_ping/win64/broadcast_ping) by extension 'cmake'
[0.360s] Level 1:colcon.colcon_core.package_identification:_identify(src/DynamixelSDK/c#/protocol2.0/broadcast_ping/win64/broadcast_ping) by extension 'python'
[0.360s] Level 1:colcon.colcon_core.package_identification:_identify(src/DynamixelSDK/c#/protocol2.0/broadcast_ping/win64/broadcast_ping) by extensions ['python_setup_py']
[0.360s] Level 1:colcon.colcon_core.package_identification:_identify(src/DynamixelSDK/c#/protocol2.0/broadcast_ping/win64/broadcast_ping) by extension 'python_setup_py'
[0.360s] Level 1:colcon.colcon_core.package_identification:_identify(src/DynamixelSDK/c#/protocol2.0/broadcast_ping/win64/broadcast_ping/Properties) by extensions ['ignore', 'ignore_ament_install']
[0.360s] Level 1:colcon.colcon_core.package_identification:_identify(src/DynamixelSDK/c#/protocol2.0/broadcast_ping/win64/broadcast_ping/Properties) by extension 'ignore'
[0.361s] Level 1:colcon.colcon_core.package_identification:_identify(src/DynamixelSDK/c#/protocol2.0/broadcast_ping/win64/broadcast_ping/Properties) by extension 'ignore_ament_install'
[0.361s] Level 1:colcon.colcon_core.package_identification:_identify(src/DynamixelSDK/c#/protocol2.0/broadcast_ping/win64/broadcast_ping/Properties) by extensions ['colcon_pkg']
[0.361s] Level 1:colcon.colcon_core.package_identification:_identify(src/DynamixelSDK/c#/protocol2.0/broadcast_ping/win64/broadcast_ping/Properties) by extension 'colcon_pkg'
[0.361s] Level 1:colcon.colcon_core.package_identification:_identify(src/DynamixelSDK/c#/protocol2.0/broadcast_ping/win64/broadcast_ping/Properties) by extensions ['colcon_meta']
[0.361s] Level 1:colcon.colcon_core.package_identification:_identify(src/DynamixelSDK/c#/protocol2.0/broadcast_ping/win64/broadcast_ping/Properties) by extension 'colcon_meta'
[0.361s] Level 1:colcon.colcon_core.package_identification:_identify(src/DynamixelSDK/c#/protocol2.0/broadcast_ping/win64/broadcast_ping/Properties) by extensions ['ros']
[0.361s] Level 1:colcon.colcon_core.package_identification:_identify(src/DynamixelSDK/c#/protocol2.0/broadcast_ping/win64/broadcast_ping/Properties) by extension 'ros'
[0.361s] Level 1:colcon.colcon_core.package_identification:_identify(src/DynamixelSDK/c#/protocol2.0/broadcast_ping/win64/broadcast_ping/Properties) by extensions ['cmake', 'python']
[0.361s] Level 1:colcon.colcon_core.package_identification:_identify(src/DynamixelSDK/c#/protocol2.0/broadcast_ping/win64/broadcast_ping/Properties) by extension 'cmake'
[0.361s] Level 1:colcon.colcon_core.package_identification:_identify(src/DynamixelSDK/c#/protocol2.0/broadcast_ping/win64/broadcast_ping/Properties) by extension 'python'
[0.361s] Level 1:colcon.colcon_core.package_identification:_identify(src/DynamixelSDK/c#/protocol2.0/broadcast_ping/win64/broadcast_ping/Properties) by extensions ['python_setup_py']
[0.361s] Level 1:colcon.colcon_core.package_identification:_identify(src/DynamixelSDK/c#/protocol2.0/broadcast_ping/win64/broadcast_ping/Properties) by extension 'python_setup_py'
[0.361s] Level 1:colcon.colcon_core.package_identification:_identify(src/DynamixelSDK/c#/protocol2.0/bulk_read_write) by extensions ['ignore', 'ignore_ament_install']
[0.361s] Level 1:colcon.colcon_core.package_identification:_identify(src/DynamixelSDK/c#/protocol2.0/bulk_read_write) by extension 'ignore'
[0.361s] Level 1:colcon.colcon_core.package_identification:_identify(src/DynamixelSDK/c#/protocol2.0/bulk_read_write) by extension 'ignore_ament_install'
[0.361s] Level 1:colcon.colcon_core.package_identification:_identify(src/DynamixelSDK/c#/protocol2.0/bulk_read_write) by extensions ['colcon_pkg']
[0.361s] Level 1:colcon.colcon_core.package_identification:_identify(src/DynamixelSDK/c#/protocol2.0/bulk_read_write) by extension 'colcon_pkg'
[0.361s] Level 1:colcon.colcon_core.package_identification:_identify(src/DynamixelSDK/c#/protocol2.0/bulk_read_write) by extensions ['colcon_meta']
[0.361s] Level 1:colcon.colcon_core.package_identification:_identify(src/DynamixelSDK/c#/protocol2.0/bulk_read_write) by extension 'colcon_meta'
[0.361s] Level 1:colcon.colcon_core.package_identification:_identify(src/DynamixelSDK/c#/protocol2.0/bulk_read_write) by extensions ['ros']
[0.361s] Level 1:colcon.colcon_core.package_identification:_identify(src/DynamixelSDK/c#/protocol2.0/bulk_read_write) by extension 'ros'
[0.361s] Level 1:colcon.colcon_core.package_identification:_identify(src/DynamixelSDK/c#/protocol2.0/bulk_read_write) by extensions ['cmake', 'python']
[0.361s] Level 1:colcon.colcon_core.package_identification:_identify(src/DynamixelSDK/c#/protocol2.0/bulk_read_write) by extension 'cmake'
[0.361s] Level 1:colcon.colcon_core.package_identification:_identify(src/DynamixelSDK/c#/protocol2.0/bulk_read_write) by extension 'python'
[0.362s] Level 1:colcon.colcon_core.package_identification:_identify(src/DynamixelSDK/c#/protocol2.0/bulk_read_write) by extensions ['python_setup_py']
[0.362s] Level 1:colcon.colcon_core.package_identification:_identify(src/DynamixelSDK/c#/protocol2.0/bulk_read_write) by extension 'python_setup_py'
[0.362s] Level 1:colcon.colcon_core.package_identification:_identify(src/DynamixelSDK/c#/protocol2.0/bulk_read_write/win32) by extensions ['ignore', 'ignore_ament_install']
[0.362s] Level 1:colcon.colcon_core.package_identification:_identify(src/DynamixelSDK/c#/protocol2.0/bulk_read_write/win32) by extension 'ignore'
[0.362s] Level 1:colcon.colcon_core.package_identification:_identify(src/DynamixelSDK/c#/protocol2.0/bulk_read_write/win32) by extension 'ignore_ament_install'
[0.362s] Level 1:colcon.colcon_core.package_identification:_identify(src/DynamixelSDK/c#/protocol2.0/bulk_read_write/win32) by extensions ['colcon_pkg']
[0.362s] Level 1:colcon.colcon_core.package_identification:_identify(src/DynamixelSDK/c#/protocol2.0/bulk_read_write/win32) by extension 'colcon_pkg'
[0.362s] Level 1:colcon.colcon_core.package_identification:_identify(src/DynamixelSDK/c#/protocol2.0/bulk_read_write/win32) by extensions ['colcon_meta']
[0.362s] Level 1:colcon.colcon_core.package_identification:_identify(src/DynamixelSDK/c#/protocol2.0/bulk_read_write/win32) by extension 'colcon_meta'
[0.362s] Level 1:colcon.colcon_core.package_identification:_identify(src/DynamixelSDK/c#/protocol2.0/bulk_read_write/win32) by extensions ['ros']
[0.362s] Level 1:colcon.colcon_core.package_identification:_identify(src/DynamixelSDK/c#/protocol2.0/bulk_read_write/win32) by extension 'ros'
[0.362s] Level 1:colcon.colcon_core.package_identification:_identify(src/DynamixelSDK/c#/protocol2.0/bulk_read_write/win32) by extensions ['cmake', 'python']
[0.362s] Level 1:colcon.colcon_core.package_identification:_identify(src/DynamixelSDK/c#/protocol2.0/bulk_read_write/win32) by extension 'cmake'
[0.362s] Level 1:colcon.colcon_core.package_identification:_identify(src/DynamixelSDK/c#/protocol2.0/bulk_read_write/win32) by extension 'python'
[0.362s] Level 1:colcon.colcon_core.package_identification:_identify(src/DynamixelSDK/c#/protocol2.0/bulk_read_write/win32) by extensions ['python_setup_py']
[0.362s] Level 1:colcon.colcon_core.package_identification:_identify(src/DynamixelSDK/c#/protocol2.0/bulk_read_write/win32) by extension 'python_setup_py'
[0.362s] Level 1:colcon.colcon_core.package_identification:_identify(src/DynamixelSDK/c#/protocol2.0/bulk_read_write/win32/bulk_read_write) by extensions ['ignore', 'ignore_ament_install']
[0.362s] Level 1:colcon.colcon_core.package_identification:_identify(src/DynamixelSDK/c#/protocol2.0/bulk_read_write/win32/bulk_read_write) by extension 'ignore'
[0.362s] Level 1:colcon.colcon_core.package_identification:_identify(src/DynamixelSDK/c#/protocol2.0/bulk_read_write/win32/bulk_read_write) by extension 'ignore_ament_install'
[0.362s] Level 1:colcon.colcon_core.package_identification:_identify(src/DynamixelSDK/c#/protocol2.0/bulk_read_write/win32/bulk_read_write) by extensions ['colcon_pkg']
[0.362s] Level 1:colcon.colcon_core.package_identification:_identify(src/DynamixelSDK/c#/protocol2.0/bulk_read_write/win32/bulk_read_write) by extension 'colcon_pkg'
[0.362s] Level 1:colcon.colcon_core.package_identification:_identify(src/DynamixelSDK/c#/protocol2.0/bulk_read_write/win32/bulk_read_write) by extensions ['colcon_meta']
[0.362s] Level 1:colcon.colcon_core.package_identification:_identify(src/DynamixelSDK/c#/protocol2.0/bulk_read_write/win32/bulk_read_write) by extension 'colcon_meta'
[0.363s] Level 1:colcon.colcon_core.package_identification:_identify(src/DynamixelSDK/c#/protocol2.0/bulk_read_write/win32/bulk_read_write) by extensions ['ros']
[0.363s] Level 1:colcon.colcon_core.package_identification:_identify(src/DynamixelSDK/c#/protocol2.0/bulk_read_write/win32/bulk_read_write) by extension 'ros'
[0.363s] Level 1:colcon.colcon_core.package_identification:_identify(src/DynamixelSDK/c#/protocol2.0/bulk_read_write/win32/bulk_read_write) by extensions ['cmake', 'python']
[0.363s] Level 1:colcon.colcon_core.package_identification:_identify(src/DynamixelSDK/c#/protocol2.0/bulk_read_write/win32/bulk_read_write) by extension 'cmake'
[0.363s] Level 1:colcon.colcon_core.package_identification:_identify(src/DynamixelSDK/c#/protocol2.0/bulk_read_write/win32/bulk_read_write) by extension 'python'
[0.363s] Level 1:colcon.colcon_core.package_identification:_identify(src/DynamixelSDK/c#/protocol2.0/bulk_read_write/win32/bulk_read_write) by extensions ['python_setup_py']
[0.363s] Level 1:colcon.colcon_core.package_identification:_identify(src/DynamixelSDK/c#/protocol2.0/bulk_read_write/win32/bulk_read_write) by extension 'python_setup_py'
[0.363s] Level 1:colcon.colcon_core.package_identification:_identify(src/DynamixelSDK/c#/protocol2.0/bulk_read_write/win32/bulk_read_write/Properties) by extensions ['ignore', 'ignore_ament_install']
[0.363s] Level 1:colcon.colcon_core.package_identification:_identify(src/DynamixelSDK/c#/protocol2.0/bulk_read_write/win32/bulk_read_write/Properties) by extension 'ignore'
[0.363s] Level 1:colcon.colcon_core.package_identification:_identify(src/DynamixelSDK/c#/protocol2.0/bulk_read_write/win32/bulk_read_write/Properties) by extension 'ignore_ament_install'
[0.363s] Level 1:colcon.colcon_core.package_identification:_identify(src/DynamixelSDK/c#/protocol2.0/bulk_read_write/win32/bulk_read_write/Properties) by extensions ['colcon_pkg']
[0.363s] Level 1:colcon.colcon_core.package_identification:_identify(src/DynamixelSDK/c#/protocol2.0/bulk_read_write/win32/bulk_read_write/Properties) by extension 'colcon_pkg'
[0.363s] Level 1:colcon.colcon_core.package_identification:_identify(src/DynamixelSDK/c#/protocol2.0/bulk_read_write/win32/bulk_read_write/Properties) by extensions ['colcon_meta']
[0.363s] Level 1:colcon.colcon_core.package_identification:_identify(src/DynamixelSDK/c#/protocol2.0/bulk_read_write/win32/bulk_read_write/Properties) by extension 'colcon_meta'
[0.363s] Level 1:colcon.colcon_core.package_identification:_identify(src/DynamixelSDK/c#/protocol2.0/bulk_read_write/win32/bulk_read_write/Properties) by extensions ['ros']
[0.363s] Level 1:colcon.colcon_core.package_identification:_identify(src/DynamixelSDK/c#/protocol2.0/bulk_read_write/win32/bulk_read_write/Properties) by extension 'ros'
[0.363s] Level 1:colcon.colcon_core.package_identification:_identify(src/DynamixelSDK/c#/protocol2.0/bulk_read_write/win32/bulk_read_write/Properties) by extensions ['cmake', 'python']
[0.363s] Level 1:colcon.colcon_core.package_identification:_identify(src/DynamixelSDK/c#/protocol2.0/bulk_read_write/win32/bulk_read_write/Properties) by extension 'cmake'
[0.363s] Level 1:colcon.colcon_core.package_identification:_identify(src/DynamixelSDK/c#/protocol2.0/bulk_read_write/win32/bulk_read_write/Properties) by extension 'python'
[0.363s] Level 1:colcon.colcon_core.package_identification:_identify(src/DynamixelSDK/c#/protocol2.0/bulk_read_write/win32/bulk_read_write/Properties) by extensions ['python_setup_py']
[0.363s] Level 1:colcon.colcon_core.package_identification:_identify(src/DynamixelSDK/c#/protocol2.0/bulk_read_write/win32/bulk_read_write/Properties) by extension 'python_setup_py'
[0.363s] Level 1:colcon.colcon_core.package_identification:_identify(src/DynamixelSDK/c#/protocol2.0/bulk_read_write/win64) by extensions ['ignore', 'ignore_ament_install']
[0.363s] Level 1:colcon.colcon_core.package_identification:_identify(src/DynamixelSDK/c#/protocol2.0/bulk_read_write/win64) by extension 'ignore'
[0.364s] Level 1:colcon.colcon_core.package_identification:_identify(src/DynamixelSDK/c#/protocol2.0/bulk_read_write/win64) by extension 'ignore_ament_install'
[0.364s] Level 1:colcon.colcon_core.package_identification:_identify(src/DynamixelSDK/c#/protocol2.0/bulk_read_write/win64) by extensions ['colcon_pkg']
[0.364s] Level 1:colcon.colcon_core.package_identification:_identify(src/DynamixelSDK/c#/protocol2.0/bulk_read_write/win64) by extension 'colcon_pkg'
[0.364s] Level 1:colcon.colcon_core.package_identification:_identify(src/DynamixelSDK/c#/protocol2.0/bulk_read_write/win64) by extensions ['colcon_meta']
[0.364s] Level 1:colcon.colcon_core.package_identification:_identify(src/DynamixelSDK/c#/protocol2.0/bulk_read_write/win64) by extension 'colcon_meta'
[0.364s] Level 1:colcon.colcon_core.package_identification:_identify(src/DynamixelSDK/c#/protocol2.0/bulk_read_write/win64) by extensions ['ros']
[0.364s] Level 1:colcon.colcon_core.package_identification:_identify(src/DynamixelSDK/c#/protocol2.0/bulk_read_write/win64) by extension 'ros'
[0.364s] Level 1:colcon.colcon_core.package_identification:_identify(src/DynamixelSDK/c#/protocol2.0/bulk_read_write/win64) by extensions ['cmake', 'python']
[0.364s] Level 1:colcon.colcon_core.package_identification:_identify(src/DynamixelSDK/c#/protocol2.0/bulk_read_write/win64) by extension 'cmake'
[0.364s] Level 1:colcon.colcon_core.package_identification:_identify(src/DynamixelSDK/c#/protocol2.0/bulk_read_write/win64) by extension 'python'
[0.364s] Level 1:colcon.colcon_core.package_identification:_identify(src/DynamixelSDK/c#/protocol2.0/bulk_read_write/win64) by extensions ['python_setup_py']
[0.364s] Level 1:colcon.colcon_core.package_identification:_identify(src/DynamixelSDK/c#/protocol2.0/bulk_read_write/win64) by extension 'python_setup_py'
[0.364s] Level 1:colcon.colcon_core.package_identification:_identify(src/DynamixelSDK/c#/protocol2.0/bulk_read_write/win64/bulk_read_write) by extensions ['ignore', 'ignore_ament_install']
[0.364s] Level 1:colcon.colcon_core.package_identification:_identify(src/DynamixelSDK/c#/protocol2.0/bulk_read_write/win64/bulk_read_write) by extension 'ignore'
[0.364s] Level 1:colcon.colcon_core.package_identification:_identify(src/DynamixelSDK/c#/protocol2.0/bulk_read_write/win64/bulk_read_write) by extension 'ignore_ament_install'
[0.364s] Level 1:colcon.colcon_core.package_identification:_identify(src/DynamixelSDK/c#/protocol2.0/bulk_read_write/win64/bulk_read_write) by extensions ['colcon_pkg']
[0.364s] Level 1:colcon.colcon_core.package_identification:_identify(src/DynamixelSDK/c#/protocol2.0/bulk_read_write/win64/bulk_read_write) by extension 'colcon_pkg'
[0.364s] Level 1:colcon.colcon_core.package_identification:_identify(src/DynamixelSDK/c#/protocol2.0/bulk_read_write/win64/bulk_read_write) by extensions ['colcon_meta']
[0.364s] Level 1:colcon.colcon_core.package_identification:_identify(src/DynamixelSDK/c#/protocol2.0/bulk_read_write/win64/bulk_read_write) by extension 'colcon_meta'
[0.364s] Level 1:colcon.colcon_core.package_identification:_identify(src/DynamixelSDK/c#/protocol2.0/bulk_read_write/win64/bulk_read_write) by extensions ['ros']
[0.364s] Level 1:colcon.colcon_core.package_identification:_identify(src/DynamixelSDK/c#/protocol2.0/bulk_read_write/win64/bulk_read_write) by extension 'ros'
[0.364s] Level 1:colcon.colcon_core.package_identification:_identify(src/DynamixelSDK/c#/protocol2.0/bulk_read_write/win64/bulk_read_write) by extensions ['cmake', 'python']
[0.364s] Level 1:colcon.colcon_core.package_identification:_identify(src/DynamixelSDK/c#/protocol2.0/bulk_read_write/win64/bulk_read_write) by extension 'cmake'
[0.365s] Level 1:colcon.colcon_core.package_identification:_identify(src/DynamixelSDK/c#/protocol2.0/bulk_read_write/win64/bulk_read_write) by extension 'python'
[0.365s] Level 1:colcon.colcon_core.package_identification:_identify(src/DynamixelSDK/c#/protocol2.0/bulk_read_write/win64/bulk_read_write) by extensions ['python_setup_py']
[0.365s] Level 1:colcon.colcon_core.package_identification:_identify(src/DynamixelSDK/c#/protocol2.0/bulk_read_write/win64/bulk_read_write) by extension 'python_setup_py'
[0.365s] Level 1:colcon.colcon_core.package_identification:_identify(src/DynamixelSDK/c#/protocol2.0/bulk_read_write/win64/bulk_read_write/Properties) by extensions ['ignore', 'ignore_ament_install']
[0.365s] Level 1:colcon.colcon_core.package_identification:_identify(src/DynamixelSDK/c#/protocol2.0/bulk_read_write/win64/bulk_read_write/Properties) by extension 'ignore'
[0.365s] Level 1:colcon.colcon_core.package_identification:_identify(src/DynamixelSDK/c#/protocol2.0/bulk_read_write/win64/bulk_read_write/Properties) by extension 'ignore_ament_install'
[0.365s] Level 1:colcon.colcon_core.package_identification:_identify(src/DynamixelSDK/c#/protocol2.0/bulk_read_write/win64/bulk_read_write/Properties) by extensions ['colcon_pkg']
[0.365s] Level 1:colcon.colcon_core.package_identification:_identify(src/DynamixelSDK/c#/protocol2.0/bulk_read_write/win64/bulk_read_write/Properties) by extension 'colcon_pkg'
[0.365s] Level 1:colcon.colcon_core.package_identification:_identify(src/DynamixelSDK/c#/protocol2.0/bulk_read_write/win64/bulk_read_write/Properties) by extensions ['colcon_meta']
[0.365s] Level 1:colcon.colcon_core.package_identification:_identify(src/DynamixelSDK/c#/protocol2.0/bulk_read_write/win64/bulk_read_write/Properties) by extension 'colcon_meta'
[0.365s] Level 1:colcon.colcon_core.package_identification:_identify(src/DynamixelSDK/c#/protocol2.0/bulk_read_write/win64/bulk_read_write/Properties) by extensions ['ros']
[0.365s] Level 1:colcon.colcon_core.package_identification:_identify(src/DynamixelSDK/c#/protocol2.0/bulk_read_write/win64/bulk_read_write/Properties) by extension 'ros'
[0.365s] Level 1:colcon.colcon_core.package_identification:_identify(src/DynamixelSDK/c#/protocol2.0/bulk_read_write/win64/bulk_read_write/Properties) by extensions ['cmake', 'python']
[0.365s] Level 1:colcon.colcon_core.package_identification:_identify(src/DynamixelSDK/c#/protocol2.0/bulk_read_write/win64/bulk_read_write/Properties) by extension 'cmake'
[0.365s] Level 1:colcon.colcon_core.package_identification:_identify(src/DynamixelSDK/c#/protocol2.0/bulk_read_write/win64/bulk_read_write/Properties) by extension 'python'
[0.365s] Level 1:colcon.colcon_core.package_identification:_identify(src/DynamixelSDK/c#/protocol2.0/bulk_read_write/win64/bulk_read_write/Properties) by extensions ['python_setup_py']
[0.365s] Level 1:colcon.colcon_core.package_identification:_identify(src/DynamixelSDK/c#/protocol2.0/bulk_read_write/win64/bulk_read_write/Properties) by extension 'python_setup_py'
[0.365s] Level 1:colcon.colcon_core.package_identification:_identify(src/DynamixelSDK/c#/protocol2.0/clear_multi_turn) by extensions ['ignore', 'ignore_ament_install']
[0.365s] Level 1:colcon.colcon_core.package_identification:_identify(src/DynamixelSDK/c#/protocol2.0/clear_multi_turn) by extension 'ignore'
[0.365s] Level 1:colcon.colcon_core.package_identification:_identify(src/DynamixelSDK/c#/protocol2.0/clear_multi_turn) by extension 'ignore_ament_install'
[0.365s] Level 1:colcon.colcon_core.package_identification:_identify(src/DynamixelSDK/c#/protocol2.0/clear_multi_turn) by extensions ['colcon_pkg']
[0.365s] Level 1:colcon.colcon_core.package_identification:_identify(src/DynamixelSDK/c#/protocol2.0/clear_multi_turn) by extension 'colcon_pkg'
[0.366s] Level 1:colcon.colcon_core.package_identification:_identify(src/DynamixelSDK/c#/protocol2.0/clear_multi_turn) by extensions ['colcon_meta']
[0.366s] Level 1:colcon.colcon_core.package_identification:_identify(src/DynamixelSDK/c#/protocol2.0/clear_multi_turn) by extension 'colcon_meta'
[0.366s] Level 1:colcon.colcon_core.package_identification:_identify(src/DynamixelSDK/c#/protocol2.0/clear_multi_turn) by extensions ['ros']
[0.366s] Level 1:colcon.colcon_core.package_identification:_identify(src/DynamixelSDK/c#/protocol2.0/clear_multi_turn) by extension 'ros'
[0.366s] Level 1:colcon.colcon_core.package_identification:_identify(src/DynamixelSDK/c#/protocol2.0/clear_multi_turn) by extensions ['cmake', 'python']
[0.366s] Level 1:colcon.colcon_core.package_identification:_identify(src/DynamixelSDK/c#/protocol2.0/clear_multi_turn) by extension 'cmake'
[0.366s] Level 1:colcon.colcon_core.package_identification:_identify(src/DynamixelSDK/c#/protocol2.0/clear_multi_turn) by extension 'python'
[0.366s] Level 1:colcon.colcon_core.package_identification:_identify(src/DynamixelSDK/c#/protocol2.0/clear_multi_turn) by extensions ['python_setup_py']
[0.366s] Level 1:colcon.colcon_core.package_identification:_identify(src/DynamixelSDK/c#/protocol2.0/clear_multi_turn) by extension 'python_setup_py'
[0.366s] Level 1:colcon.colcon_core.package_identification:_identify(src/DynamixelSDK/c#/protocol2.0/clear_multi_turn/win32) by extensions ['ignore', 'ignore_ament_install']
[0.366s] Level 1:colcon.colcon_core.package_identification:_identify(src/DynamixelSDK/c#/protocol2.0/clear_multi_turn/win32) by extension 'ignore'
[0.366s] Level 1:colcon.colcon_core.package_identification:_identify(src/DynamixelSDK/c#/protocol2.0/clear_multi_turn/win32) by extension 'ignore_ament_install'
[0.366s] Level 1:colcon.colcon_core.package_identification:_identify(src/DynamixelSDK/c#/protocol2.0/clear_multi_turn/win32) by extensions ['colcon_pkg']
[0.366s] Level 1:colcon.colcon_core.package_identification:_identify(src/DynamixelSDK/c#/protocol2.0/clear_multi_turn/win32) by extension 'colcon_pkg'
[0.366s] Level 1:colcon.colcon_core.package_identification:_identify(src/DynamixelSDK/c#/protocol2.0/clear_multi_turn/win32) by extensions ['colcon_meta']
[0.366s] Level 1:colcon.colcon_core.package_identification:_identify(src/DynamixelSDK/c#/protocol2.0/clear_multi_turn/win32) by extension 'colcon_meta'
[0.366s] Level 1:colcon.colcon_core.package_identification:_identify(src/DynamixelSDK/c#/protocol2.0/clear_multi_turn/win32) by extensions ['ros']
[0.366s] Level 1:colcon.colcon_core.package_identification:_identify(src/DynamixelSDK/c#/protocol2.0/clear_multi_turn/win32) by extension 'ros'
[0.366s] Level 1:colcon.colcon_core.package_identification:_identify(src/DynamixelSDK/c#/protocol2.0/clear_multi_turn/win32) by extensions ['cmake', 'python']
[0.366s] Level 1:colcon.colcon_core.package_identification:_identify(src/DynamixelSDK/c#/protocol2.0/clear_multi_turn/win32) by extension 'cmake'
[0.366s] Level 1:colcon.colcon_core.package_identification:_identify(src/DynamixelSDK/c#/protocol2.0/clear_multi_turn/win32) by extension 'python'
[0.366s] Level 1:colcon.colcon_core.package_identification:_identify(src/DynamixelSDK/c#/protocol2.0/clear_multi_turn/win32) by extensions ['python_setup_py']
[0.366s] Level 1:colcon.colcon_core.package_identification:_identify(src/DynamixelSDK/c#/protocol2.0/clear_multi_turn/win32) by extension 'python_setup_py'
[0.367s] Level 1:colcon.colcon_core.package_identification:_identify(src/DynamixelSDK/c#/protocol2.0/clear_multi_turn/win32/clear_multi_turn) by extensions ['ignore', 'ignore_ament_install']
[0.367s] Level 1:colcon.colcon_core.package_identification:_identify(src/DynamixelSDK/c#/protocol2.0/clear_multi_turn/win32/clear_multi_turn) by extension 'ignore'
[0.367s] Level 1:colcon.colcon_core.package_identification:_identify(src/DynamixelSDK/c#/protocol2.0/clear_multi_turn/win32/clear_multi_turn) by extension 'ignore_ament_install'
[0.367s] Level 1:colcon.colcon_core.package_identification:_identify(src/DynamixelSDK/c#/protocol2.0/clear_multi_turn/win32/clear_multi_turn) by extensions ['colcon_pkg']
[0.367s] Level 1:colcon.colcon_core.package_identification:_identify(src/DynamixelSDK/c#/protocol2.0/clear_multi_turn/win32/clear_multi_turn) by extension 'colcon_pkg'
[0.367s] Level 1:colcon.colcon_core.package_identification:_identify(src/DynamixelSDK/c#/protocol2.0/clear_multi_turn/win32/clear_multi_turn) by extensions ['colcon_meta']
[0.367s] Level 1:colcon.colcon_core.package_identification:_identify(src/DynamixelSDK/c#/protocol2.0/clear_multi_turn/win32/clear_multi_turn) by extension 'colcon_meta'
[0.367s] Level 1:colcon.colcon_core.package_identification:_identify(src/DynamixelSDK/c#/protocol2.0/clear_multi_turn/win32/clear_multi_turn) by extensions ['ros']
[0.367s] Level 1:colcon.colcon_core.package_identification:_identify(src/DynamixelSDK/c#/protocol2.0/clear_multi_turn/win32/clear_multi_turn) by extension 'ros'
[0.367s] Level 1:colcon.colcon_core.package_identification:_identify(src/DynamixelSDK/c#/protocol2.0/clear_multi_turn/win32/clear_multi_turn) by extensions ['cmake', 'python']
[0.367s] Level 1:colcon.colcon_core.package_identification:_identify(src/DynamixelSDK/c#/protocol2.0/clear_multi_turn/win32/clear_multi_turn) by extension 'cmake'
[0.367s] Level 1:colcon.colcon_core.package_identification:_identify(src/DynamixelSDK/c#/protocol2.0/clear_multi_turn/win32/clear_multi_turn) by extension 'python'
[0.367s] Level 1:colcon.colcon_core.package_identification:_identify(src/DynamixelSDK/c#/protocol2.0/clear_multi_turn/win32/clear_multi_turn) by extensions ['python_setup_py']
[0.367s] Level 1:colcon.colcon_core.package_identification:_identify(src/DynamixelSDK/c#/protocol2.0/clear_multi_turn/win32/clear_multi_turn) by extension 'python_setup_py'
[0.367s] Level 1:colcon.colcon_core.package_identification:_identify(src/DynamixelSDK/c#/protocol2.0/clear_multi_turn/win32/clear_multi_turn/Properties) by extensions ['ignore', 'ignore_ament_install']
[0.367s] Level 1:colcon.colcon_core.package_identification:_identify(src/DynamixelSDK/c#/protocol2.0/clear_multi_turn/win32/clear_multi_turn/Properties) by extension 'ignore'
[0.367s] Level 1:colcon.colcon_core.package_identification:_identify(src/DynamixelSDK/c#/protocol2.0/clear_multi_turn/win32/clear_multi_turn/Properties) by extension 'ignore_ament_install'
[0.367s] Level 1:colcon.colcon_core.package_identification:_identify(src/DynamixelSDK/c#/protocol2.0/clear_multi_turn/win32/clear_multi_turn/Properties) by extensions ['colcon_pkg']
[0.367s] Level 1:colcon.colcon_core.package_identification:_identify(src/DynamixelSDK/c#/protocol2.0/clear_multi_turn/win32/clear_multi_turn/Properties) by extension 'colcon_pkg'
[0.367s] Level 1:colcon.colcon_core.package_identification:_identify(src/DynamixelSDK/c#/protocol2.0/clear_multi_turn/win32/clear_multi_turn/Properties) by extensions ['colcon_meta']
[0.367s] Level 1:colcon.colcon_core.package_identification:_identify(src/DynamixelSDK/c#/protocol2.0/clear_multi_turn/win32/clear_multi_turn/Properties) by extension 'colcon_meta'
[0.367s] Level 1:colcon.colcon_core.package_identification:_identify(src/DynamixelSDK/c#/protocol2.0/clear_multi_turn/win32/clear_multi_turn/Properties) by extensions ['ros']
[0.367s] Level 1:colcon.colcon_core.package_identification:_identify(src/DynamixelSDK/c#/protocol2.0/clear_multi_turn/win32/clear_multi_turn/Properties) by extension 'ros'
[0.368s] Level 1:colcon.colcon_core.package_identification:_identify(src/DynamixelSDK/c#/protocol2.0/clear_multi_turn/win32/clear_multi_turn/Properties) by extensions ['cmake', 'python']
[0.368s] Level 1:colcon.colcon_core.package_identification:_identify(src/DynamixelSDK/c#/protocol2.0/clear_multi_turn/win32/clear_multi_turn/Properties) by extension 'cmake'
[0.368s] Level 1:colcon.colcon_core.package_identification:_identify(src/DynamixelSDK/c#/protocol2.0/clear_multi_turn/win32/clear_multi_turn/Properties) by extension 'python'
[0.368s] Level 1:colcon.colcon_core.package_identification:_identify(src/DynamixelSDK/c#/protocol2.0/clear_multi_turn/win32/clear_multi_turn/Properties) by extensions ['python_setup_py']
[0.368s] Level 1:colcon.colcon_core.package_identification:_identify(src/DynamixelSDK/c#/protocol2.0/clear_multi_turn/win32/clear_multi_turn/Properties) by extension 'python_setup_py'
[0.368s] Level 1:colcon.colcon_core.package_identification:_identify(src/DynamixelSDK/c#/protocol2.0/clear_multi_turn/win64) by extensions ['ignore', 'ignore_ament_install']
[0.368s] Level 1:colcon.colcon_core.package_identification:_identify(src/DynamixelSDK/c#/protocol2.0/clear_multi_turn/win64) by extension 'ignore'
[0.368s] Level 1:colcon.colcon_core.package_identification:_identify(src/DynamixelSDK/c#/protocol2.0/clear_multi_turn/win64) by extension 'ignore_ament_install'
[0.368s] Level 1:colcon.colcon_core.package_identification:_identify(src/DynamixelSDK/c#/protocol2.0/clear_multi_turn/win64) by extensions ['colcon_pkg']
[0.368s] Level 1:colcon.colcon_core.package_identification:_identify(src/DynamixelSDK/c#/protocol2.0/clear_multi_turn/win64) by extension 'colcon_pkg'
[0.368s] Level 1:colcon.colcon_core.package_identification:_identify(src/DynamixelSDK/c#/protocol2.0/clear_multi_turn/win64) by extensions ['colcon_meta']
[0.368s] Level 1:colcon.colcon_core.package_identification:_identify(src/DynamixelSDK/c#/protocol2.0/clear_multi_turn/win64) by extension 'colcon_meta'
[0.368s] Level 1:colcon.colcon_core.package_identification:_identify(src/DynamixelSDK/c#/protocol2.0/clear_multi_turn/win64) by extensions ['ros']
[0.368s] Level 1:colcon.colcon_core.package_identification:_identify(src/DynamixelSDK/c#/protocol2.0/clear_multi_turn/win64) by extension 'ros'
[0.368s] Level 1:colcon.colcon_core.package_identification:_identify(src/DynamixelSDK/c#/protocol2.0/clear_multi_turn/win64) by extensions ['cmake', 'python']
[0.368s] Level 1:colcon.colcon_core.package_identification:_identify(src/DynamixelSDK/c#/protocol2.0/clear_multi_turn/win64) by extension 'cmake'
[0.368s] Level 1:colcon.colcon_core.package_identification:_identify(src/DynamixelSDK/c#/protocol2.0/clear_multi_turn/win64) by extension 'python'
[0.368s] Level 1:colcon.colcon_core.package_identification:_identify(src/DynamixelSDK/c#/protocol2.0/clear_multi_turn/win64) by extensions ['python_setup_py']
[0.368s] Level 1:colcon.colcon_core.package_identification:_identify(src/DynamixelSDK/c#/protocol2.0/clear_multi_turn/win64) by extension 'python_setup_py'
[0.368s] Level 1:colcon.colcon_core.package_identification:_identify(src/DynamixelSDK/c#/protocol2.0/clear_multi_turn/win64/clear_multi_turn) by extensions ['ignore', 'ignore_ament_install']
[0.368s] Level 1:colcon.colcon_core.package_identification:_identify(src/DynamixelSDK/c#/protocol2.0/clear_multi_turn/win64/clear_multi_turn) by extension 'ignore'
[0.368s] Level 1:colcon.colcon_core.package_identification:_identify(src/DynamixelSDK/c#/protocol2.0/clear_multi_turn/win64/clear_multi_turn) by extension 'ignore_ament_install'
[0.369s] Level 1:colcon.colcon_core.package_identification:_identify(src/DynamixelSDK/c#/protocol2.0/clear_multi_turn/win64/clear_multi_turn) by extensions ['colcon_pkg']
[0.369s] Level 1:colcon.colcon_core.package_identification:_identify(src/DynamixelSDK/c#/protocol2.0/clear_multi_turn/win64/clear_multi_turn) by extension 'colcon_pkg'
[0.369s] Level 1:colcon.colcon_core.package_identification:_identify(src/DynamixelSDK/c#/protocol2.0/clear_multi_turn/win64/clear_multi_turn) by extensions ['colcon_meta']
[0.369s] Level 1:colcon.colcon_core.package_identification:_identify(src/DynamixelSDK/c#/protocol2.0/clear_multi_turn/win64/clear_multi_turn) by extension 'colcon_meta'
[0.369s] Level 1:colcon.colcon_core.package_identification:_identify(src/DynamixelSDK/c#/protocol2.0/clear_multi_turn/win64/clear_multi_turn) by extensions ['ros']
[0.369s] Level 1:colcon.colcon_core.package_identification:_identify(src/DynamixelSDK/c#/protocol2.0/clear_multi_turn/win64/clear_multi_turn) by extension 'ros'
[0.369s] Level 1:colcon.colcon_core.package_identification:_identify(src/DynamixelSDK/c#/protocol2.0/clear_multi_turn/win64/clear_multi_turn) by extensions ['cmake', 'python']
[0.369s] Level 1:colcon.colcon_core.package_identification:_identify(src/DynamixelSDK/c#/protocol2.0/clear_multi_turn/win64/clear_multi_turn) by extension 'cmake'
[0.369s] Level 1:colcon.colcon_core.package_identification:_identify(src/DynamixelSDK/c#/protocol2.0/clear_multi_turn/win64/clear_multi_turn) by extension 'python'
[0.369s] Level 1:colcon.colcon_core.package_identification:_identify(src/DynamixelSDK/c#/protocol2.0/clear_multi_turn/win64/clear_multi_turn) by extensions ['python_setup_py']
[0.369s] Level 1:colcon.colcon_core.package_identification:_identify(src/DynamixelSDK/c#/protocol2.0/clear_multi_turn/win64/clear_multi_turn) by extension 'python_setup_py'
[0.369s] Level 1:colcon.colcon_core.package_identification:_identify(src/DynamixelSDK/c#/protocol2.0/clear_multi_turn/win64/clear_multi_turn/Properties) by extensions ['ignore', 'ignore_ament_install']
[0.369s] Level 1:colcon.colcon_core.package_identification:_identify(src/DynamixelSDK/c#/protocol2.0/clear_multi_turn/win64/clear_multi_turn/Properties) by extension 'ignore'
[0.369s] Level 1:colcon.colcon_core.package_identification:_identify(src/DynamixelSDK/c#/protocol2.0/clear_multi_turn/win64/clear_multi_turn/Properties) by extension 'ignore_ament_install'
[0.369s] Level 1:colcon.colcon_core.package_identification:_identify(src/DynamixelSDK/c#/protocol2.0/clear_multi_turn/win64/clear_multi_turn/Properties) by extensions ['colcon_pkg']
[0.369s] Level 1:colcon.colcon_core.package_identification:_identify(src/DynamixelSDK/c#/protocol2.0/clear_multi_turn/win64/clear_multi_turn/Properties) by extension 'colcon_pkg'
[0.369s] Level 1:colcon.colcon_core.package_identification:_identify(src/DynamixelSDK/c#/protocol2.0/clear_multi_turn/win64/clear_multi_turn/Properties) by extensions ['colcon_meta']
[0.369s] Level 1:colcon.colcon_core.package_identification:_identify(src/DynamixelSDK/c#/protocol2.0/clear_multi_turn/win64/clear_multi_turn/Properties) by extension 'colcon_meta'
[0.369s] Level 1:colcon.colcon_core.package_identification:_identify(src/DynamixelSDK/c#/protocol2.0/clear_multi_turn/win64/clear_multi_turn/Properties) by extensions ['ros']
[0.369s] Level 1:colcon.colcon_core.package_identification:_identify(src/DynamixelSDK/c#/protocol2.0/clear_multi_turn/win64/clear_multi_turn/Properties) by extension 'ros'
[0.369s] Level 1:colcon.colcon_core.package_identification:_identify(src/DynamixelSDK/c#/protocol2.0/clear_multi_turn/win64/clear_multi_turn/Properties) by extensions ['cmake', 'python']
[0.369s] Level 1:colcon.colcon_core.package_identification:_identify(src/DynamixelSDK/c#/protocol2.0/clear_multi_turn/win64/clear_multi_turn/Properties) by extension 'cmake'
[0.369s] Level 1:colcon.colcon_core.package_identification:_identify(src/DynamixelSDK/c#/protocol2.0/clear_multi_turn/win64/clear_multi_turn/Properties) by extension 'python'
[0.370s] Level 1:colcon.colcon_core.package_identification:_identify(src/DynamixelSDK/c#/protocol2.0/clear_multi_turn/win64/clear_multi_turn/Properties) by extensions ['python_setup_py']
[0.370s] Level 1:colcon.colcon_core.package_identification:_identify(src/DynamixelSDK/c#/protocol2.0/clear_multi_turn/win64/clear_multi_turn/Properties) by extension 'python_setup_py'
[0.370s] Level 1:colcon.colcon_core.package_identification:_identify(src/DynamixelSDK/c#/protocol2.0/factory_reset) by extensions ['ignore', 'ignore_ament_install']
[0.370s] Level 1:colcon.colcon_core.package_identification:_identify(src/DynamixelSDK/c#/protocol2.0/factory_reset) by extension 'ignore'
[0.370s] Level 1:colcon.colcon_core.package_identification:_identify(src/DynamixelSDK/c#/protocol2.0/factory_reset) by extension 'ignore_ament_install'
[0.370s] Level 1:colcon.colcon_core.package_identification:_identify(src/DynamixelSDK/c#/protocol2.0/factory_reset) by extensions ['colcon_pkg']
[0.370s] Level 1:colcon.colcon_core.package_identification:_identify(src/DynamixelSDK/c#/protocol2.0/factory_reset) by extension 'colcon_pkg'
[0.370s] Level 1:colcon.colcon_core.package_identification:_identify(src/DynamixelSDK/c#/protocol2.0/factory_reset) by extensions ['colcon_meta']
[0.370s] Level 1:colcon.colcon_core.package_identification:_identify(src/DynamixelSDK/c#/protocol2.0/factory_reset) by extension 'colcon_meta'
[0.370s] Level 1:colcon.colcon_core.package_identification:_identify(src/DynamixelSDK/c#/protocol2.0/factory_reset) by extensions ['ros']
[0.370s] Level 1:colcon.colcon_core.package_identification:_identify(src/DynamixelSDK/c#/protocol2.0/factory_reset) by extension 'ros'
[0.370s] Level 1:colcon.colcon_core.package_identification:_identify(src/DynamixelSDK/c#/protocol2.0/factory_reset) by extensions ['cmake', 'python']
[0.370s] Level 1:colcon.colcon_core.package_identification:_identify(src/DynamixelSDK/c#/protocol2.0/factory_reset) by extension 'cmake'
[0.370s] Level 1:colcon.colcon_core.package_identification:_identify(src/DynamixelSDK/c#/protocol2.0/factory_reset) by extension 'python'
[0.370s] Level 1:colcon.colcon_core.package_identification:_identify(src/DynamixelSDK/c#/protocol2.0/factory_reset) by extensions ['python_setup_py']
[0.370s] Level 1:colcon.colcon_core.package_identification:_identify(src/DynamixelSDK/c#/protocol2.0/factory_reset) by extension 'python_setup_py'
[0.370s] Level 1:colcon.colcon_core.package_identification:_identify(src/DynamixelSDK/c#/protocol2.0/factory_reset/win32) by extensions ['ignore', 'ignore_ament_install']
[0.370s] Level 1:colcon.colcon_core.package_identification:_identify(src/DynamixelSDK/c#/protocol2.0/factory_reset/win32) by extension 'ignore'
[0.370s] Level 1:colcon.colcon_core.package_identification:_identify(src/DynamixelSDK/c#/protocol2.0/factory_reset/win32) by extension 'ignore_ament_install'
[0.370s] Level 1:colcon.colcon_core.package_identification:_identify(src/DynamixelSDK/c#/protocol2.0/factory_reset/win32) by extensions ['colcon_pkg']
[0.370s] Level 1:colcon.colcon_core.package_identification:_identify(src/DynamixelSDK/c#/protocol2.0/factory_reset/win32) by extension 'colcon_pkg'
[0.370s] Level 1:colcon.colcon_core.package_identification:_identify(src/DynamixelSDK/c#/protocol2.0/factory_reset/win32) by extensions ['colcon_meta']
[0.371s] Level 1:colcon.colcon_core.package_identification:_identify(src/DynamixelSDK/c#/protocol2.0/factory_reset/win32) by extension 'colcon_meta'
[0.371s] Level 1:colcon.colcon_core.package_identification:_identify(src/DynamixelSDK/c#/protocol2.0/factory_reset/win32) by extensions ['ros']
[0.371s] Level 1:colcon.colcon_core.package_identification:_identify(src/DynamixelSDK/c#/protocol2.0/factory_reset/win32) by extension 'ros'
[0.371s] Level 1:colcon.colcon_core.package_identification:_identify(src/DynamixelSDK/c#/protocol2.0/factory_reset/win32) by extensions ['cmake', 'python']
[0.371s] Level 1:colcon.colcon_core.package_identification:_identify(src/DynamixelSDK/c#/protocol2.0/factory_reset/win32) by extension 'cmake'
[0.371s] Level 1:colcon.colcon_core.package_identification:_identify(src/DynamixelSDK/c#/protocol2.0/factory_reset/win32) by extension 'python'
[0.371s] Level 1:colcon.colcon_core.package_identification:_identify(src/DynamixelSDK/c#/protocol2.0/factory_reset/win32) by extensions ['python_setup_py']
[0.371s] Level 1:colcon.colcon_core.package_identification:_identify(src/DynamixelSDK/c#/protocol2.0/factory_reset/win32) by extension 'python_setup_py'
[0.371s] Level 1:colcon.colcon_core.package_identification:_identify(src/DynamixelSDK/c#/protocol2.0/factory_reset/win32/factory_reset) by extensions ['ignore', 'ignore_ament_install']
[0.371s] Level 1:colcon.colcon_core.package_identification:_identify(src/DynamixelSDK/c#/protocol2.0/factory_reset/win32/factory_reset) by extension 'ignore'
[0.371s] Level 1:colcon.colcon_core.package_identification:_identify(src/DynamixelSDK/c#/protocol2.0/factory_reset/win32/factory_reset) by extension 'ignore_ament_install'
[0.371s] Level 1:colcon.colcon_core.package_identification:_identify(src/DynamixelSDK/c#/protocol2.0/factory_reset/win32/factory_reset) by extensions ['colcon_pkg']
[0.371s] Level 1:colcon.colcon_core.package_identification:_identify(src/DynamixelSDK/c#/protocol2.0/factory_reset/win32/factory_reset) by extension 'colcon_pkg'
[0.371s] Level 1:colcon.colcon_core.package_identification:_identify(src/DynamixelSDK/c#/protocol2.0/factory_reset/win32/factory_reset) by extensions ['colcon_meta']
[0.371s] Level 1:colcon.colcon_core.package_identification:_identify(src/DynamixelSDK/c#/protocol2.0/factory_reset/win32/factory_reset) by extension 'colcon_meta'
[0.371s] Level 1:colcon.colcon_core.package_identification:_identify(src/DynamixelSDK/c#/protocol2.0/factory_reset/win32/factory_reset) by extensions ['ros']
[0.371s] Level 1:colcon.colcon_core.package_identification:_identify(src/DynamixelSDK/c#/protocol2.0/factory_reset/win32/factory_reset) by extension 'ros'
[0.371s] Level 1:colcon.colcon_core.package_identification:_identify(src/DynamixelSDK/c#/protocol2.0/factory_reset/win32/factory_reset) by extensions ['cmake', 'python']
[0.371s] Level 1:colcon.colcon_core.package_identification:_identify(src/DynamixelSDK/c#/protocol2.0/factory_reset/win32/factory_reset) by extension 'cmake'
[0.371s] Level 1:colcon.colcon_core.package_identification:_identify(src/DynamixelSDK/c#/protocol2.0/factory_reset/win32/factory_reset) by extension 'python'
[0.371s] Level 1:colcon.colcon_core.package_identification:_identify(src/DynamixelSDK/c#/protocol2.0/factory_reset/win32/factory_reset) by extensions ['python_setup_py']
[0.371s] Level 1:colcon.colcon_core.package_identification:_identify(src/DynamixelSDK/c#/protocol2.0/factory_reset/win32/factory_reset) by extension 'python_setup_py'
[0.372s] Level 1:colcon.colcon_core.package_identification:_identify(src/DynamixelSDK/c#/protocol2.0/factory_reset/win32/factory_reset/Properties) by extensions ['ignore', 'ignore_ament_install']
[0.372s] Level 1:colcon.colcon_core.package_identification:_identify(src/DynamixelSDK/c#/protocol2.0/factory_reset/win32/factory_reset/Properties) by extension 'ignore'
[0.372s] Level 1:colcon.colcon_core.package_identification:_identify(src/DynamixelSDK/c#/protocol2.0/factory_reset/win32/factory_reset/Properties) by extension 'ignore_ament_install'
[0.372s] Level 1:colcon.colcon_core.package_identification:_identify(src/DynamixelSDK/c#/protocol2.0/factory_reset/win32/factory_reset/Properties) by extensions ['colcon_pkg']
[0.372s] Level 1:colcon.colcon_core.package_identification:_identify(src/DynamixelSDK/c#/protocol2.0/factory_reset/win32/factory_reset/Properties) by extension 'colcon_pkg'
[0.372s] Level 1:colcon.colcon_core.package_identification:_identify(src/DynamixelSDK/c#/protocol2.0/factory_reset/win32/factory_reset/Properties) by extensions ['colcon_meta']
[0.372s] Level 1:colcon.colcon_core.package_identification:_identify(src/DynamixelSDK/c#/protocol2.0/factory_reset/win32/factory_reset/Properties) by extension 'colcon_meta'
[0.372s] Level 1:colcon.colcon_core.package_identification:_identify(src/DynamixelSDK/c#/protocol2.0/factory_reset/win32/factory_reset/Properties) by extensions ['ros']
[0.372s] Level 1:colcon.colcon_core.package_identification:_identify(src/DynamixelSDK/c#/protocol2.0/factory_reset/win32/factory_reset/Properties) by extension 'ros'
[0.372s] Level 1:colcon.colcon_core.package_identification:_identify(src/DynamixelSDK/c#/protocol2.0/factory_reset/win32/factory_reset/Properties) by extensions ['cmake', 'python']
[0.372s] Level 1:colcon.colcon_core.package_identification:_identify(src/DynamixelSDK/c#/protocol2.0/factory_reset/win32/factory_reset/Properties) by extension 'cmake'
[0.372s] Level 1:colcon.colcon_core.package_identification:_identify(src/DynamixelSDK/c#/protocol2.0/factory_reset/win32/factory_reset/Properties) by extension 'python'
[0.372s] Level 1:colcon.colcon_core.package_identification:_identify(src/DynamixelSDK/c#/protocol2.0/factory_reset/win32/factory_reset/Properties) by extensions ['python_setup_py']
[0.372s] Level 1:colcon.colcon_core.package_identification:_identify(src/DynamixelSDK/c#/protocol2.0/factory_reset/win32/factory_reset/Properties) by extension 'python_setup_py'
[0.372s] Level 1:colcon.colcon_core.package_identification:_identify(src/DynamixelSDK/c#/protocol2.0/factory_reset/win64) by extensions ['ignore', 'ignore_ament_install']
[0.372s] Level 1:colcon.colcon_core.package_identification:_identify(src/DynamixelSDK/c#/protocol2.0/factory_reset/win64) by extension 'ignore'
[0.372s] Level 1:colcon.colcon_core.package_identification:_identify(src/DynamixelSDK/c#/protocol2.0/factory_reset/win64) by extension 'ignore_ament_install'
[0.372s] Level 1:colcon.colcon_core.package_identification:_identify(src/DynamixelSDK/c#/protocol2.0/factory_reset/win64) by extensions ['colcon_pkg']
[0.372s] Level 1:colcon.colcon_core.package_identification:_identify(src/DynamixelSDK/c#/protocol2.0/factory_reset/win64) by extension 'colcon_pkg'
[0.372s] Level 1:colcon.colcon_core.package_identification:_identify(src/DynamixelSDK/c#/protocol2.0/factory_reset/win64) by extensions ['colcon_meta']
[0.372s] Level 1:colcon.colcon_core.package_identification:_identify(src/DynamixelSDK/c#/protocol2.0/factory_reset/win64) by extension 'colcon_meta'
[0.372s] Level 1:colcon.colcon_core.package_identification:_identify(src/DynamixelSDK/c#/protocol2.0/factory_reset/win64) by extensions ['ros']
[0.372s] Level 1:colcon.colcon_core.package_identification:_identify(src/DynamixelSDK/c#/protocol2.0/factory_reset/win64) by extension 'ros'
[0.373s] Level 1:colcon.colcon_core.package_identification:_identify(src/DynamixelSDK/c#/protocol2.0/factory_reset/win64) by extensions ['cmake', 'python']
[0.373s] Level 1:colcon.colcon_core.package_identification:_identify(src/DynamixelSDK/c#/protocol2.0/factory_reset/win64) by extension 'cmake'
[0.373s] Level 1:colcon.colcon_core.package_identification:_identify(src/DynamixelSDK/c#/protocol2.0/factory_reset/win64) by extension 'python'
[0.373s] Level 1:colcon.colcon_core.package_identification:_identify(src/DynamixelSDK/c#/protocol2.0/factory_reset/win64) by extensions ['python_setup_py']
[0.373s] Level 1:colcon.colcon_core.package_identification:_identify(src/DynamixelSDK/c#/protocol2.0/factory_reset/win64) by extension 'python_setup_py'
[0.373s] Level 1:colcon.colcon_core.package_identification:_identify(src/DynamixelSDK/c#/protocol2.0/factory_reset/win64/factory_reset) by extensions ['ignore', 'ignore_ament_install']
[0.373s] Level 1:colcon.colcon_core.package_identification:_identify(src/DynamixelSDK/c#/protocol2.0/factory_reset/win64/factory_reset) by extension 'ignore'
[0.373s] Level 1:colcon.colcon_core.package_identification:_identify(src/DynamixelSDK/c#/protocol2.0/factory_reset/win64/factory_reset) by extension 'ignore_ament_install'
[0.373s] Level 1:colcon.colcon_core.package_identification:_identify(src/DynamixelSDK/c#/protocol2.0/factory_reset/win64/factory_reset) by extensions ['colcon_pkg']
[0.373s] Level 1:colcon.colcon_core.package_identification:_identify(src/DynamixelSDK/c#/protocol2.0/factory_reset/win64/factory_reset) by extension 'colcon_pkg'
[0.373s] Level 1:colcon.colcon_core.package_identification:_identify(src/DynamixelSDK/c#/protocol2.0/factory_reset/win64/factory_reset) by extensions ['colcon_meta']
[0.373s] Level 1:colcon.colcon_core.package_identification:_identify(src/DynamixelSDK/c#/protocol2.0/factory_reset/win64/factory_reset) by extension 'colcon_meta'
[0.373s] Level 1:colcon.colcon_core.package_identification:_identify(src/DynamixelSDK/c#/protocol2.0/factory_reset/win64/factory_reset) by extensions ['ros']
[0.373s] Level 1:colcon.colcon_core.package_identification:_identify(src/DynamixelSDK/c#/protocol2.0/factory_reset/win64/factory_reset) by extension 'ros'
[0.373s] Level 1:colcon.colcon_core.package_identification:_identify(src/DynamixelSDK/c#/protocol2.0/factory_reset/win64/factory_reset) by extensions ['cmake', 'python']
[0.373s] Level 1:colcon.colcon_core.package_identification:_identify(src/DynamixelSDK/c#/protocol2.0/factory_reset/win64/factory_reset) by extension 'cmake'
[0.373s] Level 1:colcon.colcon_core.package_identification:_identify(src/DynamixelSDK/c#/protocol2.0/factory_reset/win64/factory_reset) by extension 'python'
[0.373s] Level 1:colcon.colcon_core.package_identification:_identify(src/DynamixelSDK/c#/protocol2.0/factory_reset/win64/factory_reset) by extensions ['python_setup_py']
[0.373s] Level 1:colcon.colcon_core.package_identification:_identify(src/DynamixelSDK/c#/protocol2.0/factory_reset/win64/factory_reset) by extension 'python_setup_py'
[0.373s] Level 1:colcon.colcon_core.package_identification:_identify(src/DynamixelSDK/c#/protocol2.0/factory_reset/win64/factory_reset/Properties) by extensions ['ignore', 'ignore_ament_install']
[0.373s] Level 1:colcon.colcon_core.package_identification:_identify(src/DynamixelSDK/c#/protocol2.0/factory_reset/win64/factory_reset/Properties) by extension 'ignore'
[0.374s] Level 1:colcon.colcon_core.package_identification:_identify(src/DynamixelSDK/c#/protocol2.0/factory_reset/win64/factory_reset/Properties) by extension 'ignore_ament_install'
[0.374s] Level 1:colcon.colcon_core.package_identification:_identify(src/DynamixelSDK/c#/protocol2.0/factory_reset/win64/factory_reset/Properties) by extensions ['colcon_pkg']
[0.374s] Level 1:colcon.colcon_core.package_identification:_identify(src/DynamixelSDK/c#/protocol2.0/factory_reset/win64/factory_reset/Properties) by extension 'colcon_pkg'
[0.374s] Level 1:colcon.colcon_core.package_identification:_identify(src/DynamixelSDK/c#/protocol2.0/factory_reset/win64/factory_reset/Properties) by extensions ['colcon_meta']
[0.374s] Level 1:colcon.colcon_core.package_identification:_identify(src/DynamixelSDK/c#/protocol2.0/factory_reset/win64/factory_reset/Properties) by extension 'colcon_meta'
[0.374s] Level 1:colcon.colcon_core.package_identification:_identify(src/DynamixelSDK/c#/protocol2.0/factory_reset/win64/factory_reset/Properties) by extensions ['ros']
[0.374s] Level 1:colcon.colcon_core.package_identification:_identify(src/DynamixelSDK/c#/protocol2.0/factory_reset/win64/factory_reset/Properties) by extension 'ros'
[0.374s] Level 1:colcon.colcon_core.package_identification:_identify(src/DynamixelSDK/c#/protocol2.0/factory_reset/win64/factory_reset/Properties) by extensions ['cmake', 'python']
[0.374s] Level 1:colcon.colcon_core.package_identification:_identify(src/DynamixelSDK/c#/protocol2.0/factory_reset/win64/factory_reset/Properties) by extension 'cmake'
[0.374s] Level 1:colcon.colcon_core.package_identification:_identify(src/DynamixelSDK/c#/protocol2.0/factory_reset/win64/factory_reset/Properties) by extension 'python'
[0.374s] Level 1:colcon.colcon_core.package_identification:_identify(src/DynamixelSDK/c#/protocol2.0/factory_reset/win64/factory_reset/Properties) by extensions ['python_setup_py']
[0.374s] Level 1:colcon.colcon_core.package_identification:_identify(src/DynamixelSDK/c#/protocol2.0/factory_reset/win64/factory_reset/Properties) by extension 'python_setup_py'
[0.374s] Level 1:colcon.colcon_core.package_identification:_identify(src/DynamixelSDK/c#/protocol2.0/indirect_address) by extensions ['ignore', 'ignore_ament_install']
[0.374s] Level 1:colcon.colcon_core.package_identification:_identify(src/DynamixelSDK/c#/protocol2.0/indirect_address) by extension 'ignore'
[0.374s] Level 1:colcon.colcon_core.package_identification:_identify(src/DynamixelSDK/c#/protocol2.0/indirect_address) by extension 'ignore_ament_install'
[0.374s] Level 1:colcon.colcon_core.package_identification:_identify(src/DynamixelSDK/c#/protocol2.0/indirect_address) by extensions ['colcon_pkg']
[0.374s] Level 1:colcon.colcon_core.package_identification:_identify(src/DynamixelSDK/c#/protocol2.0/indirect_address) by extension 'colcon_pkg'
[0.374s] Level 1:colcon.colcon_core.package_identification:_identify(src/DynamixelSDK/c#/protocol2.0/indirect_address) by extensions ['colcon_meta']
[0.374s] Level 1:colcon.colcon_core.package_identification:_identify(src/DynamixelSDK/c#/protocol2.0/indirect_address) by extension 'colcon_meta'
[0.374s] Level 1:colcon.colcon_core.package_identification:_identify(src/DynamixelSDK/c#/protocol2.0/indirect_address) by extensions ['ros']
[0.374s] Level 1:colcon.colcon_core.package_identification:_identify(src/DynamixelSDK/c#/protocol2.0/indirect_address) by extension 'ros'
[0.374s] Level 1:colcon.colcon_core.package_identification:_identify(src/DynamixelSDK/c#/protocol2.0/indirect_address) by extensions ['cmake', 'python']
[0.374s] Level 1:colcon.colcon_core.package_identification:_identify(src/DynamixelSDK/c#/protocol2.0/indirect_address) by extension 'cmake'
[0.374s] Level 1:colcon.colcon_core.package_identification:_identify(src/DynamixelSDK/c#/protocol2.0/indirect_address) by extension 'python'
[0.374s] Level 1:colcon.colcon_core.package_identification:_identify(src/DynamixelSDK/c#/protocol2.0/indirect_address) by extensions ['python_setup_py']
[0.375s] Level 1:colcon.colcon_core.package_identification:_identify(src/DynamixelSDK/c#/protocol2.0/indirect_address) by extension 'python_setup_py'
[0.375s] Level 1:colcon.colcon_core.package_identification:_identify(src/DynamixelSDK/c#/protocol2.0/indirect_address/win32) by extensions ['ignore', 'ignore_ament_install']
[0.375s] Level 1:colcon.colcon_core.package_identification:_identify(src/DynamixelSDK/c#/protocol2.0/indirect_address/win32) by extension 'ignore'
[0.375s] Level 1:colcon.colcon_core.package_identification:_identify(src/DynamixelSDK/c#/protocol2.0/indirect_address/win32) by extension 'ignore_ament_install'
[0.375s] Level 1:colcon.colcon_core.package_identification:_identify(src/DynamixelSDK/c#/protocol2.0/indirect_address/win32) by extensions ['colcon_pkg']
[0.375s] Level 1:colcon.colcon_core.package_identification:_identify(src/DynamixelSDK/c#/protocol2.0/indirect_address/win32) by extension 'colcon_pkg'
[0.375s] Level 1:colcon.colcon_core.package_identification:_identify(src/DynamixelSDK/c#/protocol2.0/indirect_address/win32) by extensions ['colcon_meta']
[0.375s] Level 1:colcon.colcon_core.package_identification:_identify(src/DynamixelSDK/c#/protocol2.0/indirect_address/win32) by extension 'colcon_meta'
[0.375s] Level 1:colcon.colcon_core.package_identification:_identify(src/DynamixelSDK/c#/protocol2.0/indirect_address/win32) by extensions ['ros']
[0.375s] Level 1:colcon.colcon_core.package_identification:_identify(src/DynamixelSDK/c#/protocol2.0/indirect_address/win32) by extension 'ros'
[0.375s] Level 1:colcon.colcon_core.package_identification:_identify(src/DynamixelSDK/c#/protocol2.0/indirect_address/win32) by extensions ['cmake', 'python']
[0.375s] Level 1:colcon.colcon_core.package_identification:_identify(src/DynamixelSDK/c#/protocol2.0/indirect_address/win32) by extension 'cmake'
[0.375s] Level 1:colcon.colcon_core.package_identification:_identify(src/DynamixelSDK/c#/protocol2.0/indirect_address/win32) by extension 'python'
[0.375s] Level 1:colcon.colcon_core.package_identification:_identify(src/DynamixelSDK/c#/protocol2.0/indirect_address/win32) by extensions ['python_setup_py']
[0.375s] Level 1:colcon.colcon_core.package_identification:_identify(src/DynamixelSDK/c#/protocol2.0/indirect_address/win32) by extension 'python_setup_py'
[0.375s] Level 1:colcon.colcon_core.package_identification:_identify(src/DynamixelSDK/c#/protocol2.0/indirect_address/win32/indirect_address) by extensions ['ignore', 'ignore_ament_install']
[0.375s] Level 1:colcon.colcon_core.package_identification:_identify(src/DynamixelSDK/c#/protocol2.0/indirect_address/win32/indirect_address) by extension 'ignore'
[0.375s] Level 1:colcon.colcon_core.package_identification:_identify(src/DynamixelSDK/c#/protocol2.0/indirect_address/win32/indirect_address) by extension 'ignore_ament_install'
[0.375s] Level 1:colcon.colcon_core.package_identification:_identify(src/DynamixelSDK/c#/protocol2.0/indirect_address/win32/indirect_address) by extensions ['colcon_pkg']
[0.375s] Level 1:colcon.colcon_core.package_identification:_identify(src/DynamixelSDK/c#/protocol2.0/indirect_address/win32/indirect_address) by extension 'colcon_pkg'
[0.375s] Level 1:colcon.colcon_core.package_identification:_identify(src/DynamixelSDK/c#/protocol2.0/indirect_address/win32/indirect_address) by extensions ['colcon_meta']
[0.375s] Level 1:colcon.colcon_core.package_identification:_identify(src/DynamixelSDK/c#/protocol2.0/indirect_address/win32/indirect_address) by extension 'colcon_meta'
[0.375s] Level 1:colcon.colcon_core.package_identification:_identify(src/DynamixelSDK/c#/protocol2.0/indirect_address/win32/indirect_address) by extensions ['ros']
[0.376s] Level 1:colcon.colcon_core.package_identification:_identify(src/DynamixelSDK/c#/protocol2.0/indirect_address/win32/indirect_address) by extension 'ros'
[0.376s] Level 1:colcon.colcon_core.package_identification:_identify(src/DynamixelSDK/c#/protocol2.0/indirect_address/win32/indirect_address) by extensions ['cmake', 'python']
[0.376s] Level 1:colcon.colcon_core.package_identification:_identify(src/DynamixelSDK/c#/protocol2.0/indirect_address/win32/indirect_address) by extension 'cmake'
[0.376s] Level 1:colcon.colcon_core.package_identification:_identify(src/DynamixelSDK/c#/protocol2.0/indirect_address/win32/indirect_address) by extension 'python'
[0.376s] Level 1:colcon.colcon_core.package_identification:_identify(src/DynamixelSDK/c#/protocol2.0/indirect_address/win32/indirect_address) by extensions ['python_setup_py']
[0.376s] Level 1:colcon.colcon_core.package_identification:_identify(src/DynamixelSDK/c#/protocol2.0/indirect_address/win32/indirect_address) by extension 'python_setup_py'
[0.376s] Level 1:colcon.colcon_core.package_identification:_identify(src/DynamixelSDK/c#/protocol2.0/indirect_address/win32/indirect_address/Properties) by extensions ['ignore', 'ignore_ament_install']
[0.376s] Level 1:colcon.colcon_core.package_identification:_identify(src/DynamixelSDK/c#/protocol2.0/indirect_address/win32/indirect_address/Properties) by extension 'ignore'
[0.376s] Level 1:colcon.colcon_core.package_identification:_identify(src/DynamixelSDK/c#/protocol2.0/indirect_address/win32/indirect_address/Properties) by extension 'ignore_ament_install'
[0.376s] Level 1:colcon.colcon_core.package_identification:_identify(src/DynamixelSDK/c#/protocol2.0/indirect_address/win32/indirect_address/Properties) by extensions ['colcon_pkg']
[0.376s] Level 1:colcon.colcon_core.package_identification:_identify(src/DynamixelSDK/c#/protocol2.0/indirect_address/win32/indirect_address/Properties) by extension 'colcon_pkg'
[0.376s] Level 1:colcon.colcon_core.package_identification:_identify(src/DynamixelSDK/c#/protocol2.0/indirect_address/win32/indirect_address/Properties) by extensions ['colcon_meta']
[0.376s] Level 1:colcon.colcon_core.package_identification:_identify(src/DynamixelSDK/c#/protocol2.0/indirect_address/win32/indirect_address/Properties) by extension 'colcon_meta'
[0.376s] Level 1:colcon.colcon_core.package_identification:_identify(src/DynamixelSDK/c#/protocol2.0/indirect_address/win32/indirect_address/Properties) by extensions ['ros']
[0.376s] Level 1:colcon.colcon_core.package_identification:_identify(src/DynamixelSDK/c#/protocol2.0/indirect_address/win32/indirect_address/Properties) by extension 'ros'
[0.376s] Level 1:colcon.colcon_core.package_identification:_identify(src/DynamixelSDK/c#/protocol2.0/indirect_address/win32/indirect_address/Properties) by extensions ['cmake', 'python']
[0.376s] Level 1:colcon.colcon_core.package_identification:_identify(src/DynamixelSDK/c#/protocol2.0/indirect_address/win32/indirect_address/Properties) by extension 'cmake'
[0.376s] Level 1:colcon.colcon_core.package_identification:_identify(src/DynamixelSDK/c#/protocol2.0/indirect_address/win32/indirect_address/Properties) by extension 'python'
[0.376s] Level 1:colcon.colcon_core.package_identification:_identify(src/DynamixelSDK/c#/protocol2.0/indirect_address/win32/indirect_address/Properties) by extensions ['python_setup_py']
[0.376s] Level 1:colcon.colcon_core.package_identification:_identify(src/DynamixelSDK/c#/protocol2.0/indirect_address/win32/indirect_address/Properties) by extension 'python_setup_py'
[0.376s] Level 1:colcon.colcon_core.package_identification:_identify(src/DynamixelSDK/c#/protocol2.0/indirect_address/win64) by extensions ['ignore', 'ignore_ament_install']
[0.376s] Level 1:colcon.colcon_core.package_identification:_identify(src/DynamixelSDK/c#/protocol2.0/indirect_address/win64) by extension 'ignore'
[0.377s] Level 1:colcon.colcon_core.package_identification:_identify(src/DynamixelSDK/c#/protocol2.0/indirect_address/win64) by extension 'ignore_ament_install'
[0.377s] Level 1:colcon.colcon_core.package_identification:_identify(src/DynamixelSDK/c#/protocol2.0/indirect_address/win64) by extensions ['colcon_pkg']
[0.377s] Level 1:colcon.colcon_core.package_identification:_identify(src/DynamixelSDK/c#/protocol2.0/indirect_address/win64) by extension 'colcon_pkg'
[0.377s] Level 1:colcon.colcon_core.package_identification:_identify(src/DynamixelSDK/c#/protocol2.0/indirect_address/win64) by extensions ['colcon_meta']
[0.377s] Level 1:colcon.colcon_core.package_identification:_identify(src/DynamixelSDK/c#/protocol2.0/indirect_address/win64) by extension 'colcon_meta'
[0.377s] Level 1:colcon.colcon_core.package_identification:_identify(src/DynamixelSDK/c#/protocol2.0/indirect_address/win64) by extensions ['ros']
[0.377s] Level 1:colcon.colcon_core.package_identification:_identify(src/DynamixelSDK/c#/protocol2.0/indirect_address/win64) by extension 'ros'
[0.377s] Level 1:colcon.colcon_core.package_identification:_identify(src/DynamixelSDK/c#/protocol2.0/indirect_address/win64) by extensions ['cmake', 'python']
[0.377s] Level 1:colcon.colcon_core.package_identification:_identify(src/DynamixelSDK/c#/protocol2.0/indirect_address/win64) by extension 'cmake'
[0.377s] Level 1:colcon.colcon_core.package_identification:_identify(src/DynamixelSDK/c#/protocol2.0/indirect_address/win64) by extension 'python'
[0.377s] Level 1:colcon.colcon_core.package_identification:_identify(src/DynamixelSDK/c#/protocol2.0/indirect_address/win64) by extensions ['python_setup_py']
[0.377s] Level 1:colcon.colcon_core.package_identification:_identify(src/DynamixelSDK/c#/protocol2.0/indirect_address/win64) by extension 'python_setup_py'
[0.377s] Level 1:colcon.colcon_core.package_identification:_identify(src/DynamixelSDK/c#/protocol2.0/indirect_address/win64/indirect_address) by extensions ['ignore', 'ignore_ament_install']
[0.377s] Level 1:colcon.colcon_core.package_identification:_identify(src/DynamixelSDK/c#/protocol2.0/indirect_address/win64/indirect_address) by extension 'ignore'
[0.377s] Level 1:colcon.colcon_core.package_identification:_identify(src/DynamixelSDK/c#/protocol2.0/indirect_address/win64/indirect_address) by extension 'ignore_ament_install'
[0.377s] Level 1:colcon.colcon_core.package_identification:_identify(src/DynamixelSDK/c#/protocol2.0/indirect_address/win64/indirect_address) by extensions ['colcon_pkg']
[0.377s] Level 1:colcon.colcon_core.package_identification:_identify(src/DynamixelSDK/c#/protocol2.0/indirect_address/win64/indirect_address) by extension 'colcon_pkg'
[0.377s] Level 1:colcon.colcon_core.package_identification:_identify(src/DynamixelSDK/c#/protocol2.0/indirect_address/win64/indirect_address) by extensions ['colcon_meta']
[0.377s] Level 1:colcon.colcon_core.package_identification:_identify(src/DynamixelSDK/c#/protocol2.0/indirect_address/win64/indirect_address) by extension 'colcon_meta'
[0.377s] Level 1:colcon.colcon_core.package_identification:_identify(src/DynamixelSDK/c#/protocol2.0/indirect_address/win64/indirect_address) by extensions ['ros']
[0.377s] Level 1:colcon.colcon_core.package_identification:_identify(src/DynamixelSDK/c#/protocol2.0/indirect_address/win64/indirect_address) by extension 'ros'
[0.377s] Level 1:colcon.colcon_core.package_identification:_identify(src/DynamixelSDK/c#/protocol2.0/indirect_address/win64/indirect_address) by extensions ['cmake', 'python']
[0.377s] Level 1:colcon.colcon_core.package_identification:_identify(src/DynamixelSDK/c#/protocol2.0/indirect_address/win64/indirect_address) by extension 'cmake'
[0.377s] Level 1:colcon.colcon_core.package_identification:_identify(src/DynamixelSDK/c#/protocol2.0/indirect_address/win64/indirect_address) by extension 'python'
[0.378s] Level 1:colcon.colcon_core.package_identification:_identify(src/DynamixelSDK/c#/protocol2.0/indirect_address/win64/indirect_address) by extensions ['python_setup_py']
[0.378s] Level 1:colcon.colcon_core.package_identification:_identify(src/DynamixelSDK/c#/protocol2.0/indirect_address/win64/indirect_address) by extension 'python_setup_py'
[0.378s] Level 1:colcon.colcon_core.package_identification:_identify(src/DynamixelSDK/c#/protocol2.0/indirect_address/win64/indirect_address/Properties) by extensions ['ignore', 'ignore_ament_install']
[0.378s] Level 1:colcon.colcon_core.package_identification:_identify(src/DynamixelSDK/c#/protocol2.0/indirect_address/win64/indirect_address/Properties) by extension 'ignore'
[0.378s] Level 1:colcon.colcon_core.package_identification:_identify(src/DynamixelSDK/c#/protocol2.0/indirect_address/win64/indirect_address/Properties) by extension 'ignore_ament_install'
[0.378s] Level 1:colcon.colcon_core.package_identification:_identify(src/DynamixelSDK/c#/protocol2.0/indirect_address/win64/indirect_address/Properties) by extensions ['colcon_pkg']
[0.378s] Level 1:colcon.colcon_core.package_identification:_identify(src/DynamixelSDK/c#/protocol2.0/indirect_address/win64/indirect_address/Properties) by extension 'colcon_pkg'
[0.378s] Level 1:colcon.colcon_core.package_identification:_identify(src/DynamixelSDK/c#/protocol2.0/indirect_address/win64/indirect_address/Properties) by extensions ['colcon_meta']
[0.378s] Level 1:colcon.colcon_core.package_identification:_identify(src/DynamixelSDK/c#/protocol2.0/indirect_address/win64/indirect_address/Properties) by extension 'colcon_meta'
[0.378s] Level 1:colcon.colcon_core.package_identification:_identify(src/DynamixelSDK/c#/protocol2.0/indirect_address/win64/indirect_address/Properties) by extensions ['ros']
[0.378s] Level 1:colcon.colcon_core.package_identification:_identify(src/DynamixelSDK/c#/protocol2.0/indirect_address/win64/indirect_address/Properties) by extension 'ros'
[0.378s] Level 1:colcon.colcon_core.package_identification:_identify(src/DynamixelSDK/c#/protocol2.0/indirect_address/win64/indirect_address/Properties) by extensions ['cmake', 'python']
[0.378s] Level 1:colcon.colcon_core.package_identification:_identify(src/DynamixelSDK/c#/protocol2.0/indirect_address/win64/indirect_address/Properties) by extension 'cmake'
[0.378s] Level 1:colcon.colcon_core.package_identification:_identify(src/DynamixelSDK/c#/protocol2.0/indirect_address/win64/indirect_address/Properties) by extension 'python'
[0.378s] Level 1:colcon.colcon_core.package_identification:_identify(src/DynamixelSDK/c#/protocol2.0/indirect_address/win64/indirect_address/Properties) by extensions ['python_setup_py']
[0.378s] Level 1:colcon.colcon_core.package_identification:_identify(src/DynamixelSDK/c#/protocol2.0/indirect_address/win64/indirect_address/Properties) by extension 'python_setup_py'
[0.378s] Level 1:colcon.colcon_core.package_identification:_identify(src/DynamixelSDK/c#/protocol2.0/multi_port) by extensions ['ignore', 'ignore_ament_install']
[0.378s] Level 1:colcon.colcon_core.package_identification:_identify(src/DynamixelSDK/c#/protocol2.0/multi_port) by extension 'ignore'
[0.378s] Level 1:colcon.colcon_core.package_identification:_identify(src/DynamixelSDK/c#/protocol2.0/multi_port) by extension 'ignore_ament_install'
[0.378s] Level 1:colcon.colcon_core.package_identification:_identify(src/DynamixelSDK/c#/protocol2.0/multi_port) by extensions ['colcon_pkg']
[0.378s] Level 1:colcon.colcon_core.package_identification:_identify(src/DynamixelSDK/c#/protocol2.0/multi_port) by extension 'colcon_pkg'
[0.379s] Level 1:colcon.colcon_core.package_identification:_identify(src/DynamixelSDK/c#/protocol2.0/multi_port) by extensions ['colcon_meta']
[0.379s] Level 1:colcon.colcon_core.package_identification:_identify(src/DynamixelSDK/c#/protocol2.0/multi_port) by extension 'colcon_meta'
[0.379s] Level 1:colcon.colcon_core.package_identification:_identify(src/DynamixelSDK/c#/protocol2.0/multi_port) by extensions ['ros']
[0.379s] Level 1:colcon.colcon_core.package_identification:_identify(src/DynamixelSDK/c#/protocol2.0/multi_port) by extension 'ros'
[0.379s] Level 1:colcon.colcon_core.package_identification:_identify(src/DynamixelSDK/c#/protocol2.0/multi_port) by extensions ['cmake', 'python']
[0.379s] Level 1:colcon.colcon_core.package_identification:_identify(src/DynamixelSDK/c#/protocol2.0/multi_port) by extension 'cmake'
[0.379s] Level 1:colcon.colcon_core.package_identification:_identify(src/DynamixelSDK/c#/protocol2.0/multi_port) by extension 'python'
[0.379s] Level 1:colcon.colcon_core.package_identification:_identify(src/DynamixelSDK/c#/protocol2.0/multi_port) by extensions ['python_setup_py']
[0.379s] Level 1:colcon.colcon_core.package_identification:_identify(src/DynamixelSDK/c#/protocol2.0/multi_port) by extension 'python_setup_py'
[0.379s] Level 1:colcon.colcon_core.package_identification:_identify(src/DynamixelSDK/c#/protocol2.0/multi_port/win32) by extensions ['ignore', 'ignore_ament_install']
[0.379s] Level 1:colcon.colcon_core.package_identification:_identify(src/DynamixelSDK/c#/protocol2.0/multi_port/win32) by extension 'ignore'
[0.379s] Level 1:colcon.colcon_core.package_identification:_identify(src/DynamixelSDK/c#/protocol2.0/multi_port/win32) by extension 'ignore_ament_install'
[0.379s] Level 1:colcon.colcon_core.package_identification:_identify(src/DynamixelSDK/c#/protocol2.0/multi_port/win32) by extensions ['colcon_pkg']
[0.379s] Level 1:colcon.colcon_core.package_identification:_identify(src/DynamixelSDK/c#/protocol2.0/multi_port/win32) by extension 'colcon_pkg'
[0.379s] Level 1:colcon.colcon_core.package_identification:_identify(src/DynamixelSDK/c#/protocol2.0/multi_port/win32) by extensions ['colcon_meta']
[0.379s] Level 1:colcon.colcon_core.package_identification:_identify(src/DynamixelSDK/c#/protocol2.0/multi_port/win32) by extension 'colcon_meta'
[0.379s] Level 1:colcon.colcon_core.package_identification:_identify(src/DynamixelSDK/c#/protocol2.0/multi_port/win32) by extensions ['ros']
[0.379s] Level 1:colcon.colcon_core.package_identification:_identify(src/DynamixelSDK/c#/protocol2.0/multi_port/win32) by extension 'ros'
[0.379s] Level 1:colcon.colcon_core.package_identification:_identify(src/DynamixelSDK/c#/protocol2.0/multi_port/win32) by extensions ['cmake', 'python']
[0.379s] Level 1:colcon.colcon_core.package_identification:_identify(src/DynamixelSDK/c#/protocol2.0/multi_port/win32) by extension 'cmake'
[0.379s] Level 1:colcon.colcon_core.package_identification:_identify(src/DynamixelSDK/c#/protocol2.0/multi_port/win32) by extension 'python'
[0.379s] Level 1:colcon.colcon_core.package_identification:_identify(src/DynamixelSDK/c#/protocol2.0/multi_port/win32) by extensions ['python_setup_py']
[0.379s] Level 1:colcon.colcon_core.package_identification:_identify(src/DynamixelSDK/c#/protocol2.0/multi_port/win32) by extension 'python_setup_py'
[0.379s] Level 1:colcon.colcon_core.package_identification:_identify(src/DynamixelSDK/c#/protocol2.0/multi_port/win32/multi_port) by extensions ['ignore', 'ignore_ament_install']
[0.380s] Level 1:colcon.colcon_core.package_identification:_identify(src/DynamixelSDK/c#/protocol2.0/multi_port/win32/multi_port) by extension 'ignore'
[0.380s] Level 1:colcon.colcon_core.package_identification:_identify(src/DynamixelSDK/c#/protocol2.0/multi_port/win32/multi_port) by extension 'ignore_ament_install'
[0.380s] Level 1:colcon.colcon_core.package_identification:_identify(src/DynamixelSDK/c#/protocol2.0/multi_port/win32/multi_port) by extensions ['colcon_pkg']
[0.380s] Level 1:colcon.colcon_core.package_identification:_identify(src/DynamixelSDK/c#/protocol2.0/multi_port/win32/multi_port) by extension 'colcon_pkg'
[0.380s] Level 1:colcon.colcon_core.package_identification:_identify(src/DynamixelSDK/c#/protocol2.0/multi_port/win32/multi_port) by extensions ['colcon_meta']
[0.380s] Level 1:colcon.colcon_core.package_identification:_identify(src/DynamixelSDK/c#/protocol2.0/multi_port/win32/multi_port) by extension 'colcon_meta'
[0.380s] Level 1:colcon.colcon_core.package_identification:_identify(src/DynamixelSDK/c#/protocol2.0/multi_port/win32/multi_port) by extensions ['ros']
[0.380s] Level 1:colcon.colcon_core.package_identification:_identify(src/DynamixelSDK/c#/protocol2.0/multi_port/win32/multi_port) by extension 'ros'
[0.380s] Level 1:colcon.colcon_core.package_identification:_identify(src/DynamixelSDK/c#/protocol2.0/multi_port/win32/multi_port) by extensions ['cmake', 'python']
[0.380s] Level 1:colcon.colcon_core.package_identification:_identify(src/DynamixelSDK/c#/protocol2.0/multi_port/win32/multi_port) by extension 'cmake'
[0.380s] Level 1:colcon.colcon_core.package_identification:_identify(src/DynamixelSDK/c#/protocol2.0/multi_port/win32/multi_port) by extension 'python'
[0.380s] Level 1:colcon.colcon_core.package_identification:_identify(src/DynamixelSDK/c#/protocol2.0/multi_port/win32/multi_port) by extensions ['python_setup_py']
[0.380s] Level 1:colcon.colcon_core.package_identification:_identify(src/DynamixelSDK/c#/protocol2.0/multi_port/win32/multi_port) by extension 'python_setup_py'
[0.380s] Level 1:colcon.colcon_core.package_identification:_identify(src/DynamixelSDK/c#/protocol2.0/multi_port/win32/multi_port/Properties) by extensions ['ignore', 'ignore_ament_install']
[0.380s] Level 1:colcon.colcon_core.package_identification:_identify(src/DynamixelSDK/c#/protocol2.0/multi_port/win32/multi_port/Properties) by extension 'ignore'
[0.380s] Level 1:colcon.colcon_core.package_identification:_identify(src/DynamixelSDK/c#/protocol2.0/multi_port/win32/multi_port/Properties) by extension 'ignore_ament_install'
[0.380s] Level 1:colcon.colcon_core.package_identification:_identify(src/DynamixelSDK/c#/protocol2.0/multi_port/win32/multi_port/Properties) by extensions ['colcon_pkg']
[0.380s] Level 1:colcon.colcon_core.package_identification:_identify(src/DynamixelSDK/c#/protocol2.0/multi_port/win32/multi_port/Properties) by extension 'colcon_pkg'
[0.380s] Level 1:colcon.colcon_core.package_identification:_identify(src/DynamixelSDK/c#/protocol2.0/multi_port/win32/multi_port/Properties) by extensions ['colcon_meta']
[0.380s] Level 1:colcon.colcon_core.package_identification:_identify(src/DynamixelSDK/c#/protocol2.0/multi_port/win32/multi_port/Properties) by extension 'colcon_meta'
[0.380s] Level 1:colcon.colcon_core.package_identification:_identify(src/DynamixelSDK/c#/protocol2.0/multi_port/win32/multi_port/Properties) by extensions ['ros']
[0.380s] Level 1:colcon.colcon_core.package_identification:_identify(src/DynamixelSDK/c#/protocol2.0/multi_port/win32/multi_port/Properties) by extension 'ros'
[0.381s] Level 1:colcon.colcon_core.package_identification:_identify(src/DynamixelSDK/c#/protocol2.0/multi_port/win32/multi_port/Properties) by extensions ['cmake', 'python']
[0.381s] Level 1:colcon.colcon_core.package_identification:_identify(src/DynamixelSDK/c#/protocol2.0/multi_port/win32/multi_port/Properties) by extension 'cmake'
[0.381s] Level 1:colcon.colcon_core.package_identification:_identify(src/DynamixelSDK/c#/protocol2.0/multi_port/win32/multi_port/Properties) by extension 'python'
[0.381s] Level 1:colcon.colcon_core.package_identification:_identify(src/DynamixelSDK/c#/protocol2.0/multi_port/win32/multi_port/Properties) by extensions ['python_setup_py']
[0.381s] Level 1:colcon.colcon_core.package_identification:_identify(src/DynamixelSDK/c#/protocol2.0/multi_port/win32/multi_port/Properties) by extension 'python_setup_py'
[0.381s] Level 1:colcon.colcon_core.package_identification:_identify(src/DynamixelSDK/c#/protocol2.0/multi_port/win64) by extensions ['ignore', 'ignore_ament_install']
[0.381s] Level 1:colcon.colcon_core.package_identification:_identify(src/DynamixelSDK/c#/protocol2.0/multi_port/win64) by extension 'ignore'
[0.381s] Level 1:colcon.colcon_core.package_identification:_identify(src/DynamixelSDK/c#/protocol2.0/multi_port/win64) by extension 'ignore_ament_install'
[0.381s] Level 1:colcon.colcon_core.package_identification:_identify(src/DynamixelSDK/c#/protocol2.0/multi_port/win64) by extensions ['colcon_pkg']
[0.381s] Level 1:colcon.colcon_core.package_identification:_identify(src/DynamixelSDK/c#/protocol2.0/multi_port/win64) by extension 'colcon_pkg'
[0.381s] Level 1:colcon.colcon_core.package_identification:_identify(src/DynamixelSDK/c#/protocol2.0/multi_port/win64) by extensions ['colcon_meta']
[0.381s] Level 1:colcon.colcon_core.package_identification:_identify(src/DynamixelSDK/c#/protocol2.0/multi_port/win64) by extension 'colcon_meta'
[0.381s] Level 1:colcon.colcon_core.package_identification:_identify(src/DynamixelSDK/c#/protocol2.0/multi_port/win64) by extensions ['ros']
[0.381s] Level 1:colcon.colcon_core.package_identification:_identify(src/DynamixelSDK/c#/protocol2.0/multi_port/win64) by extension 'ros'
[0.381s] Level 1:colcon.colcon_core.package_identification:_identify(src/DynamixelSDK/c#/protocol2.0/multi_port/win64) by extensions ['cmake', 'python']
[0.381s] Level 1:colcon.colcon_core.package_identification:_identify(src/DynamixelSDK/c#/protocol2.0/multi_port/win64) by extension 'cmake'
[0.381s] Level 1:colcon.colcon_core.package_identification:_identify(src/DynamixelSDK/c#/protocol2.0/multi_port/win64) by extension 'python'
[0.381s] Level 1:colcon.colcon_core.package_identification:_identify(src/DynamixelSDK/c#/protocol2.0/multi_port/win64) by extensions ['python_setup_py']
[0.381s] Level 1:colcon.colcon_core.package_identification:_identify(src/DynamixelSDK/c#/protocol2.0/multi_port/win64) by extension 'python_setup_py'
[0.381s] Level 1:colcon.colcon_core.package_identification:_identify(src/DynamixelSDK/c#/protocol2.0/multi_port/win64/multi_port) by extensions ['ignore', 'ignore_ament_install']
[0.381s] Level 1:colcon.colcon_core.package_identification:_identify(src/DynamixelSDK/c#/protocol2.0/multi_port/win64/multi_port) by extension 'ignore'
[0.381s] Level 1:colcon.colcon_core.package_identification:_identify(src/DynamixelSDK/c#/protocol2.0/multi_port/win64/multi_port) by extension 'ignore_ament_install'
[0.382s] Level 1:colcon.colcon_core.package_identification:_identify(src/DynamixelSDK/c#/protocol2.0/multi_port/win64/multi_port) by extensions ['colcon_pkg']
[0.382s] Level 1:colcon.colcon_core.package_identification:_identify(src/DynamixelSDK/c#/protocol2.0/multi_port/win64/multi_port) by extension 'colcon_pkg'
[0.382s] Level 1:colcon.colcon_core.package_identification:_identify(src/DynamixelSDK/c#/protocol2.0/multi_port/win64/multi_port) by extensions ['colcon_meta']
[0.382s] Level 1:colcon.colcon_core.package_identification:_identify(src/DynamixelSDK/c#/protocol2.0/multi_port/win64/multi_port) by extension 'colcon_meta'
[0.382s] Level 1:colcon.colcon_core.package_identification:_identify(src/DynamixelSDK/c#/protocol2.0/multi_port/win64/multi_port) by extensions ['ros']
[0.382s] Level 1:colcon.colcon_core.package_identification:_identify(src/DynamixelSDK/c#/protocol2.0/multi_port/win64/multi_port) by extension 'ros'
[0.382s] Level 1:colcon.colcon_core.package_identification:_identify(src/DynamixelSDK/c#/protocol2.0/multi_port/win64/multi_port) by extensions ['cmake', 'python']
[0.382s] Level 1:colcon.colcon_core.package_identification:_identify(src/DynamixelSDK/c#/protocol2.0/multi_port/win64/multi_port) by extension 'cmake'
[0.382s] Level 1:colcon.colcon_core.package_identification:_identify(src/DynamixelSDK/c#/protocol2.0/multi_port/win64/multi_port) by extension 'python'
[0.382s] Level 1:colcon.colcon_core.package_identification:_identify(src/DynamixelSDK/c#/protocol2.0/multi_port/win64/multi_port) by extensions ['python_setup_py']
[0.382s] Level 1:colcon.colcon_core.package_identification:_identify(src/DynamixelSDK/c#/protocol2.0/multi_port/win64/multi_port) by extension 'python_setup_py'
[0.382s] Level 1:colcon.colcon_core.package_identification:_identify(src/DynamixelSDK/c#/protocol2.0/multi_port/win64/multi_port/Properties) by extensions ['ignore', 'ignore_ament_install']
[0.382s] Level 1:colcon.colcon_core.package_identification:_identify(src/DynamixelSDK/c#/protocol2.0/multi_port/win64/multi_port/Properties) by extension 'ignore'
[0.382s] Level 1:colcon.colcon_core.package_identification:_identify(src/DynamixelSDK/c#/protocol2.0/multi_port/win64/multi_port/Properties) by extension 'ignore_ament_install'
[0.382s] Level 1:colcon.colcon_core.package_identification:_identify(src/DynamixelSDK/c#/protocol2.0/multi_port/win64/multi_port/Properties) by extensions ['colcon_pkg']
[0.382s] Level 1:colcon.colcon_core.package_identification:_identify(src/DynamixelSDK/c#/protocol2.0/multi_port/win64/multi_port/Properties) by extension 'colcon_pkg'
[0.382s] Level 1:colcon.colcon_core.package_identification:_identify(src/DynamixelSDK/c#/protocol2.0/multi_port/win64/multi_port/Properties) by extensions ['colcon_meta']
[0.382s] Level 1:colcon.colcon_core.package_identification:_identify(src/DynamixelSDK/c#/protocol2.0/multi_port/win64/multi_port/Properties) by extension 'colcon_meta'
[0.382s] Level 1:colcon.colcon_core.package_identification:_identify(src/DynamixelSDK/c#/protocol2.0/multi_port/win64/multi_port/Properties) by extensions ['ros']
[0.382s] Level 1:colcon.colcon_core.package_identification:_identify(src/DynamixelSDK/c#/protocol2.0/multi_port/win64/multi_port/Properties) by extension 'ros'
[0.382s] Level 1:colcon.colcon_core.package_identification:_identify(src/DynamixelSDK/c#/protocol2.0/multi_port/win64/multi_port/Properties) by extensions ['cmake', 'python']
[0.382s] Level 1:colcon.colcon_core.package_identification:_identify(src/DynamixelSDK/c#/protocol2.0/multi_port/win64/multi_port/Properties) by extension 'cmake'
[0.382s] Level 1:colcon.colcon_core.package_identification:_identify(src/DynamixelSDK/c#/protocol2.0/multi_port/win64/multi_port/Properties) by extension 'python'
[0.382s] Level 1:colcon.colcon_core.package_identification:_identify(src/DynamixelSDK/c#/protocol2.0/multi_port/win64/multi_port/Properties) by extensions ['python_setup_py']
[0.382s] Level 1:colcon.colcon_core.package_identification:_identify(src/DynamixelSDK/c#/protocol2.0/multi_port/win64/multi_port/Properties) by extension 'python_setup_py'
[0.383s] Level 1:colcon.colcon_core.package_identification:_identify(src/DynamixelSDK/c#/protocol2.0/ping) by extensions ['ignore', 'ignore_ament_install']
[0.383s] Level 1:colcon.colcon_core.package_identification:_identify(src/DynamixelSDK/c#/protocol2.0/ping) by extension 'ignore'
[0.383s] Level 1:colcon.colcon_core.package_identification:_identify(src/DynamixelSDK/c#/protocol2.0/ping) by extension 'ignore_ament_install'
[0.383s] Level 1:colcon.colcon_core.package_identification:_identify(src/DynamixelSDK/c#/protocol2.0/ping) by extensions ['colcon_pkg']
[0.383s] Level 1:colcon.colcon_core.package_identification:_identify(src/DynamixelSDK/c#/protocol2.0/ping) by extension 'colcon_pkg'
[0.383s] Level 1:colcon.colcon_core.package_identification:_identify(src/DynamixelSDK/c#/protocol2.0/ping) by extensions ['colcon_meta']
[0.383s] Level 1:colcon.colcon_core.package_identification:_identify(src/DynamixelSDK/c#/protocol2.0/ping) by extension 'colcon_meta'
[0.383s] Level 1:colcon.colcon_core.package_identification:_identify(src/DynamixelSDK/c#/protocol2.0/ping) by extensions ['ros']
[0.383s] Level 1:colcon.colcon_core.package_identification:_identify(src/DynamixelSDK/c#/protocol2.0/ping) by extension 'ros'
[0.383s] Level 1:colcon.colcon_core.package_identification:_identify(src/DynamixelSDK/c#/protocol2.0/ping) by extensions ['cmake', 'python']
[0.383s] Level 1:colcon.colcon_core.package_identification:_identify(src/DynamixelSDK/c#/protocol2.0/ping) by extension 'cmake'
[0.383s] Level 1:colcon.colcon_core.package_identification:_identify(src/DynamixelSDK/c#/protocol2.0/ping) by extension 'python'
[0.383s] Level 1:colcon.colcon_core.package_identification:_identify(src/DynamixelSDK/c#/protocol2.0/ping) by extensions ['python_setup_py']
[0.383s] Level 1:colcon.colcon_core.package_identification:_identify(src/DynamixelSDK/c#/protocol2.0/ping) by extension 'python_setup_py'
[0.383s] Level 1:colcon.colcon_core.package_identification:_identify(src/DynamixelSDK/c#/protocol2.0/ping/win32) by extensions ['ignore', 'ignore_ament_install']
[0.383s] Level 1:colcon.colcon_core.package_identification:_identify(src/DynamixelSDK/c#/protocol2.0/ping/win32) by extension 'ignore'
[0.383s] Level 1:colcon.colcon_core.package_identification:_identify(src/DynamixelSDK/c#/protocol2.0/ping/win32) by extension 'ignore_ament_install'
[0.383s] Level 1:colcon.colcon_core.package_identification:_identify(src/DynamixelSDK/c#/protocol2.0/ping/win32) by extensions ['colcon_pkg']
[0.383s] Level 1:colcon.colcon_core.package_identification:_identify(src/DynamixelSDK/c#/protocol2.0/ping/win32) by extension 'colcon_pkg'
[0.383s] Level 1:colcon.colcon_core.package_identification:_identify(src/DynamixelSDK/c#/protocol2.0/ping/win32) by extensions ['colcon_meta']
[0.383s] Level 1:colcon.colcon_core.package_identification:_identify(src/DynamixelSDK/c#/protocol2.0/ping/win32) by extension 'colcon_meta'
[0.383s] Level 1:colcon.colcon_core.package_identification:_identify(src/DynamixelSDK/c#/protocol2.0/ping/win32) by extensions ['ros']
[0.383s] Level 1:colcon.colcon_core.package_identification:_identify(src/DynamixelSDK/c#/protocol2.0/ping/win32) by extension 'ros'
[0.384s] Level 1:colcon.colcon_core.package_identification:_identify(src/DynamixelSDK/c#/protocol2.0/ping/win32) by extensions ['cmake', 'python']
[0.384s] Level 1:colcon.colcon_core.package_identification:_identify(src/DynamixelSDK/c#/protocol2.0/ping/win32) by extension 'cmake'
[0.384s] Level 1:colcon.colcon_core.package_identification:_identify(src/DynamixelSDK/c#/protocol2.0/ping/win32) by extension 'python'
[0.384s] Level 1:colcon.colcon_core.package_identification:_identify(src/DynamixelSDK/c#/protocol2.0/ping/win32) by extensions ['python_setup_py']
[0.384s] Level 1:colcon.colcon_core.package_identification:_identify(src/DynamixelSDK/c#/protocol2.0/ping/win32) by extension 'python_setup_py'
[0.384s] Level 1:colcon.colcon_core.package_identification:_identify(src/DynamixelSDK/c#/protocol2.0/ping/win32/ping) by extensions ['ignore', 'ignore_ament_install']
[0.384s] Level 1:colcon.colcon_core.package_identification:_identify(src/DynamixelSDK/c#/protocol2.0/ping/win32/ping) by extension 'ignore'
[0.384s] Level 1:colcon.colcon_core.package_identification:_identify(src/DynamixelSDK/c#/protocol2.0/ping/win32/ping) by extension 'ignore_ament_install'
[0.384s] Level 1:colcon.colcon_core.package_identification:_identify(src/DynamixelSDK/c#/protocol2.0/ping/win32/ping) by extensions ['colcon_pkg']
[0.384s] Level 1:colcon.colcon_core.package_identification:_identify(src/DynamixelSDK/c#/protocol2.0/ping/win32/ping) by extension 'colcon_pkg'
[0.384s] Level 1:colcon.colcon_core.package_identification:_identify(src/DynamixelSDK/c#/protocol2.0/ping/win32/ping) by extensions ['colcon_meta']
[0.384s] Level 1:colcon.colcon_core.package_identification:_identify(src/DynamixelSDK/c#/protocol2.0/ping/win32/ping) by extension 'colcon_meta'
[0.384s] Level 1:colcon.colcon_core.package_identification:_identify(src/DynamixelSDK/c#/protocol2.0/ping/win32/ping) by extensions ['ros']
[0.384s] Level 1:colcon.colcon_core.package_identification:_identify(src/DynamixelSDK/c#/protocol2.0/ping/win32/ping) by extension 'ros'
[0.384s] Level 1:colcon.colcon_core.package_identification:_identify(src/DynamixelSDK/c#/protocol2.0/ping/win32/ping) by extensions ['cmake', 'python']
[0.384s] Level 1:colcon.colcon_core.package_identification:_identify(src/DynamixelSDK/c#/protocol2.0/ping/win32/ping) by extension 'cmake'
[0.384s] Level 1:colcon.colcon_core.package_identification:_identify(src/DynamixelSDK/c#/protocol2.0/ping/win32/ping) by extension 'python'
[0.384s] Level 1:colcon.colcon_core.package_identification:_identify(src/DynamixelSDK/c#/protocol2.0/ping/win32/ping) by extensions ['python_setup_py']
[0.384s] Level 1:colcon.colcon_core.package_identification:_identify(src/DynamixelSDK/c#/protocol2.0/ping/win32/ping) by extension 'python_setup_py'
[0.384s] Level 1:colcon.colcon_core.package_identification:_identify(src/DynamixelSDK/c#/protocol2.0/ping/win32/ping/Properties) by extensions ['ignore', 'ignore_ament_install']
[0.384s] Level 1:colcon.colcon_core.package_identification:_identify(src/DynamixelSDK/c#/protocol2.0/ping/win32/ping/Properties) by extension 'ignore'
[0.384s] Level 1:colcon.colcon_core.package_identification:_identify(src/DynamixelSDK/c#/protocol2.0/ping/win32/ping/Properties) by extension 'ignore_ament_install'
[0.385s] Level 1:colcon.colcon_core.package_identification:_identify(src/DynamixelSDK/c#/protocol2.0/ping/win32/ping/Properties) by extensions ['colcon_pkg']
[0.385s] Level 1:colcon.colcon_core.package_identification:_identify(src/DynamixelSDK/c#/protocol2.0/ping/win32/ping/Properties) by extension 'colcon_pkg'
[0.385s] Level 1:colcon.colcon_core.package_identification:_identify(src/DynamixelSDK/c#/protocol2.0/ping/win32/ping/Properties) by extensions ['colcon_meta']
[0.385s] Level 1:colcon.colcon_core.package_identification:_identify(src/DynamixelSDK/c#/protocol2.0/ping/win32/ping/Properties) by extension 'colcon_meta'
[0.385s] Level 1:colcon.colcon_core.package_identification:_identify(src/DynamixelSDK/c#/protocol2.0/ping/win32/ping/Properties) by extensions ['ros']
[0.385s] Level 1:colcon.colcon_core.package_identification:_identify(src/DynamixelSDK/c#/protocol2.0/ping/win32/ping/Properties) by extension 'ros'
[0.385s] Level 1:colcon.colcon_core.package_identification:_identify(src/DynamixelSDK/c#/protocol2.0/ping/win32/ping/Properties) by extensions ['cmake', 'python']
[0.385s] Level 1:colcon.colcon_core.package_identification:_identify(src/DynamixelSDK/c#/protocol2.0/ping/win32/ping/Properties) by extension 'cmake'
[0.385s] Level 1:colcon.colcon_core.package_identification:_identify(src/DynamixelSDK/c#/protocol2.0/ping/win32/ping/Properties) by extension 'python'
[0.385s] Level 1:colcon.colcon_core.package_identification:_identify(src/DynamixelSDK/c#/protocol2.0/ping/win32/ping/Properties) by extensions ['python_setup_py']
[0.385s] Level 1:colcon.colcon_core.package_identification:_identify(src/DynamixelSDK/c#/protocol2.0/ping/win32/ping/Properties) by extension 'python_setup_py'
[0.385s] Level 1:colcon.colcon_core.package_identification:_identify(src/DynamixelSDK/c#/protocol2.0/ping/win64) by extensions ['ignore', 'ignore_ament_install']
[0.385s] Level 1:colcon.colcon_core.package_identification:_identify(src/DynamixelSDK/c#/protocol2.0/ping/win64) by extension 'ignore'
[0.385s] Level 1:colcon.colcon_core.package_identification:_identify(src/DynamixelSDK/c#/protocol2.0/ping/win64) by extension 'ignore_ament_install'
[0.385s] Level 1:colcon.colcon_core.package_identification:_identify(src/DynamixelSDK/c#/protocol2.0/ping/win64) by extensions ['colcon_pkg']
[0.385s] Level 1:colcon.colcon_core.package_identification:_identify(src/DynamixelSDK/c#/protocol2.0/ping/win64) by extension 'colcon_pkg'
[0.385s] Level 1:colcon.colcon_core.package_identification:_identify(src/DynamixelSDK/c#/protocol2.0/ping/win64) by extensions ['colcon_meta']
[0.385s] Level 1:colcon.colcon_core.package_identification:_identify(src/DynamixelSDK/c#/protocol2.0/ping/win64) by extension 'colcon_meta'
[0.385s] Level 1:colcon.colcon_core.package_identification:_identify(src/DynamixelSDK/c#/protocol2.0/ping/win64) by extensions ['ros']
[0.385s] Level 1:colcon.colcon_core.package_identification:_identify(src/DynamixelSDK/c#/protocol2.0/ping/win64) by extension 'ros'
[0.385s] Level 1:colcon.colcon_core.package_identification:_identify(src/DynamixelSDK/c#/protocol2.0/ping/win64) by extensions ['cmake', 'python']
[0.385s] Level 1:colcon.colcon_core.package_identification:_identify(src/DynamixelSDK/c#/protocol2.0/ping/win64) by extension 'cmake'
[0.385s] Level 1:colcon.colcon_core.package_identification:_identify(src/DynamixelSDK/c#/protocol2.0/ping/win64) by extension 'python'
[0.385s] Level 1:colcon.colcon_core.package_identification:_identify(src/DynamixelSDK/c#/protocol2.0/ping/win64) by extensions ['python_setup_py']
[0.385s] Level 1:colcon.colcon_core.package_identification:_identify(src/DynamixelSDK/c#/protocol2.0/ping/win64) by extension 'python_setup_py'
[0.386s] Level 1:colcon.colcon_core.package_identification:_identify(src/DynamixelSDK/c#/protocol2.0/ping/win64/ping) by extensions ['ignore', 'ignore_ament_install']
[0.386s] Level 1:colcon.colcon_core.package_identification:_identify(src/DynamixelSDK/c#/protocol2.0/ping/win64/ping) by extension 'ignore'
[0.386s] Level 1:colcon.colcon_core.package_identification:_identify(src/DynamixelSDK/c#/protocol2.0/ping/win64/ping) by extension 'ignore_ament_install'
[0.386s] Level 1:colcon.colcon_core.package_identification:_identify(src/DynamixelSDK/c#/protocol2.0/ping/win64/ping) by extensions ['colcon_pkg']
[0.386s] Level 1:colcon.colcon_core.package_identification:_identify(src/DynamixelSDK/c#/protocol2.0/ping/win64/ping) by extension 'colcon_pkg'
[0.386s] Level 1:colcon.colcon_core.package_identification:_identify(src/DynamixelSDK/c#/protocol2.0/ping/win64/ping) by extensions ['colcon_meta']
[0.386s] Level 1:colcon.colcon_core.package_identification:_identify(src/DynamixelSDK/c#/protocol2.0/ping/win64/ping) by extension 'colcon_meta'
[0.386s] Level 1:colcon.colcon_core.package_identification:_identify(src/DynamixelSDK/c#/protocol2.0/ping/win64/ping) by extensions ['ros']
[0.386s] Level 1:colcon.colcon_core.package_identification:_identify(src/DynamixelSDK/c#/protocol2.0/ping/win64/ping) by extension 'ros'
[0.386s] Level 1:colcon.colcon_core.package_identification:_identify(src/DynamixelSDK/c#/protocol2.0/ping/win64/ping) by extensions ['cmake', 'python']
[0.386s] Level 1:colcon.colcon_core.package_identification:_identify(src/DynamixelSDK/c#/protocol2.0/ping/win64/ping) by extension 'cmake'
[0.386s] Level 1:colcon.colcon_core.package_identification:_identify(src/DynamixelSDK/c#/protocol2.0/ping/win64/ping) by extension 'python'
[0.386s] Level 1:colcon.colcon_core.package_identification:_identify(src/DynamixelSDK/c#/protocol2.0/ping/win64/ping) by extensions ['python_setup_py']
[0.386s] Level 1:colcon.colcon_core.package_identification:_identify(src/DynamixelSDK/c#/protocol2.0/ping/win64/ping) by extension 'python_setup_py'
[0.386s] Level 1:colcon.colcon_core.package_identification:_identify(src/DynamixelSDK/c#/protocol2.0/ping/win64/ping/Properties) by extensions ['ignore', 'ignore_ament_install']
[0.386s] Level 1:colcon.colcon_core.package_identification:_identify(src/DynamixelSDK/c#/protocol2.0/ping/win64/ping/Properties) by extension 'ignore'
[0.386s] Level 1:colcon.colcon_core.package_identification:_identify(src/DynamixelSDK/c#/protocol2.0/ping/win64/ping/Properties) by extension 'ignore_ament_install'
[0.386s] Level 1:colcon.colcon_core.package_identification:_identify(src/DynamixelSDK/c#/protocol2.0/ping/win64/ping/Properties) by extensions ['colcon_pkg']
[0.386s] Level 1:colcon.colcon_core.package_identification:_identify(src/DynamixelSDK/c#/protocol2.0/ping/win64/ping/Properties) by extension 'colcon_pkg'
[0.386s] Level 1:colcon.colcon_core.package_identification:_identify(src/DynamixelSDK/c#/protocol2.0/ping/win64/ping/Properties) by extensions ['colcon_meta']
[0.386s] Level 1:colcon.colcon_core.package_identification:_identify(src/DynamixelSDK/c#/protocol2.0/ping/win64/ping/Properties) by extension 'colcon_meta'
[0.386s] Level 1:colcon.colcon_core.package_identification:_identify(src/DynamixelSDK/c#/protocol2.0/ping/win64/ping/Properties) by extensions ['ros']
[0.387s] Level 1:colcon.colcon_core.package_identification:_identify(src/DynamixelSDK/c#/protocol2.0/ping/win64/ping/Properties) by extension 'ros'
[0.387s] Level 1:colcon.colcon_core.package_identification:_identify(src/DynamixelSDK/c#/protocol2.0/ping/win64/ping/Properties) by extensions ['cmake', 'python']
[0.387s] Level 1:colcon.colcon_core.package_identification:_identify(src/DynamixelSDK/c#/protocol2.0/ping/win64/ping/Properties) by extension 'cmake'
[0.387s] Level 1:colcon.colcon_core.package_identification:_identify(src/DynamixelSDK/c#/protocol2.0/ping/win64/ping/Properties) by extension 'python'
[0.387s] Level 1:colcon.colcon_core.package_identification:_identify(src/DynamixelSDK/c#/protocol2.0/ping/win64/ping/Properties) by extensions ['python_setup_py']
[0.387s] Level 1:colcon.colcon_core.package_identification:_identify(src/DynamixelSDK/c#/protocol2.0/ping/win64/ping/Properties) by extension 'python_setup_py'
[0.387s] Level 1:colcon.colcon_core.package_identification:_identify(src/DynamixelSDK/c#/protocol2.0/read_write) by extensions ['ignore', 'ignore_ament_install']
[0.387s] Level 1:colcon.colcon_core.package_identification:_identify(src/DynamixelSDK/c#/protocol2.0/read_write) by extension 'ignore'
[0.387s] Level 1:colcon.colcon_core.package_identification:_identify(src/DynamixelSDK/c#/protocol2.0/read_write) by extension 'ignore_ament_install'
[0.387s] Level 1:colcon.colcon_core.package_identification:_identify(src/DynamixelSDK/c#/protocol2.0/read_write) by extensions ['colcon_pkg']
[0.387s] Level 1:colcon.colcon_core.package_identification:_identify(src/DynamixelSDK/c#/protocol2.0/read_write) by extension 'colcon_pkg'
[0.387s] Level 1:colcon.colcon_core.package_identification:_identify(src/DynamixelSDK/c#/protocol2.0/read_write) by extensions ['colcon_meta']
[0.387s] Level 1:colcon.colcon_core.package_identification:_identify(src/DynamixelSDK/c#/protocol2.0/read_write) by extension 'colcon_meta'
[0.387s] Level 1:colcon.colcon_core.package_identification:_identify(src/DynamixelSDK/c#/protocol2.0/read_write) by extensions ['ros']
[0.387s] Level 1:colcon.colcon_core.package_identification:_identify(src/DynamixelSDK/c#/protocol2.0/read_write) by extension 'ros'
[0.387s] Level 1:colcon.colcon_core.package_identification:_identify(src/DynamixelSDK/c#/protocol2.0/read_write) by extensions ['cmake', 'python']
[0.387s] Level 1:colcon.colcon_core.package_identification:_identify(src/DynamixelSDK/c#/protocol2.0/read_write) by extension 'cmake'
[0.387s] Level 1:colcon.colcon_core.package_identification:_identify(src/DynamixelSDK/c#/protocol2.0/read_write) by extension 'python'
[0.387s] Level 1:colcon.colcon_core.package_identification:_identify(src/DynamixelSDK/c#/protocol2.0/read_write) by extensions ['python_setup_py']
[0.387s] Level 1:colcon.colcon_core.package_identification:_identify(src/DynamixelSDK/c#/protocol2.0/read_write) by extension 'python_setup_py'
[0.387s] Level 1:colcon.colcon_core.package_identification:_identify(src/DynamixelSDK/c#/protocol2.0/read_write/win32) by extensions ['ignore', 'ignore_ament_install']
[0.387s] Level 1:colcon.colcon_core.package_identification:_identify(src/DynamixelSDK/c#/protocol2.0/read_write/win32) by extension 'ignore'
[0.387s] Level 1:colcon.colcon_core.package_identification:_identify(src/DynamixelSDK/c#/protocol2.0/read_write/win32) by extension 'ignore_ament_install'
[0.388s] Level 1:colcon.colcon_core.package_identification:_identify(src/DynamixelSDK/c#/protocol2.0/read_write/win32) by extensions ['colcon_pkg']
[0.388s] Level 1:colcon.colcon_core.package_identification:_identify(src/DynamixelSDK/c#/protocol2.0/read_write/win32) by extension 'colcon_pkg'
[0.388s] Level 1:colcon.colcon_core.package_identification:_identify(src/DynamixelSDK/c#/protocol2.0/read_write/win32) by extensions ['colcon_meta']
[0.388s] Level 1:colcon.colcon_core.package_identification:_identify(src/DynamixelSDK/c#/protocol2.0/read_write/win32) by extension 'colcon_meta'
[0.388s] Level 1:colcon.colcon_core.package_identification:_identify(src/DynamixelSDK/c#/protocol2.0/read_write/win32) by extensions ['ros']
[0.388s] Level 1:colcon.colcon_core.package_identification:_identify(src/DynamixelSDK/c#/protocol2.0/read_write/win32) by extension 'ros'
[0.388s] Level 1:colcon.colcon_core.package_identification:_identify(src/DynamixelSDK/c#/protocol2.0/read_write/win32) by extensions ['cmake', 'python']
[0.388s] Level 1:colcon.colcon_core.package_identification:_identify(src/DynamixelSDK/c#/protocol2.0/read_write/win32) by extension 'cmake'
[0.388s] Level 1:colcon.colcon_core.package_identification:_identify(src/DynamixelSDK/c#/protocol2.0/read_write/win32) by extension 'python'
[0.388s] Level 1:colcon.colcon_core.package_identification:_identify(src/DynamixelSDK/c#/protocol2.0/read_write/win32) by extensions ['python_setup_py']
[0.388s] Level 1:colcon.colcon_core.package_identification:_identify(src/DynamixelSDK/c#/protocol2.0/read_write/win32) by extension 'python_setup_py'
[0.388s] Level 1:colcon.colcon_core.package_identification:_identify(src/DynamixelSDK/c#/protocol2.0/read_write/win32/read_write) by extensions ['ignore', 'ignore_ament_install']
[0.388s] Level 1:colcon.colcon_core.package_identification:_identify(src/DynamixelSDK/c#/protocol2.0/read_write/win32/read_write) by extension 'ignore'
[0.388s] Level 1:colcon.colcon_core.package_identification:_identify(src/DynamixelSDK/c#/protocol2.0/read_write/win32/read_write) by extension 'ignore_ament_install'
[0.388s] Level 1:colcon.colcon_core.package_identification:_identify(src/DynamixelSDK/c#/protocol2.0/read_write/win32/read_write) by extensions ['colcon_pkg']
[0.388s] Level 1:colcon.colcon_core.package_identification:_identify(src/DynamixelSDK/c#/protocol2.0/read_write/win32/read_write) by extension 'colcon_pkg'
[0.388s] Level 1:colcon.colcon_core.package_identification:_identify(src/DynamixelSDK/c#/protocol2.0/read_write/win32/read_write) by extensions ['colcon_meta']
[0.388s] Level 1:colcon.colcon_core.package_identification:_identify(src/DynamixelSDK/c#/protocol2.0/read_write/win32/read_write) by extension 'colcon_meta'
[0.388s] Level 1:colcon.colcon_core.package_identification:_identify(src/DynamixelSDK/c#/protocol2.0/read_write/win32/read_write) by extensions ['ros']
[0.388s] Level 1:colcon.colcon_core.package_identification:_identify(src/DynamixelSDK/c#/protocol2.0/read_write/win32/read_write) by extension 'ros'
[0.388s] Level 1:colcon.colcon_core.package_identification:_identify(src/DynamixelSDK/c#/protocol2.0/read_write/win32/read_write) by extensions ['cmake', 'python']
[0.388s] Level 1:colcon.colcon_core.package_identification:_identify(src/DynamixelSDK/c#/protocol2.0/read_write/win32/read_write) by extension 'cmake'
[0.388s] Level 1:colcon.colcon_core.package_identification:_identify(src/DynamixelSDK/c#/protocol2.0/read_write/win32/read_write) by extension 'python'
[0.388s] Level 1:colcon.colcon_core.package_identification:_identify(src/DynamixelSDK/c#/protocol2.0/read_write/win32/read_write) by extensions ['python_setup_py']
[0.389s] Level 1:colcon.colcon_core.package_identification:_identify(src/DynamixelSDK/c#/protocol2.0/read_write/win32/read_write) by extension 'python_setup_py'
[0.389s] Level 1:colcon.colcon_core.package_identification:_identify(src/DynamixelSDK/c#/protocol2.0/read_write/win32/read_write/Properties) by extensions ['ignore', 'ignore_ament_install']
[0.389s] Level 1:colcon.colcon_core.package_identification:_identify(src/DynamixelSDK/c#/protocol2.0/read_write/win32/read_write/Properties) by extension 'ignore'
[0.389s] Level 1:colcon.colcon_core.package_identification:_identify(src/DynamixelSDK/c#/protocol2.0/read_write/win32/read_write/Properties) by extension 'ignore_ament_install'
[0.389s] Level 1:colcon.colcon_core.package_identification:_identify(src/DynamixelSDK/c#/protocol2.0/read_write/win32/read_write/Properties) by extensions ['colcon_pkg']
[0.389s] Level 1:colcon.colcon_core.package_identification:_identify(src/DynamixelSDK/c#/protocol2.0/read_write/win32/read_write/Properties) by extension 'colcon_pkg'
[0.389s] Level 1:colcon.colcon_core.package_identification:_identify(src/DynamixelSDK/c#/protocol2.0/read_write/win32/read_write/Properties) by extensions ['colcon_meta']
[0.389s] Level 1:colcon.colcon_core.package_identification:_identify(src/DynamixelSDK/c#/protocol2.0/read_write/win32/read_write/Properties) by extension 'colcon_meta'
[0.389s] Level 1:colcon.colcon_core.package_identification:_identify(src/DynamixelSDK/c#/protocol2.0/read_write/win32/read_write/Properties) by extensions ['ros']
[0.389s] Level 1:colcon.colcon_core.package_identification:_identify(src/DynamixelSDK/c#/protocol2.0/read_write/win32/read_write/Properties) by extension 'ros'
[0.389s] Level 1:colcon.colcon_core.package_identification:_identify(src/DynamixelSDK/c#/protocol2.0/read_write/win32/read_write/Properties) by extensions ['cmake', 'python']
[0.389s] Level 1:colcon.colcon_core.package_identification:_identify(src/DynamixelSDK/c#/protocol2.0/read_write/win32/read_write/Properties) by extension 'cmake'
[0.389s] Level 1:colcon.colcon_core.package_identification:_identify(src/DynamixelSDK/c#/protocol2.0/read_write/win32/read_write/Properties) by extension 'python'
[0.389s] Level 1:colcon.colcon_core.package_identification:_identify(src/DynamixelSDK/c#/protocol2.0/read_write/win32/read_write/Properties) by extensions ['python_setup_py']
[0.389s] Level 1:colcon.colcon_core.package_identification:_identify(src/DynamixelSDK/c#/protocol2.0/read_write/win32/read_write/Properties) by extension 'python_setup_py'
[0.389s] Level 1:colcon.colcon_core.package_identification:_identify(src/DynamixelSDK/c#/protocol2.0/read_write/win64) by extensions ['ignore', 'ignore_ament_install']
[0.389s] Level 1:colcon.colcon_core.package_identification:_identify(src/DynamixelSDK/c#/protocol2.0/read_write/win64) by extension 'ignore'
[0.389s] Level 1:colcon.colcon_core.package_identification:_identify(src/DynamixelSDK/c#/protocol2.0/read_write/win64) by extension 'ignore_ament_install'
[0.389s] Level 1:colcon.colcon_core.package_identification:_identify(src/DynamixelSDK/c#/protocol2.0/read_write/win64) by extensions ['colcon_pkg']
[0.389s] Level 1:colcon.colcon_core.package_identification:_identify(src/DynamixelSDK/c#/protocol2.0/read_write/win64) by extension 'colcon_pkg'
[0.389s] Level 1:colcon.colcon_core.package_identification:_identify(src/DynamixelSDK/c#/protocol2.0/read_write/win64) by extensions ['colcon_meta']
[0.389s] Level 1:colcon.colcon_core.package_identification:_identify(src/DynamixelSDK/c#/protocol2.0/read_write/win64) by extension 'colcon_meta'
[0.389s] Level 1:colcon.colcon_core.package_identification:_identify(src/DynamixelSDK/c#/protocol2.0/read_write/win64) by extensions ['ros']
[0.390s] Level 1:colcon.colcon_core.package_identification:_identify(src/DynamixelSDK/c#/protocol2.0/read_write/win64) by extension 'ros'
[0.390s] Level 1:colcon.colcon_core.package_identification:_identify(src/DynamixelSDK/c#/protocol2.0/read_write/win64) by extensions ['cmake', 'python']
[0.390s] Level 1:colcon.colcon_core.package_identification:_identify(src/DynamixelSDK/c#/protocol2.0/read_write/win64) by extension 'cmake'
[0.390s] Level 1:colcon.colcon_core.package_identification:_identify(src/DynamixelSDK/c#/protocol2.0/read_write/win64) by extension 'python'
[0.390s] Level 1:colcon.colcon_core.package_identification:_identify(src/DynamixelSDK/c#/protocol2.0/read_write/win64) by extensions ['python_setup_py']
[0.390s] Level 1:colcon.colcon_core.package_identification:_identify(src/DynamixelSDK/c#/protocol2.0/read_write/win64) by extension 'python_setup_py'
[0.390s] Level 1:colcon.colcon_core.package_identification:_identify(src/DynamixelSDK/c#/protocol2.0/read_write/win64/read_write) by extensions ['ignore', 'ignore_ament_install']
[0.390s] Level 1:colcon.colcon_core.package_identification:_identify(src/DynamixelSDK/c#/protocol2.0/read_write/win64/read_write) by extension 'ignore'
[0.390s] Level 1:colcon.colcon_core.package_identification:_identify(src/DynamixelSDK/c#/protocol2.0/read_write/win64/read_write) by extension 'ignore_ament_install'
[0.390s] Level 1:colcon.colcon_core.package_identification:_identify(src/DynamixelSDK/c#/protocol2.0/read_write/win64/read_write) by extensions ['colcon_pkg']
[0.390s] Level 1:colcon.colcon_core.package_identification:_identify(src/DynamixelSDK/c#/protocol2.0/read_write/win64/read_write) by extension 'colcon_pkg'
[0.390s] Level 1:colcon.colcon_core.package_identification:_identify(src/DynamixelSDK/c#/protocol2.0/read_write/win64/read_write) by extensions ['colcon_meta']
[0.390s] Level 1:colcon.colcon_core.package_identification:_identify(src/DynamixelSDK/c#/protocol2.0/read_write/win64/read_write) by extension 'colcon_meta'
[0.390s] Level 1:colcon.colcon_core.package_identification:_identify(src/DynamixelSDK/c#/protocol2.0/read_write/win64/read_write) by extensions ['ros']
[0.390s] Level 1:colcon.colcon_core.package_identification:_identify(src/DynamixelSDK/c#/protocol2.0/read_write/win64/read_write) by extension 'ros'
[0.390s] Level 1:colcon.colcon_core.package_identification:_identify(src/DynamixelSDK/c#/protocol2.0/read_write/win64/read_write) by extensions ['cmake', 'python']
[0.390s] Level 1:colcon.colcon_core.package_identification:_identify(src/DynamixelSDK/c#/protocol2.0/read_write/win64/read_write) by extension 'cmake'
[0.390s] Level 1:colcon.colcon_core.package_identification:_identify(src/DynamixelSDK/c#/protocol2.0/read_write/win64/read_write) by extension 'python'
[0.390s] Level 1:colcon.colcon_core.package_identification:_identify(src/DynamixelSDK/c#/protocol2.0/read_write/win64/read_write) by extensions ['python_setup_py']
[0.390s] Level 1:colcon.colcon_core.package_identification:_identify(src/DynamixelSDK/c#/protocol2.0/read_write/win64/read_write) by extension 'python_setup_py'
[0.390s] Level 1:colcon.colcon_core.package_identification:_identify(src/DynamixelSDK/c#/protocol2.0/read_write/win64/read_write/Properties) by extensions ['ignore', 'ignore_ament_install']
[0.390s] Level 1:colcon.colcon_core.package_identification:_identify(src/DynamixelSDK/c#/protocol2.0/read_write/win64/read_write/Properties) by extension 'ignore'
[0.390s] Level 1:colcon.colcon_core.package_identification:_identify(src/DynamixelSDK/c#/protocol2.0/read_write/win64/read_write/Properties) by extension 'ignore_ament_install'
[0.391s] Level 1:colcon.colcon_core.package_identification:_identify(src/DynamixelSDK/c#/protocol2.0/read_write/win64/read_write/Properties) by extensions ['colcon_pkg']
[0.391s] Level 1:colcon.colcon_core.package_identification:_identify(src/DynamixelSDK/c#/protocol2.0/read_write/win64/read_write/Properties) by extension 'colcon_pkg'
[0.391s] Level 1:colcon.colcon_core.package_identification:_identify(src/DynamixelSDK/c#/protocol2.0/read_write/win64/read_write/Properties) by extensions ['colcon_meta']
[0.391s] Level 1:colcon.colcon_core.package_identification:_identify(src/DynamixelSDK/c#/protocol2.0/read_write/win64/read_write/Properties) by extension 'colcon_meta'
[0.391s] Level 1:colcon.colcon_core.package_identification:_identify(src/DynamixelSDK/c#/protocol2.0/read_write/win64/read_write/Properties) by extensions ['ros']
[0.391s] Level 1:colcon.colcon_core.package_identification:_identify(src/DynamixelSDK/c#/protocol2.0/read_write/win64/read_write/Properties) by extension 'ros'
[0.391s] Level 1:colcon.colcon_core.package_identification:_identify(src/DynamixelSDK/c#/protocol2.0/read_write/win64/read_write/Properties) by extensions ['cmake', 'python']
[0.391s] Level 1:colcon.colcon_core.package_identification:_identify(src/DynamixelSDK/c#/protocol2.0/read_write/win64/read_write/Properties) by extension 'cmake'
[0.391s] Level 1:colcon.colcon_core.package_identification:_identify(src/DynamixelSDK/c#/protocol2.0/read_write/win64/read_write/Properties) by extension 'python'
[0.391s] Level 1:colcon.colcon_core.package_identification:_identify(src/DynamixelSDK/c#/protocol2.0/read_write/win64/read_write/Properties) by extensions ['python_setup_py']
[0.391s] Level 1:colcon.colcon_core.package_identification:_identify(src/DynamixelSDK/c#/protocol2.0/read_write/win64/read_write/Properties) by extension 'python_setup_py'
[0.391s] Level 1:colcon.colcon_core.package_identification:_identify(src/DynamixelSDK/c#/protocol2.0/reboot) by extensions ['ignore', 'ignore_ament_install']
[0.391s] Level 1:colcon.colcon_core.package_identification:_identify(src/DynamixelSDK/c#/protocol2.0/reboot) by extension 'ignore'
[0.391s] Level 1:colcon.colcon_core.package_identification:_identify(src/DynamixelSDK/c#/protocol2.0/reboot) by extension 'ignore_ament_install'
[0.391s] Level 1:colcon.colcon_core.package_identification:_identify(src/DynamixelSDK/c#/protocol2.0/reboot) by extensions ['colcon_pkg']
[0.391s] Level 1:colcon.colcon_core.package_identification:_identify(src/DynamixelSDK/c#/protocol2.0/reboot) by extension 'colcon_pkg'
[0.391s] Level 1:colcon.colcon_core.package_identification:_identify(src/DynamixelSDK/c#/protocol2.0/reboot) by extensions ['colcon_meta']
[0.391s] Level 1:colcon.colcon_core.package_identification:_identify(src/DynamixelSDK/c#/protocol2.0/reboot) by extension 'colcon_meta'
[0.391s] Level 1:colcon.colcon_core.package_identification:_identify(src/DynamixelSDK/c#/protocol2.0/reboot) by extensions ['ros']
[0.391s] Level 1:colcon.colcon_core.package_identification:_identify(src/DynamixelSDK/c#/protocol2.0/reboot) by extension 'ros'
[0.391s] Level 1:colcon.colcon_core.package_identification:_identify(src/DynamixelSDK/c#/protocol2.0/reboot) by extensions ['cmake', 'python']
[0.391s] Level 1:colcon.colcon_core.package_identification:_identify(src/DynamixelSDK/c#/protocol2.0/reboot) by extension 'cmake'
[0.391s] Level 1:colcon.colcon_core.package_identification:_identify(src/DynamixelSDK/c#/protocol2.0/reboot) by extension 'python'
[0.391s] Level 1:colcon.colcon_core.package_identification:_identify(src/DynamixelSDK/c#/protocol2.0/reboot) by extensions ['python_setup_py']
[0.391s] Level 1:colcon.colcon_core.package_identification:_identify(src/DynamixelSDK/c#/protocol2.0/reboot) by extension 'python_setup_py'
[0.392s] Level 1:colcon.colcon_core.package_identification:_identify(src/DynamixelSDK/c#/protocol2.0/reboot/win32) by extensions ['ignore', 'ignore_ament_install']
[0.392s] Level 1:colcon.colcon_core.package_identification:_identify(src/DynamixelSDK/c#/protocol2.0/reboot/win32) by extension 'ignore'
[0.392s] Level 1:colcon.colcon_core.package_identification:_identify(src/DynamixelSDK/c#/protocol2.0/reboot/win32) by extension 'ignore_ament_install'
[0.392s] Level 1:colcon.colcon_core.package_identification:_identify(src/DynamixelSDK/c#/protocol2.0/reboot/win32) by extensions ['colcon_pkg']
[0.392s] Level 1:colcon.colcon_core.package_identification:_identify(src/DynamixelSDK/c#/protocol2.0/reboot/win32) by extension 'colcon_pkg'
[0.392s] Level 1:colcon.colcon_core.package_identification:_identify(src/DynamixelSDK/c#/protocol2.0/reboot/win32) by extensions ['colcon_meta']
[0.392s] Level 1:colcon.colcon_core.package_identification:_identify(src/DynamixelSDK/c#/protocol2.0/reboot/win32) by extension 'colcon_meta'
[0.392s] Level 1:colcon.colcon_core.package_identification:_identify(src/DynamixelSDK/c#/protocol2.0/reboot/win32) by extensions ['ros']
[0.392s] Level 1:colcon.colcon_core.package_identification:_identify(src/DynamixelSDK/c#/protocol2.0/reboot/win32) by extension 'ros'
[0.392s] Level 1:colcon.colcon_core.package_identification:_identify(src/DynamixelSDK/c#/protocol2.0/reboot/win32) by extensions ['cmake', 'python']
[0.392s] Level 1:colcon.colcon_core.package_identification:_identify(src/DynamixelSDK/c#/protocol2.0/reboot/win32) by extension 'cmake'
[0.392s] Level 1:colcon.colcon_core.package_identification:_identify(src/DynamixelSDK/c#/protocol2.0/reboot/win32) by extension 'python'
[0.392s] Level 1:colcon.colcon_core.package_identification:_identify(src/DynamixelSDK/c#/protocol2.0/reboot/win32) by extensions ['python_setup_py']
[0.392s] Level 1:colcon.colcon_core.package_identification:_identify(src/DynamixelSDK/c#/protocol2.0/reboot/win32) by extension 'python_setup_py'
[0.392s] Level 1:colcon.colcon_core.package_identification:_identify(src/DynamixelSDK/c#/protocol2.0/reboot/win32/reboot) by extensions ['ignore', 'ignore_ament_install']
[0.392s] Level 1:colcon.colcon_core.package_identification:_identify(src/DynamixelSDK/c#/protocol2.0/reboot/win32/reboot) by extension 'ignore'
[0.392s] Level 1:colcon.colcon_core.package_identification:_identify(src/DynamixelSDK/c#/protocol2.0/reboot/win32/reboot) by extension 'ignore_ament_install'
[0.392s] Level 1:colcon.colcon_core.package_identification:_identify(src/DynamixelSDK/c#/protocol2.0/reboot/win32/reboot) by extensions ['colcon_pkg']
[0.392s] Level 1:colcon.colcon_core.package_identification:_identify(src/DynamixelSDK/c#/protocol2.0/reboot/win32/reboot) by extension 'colcon_pkg'
[0.392s] Level 1:colcon.colcon_core.package_identification:_identify(src/DynamixelSDK/c#/protocol2.0/reboot/win32/reboot) by extensions ['colcon_meta']
[0.392s] Level 1:colcon.colcon_core.package_identification:_identify(src/DynamixelSDK/c#/protocol2.0/reboot/win32/reboot) by extension 'colcon_meta'
[0.392s] Level 1:colcon.colcon_core.package_identification:_identify(src/DynamixelSDK/c#/protocol2.0/reboot/win32/reboot) by extensions ['ros']
[0.393s] Level 1:colcon.colcon_core.package_identification:_identify(src/DynamixelSDK/c#/protocol2.0/reboot/win32/reboot) by extension 'ros'
[0.393s] Level 1:colcon.colcon_core.package_identification:_identify(src/DynamixelSDK/c#/protocol2.0/reboot/win32/reboot) by extensions ['cmake', 'python']
[0.393s] Level 1:colcon.colcon_core.package_identification:_identify(src/DynamixelSDK/c#/protocol2.0/reboot/win32/reboot) by extension 'cmake'
[0.393s] Level 1:colcon.colcon_core.package_identification:_identify(src/DynamixelSDK/c#/protocol2.0/reboot/win32/reboot) by extension 'python'
[0.393s] Level 1:colcon.colcon_core.package_identification:_identify(src/DynamixelSDK/c#/protocol2.0/reboot/win32/reboot) by extensions ['python_setup_py']
[0.393s] Level 1:colcon.colcon_core.package_identification:_identify(src/DynamixelSDK/c#/protocol2.0/reboot/win32/reboot) by extension 'python_setup_py'
[0.393s] Level 1:colcon.colcon_core.package_identification:_identify(src/DynamixelSDK/c#/protocol2.0/reboot/win32/reboot/Properties) by extensions ['ignore', 'ignore_ament_install']
[0.393s] Level 1:colcon.colcon_core.package_identification:_identify(src/DynamixelSDK/c#/protocol2.0/reboot/win32/reboot/Properties) by extension 'ignore'
[0.393s] Level 1:colcon.colcon_core.package_identification:_identify(src/DynamixelSDK/c#/protocol2.0/reboot/win32/reboot/Properties) by extension 'ignore_ament_install'
[0.393s] Level 1:colcon.colcon_core.package_identification:_identify(src/DynamixelSDK/c#/protocol2.0/reboot/win32/reboot/Properties) by extensions ['colcon_pkg']
[0.393s] Level 1:colcon.colcon_core.package_identification:_identify(src/DynamixelSDK/c#/protocol2.0/reboot/win32/reboot/Properties) by extension 'colcon_pkg'
[0.393s] Level 1:colcon.colcon_core.package_identification:_identify(src/DynamixelSDK/c#/protocol2.0/reboot/win32/reboot/Properties) by extensions ['colcon_meta']
[0.393s] Level 1:colcon.colcon_core.package_identification:_identify(src/DynamixelSDK/c#/protocol2.0/reboot/win32/reboot/Properties) by extension 'colcon_meta'
[0.393s] Level 1:colcon.colcon_core.package_identification:_identify(src/DynamixelSDK/c#/protocol2.0/reboot/win32/reboot/Properties) by extensions ['ros']
[0.393s] Level 1:colcon.colcon_core.package_identification:_identify(src/DynamixelSDK/c#/protocol2.0/reboot/win32/reboot/Properties) by extension 'ros'
[0.393s] Level 1:colcon.colcon_core.package_identification:_identify(src/DynamixelSDK/c#/protocol2.0/reboot/win32/reboot/Properties) by extensions ['cmake', 'python']
[0.393s] Level 1:colcon.colcon_core.package_identification:_identify(src/DynamixelSDK/c#/protocol2.0/reboot/win32/reboot/Properties) by extension 'cmake'
[0.393s] Level 1:colcon.colcon_core.package_identification:_identify(src/DynamixelSDK/c#/protocol2.0/reboot/win32/reboot/Properties) by extension 'python'
[0.393s] Level 1:colcon.colcon_core.package_identification:_identify(src/DynamixelSDK/c#/protocol2.0/reboot/win32/reboot/Properties) by extensions ['python_setup_py']
[0.393s] Level 1:colcon.colcon_core.package_identification:_identify(src/DynamixelSDK/c#/protocol2.0/reboot/win32/reboot/Properties) by extension 'python_setup_py'
[0.393s] Level 1:colcon.colcon_core.package_identification:_identify(src/DynamixelSDK/c#/protocol2.0/reboot/win64) by extensions ['ignore', 'ignore_ament_install']
[0.393s] Level 1:colcon.colcon_core.package_identification:_identify(src/DynamixelSDK/c#/protocol2.0/reboot/win64) by extension 'ignore'
[0.394s] Level 1:colcon.colcon_core.package_identification:_identify(src/DynamixelSDK/c#/protocol2.0/reboot/win64) by extension 'ignore_ament_install'
[0.394s] Level 1:colcon.colcon_core.package_identification:_identify(src/DynamixelSDK/c#/protocol2.0/reboot/win64) by extensions ['colcon_pkg']
[0.394s] Level 1:colcon.colcon_core.package_identification:_identify(src/DynamixelSDK/c#/protocol2.0/reboot/win64) by extension 'colcon_pkg'
[0.394s] Level 1:colcon.colcon_core.package_identification:_identify(src/DynamixelSDK/c#/protocol2.0/reboot/win64) by extensions ['colcon_meta']
[0.394s] Level 1:colcon.colcon_core.package_identification:_identify(src/DynamixelSDK/c#/protocol2.0/reboot/win64) by extension 'colcon_meta'
[0.394s] Level 1:colcon.colcon_core.package_identification:_identify(src/DynamixelSDK/c#/protocol2.0/reboot/win64) by extensions ['ros']
[0.394s] Level 1:colcon.colcon_core.package_identification:_identify(src/DynamixelSDK/c#/protocol2.0/reboot/win64) by extension 'ros'
[0.394s] Level 1:colcon.colcon_core.package_identification:_identify(src/DynamixelSDK/c#/protocol2.0/reboot/win64) by extensions ['cmake', 'python']
[0.394s] Level 1:colcon.colcon_core.package_identification:_identify(src/DynamixelSDK/c#/protocol2.0/reboot/win64) by extension 'cmake'
[0.394s] Level 1:colcon.colcon_core.package_identification:_identify(src/DynamixelSDK/c#/protocol2.0/reboot/win64) by extension 'python'
[0.394s] Level 1:colcon.colcon_core.package_identification:_identify(src/DynamixelSDK/c#/protocol2.0/reboot/win64) by extensions ['python_setup_py']
[0.394s] Level 1:colcon.colcon_core.package_identification:_identify(src/DynamixelSDK/c#/protocol2.0/reboot/win64) by extension 'python_setup_py'
[0.394s] Level 1:colcon.colcon_core.package_identification:_identify(src/DynamixelSDK/c#/protocol2.0/reboot/win64/reboot) by extensions ['ignore', 'ignore_ament_install']
[0.394s] Level 1:colcon.colcon_core.package_identification:_identify(src/DynamixelSDK/c#/protocol2.0/reboot/win64/reboot) by extension 'ignore'
[0.394s] Level 1:colcon.colcon_core.package_identification:_identify(src/DynamixelSDK/c#/protocol2.0/reboot/win64/reboot) by extension 'ignore_ament_install'
[0.394s] Level 1:colcon.colcon_core.package_identification:_identify(src/DynamixelSDK/c#/protocol2.0/reboot/win64/reboot) by extensions ['colcon_pkg']
[0.394s] Level 1:colcon.colcon_core.package_identification:_identify(src/DynamixelSDK/c#/protocol2.0/reboot/win64/reboot) by extension 'colcon_pkg'
[0.394s] Level 1:colcon.colcon_core.package_identification:_identify(src/DynamixelSDK/c#/protocol2.0/reboot/win64/reboot) by extensions ['colcon_meta']
[0.394s] Level 1:colcon.colcon_core.package_identification:_identify(src/DynamixelSDK/c#/protocol2.0/reboot/win64/reboot) by extension 'colcon_meta'
[0.394s] Level 1:colcon.colcon_core.package_identification:_identify(src/DynamixelSDK/c#/protocol2.0/reboot/win64/reboot) by extensions ['ros']
[0.394s] Level 1:colcon.colcon_core.package_identification:_identify(src/DynamixelSDK/c#/protocol2.0/reboot/win64/reboot) by extension 'ros'
[0.394s] Level 1:colcon.colcon_core.package_identification:_identify(src/DynamixelSDK/c#/protocol2.0/reboot/win64/reboot) by extensions ['cmake', 'python']
[0.394s] Level 1:colcon.colcon_core.package_identification:_identify(src/DynamixelSDK/c#/protocol2.0/reboot/win64/reboot) by extension 'cmake'
[0.394s] Level 1:colcon.colcon_core.package_identification:_identify(src/DynamixelSDK/c#/protocol2.0/reboot/win64/reboot) by extension 'python'
[0.395s] Level 1:colcon.colcon_core.package_identification:_identify(src/DynamixelSDK/c#/protocol2.0/reboot/win64/reboot) by extensions ['python_setup_py']
[0.395s] Level 1:colcon.colcon_core.package_identification:_identify(src/DynamixelSDK/c#/protocol2.0/reboot/win64/reboot) by extension 'python_setup_py'
[0.395s] Level 1:colcon.colcon_core.package_identification:_identify(src/DynamixelSDK/c#/protocol2.0/reboot/win64/reboot/Properties) by extensions ['ignore', 'ignore_ament_install']
[0.395s] Level 1:colcon.colcon_core.package_identification:_identify(src/DynamixelSDK/c#/protocol2.0/reboot/win64/reboot/Properties) by extension 'ignore'
[0.395s] Level 1:colcon.colcon_core.package_identification:_identify(src/DynamixelSDK/c#/protocol2.0/reboot/win64/reboot/Properties) by extension 'ignore_ament_install'
[0.395s] Level 1:colcon.colcon_core.package_identification:_identify(src/DynamixelSDK/c#/protocol2.0/reboot/win64/reboot/Properties) by extensions ['colcon_pkg']
[0.395s] Level 1:colcon.colcon_core.package_identification:_identify(src/DynamixelSDK/c#/protocol2.0/reboot/win64/reboot/Properties) by extension 'colcon_pkg'
[0.395s] Level 1:colcon.colcon_core.package_identification:_identify(src/DynamixelSDK/c#/protocol2.0/reboot/win64/reboot/Properties) by extensions ['colcon_meta']
[0.395s] Level 1:colcon.colcon_core.package_identification:_identify(src/DynamixelSDK/c#/protocol2.0/reboot/win64/reboot/Properties) by extension 'colcon_meta'
[0.395s] Level 1:colcon.colcon_core.package_identification:_identify(src/DynamixelSDK/c#/protocol2.0/reboot/win64/reboot/Properties) by extensions ['ros']
[0.395s] Level 1:colcon.colcon_core.package_identification:_identify(src/DynamixelSDK/c#/protocol2.0/reboot/win64/reboot/Properties) by extension 'ros'
[0.395s] Level 1:colcon.colcon_core.package_identification:_identify(src/DynamixelSDK/c#/protocol2.0/reboot/win64/reboot/Properties) by extensions ['cmake', 'python']
[0.395s] Level 1:colcon.colcon_core.package_identification:_identify(src/DynamixelSDK/c#/protocol2.0/reboot/win64/reboot/Properties) by extension 'cmake'
[0.395s] Level 1:colcon.colcon_core.package_identification:_identify(src/DynamixelSDK/c#/protocol2.0/reboot/win64/reboot/Properties) by extension 'python'
[0.395s] Level 1:colcon.colcon_core.package_identification:_identify(src/DynamixelSDK/c#/protocol2.0/reboot/win64/reboot/Properties) by extensions ['python_setup_py']
[0.395s] Level 1:colcon.colcon_core.package_identification:_identify(src/DynamixelSDK/c#/protocol2.0/reboot/win64/reboot/Properties) by extension 'python_setup_py'
[0.395s] Level 1:colcon.colcon_core.package_identification:_identify(src/DynamixelSDK/c#/protocol2.0/sync_read_write) by extensions ['ignore', 'ignore_ament_install']
[0.395s] Level 1:colcon.colcon_core.package_identification:_identify(src/DynamixelSDK/c#/protocol2.0/sync_read_write) by extension 'ignore'
[0.396s] Level 1:colcon.colcon_core.package_identification:_identify(src/DynamixelSDK/c#/protocol2.0/sync_read_write) by extension 'ignore_ament_install'
[0.396s] Level 1:colcon.colcon_core.package_identification:_identify(src/DynamixelSDK/c#/protocol2.0/sync_read_write) by extensions ['colcon_pkg']
[0.396s] Level 1:colcon.colcon_core.package_identification:_identify(src/DynamixelSDK/c#/protocol2.0/sync_read_write) by extension 'colcon_pkg'
[0.396s] Level 1:colcon.colcon_core.package_identification:_identify(src/DynamixelSDK/c#/protocol2.0/sync_read_write) by extensions ['colcon_meta']
[0.396s] Level 1:colcon.colcon_core.package_identification:_identify(src/DynamixelSDK/c#/protocol2.0/sync_read_write) by extension 'colcon_meta'
[0.396s] Level 1:colcon.colcon_core.package_identification:_identify(src/DynamixelSDK/c#/protocol2.0/sync_read_write) by extensions ['ros']
[0.396s] Level 1:colcon.colcon_core.package_identification:_identify(src/DynamixelSDK/c#/protocol2.0/sync_read_write) by extension 'ros'
[0.396s] Level 1:colcon.colcon_core.package_identification:_identify(src/DynamixelSDK/c#/protocol2.0/sync_read_write) by extensions ['cmake', 'python']
[0.396s] Level 1:colcon.colcon_core.package_identification:_identify(src/DynamixelSDK/c#/protocol2.0/sync_read_write) by extension 'cmake'
[0.396s] Level 1:colcon.colcon_core.package_identification:_identify(src/DynamixelSDK/c#/protocol2.0/sync_read_write) by extension 'python'
[0.396s] Level 1:colcon.colcon_core.package_identification:_identify(src/DynamixelSDK/c#/protocol2.0/sync_read_write) by extensions ['python_setup_py']
[0.396s] Level 1:colcon.colcon_core.package_identification:_identify(src/DynamixelSDK/c#/protocol2.0/sync_read_write) by extension 'python_setup_py'
[0.396s] Level 1:colcon.colcon_core.package_identification:_identify(src/DynamixelSDK/c#/protocol2.0/sync_read_write/win32) by extensions ['ignore', 'ignore_ament_install']
[0.396s] Level 1:colcon.colcon_core.package_identification:_identify(src/DynamixelSDK/c#/protocol2.0/sync_read_write/win32) by extension 'ignore'
[0.396s] Level 1:colcon.colcon_core.package_identification:_identify(src/DynamixelSDK/c#/protocol2.0/sync_read_write/win32) by extension 'ignore_ament_install'
[0.396s] Level 1:colcon.colcon_core.package_identification:_identify(src/DynamixelSDK/c#/protocol2.0/sync_read_write/win32) by extensions ['colcon_pkg']
[0.396s] Level 1:colcon.colcon_core.package_identification:_identify(src/DynamixelSDK/c#/protocol2.0/sync_read_write/win32) by extension 'colcon_pkg'
[0.396s] Level 1:colcon.colcon_core.package_identification:_identify(src/DynamixelSDK/c#/protocol2.0/sync_read_write/win32) by extensions ['colcon_meta']
[0.396s] Level 1:colcon.colcon_core.package_identification:_identify(src/DynamixelSDK/c#/protocol2.0/sync_read_write/win32) by extension 'colcon_meta'
[0.396s] Level 1:colcon.colcon_core.package_identification:_identify(src/DynamixelSDK/c#/protocol2.0/sync_read_write/win32) by extensions ['ros']
[0.396s] Level 1:colcon.colcon_core.package_identification:_identify(src/DynamixelSDK/c#/protocol2.0/sync_read_write/win32) by extension 'ros'
[0.396s] Level 1:colcon.colcon_core.package_identification:_identify(src/DynamixelSDK/c#/protocol2.0/sync_read_write/win32) by extensions ['cmake', 'python']
[0.396s] Level 1:colcon.colcon_core.package_identification:_identify(src/DynamixelSDK/c#/protocol2.0/sync_read_write/win32) by extension 'cmake'
[0.396s] Level 1:colcon.colcon_core.package_identification:_identify(src/DynamixelSDK/c#/protocol2.0/sync_read_write/win32) by extension 'python'
[0.397s] Level 1:colcon.colcon_core.package_identification:_identify(src/DynamixelSDK/c#/protocol2.0/sync_read_write/win32) by extensions ['python_setup_py']
[0.397s] Level 1:colcon.colcon_core.package_identification:_identify(src/DynamixelSDK/c#/protocol2.0/sync_read_write/win32) by extension 'python_setup_py'
[0.397s] Level 1:colcon.colcon_core.package_identification:_identify(src/DynamixelSDK/c#/protocol2.0/sync_read_write/win32/sync_read_write) by extensions ['ignore', 'ignore_ament_install']
[0.397s] Level 1:colcon.colcon_core.package_identification:_identify(src/DynamixelSDK/c#/protocol2.0/sync_read_write/win32/sync_read_write) by extension 'ignore'
[0.397s] Level 1:colcon.colcon_core.package_identification:_identify(src/DynamixelSDK/c#/protocol2.0/sync_read_write/win32/sync_read_write) by extension 'ignore_ament_install'
[0.397s] Level 1:colcon.colcon_core.package_identification:_identify(src/DynamixelSDK/c#/protocol2.0/sync_read_write/win32/sync_read_write) by extensions ['colcon_pkg']
[0.397s] Level 1:colcon.colcon_core.package_identification:_identify(src/DynamixelSDK/c#/protocol2.0/sync_read_write/win32/sync_read_write) by extension 'colcon_pkg'
[0.397s] Level 1:colcon.colcon_core.package_identification:_identify(src/DynamixelSDK/c#/protocol2.0/sync_read_write/win32/sync_read_write) by extensions ['colcon_meta']
[0.397s] Level 1:colcon.colcon_core.package_identification:_identify(src/DynamixelSDK/c#/protocol2.0/sync_read_write/win32/sync_read_write) by extension 'colcon_meta'
[0.397s] Level 1:colcon.colcon_core.package_identification:_identify(src/DynamixelSDK/c#/protocol2.0/sync_read_write/win32/sync_read_write) by extensions ['ros']
[0.397s] Level 1:colcon.colcon_core.package_identification:_identify(src/DynamixelSDK/c#/protocol2.0/sync_read_write/win32/sync_read_write) by extension 'ros'
[0.397s] Level 1:colcon.colcon_core.package_identification:_identify(src/DynamixelSDK/c#/protocol2.0/sync_read_write/win32/sync_read_write) by extensions ['cmake', 'python']
[0.397s] Level 1:colcon.colcon_core.package_identification:_identify(src/DynamixelSDK/c#/protocol2.0/sync_read_write/win32/sync_read_write) by extension 'cmake'
[0.397s] Level 1:colcon.colcon_core.package_identification:_identify(src/DynamixelSDK/c#/protocol2.0/sync_read_write/win32/sync_read_write) by extension 'python'
[0.397s] Level 1:colcon.colcon_core.package_identification:_identify(src/DynamixelSDK/c#/protocol2.0/sync_read_write/win32/sync_read_write) by extensions ['python_setup_py']
[0.397s] Level 1:colcon.colcon_core.package_identification:_identify(src/DynamixelSDK/c#/protocol2.0/sync_read_write/win32/sync_read_write) by extension 'python_setup_py'
[0.397s] Level 1:colcon.colcon_core.package_identification:_identify(src/DynamixelSDK/c#/protocol2.0/sync_read_write/win32/sync_read_write/Properties) by extensions ['ignore', 'ignore_ament_install']
[0.397s] Level 1:colcon.colcon_core.package_identification:_identify(src/DynamixelSDK/c#/protocol2.0/sync_read_write/win32/sync_read_write/Properties) by extension 'ignore'
[0.397s] Level 1:colcon.colcon_core.package_identification:_identify(src/DynamixelSDK/c#/protocol2.0/sync_read_write/win32/sync_read_write/Properties) by extension 'ignore_ament_install'
[0.397s] Level 1:colcon.colcon_core.package_identification:_identify(src/DynamixelSDK/c#/protocol2.0/sync_read_write/win32/sync_read_write/Properties) by extensions ['colcon_pkg']
[0.397s] Level 1:colcon.colcon_core.package_identification:_identify(src/DynamixelSDK/c#/protocol2.0/sync_read_write/win32/sync_read_write/Properties) by extension 'colcon_pkg'
[0.397s] Level 1:colcon.colcon_core.package_identification:_identify(src/DynamixelSDK/c#/protocol2.0/sync_read_write/win32/sync_read_write/Properties) by extensions ['colcon_meta']
[0.397s] Level 1:colcon.colcon_core.package_identification:_identify(src/DynamixelSDK/c#/protocol2.0/sync_read_write/win32/sync_read_write/Properties) by extension 'colcon_meta'
[0.398s] Level 1:colcon.colcon_core.package_identification:_identify(src/DynamixelSDK/c#/protocol2.0/sync_read_write/win32/sync_read_write/Properties) by extensions ['ros']
[0.398s] Level 1:colcon.colcon_core.package_identification:_identify(src/DynamixelSDK/c#/protocol2.0/sync_read_write/win32/sync_read_write/Properties) by extension 'ros'
[0.398s] Level 1:colcon.colcon_core.package_identification:_identify(src/DynamixelSDK/c#/protocol2.0/sync_read_write/win32/sync_read_write/Properties) by extensions ['cmake', 'python']
[0.398s] Level 1:colcon.colcon_core.package_identification:_identify(src/DynamixelSDK/c#/protocol2.0/sync_read_write/win32/sync_read_write/Properties) by extension 'cmake'
[0.398s] Level 1:colcon.colcon_core.package_identification:_identify(src/DynamixelSDK/c#/protocol2.0/sync_read_write/win32/sync_read_write/Properties) by extension 'python'
[0.398s] Level 1:colcon.colcon_core.package_identification:_identify(src/DynamixelSDK/c#/protocol2.0/sync_read_write/win32/sync_read_write/Properties) by extensions ['python_setup_py']
[0.398s] Level 1:colcon.colcon_core.package_identification:_identify(src/DynamixelSDK/c#/protocol2.0/sync_read_write/win32/sync_read_write/Properties) by extension 'python_setup_py'
[0.398s] Level 1:colcon.colcon_core.package_identification:_identify(src/DynamixelSDK/c#/protocol2.0/sync_read_write/win64) by extensions ['ignore', 'ignore_ament_install']
[0.398s] Level 1:colcon.colcon_core.package_identification:_identify(src/DynamixelSDK/c#/protocol2.0/sync_read_write/win64) by extension 'ignore'
[0.398s] Level 1:colcon.colcon_core.package_identification:_identify(src/DynamixelSDK/c#/protocol2.0/sync_read_write/win64) by extension 'ignore_ament_install'
[0.398s] Level 1:colcon.colcon_core.package_identification:_identify(src/DynamixelSDK/c#/protocol2.0/sync_read_write/win64) by extensions ['colcon_pkg']
[0.398s] Level 1:colcon.colcon_core.package_identification:_identify(src/DynamixelSDK/c#/protocol2.0/sync_read_write/win64) by extension 'colcon_pkg'
[0.398s] Level 1:colcon.colcon_core.package_identification:_identify(src/DynamixelSDK/c#/protocol2.0/sync_read_write/win64) by extensions ['colcon_meta']
[0.398s] Level 1:colcon.colcon_core.package_identification:_identify(src/DynamixelSDK/c#/protocol2.0/sync_read_write/win64) by extension 'colcon_meta'
[0.398s] Level 1:colcon.colcon_core.package_identification:_identify(src/DynamixelSDK/c#/protocol2.0/sync_read_write/win64) by extensions ['ros']
[0.398s] Level 1:colcon.colcon_core.package_identification:_identify(src/DynamixelSDK/c#/protocol2.0/sync_read_write/win64) by extension 'ros'
[0.398s] Level 1:colcon.colcon_core.package_identification:_identify(src/DynamixelSDK/c#/protocol2.0/sync_read_write/win64) by extensions ['cmake', 'python']
[0.398s] Level 1:colcon.colcon_core.package_identification:_identify(src/DynamixelSDK/c#/protocol2.0/sync_read_write/win64) by extension 'cmake'
[0.398s] Level 1:colcon.colcon_core.package_identification:_identify(src/DynamixelSDK/c#/protocol2.0/sync_read_write/win64) by extension 'python'
[0.398s] Level 1:colcon.colcon_core.package_identification:_identify(src/DynamixelSDK/c#/protocol2.0/sync_read_write/win64) by extensions ['python_setup_py']
[0.398s] Level 1:colcon.colcon_core.package_identification:_identify(src/DynamixelSDK/c#/protocol2.0/sync_read_write/win64) by extension 'python_setup_py'
[0.398s] Level 1:colcon.colcon_core.package_identification:_identify(src/DynamixelSDK/c#/protocol2.0/sync_read_write/win64/sync_read_write) by extensions ['ignore', 'ignore_ament_install']
[0.399s] Level 1:colcon.colcon_core.package_identification:_identify(src/DynamixelSDK/c#/protocol2.0/sync_read_write/win64/sync_read_write) by extension 'ignore'
[0.399s] Level 1:colcon.colcon_core.package_identification:_identify(src/DynamixelSDK/c#/protocol2.0/sync_read_write/win64/sync_read_write) by extension 'ignore_ament_install'
[0.399s] Level 1:colcon.colcon_core.package_identification:_identify(src/DynamixelSDK/c#/protocol2.0/sync_read_write/win64/sync_read_write) by extensions ['colcon_pkg']
[0.399s] Level 1:colcon.colcon_core.package_identification:_identify(src/DynamixelSDK/c#/protocol2.0/sync_read_write/win64/sync_read_write) by extension 'colcon_pkg'
[0.399s] Level 1:colcon.colcon_core.package_identification:_identify(src/DynamixelSDK/c#/protocol2.0/sync_read_write/win64/sync_read_write) by extensions ['colcon_meta']
[0.399s] Level 1:colcon.colcon_core.package_identification:_identify(src/DynamixelSDK/c#/protocol2.0/sync_read_write/win64/sync_read_write) by extension 'colcon_meta'
[0.399s] Level 1:colcon.colcon_core.package_identification:_identify(src/DynamixelSDK/c#/protocol2.0/sync_read_write/win64/sync_read_write) by extensions ['ros']
[0.399s] Level 1:colcon.colcon_core.package_identification:_identify(src/DynamixelSDK/c#/protocol2.0/sync_read_write/win64/sync_read_write) by extension 'ros'
[0.399s] Level 1:colcon.colcon_core.package_identification:_identify(src/DynamixelSDK/c#/protocol2.0/sync_read_write/win64/sync_read_write) by extensions ['cmake', 'python']
[0.399s] Level 1:colcon.colcon_core.package_identification:_identify(src/DynamixelSDK/c#/protocol2.0/sync_read_write/win64/sync_read_write) by extension 'cmake'
[0.399s] Level 1:colcon.colcon_core.package_identification:_identify(src/DynamixelSDK/c#/protocol2.0/sync_read_write/win64/sync_read_write) by extension 'python'
[0.399s] Level 1:colcon.colcon_core.package_identification:_identify(src/DynamixelSDK/c#/protocol2.0/sync_read_write/win64/sync_read_write) by extensions ['python_setup_py']
[0.399s] Level 1:colcon.colcon_core.package_identification:_identify(src/DynamixelSDK/c#/protocol2.0/sync_read_write/win64/sync_read_write) by extension 'python_setup_py'
[0.399s] Level 1:colcon.colcon_core.package_identification:_identify(src/DynamixelSDK/c#/protocol2.0/sync_read_write/win64/sync_read_write/Properties) by extensions ['ignore', 'ignore_ament_install']
[0.399s] Level 1:colcon.colcon_core.package_identification:_identify(src/DynamixelSDK/c#/protocol2.0/sync_read_write/win64/sync_read_write/Properties) by extension 'ignore'
[0.399s] Level 1:colcon.colcon_core.package_identification:_identify(src/DynamixelSDK/c#/protocol2.0/sync_read_write/win64/sync_read_write/Properties) by extension 'ignore_ament_install'
[0.399s] Level 1:colcon.colcon_core.package_identification:_identify(src/DynamixelSDK/c#/protocol2.0/sync_read_write/win64/sync_read_write/Properties) by extensions ['colcon_pkg']
[0.399s] Level 1:colcon.colcon_core.package_identification:_identify(src/DynamixelSDK/c#/protocol2.0/sync_read_write/win64/sync_read_write/Properties) by extension 'colcon_pkg'
[0.399s] Level 1:colcon.colcon_core.package_identification:_identify(src/DynamixelSDK/c#/protocol2.0/sync_read_write/win64/sync_read_write/Properties) by extensions ['colcon_meta']
[0.400s] Level 1:colcon.colcon_core.package_identification:_identify(src/DynamixelSDK/c#/protocol2.0/sync_read_write/win64/sync_read_write/Properties) by extension 'colcon_meta'
[0.400s] Level 1:colcon.colcon_core.package_identification:_identify(src/DynamixelSDK/c#/protocol2.0/sync_read_write/win64/sync_read_write/Properties) by extensions ['ros']
[0.400s] Level 1:colcon.colcon_core.package_identification:_identify(src/DynamixelSDK/c#/protocol2.0/sync_read_write/win64/sync_read_write/Properties) by extension 'ros'
[0.400s] Level 1:colcon.colcon_core.package_identification:_identify(src/DynamixelSDK/c#/protocol2.0/sync_read_write/win64/sync_read_write/Properties) by extensions ['cmake', 'python']
[0.400s] Level 1:colcon.colcon_core.package_identification:_identify(src/DynamixelSDK/c#/protocol2.0/sync_read_write/win64/sync_read_write/Properties) by extension 'cmake'
[0.400s] Level 1:colcon.colcon_core.package_identification:_identify(src/DynamixelSDK/c#/protocol2.0/sync_read_write/win64/sync_read_write/Properties) by extension 'python'
[0.400s] Level 1:colcon.colcon_core.package_identification:_identify(src/DynamixelSDK/c#/protocol2.0/sync_read_write/win64/sync_read_write/Properties) by extensions ['python_setup_py']
[0.400s] Level 1:colcon.colcon_core.package_identification:_identify(src/DynamixelSDK/c#/protocol2.0/sync_read_write/win64/sync_read_write/Properties) by extension 'python_setup_py'
[0.400s] Level 1:colcon.colcon_core.package_identification:_identify(src/DynamixelSDK/c#/protocol_combined) by extensions ['ignore', 'ignore_ament_install']
[0.400s] Level 1:colcon.colcon_core.package_identification:_identify(src/DynamixelSDK/c#/protocol_combined) by extension 'ignore'
[0.400s] Level 1:colcon.colcon_core.package_identification:_identify(src/DynamixelSDK/c#/protocol_combined) by extension 'ignore_ament_install'
[0.400s] Level 1:colcon.colcon_core.package_identification:_identify(src/DynamixelSDK/c#/protocol_combined) by extensions ['colcon_pkg']
[0.400s] Level 1:colcon.colcon_core.package_identification:_identify(src/DynamixelSDK/c#/protocol_combined) by extension 'colcon_pkg'
[0.400s] Level 1:colcon.colcon_core.package_identification:_identify(src/DynamixelSDK/c#/protocol_combined) by extensions ['colcon_meta']
[0.400s] Level 1:colcon.colcon_core.package_identification:_identify(src/DynamixelSDK/c#/protocol_combined) by extension 'colcon_meta'
[0.400s] Level 1:colcon.colcon_core.package_identification:_identify(src/DynamixelSDK/c#/protocol_combined) by extensions ['ros']
[0.400s] Level 1:colcon.colcon_core.package_identification:_identify(src/DynamixelSDK/c#/protocol_combined) by extension 'ros'
[0.400s] Level 1:colcon.colcon_core.package_identification:_identify(src/DynamixelSDK/c#/protocol_combined) by extensions ['cmake', 'python']
[0.400s] Level 1:colcon.colcon_core.package_identification:_identify(src/DynamixelSDK/c#/protocol_combined) by extension 'cmake'
[0.400s] Level 1:colcon.colcon_core.package_identification:_identify(src/DynamixelSDK/c#/protocol_combined) by extension 'python'
[0.400s] Level 1:colcon.colcon_core.package_identification:_identify(src/DynamixelSDK/c#/protocol_combined) by extensions ['python_setup_py']
[0.400s] Level 1:colcon.colcon_core.package_identification:_identify(src/DynamixelSDK/c#/protocol_combined) by extension 'python_setup_py'
[0.400s] Level 1:colcon.colcon_core.package_identification:_identify(src/DynamixelSDK/c#/protocol_combined/win32) by extensions ['ignore', 'ignore_ament_install']
[0.401s] Level 1:colcon.colcon_core.package_identification:_identify(src/DynamixelSDK/c#/protocol_combined/win32) by extension 'ignore'
[0.401s] Level 1:colcon.colcon_core.package_identification:_identify(src/DynamixelSDK/c#/protocol_combined/win32) by extension 'ignore_ament_install'
[0.401s] Level 1:colcon.colcon_core.package_identification:_identify(src/DynamixelSDK/c#/protocol_combined/win32) by extensions ['colcon_pkg']
[0.401s] Level 1:colcon.colcon_core.package_identification:_identify(src/DynamixelSDK/c#/protocol_combined/win32) by extension 'colcon_pkg'
[0.401s] Level 1:colcon.colcon_core.package_identification:_identify(src/DynamixelSDK/c#/protocol_combined/win32) by extensions ['colcon_meta']
[0.401s] Level 1:colcon.colcon_core.package_identification:_identify(src/DynamixelSDK/c#/protocol_combined/win32) by extension 'colcon_meta'
[0.401s] Level 1:colcon.colcon_core.package_identification:_identify(src/DynamixelSDK/c#/protocol_combined/win32) by extensions ['ros']
[0.401s] Level 1:colcon.colcon_core.package_identification:_identify(src/DynamixelSDK/c#/protocol_combined/win32) by extension 'ros'
[0.401s] Level 1:colcon.colcon_core.package_identification:_identify(src/DynamixelSDK/c#/protocol_combined/win32) by extensions ['cmake', 'python']
[0.401s] Level 1:colcon.colcon_core.package_identification:_identify(src/DynamixelSDK/c#/protocol_combined/win32) by extension 'cmake'
[0.401s] Level 1:colcon.colcon_core.package_identification:_identify(src/DynamixelSDK/c#/protocol_combined/win32) by extension 'python'
[0.401s] Level 1:colcon.colcon_core.package_identification:_identify(src/DynamixelSDK/c#/protocol_combined/win32) by extensions ['python_setup_py']
[0.401s] Level 1:colcon.colcon_core.package_identification:_identify(src/DynamixelSDK/c#/protocol_combined/win32) by extension 'python_setup_py'
[0.401s] Level 1:colcon.colcon_core.package_identification:_identify(src/DynamixelSDK/c#/protocol_combined/win32/protocol_combined) by extensions ['ignore', 'ignore_ament_install']
[0.401s] Level 1:colcon.colcon_core.package_identification:_identify(src/DynamixelSDK/c#/protocol_combined/win32/protocol_combined) by extension 'ignore'
[0.401s] Level 1:colcon.colcon_core.package_identification:_identify(src/DynamixelSDK/c#/protocol_combined/win32/protocol_combined) by extension 'ignore_ament_install'
[0.401s] Level 1:colcon.colcon_core.package_identification:_identify(src/DynamixelSDK/c#/protocol_combined/win32/protocol_combined) by extensions ['colcon_pkg']
[0.401s] Level 1:colcon.colcon_core.package_identification:_identify(src/DynamixelSDK/c#/protocol_combined/win32/protocol_combined) by extension 'colcon_pkg'
[0.401s] Level 1:colcon.colcon_core.package_identification:_identify(src/DynamixelSDK/c#/protocol_combined/win32/protocol_combined) by extensions ['colcon_meta']
[0.401s] Level 1:colcon.colcon_core.package_identification:_identify(src/DynamixelSDK/c#/protocol_combined/win32/protocol_combined) by extension 'colcon_meta'
[0.401s] Level 1:colcon.colcon_core.package_identification:_identify(src/DynamixelSDK/c#/protocol_combined/win32/protocol_combined) by extensions ['ros']
[0.401s] Level 1:colcon.colcon_core.package_identification:_identify(src/DynamixelSDK/c#/protocol_combined/win32/protocol_combined) by extension 'ros'
[0.401s] Level 1:colcon.colcon_core.package_identification:_identify(src/DynamixelSDK/c#/protocol_combined/win32/protocol_combined) by extensions ['cmake', 'python']
[0.401s] Level 1:colcon.colcon_core.package_identification:_identify(src/DynamixelSDK/c#/protocol_combined/win32/protocol_combined) by extension 'cmake'
[0.401s] Level 1:colcon.colcon_core.package_identification:_identify(src/DynamixelSDK/c#/protocol_combined/win32/protocol_combined) by extension 'python'
[0.402s] Level 1:colcon.colcon_core.package_identification:_identify(src/DynamixelSDK/c#/protocol_combined/win32/protocol_combined) by extensions ['python_setup_py']
[0.402s] Level 1:colcon.colcon_core.package_identification:_identify(src/DynamixelSDK/c#/protocol_combined/win32/protocol_combined) by extension 'python_setup_py'
[0.402s] Level 1:colcon.colcon_core.package_identification:_identify(src/DynamixelSDK/c#/protocol_combined/win32/protocol_combined/Properties) by extensions ['ignore', 'ignore_ament_install']
[0.402s] Level 1:colcon.colcon_core.package_identification:_identify(src/DynamixelSDK/c#/protocol_combined/win32/protocol_combined/Properties) by extension 'ignore'
[0.402s] Level 1:colcon.colcon_core.package_identification:_identify(src/DynamixelSDK/c#/protocol_combined/win32/protocol_combined/Properties) by extension 'ignore_ament_install'
[0.402s] Level 1:colcon.colcon_core.package_identification:_identify(src/DynamixelSDK/c#/protocol_combined/win32/protocol_combined/Properties) by extensions ['colcon_pkg']
[0.402s] Level 1:colcon.colcon_core.package_identification:_identify(src/DynamixelSDK/c#/protocol_combined/win32/protocol_combined/Properties) by extension 'colcon_pkg'
[0.402s] Level 1:colcon.colcon_core.package_identification:_identify(src/DynamixelSDK/c#/protocol_combined/win32/protocol_combined/Properties) by extensions ['colcon_meta']
[0.402s] Level 1:colcon.colcon_core.package_identification:_identify(src/DynamixelSDK/c#/protocol_combined/win32/protocol_combined/Properties) by extension 'colcon_meta'
[0.402s] Level 1:colcon.colcon_core.package_identification:_identify(src/DynamixelSDK/c#/protocol_combined/win32/protocol_combined/Properties) by extensions ['ros']
[0.402s] Level 1:colcon.colcon_core.package_identification:_identify(src/DynamixelSDK/c#/protocol_combined/win32/protocol_combined/Properties) by extension 'ros'
[0.402s] Level 1:colcon.colcon_core.package_identification:_identify(src/DynamixelSDK/c#/protocol_combined/win32/protocol_combined/Properties) by extensions ['cmake', 'python']
[0.402s] Level 1:colcon.colcon_core.package_identification:_identify(src/DynamixelSDK/c#/protocol_combined/win32/protocol_combined/Properties) by extension 'cmake'
[0.402s] Level 1:colcon.colcon_core.package_identification:_identify(src/DynamixelSDK/c#/protocol_combined/win32/protocol_combined/Properties) by extension 'python'
[0.402s] Level 1:colcon.colcon_core.package_identification:_identify(src/DynamixelSDK/c#/protocol_combined/win32/protocol_combined/Properties) by extensions ['python_setup_py']
[0.402s] Level 1:colcon.colcon_core.package_identification:_identify(src/DynamixelSDK/c#/protocol_combined/win32/protocol_combined/Properties) by extension 'python_setup_py'
[0.402s] Level 1:colcon.colcon_core.package_identification:_identify(src/DynamixelSDK/c#/protocol_combined/win32/protocol_combined/obj) by extensions ['ignore', 'ignore_ament_install']
[0.402s] Level 1:colcon.colcon_core.package_identification:_identify(src/DynamixelSDK/c#/protocol_combined/win32/protocol_combined/obj) by extension 'ignore'
[0.402s] Level 1:colcon.colcon_core.package_identification:_identify(src/DynamixelSDK/c#/protocol_combined/win32/protocol_combined/obj) by extension 'ignore_ament_install'
[0.402s] Level 1:colcon.colcon_core.package_identification:_identify(src/DynamixelSDK/c#/protocol_combined/win32/protocol_combined/obj) by extensions ['colcon_pkg']
[0.402s] Level 1:colcon.colcon_core.package_identification:_identify(src/DynamixelSDK/c#/protocol_combined/win32/protocol_combined/obj) by extension 'colcon_pkg'
[0.402s] Level 1:colcon.colcon_core.package_identification:_identify(src/DynamixelSDK/c#/protocol_combined/win32/protocol_combined/obj) by extensions ['colcon_meta']
[0.402s] Level 1:colcon.colcon_core.package_identification:_identify(src/DynamixelSDK/c#/protocol_combined/win32/protocol_combined/obj) by extension 'colcon_meta'
[0.403s] Level 1:colcon.colcon_core.package_identification:_identify(src/DynamixelSDK/c#/protocol_combined/win32/protocol_combined/obj) by extensions ['ros']
[0.403s] Level 1:colcon.colcon_core.package_identification:_identify(src/DynamixelSDK/c#/protocol_combined/win32/protocol_combined/obj) by extension 'ros'
[0.403s] Level 1:colcon.colcon_core.package_identification:_identify(src/DynamixelSDK/c#/protocol_combined/win32/protocol_combined/obj) by extensions ['cmake', 'python']
[0.403s] Level 1:colcon.colcon_core.package_identification:_identify(src/DynamixelSDK/c#/protocol_combined/win32/protocol_combined/obj) by extension 'cmake'
[0.403s] Level 1:colcon.colcon_core.package_identification:_identify(src/DynamixelSDK/c#/protocol_combined/win32/protocol_combined/obj) by extension 'python'
[0.403s] Level 1:colcon.colcon_core.package_identification:_identify(src/DynamixelSDK/c#/protocol_combined/win32/protocol_combined/obj) by extensions ['python_setup_py']
[0.403s] Level 1:colcon.colcon_core.package_identification:_identify(src/DynamixelSDK/c#/protocol_combined/win32/protocol_combined/obj) by extension 'python_setup_py'
[0.403s] Level 1:colcon.colcon_core.package_identification:_identify(src/DynamixelSDK/c#/protocol_combined/win32/protocol_combined/obj/Debug) by extensions ['ignore', 'ignore_ament_install']
[0.403s] Level 1:colcon.colcon_core.package_identification:_identify(src/DynamixelSDK/c#/protocol_combined/win32/protocol_combined/obj/Debug) by extension 'ignore'
[0.403s] Level 1:colcon.colcon_core.package_identification:_identify(src/DynamixelSDK/c#/protocol_combined/win32/protocol_combined/obj/Debug) by extension 'ignore_ament_install'
[0.403s] Level 1:colcon.colcon_core.package_identification:_identify(src/DynamixelSDK/c#/protocol_combined/win32/protocol_combined/obj/Debug) by extensions ['colcon_pkg']
[0.403s] Level 1:colcon.colcon_core.package_identification:_identify(src/DynamixelSDK/c#/protocol_combined/win32/protocol_combined/obj/Debug) by extension 'colcon_pkg'
[0.403s] Level 1:colcon.colcon_core.package_identification:_identify(src/DynamixelSDK/c#/protocol_combined/win32/protocol_combined/obj/Debug) by extensions ['colcon_meta']
[0.403s] Level 1:colcon.colcon_core.package_identification:_identify(src/DynamixelSDK/c#/protocol_combined/win32/protocol_combined/obj/Debug) by extension 'colcon_meta'
[0.403s] Level 1:colcon.colcon_core.package_identification:_identify(src/DynamixelSDK/c#/protocol_combined/win32/protocol_combined/obj/Debug) by extensions ['ros']
[0.403s] Level 1:colcon.colcon_core.package_identification:_identify(src/DynamixelSDK/c#/protocol_combined/win32/protocol_combined/obj/Debug) by extension 'ros'
[0.403s] Level 1:colcon.colcon_core.package_identification:_identify(src/DynamixelSDK/c#/protocol_combined/win32/protocol_combined/obj/Debug) by extensions ['cmake', 'python']
[0.403s] Level 1:colcon.colcon_core.package_identification:_identify(src/DynamixelSDK/c#/protocol_combined/win32/protocol_combined/obj/Debug) by extension 'cmake'
[0.403s] Level 1:colcon.colcon_core.package_identification:_identify(src/DynamixelSDK/c#/protocol_combined/win32/protocol_combined/obj/Debug) by extension 'python'
[0.403s] Level 1:colcon.colcon_core.package_identification:_identify(src/DynamixelSDK/c#/protocol_combined/win32/protocol_combined/obj/Debug) by extensions ['python_setup_py']
[0.403s] Level 1:colcon.colcon_core.package_identification:_identify(src/DynamixelSDK/c#/protocol_combined/win32/protocol_combined/obj/Debug) by extension 'python_setup_py'
[0.403s] Level 1:colcon.colcon_core.package_identification:_identify(src/DynamixelSDK/c#/protocol_combined/win32/protocol_combined/obj/Release) by extensions ['ignore', 'ignore_ament_install']
[0.404s] Level 1:colcon.colcon_core.package_identification:_identify(src/DynamixelSDK/c#/protocol_combined/win32/protocol_combined/obj/Release) by extension 'ignore'
[0.404s] Level 1:colcon.colcon_core.package_identification:_identify(src/DynamixelSDK/c#/protocol_combined/win32/protocol_combined/obj/Release) by extension 'ignore_ament_install'
[0.404s] Level 1:colcon.colcon_core.package_identification:_identify(src/DynamixelSDK/c#/protocol_combined/win32/protocol_combined/obj/Release) by extensions ['colcon_pkg']
[0.404s] Level 1:colcon.colcon_core.package_identification:_identify(src/DynamixelSDK/c#/protocol_combined/win32/protocol_combined/obj/Release) by extension 'colcon_pkg'
[0.404s] Level 1:colcon.colcon_core.package_identification:_identify(src/DynamixelSDK/c#/protocol_combined/win32/protocol_combined/obj/Release) by extensions ['colcon_meta']
[0.404s] Level 1:colcon.colcon_core.package_identification:_identify(src/DynamixelSDK/c#/protocol_combined/win32/protocol_combined/obj/Release) by extension 'colcon_meta'
[0.404s] Level 1:colcon.colcon_core.package_identification:_identify(src/DynamixelSDK/c#/protocol_combined/win32/protocol_combined/obj/Release) by extensions ['ros']
[0.404s] Level 1:colcon.colcon_core.package_identification:_identify(src/DynamixelSDK/c#/protocol_combined/win32/protocol_combined/obj/Release) by extension 'ros'
[0.404s] Level 1:colcon.colcon_core.package_identification:_identify(src/DynamixelSDK/c#/protocol_combined/win32/protocol_combined/obj/Release) by extensions ['cmake', 'python']
[0.404s] Level 1:colcon.colcon_core.package_identification:_identify(src/DynamixelSDK/c#/protocol_combined/win32/protocol_combined/obj/Release) by extension 'cmake'
[0.404s] Level 1:colcon.colcon_core.package_identification:_identify(src/DynamixelSDK/c#/protocol_combined/win32/protocol_combined/obj/Release) by extension 'python'
[0.404s] Level 1:colcon.colcon_core.package_identification:_identify(src/DynamixelSDK/c#/protocol_combined/win32/protocol_combined/obj/Release) by extensions ['python_setup_py']
[0.404s] Level 1:colcon.colcon_core.package_identification:_identify(src/DynamixelSDK/c#/protocol_combined/win32/protocol_combined/obj/Release) by extension 'python_setup_py'
[0.404s] Level 1:colcon.colcon_core.package_identification:_identify(src/DynamixelSDK/c#/protocol_combined/win32/protocol_combined/obj/x86) by extensions ['ignore', 'ignore_ament_install']
[0.404s] Level 1:colcon.colcon_core.package_identification:_identify(src/DynamixelSDK/c#/protocol_combined/win32/protocol_combined/obj/x86) by extension 'ignore'
[0.404s] Level 1:colcon.colcon_core.package_identification:_identify(src/DynamixelSDK/c#/protocol_combined/win32/protocol_combined/obj/x86) by extension 'ignore_ament_install'
[0.404s] Level 1:colcon.colcon_core.package_identification:_identify(src/DynamixelSDK/c#/protocol_combined/win32/protocol_combined/obj/x86) by extensions ['colcon_pkg']
[0.404s] Level 1:colcon.colcon_core.package_identification:_identify(src/DynamixelSDK/c#/protocol_combined/win32/protocol_combined/obj/x86) by extension 'colcon_pkg'
[0.404s] Level 1:colcon.colcon_core.package_identification:_identify(src/DynamixelSDK/c#/protocol_combined/win32/protocol_combined/obj/x86) by extensions ['colcon_meta']
[0.404s] Level 1:colcon.colcon_core.package_identification:_identify(src/DynamixelSDK/c#/protocol_combined/win32/protocol_combined/obj/x86) by extension 'colcon_meta'
[0.404s] Level 1:colcon.colcon_core.package_identification:_identify(src/DynamixelSDK/c#/protocol_combined/win32/protocol_combined/obj/x86) by extensions ['ros']
[0.404s] Level 1:colcon.colcon_core.package_identification:_identify(src/DynamixelSDK/c#/protocol_combined/win32/protocol_combined/obj/x86) by extension 'ros'
[0.405s] Level 1:colcon.colcon_core.package_identification:_identify(src/DynamixelSDK/c#/protocol_combined/win32/protocol_combined/obj/x86) by extensions ['cmake', 'python']
[0.405s] Level 1:colcon.colcon_core.package_identification:_identify(src/DynamixelSDK/c#/protocol_combined/win32/protocol_combined/obj/x86) by extension 'cmake'
[0.405s] Level 1:colcon.colcon_core.package_identification:_identify(src/DynamixelSDK/c#/protocol_combined/win32/protocol_combined/obj/x86) by extension 'python'
[0.405s] Level 1:colcon.colcon_core.package_identification:_identify(src/DynamixelSDK/c#/protocol_combined/win32/protocol_combined/obj/x86) by extensions ['python_setup_py']
[0.405s] Level 1:colcon.colcon_core.package_identification:_identify(src/DynamixelSDK/c#/protocol_combined/win32/protocol_combined/obj/x86) by extension 'python_setup_py'
[0.405s] Level 1:colcon.colcon_core.package_identification:_identify(src/DynamixelSDK/c#/protocol_combined/win32/protocol_combined/obj/x86/Debug) by extensions ['ignore', 'ignore_ament_install']
[0.405s] Level 1:colcon.colcon_core.package_identification:_identify(src/DynamixelSDK/c#/protocol_combined/win32/protocol_combined/obj/x86/Debug) by extension 'ignore'
[0.405s] Level 1:colcon.colcon_core.package_identification:_identify(src/DynamixelSDK/c#/protocol_combined/win32/protocol_combined/obj/x86/Debug) by extension 'ignore_ament_install'
[0.405s] Level 1:colcon.colcon_core.package_identification:_identify(src/DynamixelSDK/c#/protocol_combined/win32/protocol_combined/obj/x86/Debug) by extensions ['colcon_pkg']
[0.405s] Level 1:colcon.colcon_core.package_identification:_identify(src/DynamixelSDK/c#/protocol_combined/win32/protocol_combined/obj/x86/Debug) by extension 'colcon_pkg'
[0.405s] Level 1:colcon.colcon_core.package_identification:_identify(src/DynamixelSDK/c#/protocol_combined/win32/protocol_combined/obj/x86/Debug) by extensions ['colcon_meta']
[0.405s] Level 1:colcon.colcon_core.package_identification:_identify(src/DynamixelSDK/c#/protocol_combined/win32/protocol_combined/obj/x86/Debug) by extension 'colcon_meta'
[0.405s] Level 1:colcon.colcon_core.package_identification:_identify(src/DynamixelSDK/c#/protocol_combined/win32/protocol_combined/obj/x86/Debug) by extensions ['ros']
[0.405s] Level 1:colcon.colcon_core.package_identification:_identify(src/DynamixelSDK/c#/protocol_combined/win32/protocol_combined/obj/x86/Debug) by extension 'ros'
[0.405s] Level 1:colcon.colcon_core.package_identification:_identify(src/DynamixelSDK/c#/protocol_combined/win32/protocol_combined/obj/x86/Debug) by extensions ['cmake', 'python']
[0.405s] Level 1:colcon.colcon_core.package_identification:_identify(src/DynamixelSDK/c#/protocol_combined/win32/protocol_combined/obj/x86/Debug) by extension 'cmake'
[0.405s] Level 1:colcon.colcon_core.package_identification:_identify(src/DynamixelSDK/c#/protocol_combined/win32/protocol_combined/obj/x86/Debug) by extension 'python'
[0.405s] Level 1:colcon.colcon_core.package_identification:_identify(src/DynamixelSDK/c#/protocol_combined/win32/protocol_combined/obj/x86/Debug) by extensions ['python_setup_py']
[0.405s] Level 1:colcon.colcon_core.package_identification:_identify(src/DynamixelSDK/c#/protocol_combined/win32/protocol_combined/obj/x86/Debug) by extension 'python_setup_py'
[0.405s] Level 1:colcon.colcon_core.package_identification:_identify(src/DynamixelSDK/c#/protocol_combined/win32/protocol_combined/obj/x86/Release) by extensions ['ignore', 'ignore_ament_install']
[0.405s] Level 1:colcon.colcon_core.package_identification:_identify(src/DynamixelSDK/c#/protocol_combined/win32/protocol_combined/obj/x86/Release) by extension 'ignore'
[0.405s] Level 1:colcon.colcon_core.package_identification:_identify(src/DynamixelSDK/c#/protocol_combined/win32/protocol_combined/obj/x86/Release) by extension 'ignore_ament_install'
[0.406s] Level 1:colcon.colcon_core.package_identification:_identify(src/DynamixelSDK/c#/protocol_combined/win32/protocol_combined/obj/x86/Release) by extensions ['colcon_pkg']
[0.406s] Level 1:colcon.colcon_core.package_identification:_identify(src/DynamixelSDK/c#/protocol_combined/win32/protocol_combined/obj/x86/Release) by extension 'colcon_pkg'
[0.406s] Level 1:colcon.colcon_core.package_identification:_identify(src/DynamixelSDK/c#/protocol_combined/win32/protocol_combined/obj/x86/Release) by extensions ['colcon_meta']
[0.406s] Level 1:colcon.colcon_core.package_identification:_identify(src/DynamixelSDK/c#/protocol_combined/win32/protocol_combined/obj/x86/Release) by extension 'colcon_meta'
[0.406s] Level 1:colcon.colcon_core.package_identification:_identify(src/DynamixelSDK/c#/protocol_combined/win32/protocol_combined/obj/x86/Release) by extensions ['ros']
[0.406s] Level 1:colcon.colcon_core.package_identification:_identify(src/DynamixelSDK/c#/protocol_combined/win32/protocol_combined/obj/x86/Release) by extension 'ros'
[0.406s] Level 1:colcon.colcon_core.package_identification:_identify(src/DynamixelSDK/c#/protocol_combined/win32/protocol_combined/obj/x86/Release) by extensions ['cmake', 'python']
[0.406s] Level 1:colcon.colcon_core.package_identification:_identify(src/DynamixelSDK/c#/protocol_combined/win32/protocol_combined/obj/x86/Release) by extension 'cmake'
[0.406s] Level 1:colcon.colcon_core.package_identification:_identify(src/DynamixelSDK/c#/protocol_combined/win32/protocol_combined/obj/x86/Release) by extension 'python'
[0.406s] Level 1:colcon.colcon_core.package_identification:_identify(src/DynamixelSDK/c#/protocol_combined/win32/protocol_combined/obj/x86/Release) by extensions ['python_setup_py']
[0.406s] Level 1:colcon.colcon_core.package_identification:_identify(src/DynamixelSDK/c#/protocol_combined/win32/protocol_combined/obj/x86/Release) by extension 'python_setup_py'
[0.406s] Level 1:colcon.colcon_core.package_identification:_identify(src/DynamixelSDK/c#/protocol_combined/win64) by extensions ['ignore', 'ignore_ament_install']
[0.406s] Level 1:colcon.colcon_core.package_identification:_identify(src/DynamixelSDK/c#/protocol_combined/win64) by extension 'ignore'
[0.406s] Level 1:colcon.colcon_core.package_identification:_identify(src/DynamixelSDK/c#/protocol_combined/win64) by extension 'ignore_ament_install'
[0.406s] Level 1:colcon.colcon_core.package_identification:_identify(src/DynamixelSDK/c#/protocol_combined/win64) by extensions ['colcon_pkg']
[0.406s] Level 1:colcon.colcon_core.package_identification:_identify(src/DynamixelSDK/c#/protocol_combined/win64) by extension 'colcon_pkg'
[0.406s] Level 1:colcon.colcon_core.package_identification:_identify(src/DynamixelSDK/c#/protocol_combined/win64) by extensions ['colcon_meta']
[0.406s] Level 1:colcon.colcon_core.package_identification:_identify(src/DynamixelSDK/c#/protocol_combined/win64) by extension 'colcon_meta'
[0.406s] Level 1:colcon.colcon_core.package_identification:_identify(src/DynamixelSDK/c#/protocol_combined/win64) by extensions ['ros']
[0.406s] Level 1:colcon.colcon_core.package_identification:_identify(src/DynamixelSDK/c#/protocol_combined/win64) by extension 'ros'
[0.406s] Level 1:colcon.colcon_core.package_identification:_identify(src/DynamixelSDK/c#/protocol_combined/win64) by extensions ['cmake', 'python']
[0.406s] Level 1:colcon.colcon_core.package_identification:_identify(src/DynamixelSDK/c#/protocol_combined/win64) by extension 'cmake'
[0.407s] Level 1:colcon.colcon_core.package_identification:_identify(src/DynamixelSDK/c#/protocol_combined/win64) by extension 'python'
[0.407s] Level 1:colcon.colcon_core.package_identification:_identify(src/DynamixelSDK/c#/protocol_combined/win64) by extensions ['python_setup_py']
[0.407s] Level 1:colcon.colcon_core.package_identification:_identify(src/DynamixelSDK/c#/protocol_combined/win64) by extension 'python_setup_py'
[0.407s] Level 1:colcon.colcon_core.package_identification:_identify(src/DynamixelSDK/c#/protocol_combined/win64/protocol_combined) by extensions ['ignore', 'ignore_ament_install']
[0.407s] Level 1:colcon.colcon_core.package_identification:_identify(src/DynamixelSDK/c#/protocol_combined/win64/protocol_combined) by extension 'ignore'
[0.407s] Level 1:colcon.colcon_core.package_identification:_identify(src/DynamixelSDK/c#/protocol_combined/win64/protocol_combined) by extension 'ignore_ament_install'
[0.407s] Level 1:colcon.colcon_core.package_identification:_identify(src/DynamixelSDK/c#/protocol_combined/win64/protocol_combined) by extensions ['colcon_pkg']
[0.407s] Level 1:colcon.colcon_core.package_identification:_identify(src/DynamixelSDK/c#/protocol_combined/win64/protocol_combined) by extension 'colcon_pkg'
[0.407s] Level 1:colcon.colcon_core.package_identification:_identify(src/DynamixelSDK/c#/protocol_combined/win64/protocol_combined) by extensions ['colcon_meta']
[0.407s] Level 1:colcon.colcon_core.package_identification:_identify(src/DynamixelSDK/c#/protocol_combined/win64/protocol_combined) by extension 'colcon_meta'
[0.407s] Level 1:colcon.colcon_core.package_identification:_identify(src/DynamixelSDK/c#/protocol_combined/win64/protocol_combined) by extensions ['ros']
[0.407s] Level 1:colcon.colcon_core.package_identification:_identify(src/DynamixelSDK/c#/protocol_combined/win64/protocol_combined) by extension 'ros'
[0.407s] Level 1:colcon.colcon_core.package_identification:_identify(src/DynamixelSDK/c#/protocol_combined/win64/protocol_combined) by extensions ['cmake', 'python']
[0.407s] Level 1:colcon.colcon_core.package_identification:_identify(src/DynamixelSDK/c#/protocol_combined/win64/protocol_combined) by extension 'cmake'
[0.407s] Level 1:colcon.colcon_core.package_identification:_identify(src/DynamixelSDK/c#/protocol_combined/win64/protocol_combined) by extension 'python'
[0.407s] Level 1:colcon.colcon_core.package_identification:_identify(src/DynamixelSDK/c#/protocol_combined/win64/protocol_combined) by extensions ['python_setup_py']
[0.407s] Level 1:colcon.colcon_core.package_identification:_identify(src/DynamixelSDK/c#/protocol_combined/win64/protocol_combined) by extension 'python_setup_py'
[0.407s] Level 1:colcon.colcon_core.package_identification:_identify(src/DynamixelSDK/c#/protocol_combined/win64/protocol_combined/Properties) by extensions ['ignore', 'ignore_ament_install']
[0.407s] Level 1:colcon.colcon_core.package_identification:_identify(src/DynamixelSDK/c#/protocol_combined/win64/protocol_combined/Properties) by extension 'ignore'
[0.407s] Level 1:colcon.colcon_core.package_identification:_identify(src/DynamixelSDK/c#/protocol_combined/win64/protocol_combined/Properties) by extension 'ignore_ament_install'
[0.407s] Level 1:colcon.colcon_core.package_identification:_identify(src/DynamixelSDK/c#/protocol_combined/win64/protocol_combined/Properties) by extensions ['colcon_pkg']
[0.407s] Level 1:colcon.colcon_core.package_identification:_identify(src/DynamixelSDK/c#/protocol_combined/win64/protocol_combined/Properties) by extension 'colcon_pkg'
[0.407s] Level 1:colcon.colcon_core.package_identification:_identify(src/DynamixelSDK/c#/protocol_combined/win64/protocol_combined/Properties) by extensions ['colcon_meta']
[0.408s] Level 1:colcon.colcon_core.package_identification:_identify(src/DynamixelSDK/c#/protocol_combined/win64/protocol_combined/Properties) by extension 'colcon_meta'
[0.408s] Level 1:colcon.colcon_core.package_identification:_identify(src/DynamixelSDK/c#/protocol_combined/win64/protocol_combined/Properties) by extensions ['ros']
[0.408s] Level 1:colcon.colcon_core.package_identification:_identify(src/DynamixelSDK/c#/protocol_combined/win64/protocol_combined/Properties) by extension 'ros'
[0.408s] Level 1:colcon.colcon_core.package_identification:_identify(src/DynamixelSDK/c#/protocol_combined/win64/protocol_combined/Properties) by extensions ['cmake', 'python']
[0.408s] Level 1:colcon.colcon_core.package_identification:_identify(src/DynamixelSDK/c#/protocol_combined/win64/protocol_combined/Properties) by extension 'cmake'
[0.408s] Level 1:colcon.colcon_core.package_identification:_identify(src/DynamixelSDK/c#/protocol_combined/win64/protocol_combined/Properties) by extension 'python'
[0.408s] Level 1:colcon.colcon_core.package_identification:_identify(src/DynamixelSDK/c#/protocol_combined/win64/protocol_combined/Properties) by extensions ['python_setup_py']
[0.408s] Level 1:colcon.colcon_core.package_identification:_identify(src/DynamixelSDK/c#/protocol_combined/win64/protocol_combined/Properties) by extension 'python_setup_py'
[0.408s] Level 1:colcon.colcon_core.package_identification:_identify(src/DynamixelSDK/c#/protocol_combined/win64/protocol_combined/obj) by extensions ['ignore', 'ignore_ament_install']
[0.408s] Level 1:colcon.colcon_core.package_identification:_identify(src/DynamixelSDK/c#/protocol_combined/win64/protocol_combined/obj) by extension 'ignore'
[0.408s] Level 1:colcon.colcon_core.package_identification:_identify(src/DynamixelSDK/c#/protocol_combined/win64/protocol_combined/obj) by extension 'ignore_ament_install'
[0.408s] Level 1:colcon.colcon_core.package_identification:_identify(src/DynamixelSDK/c#/protocol_combined/win64/protocol_combined/obj) by extensions ['colcon_pkg']
[0.408s] Level 1:colcon.colcon_core.package_identification:_identify(src/DynamixelSDK/c#/protocol_combined/win64/protocol_combined/obj) by extension 'colcon_pkg'
[0.408s] Level 1:colcon.colcon_core.package_identification:_identify(src/DynamixelSDK/c#/protocol_combined/win64/protocol_combined/obj) by extensions ['colcon_meta']
[0.408s] Level 1:colcon.colcon_core.package_identification:_identify(src/DynamixelSDK/c#/protocol_combined/win64/protocol_combined/obj) by extension 'colcon_meta'
[0.408s] Level 1:colcon.colcon_core.package_identification:_identify(src/DynamixelSDK/c#/protocol_combined/win64/protocol_combined/obj) by extensions ['ros']
[0.408s] Level 1:colcon.colcon_core.package_identification:_identify(src/DynamixelSDK/c#/protocol_combined/win64/protocol_combined/obj) by extension 'ros'
[0.408s] Level 1:colcon.colcon_core.package_identification:_identify(src/DynamixelSDK/c#/protocol_combined/win64/protocol_combined/obj) by extensions ['cmake', 'python']
[0.408s] Level 1:colcon.colcon_core.package_identification:_identify(src/DynamixelSDK/c#/protocol_combined/win64/protocol_combined/obj) by extension 'cmake'
[0.408s] Level 1:colcon.colcon_core.package_identification:_identify(src/DynamixelSDK/c#/protocol_combined/win64/protocol_combined/obj) by extension 'python'
[0.408s] Level 1:colcon.colcon_core.package_identification:_identify(src/DynamixelSDK/c#/protocol_combined/win64/protocol_combined/obj) by extensions ['python_setup_py']
[0.408s] Level 1:colcon.colcon_core.package_identification:_identify(src/DynamixelSDK/c#/protocol_combined/win64/protocol_combined/obj) by extension 'python_setup_py'
[0.409s] Level 1:colcon.colcon_core.package_identification:_identify(src/DynamixelSDK/c#/protocol_combined/win64/protocol_combined/obj/Debug) by extensions ['ignore', 'ignore_ament_install']
[0.409s] Level 1:colcon.colcon_core.package_identification:_identify(src/DynamixelSDK/c#/protocol_combined/win64/protocol_combined/obj/Debug) by extension 'ignore'
[0.409s] Level 1:colcon.colcon_core.package_identification:_identify(src/DynamixelSDK/c#/protocol_combined/win64/protocol_combined/obj/Debug) by extension 'ignore_ament_install'
[0.409s] Level 1:colcon.colcon_core.package_identification:_identify(src/DynamixelSDK/c#/protocol_combined/win64/protocol_combined/obj/Debug) by extensions ['colcon_pkg']
[0.409s] Level 1:colcon.colcon_core.package_identification:_identify(src/DynamixelSDK/c#/protocol_combined/win64/protocol_combined/obj/Debug) by extension 'colcon_pkg'
[0.409s] Level 1:colcon.colcon_core.package_identification:_identify(src/DynamixelSDK/c#/protocol_combined/win64/protocol_combined/obj/Debug) by extensions ['colcon_meta']
[0.409s] Level 1:colcon.colcon_core.package_identification:_identify(src/DynamixelSDK/c#/protocol_combined/win64/protocol_combined/obj/Debug) by extension 'colcon_meta'
[0.409s] Level 1:colcon.colcon_core.package_identification:_identify(src/DynamixelSDK/c#/protocol_combined/win64/protocol_combined/obj/Debug) by extensions ['ros']
[0.409s] Level 1:colcon.colcon_core.package_identification:_identify(src/DynamixelSDK/c#/protocol_combined/win64/protocol_combined/obj/Debug) by extension 'ros'
[0.409s] Level 1:colcon.colcon_core.package_identification:_identify(src/DynamixelSDK/c#/protocol_combined/win64/protocol_combined/obj/Debug) by extensions ['cmake', 'python']
[0.409s] Level 1:colcon.colcon_core.package_identification:_identify(src/DynamixelSDK/c#/protocol_combined/win64/protocol_combined/obj/Debug) by extension 'cmake'
[0.409s] Level 1:colcon.colcon_core.package_identification:_identify(src/DynamixelSDK/c#/protocol_combined/win64/protocol_combined/obj/Debug) by extension 'python'
[0.409s] Level 1:colcon.colcon_core.package_identification:_identify(src/DynamixelSDK/c#/protocol_combined/win64/protocol_combined/obj/Debug) by extensions ['python_setup_py']
[0.409s] Level 1:colcon.colcon_core.package_identification:_identify(src/DynamixelSDK/c#/protocol_combined/win64/protocol_combined/obj/Debug) by extension 'python_setup_py'
[0.409s] Level 1:colcon.colcon_core.package_identification:_identify(src/DynamixelSDK/c#/protocol_combined/win64/protocol_combined/obj/Release) by extensions ['ignore', 'ignore_ament_install']
[0.409s] Level 1:colcon.colcon_core.package_identification:_identify(src/DynamixelSDK/c#/protocol_combined/win64/protocol_combined/obj/Release) by extension 'ignore'
[0.409s] Level 1:colcon.colcon_core.package_identification:_identify(src/DynamixelSDK/c#/protocol_combined/win64/protocol_combined/obj/Release) by extension 'ignore_ament_install'
[0.409s] Level 1:colcon.colcon_core.package_identification:_identify(src/DynamixelSDK/c#/protocol_combined/win64/protocol_combined/obj/Release) by extensions ['colcon_pkg']
[0.409s] Level 1:colcon.colcon_core.package_identification:_identify(src/DynamixelSDK/c#/protocol_combined/win64/protocol_combined/obj/Release) by extension 'colcon_pkg'
[0.409s] Level 1:colcon.colcon_core.package_identification:_identify(src/DynamixelSDK/c#/protocol_combined/win64/protocol_combined/obj/Release) by extensions ['colcon_meta']
[0.409s] Level 1:colcon.colcon_core.package_identification:_identify(src/DynamixelSDK/c#/protocol_combined/win64/protocol_combined/obj/Release) by extension 'colcon_meta'
[0.409s] Level 1:colcon.colcon_core.package_identification:_identify(src/DynamixelSDK/c#/protocol_combined/win64/protocol_combined/obj/Release) by extensions ['ros']
[0.409s] Level 1:colcon.colcon_core.package_identification:_identify(src/DynamixelSDK/c#/protocol_combined/win64/protocol_combined/obj/Release) by extension 'ros'
[0.410s] Level 1:colcon.colcon_core.package_identification:_identify(src/DynamixelSDK/c#/protocol_combined/win64/protocol_combined/obj/Release) by extensions ['cmake', 'python']
[0.410s] Level 1:colcon.colcon_core.package_identification:_identify(src/DynamixelSDK/c#/protocol_combined/win64/protocol_combined/obj/Release) by extension 'cmake'
[0.410s] Level 1:colcon.colcon_core.package_identification:_identify(src/DynamixelSDK/c#/protocol_combined/win64/protocol_combined/obj/Release) by extension 'python'
[0.410s] Level 1:colcon.colcon_core.package_identification:_identify(src/DynamixelSDK/c#/protocol_combined/win64/protocol_combined/obj/Release) by extensions ['python_setup_py']
[0.410s] Level 1:colcon.colcon_core.package_identification:_identify(src/DynamixelSDK/c#/protocol_combined/win64/protocol_combined/obj/Release) by extension 'python_setup_py'
[0.410s] Level 1:colcon.colcon_core.package_identification:_identify(src/DynamixelSDK/c#/protocol_combined/win64/protocol_combined/obj/x64) by extensions ['ignore', 'ignore_ament_install']
[0.410s] Level 1:colcon.colcon_core.package_identification:_identify(src/DynamixelSDK/c#/protocol_combined/win64/protocol_combined/obj/x64) by extension 'ignore'
[0.410s] Level 1:colcon.colcon_core.package_identification:_identify(src/DynamixelSDK/c#/protocol_combined/win64/protocol_combined/obj/x64) by extension 'ignore_ament_install'
[0.410s] Level 1:colcon.colcon_core.package_identification:_identify(src/DynamixelSDK/c#/protocol_combined/win64/protocol_combined/obj/x64) by extensions ['colcon_pkg']
[0.410s] Level 1:colcon.colcon_core.package_identification:_identify(src/DynamixelSDK/c#/protocol_combined/win64/protocol_combined/obj/x64) by extension 'colcon_pkg'
[0.410s] Level 1:colcon.colcon_core.package_identification:_identify(src/DynamixelSDK/c#/protocol_combined/win64/protocol_combined/obj/x64) by extensions ['colcon_meta']
[0.410s] Level 1:colcon.colcon_core.package_identification:_identify(src/DynamixelSDK/c#/protocol_combined/win64/protocol_combined/obj/x64) by extension 'colcon_meta'
[0.410s] Level 1:colcon.colcon_core.package_identification:_identify(src/DynamixelSDK/c#/protocol_combined/win64/protocol_combined/obj/x64) by extensions ['ros']
[0.410s] Level 1:colcon.colcon_core.package_identification:_identify(src/DynamixelSDK/c#/protocol_combined/win64/protocol_combined/obj/x64) by extension 'ros'
[0.410s] Level 1:colcon.colcon_core.package_identification:_identify(src/DynamixelSDK/c#/protocol_combined/win64/protocol_combined/obj/x64) by extensions ['cmake', 'python']
[0.410s] Level 1:colcon.colcon_core.package_identification:_identify(src/DynamixelSDK/c#/protocol_combined/win64/protocol_combined/obj/x64) by extension 'cmake'
[0.410s] Level 1:colcon.colcon_core.package_identification:_identify(src/DynamixelSDK/c#/protocol_combined/win64/protocol_combined/obj/x64) by extension 'python'
[0.410s] Level 1:colcon.colcon_core.package_identification:_identify(src/DynamixelSDK/c#/protocol_combined/win64/protocol_combined/obj/x64) by extensions ['python_setup_py']
[0.410s] Level 1:colcon.colcon_core.package_identification:_identify(src/DynamixelSDK/c#/protocol_combined/win64/protocol_combined/obj/x64) by extension 'python_setup_py'
[0.410s] Level 1:colcon.colcon_core.package_identification:_identify(src/DynamixelSDK/c#/protocol_combined/win64/protocol_combined/obj/x64/Debug) by extensions ['ignore', 'ignore_ament_install']
[0.410s] Level 1:colcon.colcon_core.package_identification:_identify(src/DynamixelSDK/c#/protocol_combined/win64/protocol_combined/obj/x64/Debug) by extension 'ignore'
[0.411s] Level 1:colcon.colcon_core.package_identification:_identify(src/DynamixelSDK/c#/protocol_combined/win64/protocol_combined/obj/x64/Debug) by extension 'ignore_ament_install'
[0.411s] Level 1:colcon.colcon_core.package_identification:_identify(src/DynamixelSDK/c#/protocol_combined/win64/protocol_combined/obj/x64/Debug) by extensions ['colcon_pkg']
[0.411s] Level 1:colcon.colcon_core.package_identification:_identify(src/DynamixelSDK/c#/protocol_combined/win64/protocol_combined/obj/x64/Debug) by extension 'colcon_pkg'
[0.411s] Level 1:colcon.colcon_core.package_identification:_identify(src/DynamixelSDK/c#/protocol_combined/win64/protocol_combined/obj/x64/Debug) by extensions ['colcon_meta']
[0.411s] Level 1:colcon.colcon_core.package_identification:_identify(src/DynamixelSDK/c#/protocol_combined/win64/protocol_combined/obj/x64/Debug) by extension 'colcon_meta'
[0.411s] Level 1:colcon.colcon_core.package_identification:_identify(src/DynamixelSDK/c#/protocol_combined/win64/protocol_combined/obj/x64/Debug) by extensions ['ros']
[0.411s] Level 1:colcon.colcon_core.package_identification:_identify(src/DynamixelSDK/c#/protocol_combined/win64/protocol_combined/obj/x64/Debug) by extension 'ros'
[0.411s] Level 1:colcon.colcon_core.package_identification:_identify(src/DynamixelSDK/c#/protocol_combined/win64/protocol_combined/obj/x64/Debug) by extensions ['cmake', 'python']
[0.411s] Level 1:colcon.colcon_core.package_identification:_identify(src/DynamixelSDK/c#/protocol_combined/win64/protocol_combined/obj/x64/Debug) by extension 'cmake'
[0.411s] Level 1:colcon.colcon_core.package_identification:_identify(src/DynamixelSDK/c#/protocol_combined/win64/protocol_combined/obj/x64/Debug) by extension 'python'
[0.411s] Level 1:colcon.colcon_core.package_identification:_identify(src/DynamixelSDK/c#/protocol_combined/win64/protocol_combined/obj/x64/Debug) by extensions ['python_setup_py']
[0.411s] Level 1:colcon.colcon_core.package_identification:_identify(src/DynamixelSDK/c#/protocol_combined/win64/protocol_combined/obj/x64/Debug) by extension 'python_setup_py'
[0.411s] Level 1:colcon.colcon_core.package_identification:_identify(src/DynamixelSDK/c#/protocol_combined/win64/protocol_combined/obj/x64/Release) by extensions ['ignore', 'ignore_ament_install']
[0.411s] Level 1:colcon.colcon_core.package_identification:_identify(src/DynamixelSDK/c#/protocol_combined/win64/protocol_combined/obj/x64/Release) by extension 'ignore'
[0.411s] Level 1:colcon.colcon_core.package_identification:_identify(src/DynamixelSDK/c#/protocol_combined/win64/protocol_combined/obj/x64/Release) by extension 'ignore_ament_install'
[0.411s] Level 1:colcon.colcon_core.package_identification:_identify(src/DynamixelSDK/c#/protocol_combined/win64/protocol_combined/obj/x64/Release) by extensions ['colcon_pkg']
[0.411s] Level 1:colcon.colcon_core.package_identification:_identify(src/DynamixelSDK/c#/protocol_combined/win64/protocol_combined/obj/x64/Release) by extension 'colcon_pkg'
[0.411s] Level 1:colcon.colcon_core.package_identification:_identify(src/DynamixelSDK/c#/protocol_combined/win64/protocol_combined/obj/x64/Release) by extensions ['colcon_meta']
[0.411s] Level 1:colcon.colcon_core.package_identification:_identify(src/DynamixelSDK/c#/protocol_combined/win64/protocol_combined/obj/x64/Release) by extension 'colcon_meta'
[0.411s] Level 1:colcon.colcon_core.package_identification:_identify(src/DynamixelSDK/c#/protocol_combined/win64/protocol_combined/obj/x64/Release) by extensions ['ros']
[0.411s] Level 1:colcon.colcon_core.package_identification:_identify(src/DynamixelSDK/c#/protocol_combined/win64/protocol_combined/obj/x64/Release) by extension 'ros'
[0.412s] Level 1:colcon.colcon_core.package_identification:_identify(src/DynamixelSDK/c#/protocol_combined/win64/protocol_combined/obj/x64/Release) by extensions ['cmake', 'python']
[0.412s] Level 1:colcon.colcon_core.package_identification:_identify(src/DynamixelSDK/c#/protocol_combined/win64/protocol_combined/obj/x64/Release) by extension 'cmake'
[0.412s] Level 1:colcon.colcon_core.package_identification:_identify(src/DynamixelSDK/c#/protocol_combined/win64/protocol_combined/obj/x64/Release) by extension 'python'
[0.412s] Level 1:colcon.colcon_core.package_identification:_identify(src/DynamixelSDK/c#/protocol_combined/win64/protocol_combined/obj/x64/Release) by extensions ['python_setup_py']
[0.412s] Level 1:colcon.colcon_core.package_identification:_identify(src/DynamixelSDK/c#/protocol_combined/win64/protocol_combined/obj/x64/Release) by extension 'python_setup_py'
[0.412s] Level 1:colcon.colcon_core.package_identification:_identify(src/DynamixelSDK/c++) by extensions ['ignore', 'ignore_ament_install']
[0.412s] Level 1:colcon.colcon_core.package_identification:_identify(src/DynamixelSDK/c++) by extension 'ignore'
[0.412s] Level 1:colcon.colcon_core.package_identification:_identify(src/DynamixelSDK/c++) ignored
[0.412s] Level 1:colcon.colcon_core.package_identification:_identify(src/DynamixelSDK/control_table) by extensions ['ignore', 'ignore_ament_install']
[0.412s] Level 1:colcon.colcon_core.package_identification:_identify(src/DynamixelSDK/control_table) by extension 'ignore'
[0.412s] Level 1:colcon.colcon_core.package_identification:_identify(src/DynamixelSDK/control_table) by extension 'ignore_ament_install'
[0.412s] Level 1:colcon.colcon_core.package_identification:_identify(src/DynamixelSDK/control_table) by extensions ['colcon_pkg']
[0.412s] Level 1:colcon.colcon_core.package_identification:_identify(src/DynamixelSDK/control_table) by extension 'colcon_pkg'
[0.412s] Level 1:colcon.colcon_core.package_identification:_identify(src/DynamixelSDK/control_table) by extensions ['colcon_meta']
[0.412s] Level 1:colcon.colcon_core.package_identification:_identify(src/DynamixelSDK/control_table) by extension 'colcon_meta'
[0.412s] Level 1:colcon.colcon_core.package_identification:_identify(src/DynamixelSDK/control_table) by extensions ['ros']
[0.412s] Level 1:colcon.colcon_core.package_identification:_identify(src/DynamixelSDK/control_table) by extension 'ros'
[0.412s] Level 1:colcon.colcon_core.package_identification:_identify(src/DynamixelSDK/control_table) by extensions ['cmake', 'python']
[0.412s] Level 1:colcon.colcon_core.package_identification:_identify(src/DynamixelSDK/control_table) by extension 'cmake'
[0.412s] Level 1:colcon.colcon_core.package_identification:_identify(src/DynamixelSDK/control_table) by extension 'python'
[0.412s] Level 1:colcon.colcon_core.package_identification:_identify(src/DynamixelSDK/control_table) by extensions ['python_setup_py']
[0.412s] Level 1:colcon.colcon_core.package_identification:_identify(src/DynamixelSDK/control_table) by extension 'python_setup_py'
[0.413s] Level 1:colcon.colcon_core.package_identification:_identify(src/DynamixelSDK/documents) by extensions ['ignore', 'ignore_ament_install']
[0.413s] Level 1:colcon.colcon_core.package_identification:_identify(src/DynamixelSDK/documents) by extension 'ignore'
[0.413s] Level 1:colcon.colcon_core.package_identification:_identify(src/DynamixelSDK/documents) by extension 'ignore_ament_install'
[0.413s] Level 1:colcon.colcon_core.package_identification:_identify(src/DynamixelSDK/documents) by extensions ['colcon_pkg']
[0.413s] Level 1:colcon.colcon_core.package_identification:_identify(src/DynamixelSDK/documents) by extension 'colcon_pkg'
[0.413s] Level 1:colcon.colcon_core.package_identification:_identify(src/DynamixelSDK/documents) by extensions ['colcon_meta']
[0.413s] Level 1:colcon.colcon_core.package_identification:_identify(src/DynamixelSDK/documents) by extension 'colcon_meta'
[0.413s] Level 1:colcon.colcon_core.package_identification:_identify(src/DynamixelSDK/documents) by extensions ['ros']
[0.413s] Level 1:colcon.colcon_core.package_identification:_identify(src/DynamixelSDK/documents) by extension 'ros'
[0.413s] Level 1:colcon.colcon_core.package_identification:_identify(src/DynamixelSDK/documents) by extensions ['cmake', 'python']
[0.413s] Level 1:colcon.colcon_core.package_identification:_identify(src/DynamixelSDK/documents) by extension 'cmake'
[0.413s] Level 1:colcon.colcon_core.package_identification:_identify(src/DynamixelSDK/documents) by extension 'python'
[0.413s] Level 1:colcon.colcon_core.package_identification:_identify(src/DynamixelSDK/documents) by extensions ['python_setup_py']
[0.413s] Level 1:colcon.colcon_core.package_identification:_identify(src/DynamixelSDK/documents) by extension 'python_setup_py'
[0.413s] Level 1:colcon.colcon_core.package_identification:_identify(src/DynamixelSDK/documents/cpp) by extensions ['ignore', 'ignore_ament_install']
[0.413s] Level 1:colcon.colcon_core.package_identification:_identify(src/DynamixelSDK/documents/cpp) by extension 'ignore'
[0.413s] Level 1:colcon.colcon_core.package_identification:_identify(src/DynamixelSDK/documents/cpp) by extension 'ignore_ament_install'
[0.413s] Level 1:colcon.colcon_core.package_identification:_identify(src/DynamixelSDK/documents/cpp) by extensions ['colcon_pkg']
[0.413s] Level 1:colcon.colcon_core.package_identification:_identify(src/DynamixelSDK/documents/cpp) by extension 'colcon_pkg'
[0.413s] Level 1:colcon.colcon_core.package_identification:_identify(src/DynamixelSDK/documents/cpp) by extensions ['colcon_meta']
[0.413s] Level 1:colcon.colcon_core.package_identification:_identify(src/DynamixelSDK/documents/cpp) by extension 'colcon_meta'
[0.413s] Level 1:colcon.colcon_core.package_identification:_identify(src/DynamixelSDK/documents/cpp) by extensions ['ros']
[0.413s] Level 1:colcon.colcon_core.package_identification:_identify(src/DynamixelSDK/documents/cpp) by extension 'ros'
[0.414s] Level 1:colcon.colcon_core.package_identification:_identify(src/DynamixelSDK/documents/cpp) by extensions ['cmake', 'python']
[0.414s] Level 1:colcon.colcon_core.package_identification:_identify(src/DynamixelSDK/documents/cpp) by extension 'cmake'
[0.414s] Level 1:colcon.colcon_core.package_identification:_identify(src/DynamixelSDK/documents/cpp) by extension 'python'
[0.414s] Level 1:colcon.colcon_core.package_identification:_identify(src/DynamixelSDK/documents/cpp) by extensions ['python_setup_py']
[0.414s] Level 1:colcon.colcon_core.package_identification:_identify(src/DynamixelSDK/documents/cpp) by extension 'python_setup_py'
[0.414s] Level 1:colcon.colcon_core.package_identification:_identify(src/DynamixelSDK/documents/cpp/html) by extensions ['ignore', 'ignore_ament_install']
[0.414s] Level 1:colcon.colcon_core.package_identification:_identify(src/DynamixelSDK/documents/cpp/html) by extension 'ignore'
[0.414s] Level 1:colcon.colcon_core.package_identification:_identify(src/DynamixelSDK/documents/cpp/html) by extension 'ignore_ament_install'
[0.414s] Level 1:colcon.colcon_core.package_identification:_identify(src/DynamixelSDK/documents/cpp/html) by extensions ['colcon_pkg']
[0.414s] Level 1:colcon.colcon_core.package_identification:_identify(src/DynamixelSDK/documents/cpp/html) by extension 'colcon_pkg'
[0.414s] Level 1:colcon.colcon_core.package_identification:_identify(src/DynamixelSDK/documents/cpp/html) by extensions ['colcon_meta']
[0.414s] Level 1:colcon.colcon_core.package_identification:_identify(src/DynamixelSDK/documents/cpp/html) by extension 'colcon_meta'
[0.414s] Level 1:colcon.colcon_core.package_identification:_identify(src/DynamixelSDK/documents/cpp/html) by extensions ['ros']
[0.414s] Level 1:colcon.colcon_core.package_identification:_identify(src/DynamixelSDK/documents/cpp/html) by extension 'ros'
[0.414s] Level 1:colcon.colcon_core.package_identification:_identify(src/DynamixelSDK/documents/cpp/html) by extensions ['cmake', 'python']
[0.414s] Level 1:colcon.colcon_core.package_identification:_identify(src/DynamixelSDK/documents/cpp/html) by extension 'cmake'
[0.414s] Level 1:colcon.colcon_core.package_identification:_identify(src/DynamixelSDK/documents/cpp/html) by extension 'python'
[0.414s] Level 1:colcon.colcon_core.package_identification:_identify(src/DynamixelSDK/documents/cpp/html) by extensions ['python_setup_py']
[0.414s] Level 1:colcon.colcon_core.package_identification:_identify(src/DynamixelSDK/documents/cpp/html) by extension 'python_setup_py'
[0.414s] Level 1:colcon.colcon_core.package_identification:_identify(src/DynamixelSDK/documents/cpp/html/search) by extensions ['ignore', 'ignore_ament_install']
[0.415s] Level 1:colcon.colcon_core.package_identification:_identify(src/DynamixelSDK/documents/cpp/html/search) by extension 'ignore'
[0.415s] Level 1:colcon.colcon_core.package_identification:_identify(src/DynamixelSDK/documents/cpp/html/search) by extension 'ignore_ament_install'
[0.415s] Level 1:colcon.colcon_core.package_identification:_identify(src/DynamixelSDK/documents/cpp/html/search) by extensions ['colcon_pkg']
[0.415s] Level 1:colcon.colcon_core.package_identification:_identify(src/DynamixelSDK/documents/cpp/html/search) by extension 'colcon_pkg'
[0.415s] Level 1:colcon.colcon_core.package_identification:_identify(src/DynamixelSDK/documents/cpp/html/search) by extensions ['colcon_meta']
[0.415s] Level 1:colcon.colcon_core.package_identification:_identify(src/DynamixelSDK/documents/cpp/html/search) by extension 'colcon_meta'
[0.415s] Level 1:colcon.colcon_core.package_identification:_identify(src/DynamixelSDK/documents/cpp/html/search) by extensions ['ros']
[0.415s] Level 1:colcon.colcon_core.package_identification:_identify(src/DynamixelSDK/documents/cpp/html/search) by extension 'ros'
[0.415s] Level 1:colcon.colcon_core.package_identification:_identify(src/DynamixelSDK/documents/cpp/html/search) by extensions ['cmake', 'python']
[0.415s] Level 1:colcon.colcon_core.package_identification:_identify(src/DynamixelSDK/documents/cpp/html/search) by extension 'cmake'
[0.415s] Level 1:colcon.colcon_core.package_identification:_identify(src/DynamixelSDK/documents/cpp/html/search) by extension 'python'
[0.415s] Level 1:colcon.colcon_core.package_identification:_identify(src/DynamixelSDK/documents/cpp/html/search) by extensions ['python_setup_py']
[0.415s] Level 1:colcon.colcon_core.package_identification:_identify(src/DynamixelSDK/documents/cpp/html/search) by extension 'python_setup_py'
[0.415s] Level 1:colcon.colcon_core.package_identification:_identify(src/DynamixelSDK/java) by extensions ['ignore', 'ignore_ament_install']
[0.415s] Level 1:colcon.colcon_core.package_identification:_identify(src/DynamixelSDK/java) by extension 'ignore'
[0.415s] Level 1:colcon.colcon_core.package_identification:_identify(src/DynamixelSDK/java) by extension 'ignore_ament_install'
[0.415s] Level 1:colcon.colcon_core.package_identification:_identify(src/DynamixelSDK/java) by extensions ['colcon_pkg']
[0.415s] Level 1:colcon.colcon_core.package_identification:_identify(src/DynamixelSDK/java) by extension 'colcon_pkg'
[0.415s] Level 1:colcon.colcon_core.package_identification:_identify(src/DynamixelSDK/java) by extensions ['colcon_meta']
[0.415s] Level 1:colcon.colcon_core.package_identification:_identify(src/DynamixelSDK/java) by extension 'colcon_meta'
[0.415s] Level 1:colcon.colcon_core.package_identification:_identify(src/DynamixelSDK/java) by extensions ['ros']
[0.415s] Level 1:colcon.colcon_core.package_identification:_identify(src/DynamixelSDK/java) by extension 'ros'
[0.415s] Level 1:colcon.colcon_core.package_identification:_identify(src/DynamixelSDK/java) by extensions ['cmake', 'python']
[0.415s] Level 1:colcon.colcon_core.package_identification:_identify(src/DynamixelSDK/java) by extension 'cmake'
[0.415s] Level 1:colcon.colcon_core.package_identification:_identify(src/DynamixelSDK/java) by extension 'python'
[0.416s] Level 1:colcon.colcon_core.package_identification:_identify(src/DynamixelSDK/java) by extensions ['python_setup_py']
[0.416s] Level 1:colcon.colcon_core.package_identification:_identify(src/DynamixelSDK/java) by extension 'python_setup_py'
[0.416s] Level 1:colcon.colcon_core.package_identification:_identify(src/DynamixelSDK/java/dynamixel_functions_java) by extensions ['ignore', 'ignore_ament_install']
[0.416s] Level 1:colcon.colcon_core.package_identification:_identify(src/DynamixelSDK/java/dynamixel_functions_java) by extension 'ignore'
[0.416s] Level 1:colcon.colcon_core.package_identification:_identify(src/DynamixelSDK/java/dynamixel_functions_java) by extension 'ignore_ament_install'
[0.416s] Level 1:colcon.colcon_core.package_identification:_identify(src/DynamixelSDK/java/dynamixel_functions_java) by extensions ['colcon_pkg']
[0.416s] Level 1:colcon.colcon_core.package_identification:_identify(src/DynamixelSDK/java/dynamixel_functions_java) by extension 'colcon_pkg'
[0.416s] Level 1:colcon.colcon_core.package_identification:_identify(src/DynamixelSDK/java/dynamixel_functions_java) by extensions ['colcon_meta']
[0.416s] Level 1:colcon.colcon_core.package_identification:_identify(src/DynamixelSDK/java/dynamixel_functions_java) by extension 'colcon_meta'
[0.416s] Level 1:colcon.colcon_core.package_identification:_identify(src/DynamixelSDK/java/dynamixel_functions_java) by extensions ['ros']
[0.416s] Level 1:colcon.colcon_core.package_identification:_identify(src/DynamixelSDK/java/dynamixel_functions_java) by extension 'ros'
[0.416s] Level 1:colcon.colcon_core.package_identification:_identify(src/DynamixelSDK/java/dynamixel_functions_java) by extensions ['cmake', 'python']
[0.416s] Level 1:colcon.colcon_core.package_identification:_identify(src/DynamixelSDK/java/dynamixel_functions_java) by extension 'cmake'
[0.416s] Level 1:colcon.colcon_core.package_identification:_identify(src/DynamixelSDK/java/dynamixel_functions_java) by extension 'python'
[0.416s] Level 1:colcon.colcon_core.package_identification:_identify(src/DynamixelSDK/java/dynamixel_functions_java) by extensions ['python_setup_py']
[0.416s] Level 1:colcon.colcon_core.package_identification:_identify(src/DynamixelSDK/java/dynamixel_functions_java) by extension 'python_setup_py'
[0.416s] Level 1:colcon.colcon_core.package_identification:_identify(src/DynamixelSDK/java/dynamixel_functions_java/mac_x64) by extensions ['ignore', 'ignore_ament_install']
[0.416s] Level 1:colcon.colcon_core.package_identification:_identify(src/DynamixelSDK/java/dynamixel_functions_java/mac_x64) by extension 'ignore'
[0.416s] Level 1:colcon.colcon_core.package_identification:_identify(src/DynamixelSDK/java/dynamixel_functions_java/mac_x64) by extension 'ignore_ament_install'
[0.416s] Level 1:colcon.colcon_core.package_identification:_identify(src/DynamixelSDK/java/dynamixel_functions_java/mac_x64) by extensions ['colcon_pkg']
[0.416s] Level 1:colcon.colcon_core.package_identification:_identify(src/DynamixelSDK/java/dynamixel_functions_java/mac_x64) by extension 'colcon_pkg'
[0.416s] Level 1:colcon.colcon_core.package_identification:_identify(src/DynamixelSDK/java/dynamixel_functions_java/mac_x64) by extensions ['colcon_meta']
[0.416s] Level 1:colcon.colcon_core.package_identification:_identify(src/DynamixelSDK/java/dynamixel_functions_java/mac_x64) by extension 'colcon_meta'
[0.416s] Level 1:colcon.colcon_core.package_identification:_identify(src/DynamixelSDK/java/dynamixel_functions_java/mac_x64) by extensions ['ros']
[0.417s] Level 1:colcon.colcon_core.package_identification:_identify(src/DynamixelSDK/java/dynamixel_functions_java/mac_x64) by extension 'ros'
[0.417s] Level 1:colcon.colcon_core.package_identification:_identify(src/DynamixelSDK/java/dynamixel_functions_java/mac_x64) by extensions ['cmake', 'python']
[0.417s] Level 1:colcon.colcon_core.package_identification:_identify(src/DynamixelSDK/java/dynamixel_functions_java/mac_x64) by extension 'cmake'
[0.417s] Level 1:colcon.colcon_core.package_identification:_identify(src/DynamixelSDK/java/dynamixel_functions_java/mac_x64) by extension 'python'
[0.417s] Level 1:colcon.colcon_core.package_identification:_identify(src/DynamixelSDK/java/dynamixel_functions_java/mac_x64) by extensions ['python_setup_py']
[0.417s] Level 1:colcon.colcon_core.package_identification:_identify(src/DynamixelSDK/java/dynamixel_functions_java/mac_x64) by extension 'python_setup_py'
[0.417s] Level 1:colcon.colcon_core.package_identification:_identify(src/DynamixelSDK/java/dynamixel_functions_java/x64) by extensions ['ignore', 'ignore_ament_install']
[0.417s] Level 1:colcon.colcon_core.package_identification:_identify(src/DynamixelSDK/java/dynamixel_functions_java/x64) by extension 'ignore'
[0.417s] Level 1:colcon.colcon_core.package_identification:_identify(src/DynamixelSDK/java/dynamixel_functions_java/x64) by extension 'ignore_ament_install'
[0.417s] Level 1:colcon.colcon_core.package_identification:_identify(src/DynamixelSDK/java/dynamixel_functions_java/x64) by extensions ['colcon_pkg']
[0.417s] Level 1:colcon.colcon_core.package_identification:_identify(src/DynamixelSDK/java/dynamixel_functions_java/x64) by extension 'colcon_pkg'
[0.417s] Level 1:colcon.colcon_core.package_identification:_identify(src/DynamixelSDK/java/dynamixel_functions_java/x64) by extensions ['colcon_meta']
[0.417s] Level 1:colcon.colcon_core.package_identification:_identify(src/DynamixelSDK/java/dynamixel_functions_java/x64) by extension 'colcon_meta'
[0.417s] Level 1:colcon.colcon_core.package_identification:_identify(src/DynamixelSDK/java/dynamixel_functions_java/x64) by extensions ['ros']
[0.417s] Level 1:colcon.colcon_core.package_identification:_identify(src/DynamixelSDK/java/dynamixel_functions_java/x64) by extension 'ros'
[0.417s] Level 1:colcon.colcon_core.package_identification:_identify(src/DynamixelSDK/java/dynamixel_functions_java/x64) by extensions ['cmake', 'python']
[0.417s] Level 1:colcon.colcon_core.package_identification:_identify(src/DynamixelSDK/java/dynamixel_functions_java/x64) by extension 'cmake'
[0.417s] Level 1:colcon.colcon_core.package_identification:_identify(src/DynamixelSDK/java/dynamixel_functions_java/x64) by extension 'python'
[0.417s] Level 1:colcon.colcon_core.package_identification:_identify(src/DynamixelSDK/java/dynamixel_functions_java/x64) by extensions ['python_setup_py']
[0.417s] Level 1:colcon.colcon_core.package_identification:_identify(src/DynamixelSDK/java/dynamixel_functions_java/x64) by extension 'python_setup_py'
[0.417s] Level 1:colcon.colcon_core.package_identification:_identify(src/DynamixelSDK/java/dynamixel_functions_java/x86) by extensions ['ignore', 'ignore_ament_install']
[0.417s] Level 1:colcon.colcon_core.package_identification:_identify(src/DynamixelSDK/java/dynamixel_functions_java/x86) by extension 'ignore'
[0.417s] Level 1:colcon.colcon_core.package_identification:_identify(src/DynamixelSDK/java/dynamixel_functions_java/x86) by extension 'ignore_ament_install'
[0.418s] Level 1:colcon.colcon_core.package_identification:_identify(src/DynamixelSDK/java/dynamixel_functions_java/x86) by extensions ['colcon_pkg']
[0.418s] Level 1:colcon.colcon_core.package_identification:_identify(src/DynamixelSDK/java/dynamixel_functions_java/x86) by extension 'colcon_pkg'
[0.418s] Level 1:colcon.colcon_core.package_identification:_identify(src/DynamixelSDK/java/dynamixel_functions_java/x86) by extensions ['colcon_meta']
[0.418s] Level 1:colcon.colcon_core.package_identification:_identify(src/DynamixelSDK/java/dynamixel_functions_java/x86) by extension 'colcon_meta'
[0.418s] Level 1:colcon.colcon_core.package_identification:_identify(src/DynamixelSDK/java/dynamixel_functions_java/x86) by extensions ['ros']
[0.418s] Level 1:colcon.colcon_core.package_identification:_identify(src/DynamixelSDK/java/dynamixel_functions_java/x86) by extension 'ros'
[0.418s] Level 1:colcon.colcon_core.package_identification:_identify(src/DynamixelSDK/java/dynamixel_functions_java/x86) by extensions ['cmake', 'python']
[0.418s] Level 1:colcon.colcon_core.package_identification:_identify(src/DynamixelSDK/java/dynamixel_functions_java/x86) by extension 'cmake'
[0.418s] Level 1:colcon.colcon_core.package_identification:_identify(src/DynamixelSDK/java/dynamixel_functions_java/x86) by extension 'python'
[0.418s] Level 1:colcon.colcon_core.package_identification:_identify(src/DynamixelSDK/java/dynamixel_functions_java/x86) by extensions ['python_setup_py']
[0.418s] Level 1:colcon.colcon_core.package_identification:_identify(src/DynamixelSDK/java/dynamixel_functions_java/x86) by extension 'python_setup_py'
[0.418s] Level 1:colcon.colcon_core.package_identification:_identify(src/DynamixelSDK/java/protocol1.0) by extensions ['ignore', 'ignore_ament_install']
[0.418s] Level 1:colcon.colcon_core.package_identification:_identify(src/DynamixelSDK/java/protocol1.0) by extension 'ignore'
[0.418s] Level 1:colcon.colcon_core.package_identification:_identify(src/DynamixelSDK/java/protocol1.0) by extension 'ignore_ament_install'
[0.418s] Level 1:colcon.colcon_core.package_identification:_identify(src/DynamixelSDK/java/protocol1.0) by extensions ['colcon_pkg']
[0.418s] Level 1:colcon.colcon_core.package_identification:_identify(src/DynamixelSDK/java/protocol1.0) by extension 'colcon_pkg'
[0.418s] Level 1:colcon.colcon_core.package_identification:_identify(src/DynamixelSDK/java/protocol1.0) by extensions ['colcon_meta']
[0.418s] Level 1:colcon.colcon_core.package_identification:_identify(src/DynamixelSDK/java/protocol1.0) by extension 'colcon_meta'
[0.418s] Level 1:colcon.colcon_core.package_identification:_identify(src/DynamixelSDK/java/protocol1.0) by extensions ['ros']
[0.418s] Level 1:colcon.colcon_core.package_identification:_identify(src/DynamixelSDK/java/protocol1.0) by extension 'ros'
[0.418s] Level 1:colcon.colcon_core.package_identification:_identify(src/DynamixelSDK/java/protocol1.0) by extensions ['cmake', 'python']
[0.418s] Level 1:colcon.colcon_core.package_identification:_identify(src/DynamixelSDK/java/protocol1.0) by extension 'cmake'
[0.418s] Level 1:colcon.colcon_core.package_identification:_identify(src/DynamixelSDK/java/protocol1.0) by extension 'python'
[0.418s] Level 1:colcon.colcon_core.package_identification:_identify(src/DynamixelSDK/java/protocol1.0) by extensions ['python_setup_py']
[0.418s] Level 1:colcon.colcon_core.package_identification:_identify(src/DynamixelSDK/java/protocol1.0) by extension 'python_setup_py'
[0.419s] Level 1:colcon.colcon_core.package_identification:_identify(src/DynamixelSDK/java/protocol1.0/bulk_read) by extensions ['ignore', 'ignore_ament_install']
[0.419s] Level 1:colcon.colcon_core.package_identification:_identify(src/DynamixelSDK/java/protocol1.0/bulk_read) by extension 'ignore'
[0.419s] Level 1:colcon.colcon_core.package_identification:_identify(src/DynamixelSDK/java/protocol1.0/bulk_read) by extension 'ignore_ament_install'
[0.419s] Level 1:colcon.colcon_core.package_identification:_identify(src/DynamixelSDK/java/protocol1.0/bulk_read) by extensions ['colcon_pkg']
[0.419s] Level 1:colcon.colcon_core.package_identification:_identify(src/DynamixelSDK/java/protocol1.0/bulk_read) by extension 'colcon_pkg'
[0.419s] Level 1:colcon.colcon_core.package_identification:_identify(src/DynamixelSDK/java/protocol1.0/bulk_read) by extensions ['colcon_meta']
[0.419s] Level 1:colcon.colcon_core.package_identification:_identify(src/DynamixelSDK/java/protocol1.0/bulk_read) by extension 'colcon_meta'
[0.419s] Level 1:colcon.colcon_core.package_identification:_identify(src/DynamixelSDK/java/protocol1.0/bulk_read) by extensions ['ros']
[0.419s] Level 1:colcon.colcon_core.package_identification:_identify(src/DynamixelSDK/java/protocol1.0/bulk_read) by extension 'ros'
[0.419s] Level 1:colcon.colcon_core.package_identification:_identify(src/DynamixelSDK/java/protocol1.0/bulk_read) by extensions ['cmake', 'python']
[0.419s] Level 1:colcon.colcon_core.package_identification:_identify(src/DynamixelSDK/java/protocol1.0/bulk_read) by extension 'cmake'
[0.419s] Level 1:colcon.colcon_core.package_identification:_identify(src/DynamixelSDK/java/protocol1.0/bulk_read) by extension 'python'
[0.419s] Level 1:colcon.colcon_core.package_identification:_identify(src/DynamixelSDK/java/protocol1.0/bulk_read) by extensions ['python_setup_py']
[0.419s] Level 1:colcon.colcon_core.package_identification:_identify(src/DynamixelSDK/java/protocol1.0/bulk_read) by extension 'python_setup_py'
[0.419s] Level 1:colcon.colcon_core.package_identification:_identify(src/DynamixelSDK/java/protocol1.0/multi_port) by extensions ['ignore', 'ignore_ament_install']
[0.419s] Level 1:colcon.colcon_core.package_identification:_identify(src/DynamixelSDK/java/protocol1.0/multi_port) by extension 'ignore'
[0.419s] Level 1:colcon.colcon_core.package_identification:_identify(src/DynamixelSDK/java/protocol1.0/multi_port) by extension 'ignore_ament_install'
[0.419s] Level 1:colcon.colcon_core.package_identification:_identify(src/DynamixelSDK/java/protocol1.0/multi_port) by extensions ['colcon_pkg']
[0.419s] Level 1:colcon.colcon_core.package_identification:_identify(src/DynamixelSDK/java/protocol1.0/multi_port) by extension 'colcon_pkg'
[0.419s] Level 1:colcon.colcon_core.package_identification:_identify(src/DynamixelSDK/java/protocol1.0/multi_port) by extensions ['colcon_meta']
[0.419s] Level 1:colcon.colcon_core.package_identification:_identify(src/DynamixelSDK/java/protocol1.0/multi_port) by extension 'colcon_meta'
[0.419s] Level 1:colcon.colcon_core.package_identification:_identify(src/DynamixelSDK/java/protocol1.0/multi_port) by extensions ['ros']
[0.419s] Level 1:colcon.colcon_core.package_identification:_identify(src/DynamixelSDK/java/protocol1.0/multi_port) by extension 'ros'
[0.419s] Level 1:colcon.colcon_core.package_identification:_identify(src/DynamixelSDK/java/protocol1.0/multi_port) by extensions ['cmake', 'python']
[0.420s] Level 1:colcon.colcon_core.package_identification:_identify(src/DynamixelSDK/java/protocol1.0/multi_port) by extension 'cmake'
[0.420s] Level 1:colcon.colcon_core.package_identification:_identify(src/DynamixelSDK/java/protocol1.0/multi_port) by extension 'python'
[0.420s] Level 1:colcon.colcon_core.package_identification:_identify(src/DynamixelSDK/java/protocol1.0/multi_port) by extensions ['python_setup_py']
[0.420s] Level 1:colcon.colcon_core.package_identification:_identify(src/DynamixelSDK/java/protocol1.0/multi_port) by extension 'python_setup_py'
[0.420s] Level 1:colcon.colcon_core.package_identification:_identify(src/DynamixelSDK/java/protocol1.0/ping) by extensions ['ignore', 'ignore_ament_install']
[0.420s] Level 1:colcon.colcon_core.package_identification:_identify(src/DynamixelSDK/java/protocol1.0/ping) by extension 'ignore'
[0.420s] Level 1:colcon.colcon_core.package_identification:_identify(src/DynamixelSDK/java/protocol1.0/ping) by extension 'ignore_ament_install'
[0.420s] Level 1:colcon.colcon_core.package_identification:_identify(src/DynamixelSDK/java/protocol1.0/ping) by extensions ['colcon_pkg']
[0.420s] Level 1:colcon.colcon_core.package_identification:_identify(src/DynamixelSDK/java/protocol1.0/ping) by extension 'colcon_pkg'
[0.420s] Level 1:colcon.colcon_core.package_identification:_identify(src/DynamixelSDK/java/protocol1.0/ping) by extensions ['colcon_meta']
[0.420s] Level 1:colcon.colcon_core.package_identification:_identify(src/DynamixelSDK/java/protocol1.0/ping) by extension 'colcon_meta'
[0.420s] Level 1:colcon.colcon_core.package_identification:_identify(src/DynamixelSDK/java/protocol1.0/ping) by extensions ['ros']
[0.420s] Level 1:colcon.colcon_core.package_identification:_identify(src/DynamixelSDK/java/protocol1.0/ping) by extension 'ros'
[0.420s] Level 1:colcon.colcon_core.package_identification:_identify(src/DynamixelSDK/java/protocol1.0/ping) by extensions ['cmake', 'python']
[0.420s] Level 1:colcon.colcon_core.package_identification:_identify(src/DynamixelSDK/java/protocol1.0/ping) by extension 'cmake'
[0.420s] Level 1:colcon.colcon_core.package_identification:_identify(src/DynamixelSDK/java/protocol1.0/ping) by extension 'python'
[0.420s] Level 1:colcon.colcon_core.package_identification:_identify(src/DynamixelSDK/java/protocol1.0/ping) by extensions ['python_setup_py']
[0.420s] Level 1:colcon.colcon_core.package_identification:_identify(src/DynamixelSDK/java/protocol1.0/ping) by extension 'python_setup_py'
[0.420s] Level 1:colcon.colcon_core.package_identification:_identify(src/DynamixelSDK/java/protocol1.0/read_write) by extensions ['ignore', 'ignore_ament_install']
[0.420s] Level 1:colcon.colcon_core.package_identification:_identify(src/DynamixelSDK/java/protocol1.0/read_write) by extension 'ignore'
[0.420s] Level 1:colcon.colcon_core.package_identification:_identify(src/DynamixelSDK/java/protocol1.0/read_write) by extension 'ignore_ament_install'
[0.420s] Level 1:colcon.colcon_core.package_identification:_identify(src/DynamixelSDK/java/protocol1.0/read_write) by extensions ['colcon_pkg']
[0.420s] Level 1:colcon.colcon_core.package_identification:_identify(src/DynamixelSDK/java/protocol1.0/read_write) by extension 'colcon_pkg'
[0.420s] Level 1:colcon.colcon_core.package_identification:_identify(src/DynamixelSDK/java/protocol1.0/read_write) by extensions ['colcon_meta']
[0.420s] Level 1:colcon.colcon_core.package_identification:_identify(src/DynamixelSDK/java/protocol1.0/read_write) by extension 'colcon_meta'
[0.421s] Level 1:colcon.colcon_core.package_identification:_identify(src/DynamixelSDK/java/protocol1.0/read_write) by extensions ['ros']
[0.421s] Level 1:colcon.colcon_core.package_identification:_identify(src/DynamixelSDK/java/protocol1.0/read_write) by extension 'ros'
[0.421s] Level 1:colcon.colcon_core.package_identification:_identify(src/DynamixelSDK/java/protocol1.0/read_write) by extensions ['cmake', 'python']
[0.421s] Level 1:colcon.colcon_core.package_identification:_identify(src/DynamixelSDK/java/protocol1.0/read_write) by extension 'cmake'
[0.421s] Level 1:colcon.colcon_core.package_identification:_identify(src/DynamixelSDK/java/protocol1.0/read_write) by extension 'python'
[0.421s] Level 1:colcon.colcon_core.package_identification:_identify(src/DynamixelSDK/java/protocol1.0/read_write) by extensions ['python_setup_py']
[0.421s] Level 1:colcon.colcon_core.package_identification:_identify(src/DynamixelSDK/java/protocol1.0/read_write) by extension 'python_setup_py'
[0.421s] Level 1:colcon.colcon_core.package_identification:_identify(src/DynamixelSDK/java/protocol1.0/reset) by extensions ['ignore', 'ignore_ament_install']
[0.421s] Level 1:colcon.colcon_core.package_identification:_identify(src/DynamixelSDK/java/protocol1.0/reset) by extension 'ignore'
[0.421s] Level 1:colcon.colcon_core.package_identification:_identify(src/DynamixelSDK/java/protocol1.0/reset) by extension 'ignore_ament_install'
[0.421s] Level 1:colcon.colcon_core.package_identification:_identify(src/DynamixelSDK/java/protocol1.0/reset) by extensions ['colcon_pkg']
[0.421s] Level 1:colcon.colcon_core.package_identification:_identify(src/DynamixelSDK/java/protocol1.0/reset) by extension 'colcon_pkg'
[0.421s] Level 1:colcon.colcon_core.package_identification:_identify(src/DynamixelSDK/java/protocol1.0/reset) by extensions ['colcon_meta']
[0.421s] Level 1:colcon.colcon_core.package_identification:_identify(src/DynamixelSDK/java/protocol1.0/reset) by extension 'colcon_meta'
[0.421s] Level 1:colcon.colcon_core.package_identification:_identify(src/DynamixelSDK/java/protocol1.0/reset) by extensions ['ros']
[0.421s] Level 1:colcon.colcon_core.package_identification:_identify(src/DynamixelSDK/java/protocol1.0/reset) by extension 'ros'
[0.421s] Level 1:colcon.colcon_core.package_identification:_identify(src/DynamixelSDK/java/protocol1.0/reset) by extensions ['cmake', 'python']
[0.421s] Level 1:colcon.colcon_core.package_identification:_identify(src/DynamixelSDK/java/protocol1.0/reset) by extension 'cmake'
[0.421s] Level 1:colcon.colcon_core.package_identification:_identify(src/DynamixelSDK/java/protocol1.0/reset) by extension 'python'
[0.421s] Level 1:colcon.colcon_core.package_identification:_identify(src/DynamixelSDK/java/protocol1.0/reset) by extensions ['python_setup_py']
[0.421s] Level 1:colcon.colcon_core.package_identification:_identify(src/DynamixelSDK/java/protocol1.0/reset) by extension 'python_setup_py'
[0.421s] Level 1:colcon.colcon_core.package_identification:_identify(src/DynamixelSDK/java/protocol1.0/sync_write) by extensions ['ignore', 'ignore_ament_install']
[0.421s] Level 1:colcon.colcon_core.package_identification:_identify(src/DynamixelSDK/java/protocol1.0/sync_write) by extension 'ignore'
[0.422s] Level 1:colcon.colcon_core.package_identification:_identify(src/DynamixelSDK/java/protocol1.0/sync_write) by extension 'ignore_ament_install'
[0.422s] Level 1:colcon.colcon_core.package_identification:_identify(src/DynamixelSDK/java/protocol1.0/sync_write) by extensions ['colcon_pkg']
[0.422s] Level 1:colcon.colcon_core.package_identification:_identify(src/DynamixelSDK/java/protocol1.0/sync_write) by extension 'colcon_pkg'
[0.422s] Level 1:colcon.colcon_core.package_identification:_identify(src/DynamixelSDK/java/protocol1.0/sync_write) by extensions ['colcon_meta']
[0.422s] Level 1:colcon.colcon_core.package_identification:_identify(src/DynamixelSDK/java/protocol1.0/sync_write) by extension 'colcon_meta'
[0.422s] Level 1:colcon.colcon_core.package_identification:_identify(src/DynamixelSDK/java/protocol1.0/sync_write) by extensions ['ros']
[0.422s] Level 1:colcon.colcon_core.package_identification:_identify(src/DynamixelSDK/java/protocol1.0/sync_write) by extension 'ros'
[0.422s] Level 1:colcon.colcon_core.package_identification:_identify(src/DynamixelSDK/java/protocol1.0/sync_write) by extensions ['cmake', 'python']
[0.422s] Level 1:colcon.colcon_core.package_identification:_identify(src/DynamixelSDK/java/protocol1.0/sync_write) by extension 'cmake'
[0.422s] Level 1:colcon.colcon_core.package_identification:_identify(src/DynamixelSDK/java/protocol1.0/sync_write) by extension 'python'
[0.422s] Level 1:colcon.colcon_core.package_identification:_identify(src/DynamixelSDK/java/protocol1.0/sync_write) by extensions ['python_setup_py']
[0.422s] Level 1:colcon.colcon_core.package_identification:_identify(src/DynamixelSDK/java/protocol1.0/sync_write) by extension 'python_setup_py'
[0.422s] Level 1:colcon.colcon_core.package_identification:_identify(src/DynamixelSDK/java/protocol2.0) by extensions ['ignore', 'ignore_ament_install']
[0.422s] Level 1:colcon.colcon_core.package_identification:_identify(src/DynamixelSDK/java/protocol2.0) by extension 'ignore'
[0.422s] Level 1:colcon.colcon_core.package_identification:_identify(src/DynamixelSDK/java/protocol2.0) by extension 'ignore_ament_install'
[0.422s] Level 1:colcon.colcon_core.package_identification:_identify(src/DynamixelSDK/java/protocol2.0) by extensions ['colcon_pkg']
[0.422s] Level 1:colcon.colcon_core.package_identification:_identify(src/DynamixelSDK/java/protocol2.0) by extension 'colcon_pkg'
[0.422s] Level 1:colcon.colcon_core.package_identification:_identify(src/DynamixelSDK/java/protocol2.0) by extensions ['colcon_meta']
[0.422s] Level 1:colcon.colcon_core.package_identification:_identify(src/DynamixelSDK/java/protocol2.0) by extension 'colcon_meta'
[0.422s] Level 1:colcon.colcon_core.package_identification:_identify(src/DynamixelSDK/java/protocol2.0) by extensions ['ros']
[0.422s] Level 1:colcon.colcon_core.package_identification:_identify(src/DynamixelSDK/java/protocol2.0) by extension 'ros'
[0.422s] Level 1:colcon.colcon_core.package_identification:_identify(src/DynamixelSDK/java/protocol2.0) by extensions ['cmake', 'python']
[0.422s] Level 1:colcon.colcon_core.package_identification:_identify(src/DynamixelSDK/java/protocol2.0) by extension 'cmake'
[0.422s] Level 1:colcon.colcon_core.package_identification:_identify(src/DynamixelSDK/java/protocol2.0) by extension 'python'
[0.422s] Level 1:colcon.colcon_core.package_identification:_identify(src/DynamixelSDK/java/protocol2.0) by extensions ['python_setup_py']
[0.422s] Level 1:colcon.colcon_core.package_identification:_identify(src/DynamixelSDK/java/protocol2.0) by extension 'python_setup_py'
[0.423s] Level 1:colcon.colcon_core.package_identification:_identify(src/DynamixelSDK/java/protocol2.0/broadcast_ping) by extensions ['ignore', 'ignore_ament_install']
[0.423s] Level 1:colcon.colcon_core.package_identification:_identify(src/DynamixelSDK/java/protocol2.0/broadcast_ping) by extension 'ignore'
[0.423s] Level 1:colcon.colcon_core.package_identification:_identify(src/DynamixelSDK/java/protocol2.0/broadcast_ping) by extension 'ignore_ament_install'
[0.423s] Level 1:colcon.colcon_core.package_identification:_identify(src/DynamixelSDK/java/protocol2.0/broadcast_ping) by extensions ['colcon_pkg']
[0.423s] Level 1:colcon.colcon_core.package_identification:_identify(src/DynamixelSDK/java/protocol2.0/broadcast_ping) by extension 'colcon_pkg'
[0.423s] Level 1:colcon.colcon_core.package_identification:_identify(src/DynamixelSDK/java/protocol2.0/broadcast_ping) by extensions ['colcon_meta']
[0.423s] Level 1:colcon.colcon_core.package_identification:_identify(src/DynamixelSDK/java/protocol2.0/broadcast_ping) by extension 'colcon_meta'
[0.423s] Level 1:colcon.colcon_core.package_identification:_identify(src/DynamixelSDK/java/protocol2.0/broadcast_ping) by extensions ['ros']
[0.423s] Level 1:colcon.colcon_core.package_identification:_identify(src/DynamixelSDK/java/protocol2.0/broadcast_ping) by extension 'ros'
[0.423s] Level 1:colcon.colcon_core.package_identification:_identify(src/DynamixelSDK/java/protocol2.0/broadcast_ping) by extensions ['cmake', 'python']
[0.423s] Level 1:colcon.colcon_core.package_identification:_identify(src/DynamixelSDK/java/protocol2.0/broadcast_ping) by extension 'cmake'
[0.423s] Level 1:colcon.colcon_core.package_identification:_identify(src/DynamixelSDK/java/protocol2.0/broadcast_ping) by extension 'python'
[0.423s] Level 1:colcon.colcon_core.package_identification:_identify(src/DynamixelSDK/java/protocol2.0/broadcast_ping) by extensions ['python_setup_py']
[0.423s] Level 1:colcon.colcon_core.package_identification:_identify(src/DynamixelSDK/java/protocol2.0/broadcast_ping) by extension 'python_setup_py'
[0.423s] Level 1:colcon.colcon_core.package_identification:_identify(src/DynamixelSDK/java/protocol2.0/bulk_read_write) by extensions ['ignore', 'ignore_ament_install']
[0.423s] Level 1:colcon.colcon_core.package_identification:_identify(src/DynamixelSDK/java/protocol2.0/bulk_read_write) by extension 'ignore'
[0.423s] Level 1:colcon.colcon_core.package_identification:_identify(src/DynamixelSDK/java/protocol2.0/bulk_read_write) by extension 'ignore_ament_install'
[0.423s] Level 1:colcon.colcon_core.package_identification:_identify(src/DynamixelSDK/java/protocol2.0/bulk_read_write) by extensions ['colcon_pkg']
[0.423s] Level 1:colcon.colcon_core.package_identification:_identify(src/DynamixelSDK/java/protocol2.0/bulk_read_write) by extension 'colcon_pkg'
[0.423s] Level 1:colcon.colcon_core.package_identification:_identify(src/DynamixelSDK/java/protocol2.0/bulk_read_write) by extensions ['colcon_meta']
[0.423s] Level 1:colcon.colcon_core.package_identification:_identify(src/DynamixelSDK/java/protocol2.0/bulk_read_write) by extension 'colcon_meta'
[0.423s] Level 1:colcon.colcon_core.package_identification:_identify(src/DynamixelSDK/java/protocol2.0/bulk_read_write) by extensions ['ros']
[0.423s] Level 1:colcon.colcon_core.package_identification:_identify(src/DynamixelSDK/java/protocol2.0/bulk_read_write) by extension 'ros'
[0.424s] Level 1:colcon.colcon_core.package_identification:_identify(src/DynamixelSDK/java/protocol2.0/bulk_read_write) by extensions ['cmake', 'python']
[0.424s] Level 1:colcon.colcon_core.package_identification:_identify(src/DynamixelSDK/java/protocol2.0/bulk_read_write) by extension 'cmake'
[0.424s] Level 1:colcon.colcon_core.package_identification:_identify(src/DynamixelSDK/java/protocol2.0/bulk_read_write) by extension 'python'
[0.424s] Level 1:colcon.colcon_core.package_identification:_identify(src/DynamixelSDK/java/protocol2.0/bulk_read_write) by extensions ['python_setup_py']
[0.424s] Level 1:colcon.colcon_core.package_identification:_identify(src/DynamixelSDK/java/protocol2.0/bulk_read_write) by extension 'python_setup_py'
[0.424s] Level 1:colcon.colcon_core.package_identification:_identify(src/DynamixelSDK/java/protocol2.0/clear_multi_turn) by extensions ['ignore', 'ignore_ament_install']
[0.424s] Level 1:colcon.colcon_core.package_identification:_identify(src/DynamixelSDK/java/protocol2.0/clear_multi_turn) by extension 'ignore'
[0.424s] Level 1:colcon.colcon_core.package_identification:_identify(src/DynamixelSDK/java/protocol2.0/clear_multi_turn) by extension 'ignore_ament_install'
[0.424s] Level 1:colcon.colcon_core.package_identification:_identify(src/DynamixelSDK/java/protocol2.0/clear_multi_turn) by extensions ['colcon_pkg']
[0.424s] Level 1:colcon.colcon_core.package_identification:_identify(src/DynamixelSDK/java/protocol2.0/clear_multi_turn) by extension 'colcon_pkg'
[0.424s] Level 1:colcon.colcon_core.package_identification:_identify(src/DynamixelSDK/java/protocol2.0/clear_multi_turn) by extensions ['colcon_meta']
[0.424s] Level 1:colcon.colcon_core.package_identification:_identify(src/DynamixelSDK/java/protocol2.0/clear_multi_turn) by extension 'colcon_meta'
[0.424s] Level 1:colcon.colcon_core.package_identification:_identify(src/DynamixelSDK/java/protocol2.0/clear_multi_turn) by extensions ['ros']
[0.424s] Level 1:colcon.colcon_core.package_identification:_identify(src/DynamixelSDK/java/protocol2.0/clear_multi_turn) by extension 'ros'
[0.424s] Level 1:colcon.colcon_core.package_identification:_identify(src/DynamixelSDK/java/protocol2.0/clear_multi_turn) by extensions ['cmake', 'python']
[0.424s] Level 1:colcon.colcon_core.package_identification:_identify(src/DynamixelSDK/java/protocol2.0/clear_multi_turn) by extension 'cmake'
[0.424s] Level 1:colcon.colcon_core.package_identification:_identify(src/DynamixelSDK/java/protocol2.0/clear_multi_turn) by extension 'python'
[0.424s] Level 1:colcon.colcon_core.package_identification:_identify(src/DynamixelSDK/java/protocol2.0/clear_multi_turn) by extensions ['python_setup_py']
[0.424s] Level 1:colcon.colcon_core.package_identification:_identify(src/DynamixelSDK/java/protocol2.0/clear_multi_turn) by extension 'python_setup_py'
[0.424s] Level 1:colcon.colcon_core.package_identification:_identify(src/DynamixelSDK/java/protocol2.0/factory_reset) by extensions ['ignore', 'ignore_ament_install']
[0.424s] Level 1:colcon.colcon_core.package_identification:_identify(src/DynamixelSDK/java/protocol2.0/factory_reset) by extension 'ignore'
[0.424s] Level 1:colcon.colcon_core.package_identification:_identify(src/DynamixelSDK/java/protocol2.0/factory_reset) by extension 'ignore_ament_install'
[0.424s] Level 1:colcon.colcon_core.package_identification:_identify(src/DynamixelSDK/java/protocol2.0/factory_reset) by extensions ['colcon_pkg']
[0.424s] Level 1:colcon.colcon_core.package_identification:_identify(src/DynamixelSDK/java/protocol2.0/factory_reset) by extension 'colcon_pkg'
[0.425s] Level 1:colcon.colcon_core.package_identification:_identify(src/DynamixelSDK/java/protocol2.0/factory_reset) by extensions ['colcon_meta']
[0.425s] Level 1:colcon.colcon_core.package_identification:_identify(src/DynamixelSDK/java/protocol2.0/factory_reset) by extension 'colcon_meta'
[0.425s] Level 1:colcon.colcon_core.package_identification:_identify(src/DynamixelSDK/java/protocol2.0/factory_reset) by extensions ['ros']
[0.425s] Level 1:colcon.colcon_core.package_identification:_identify(src/DynamixelSDK/java/protocol2.0/factory_reset) by extension 'ros'
[0.425s] Level 1:colcon.colcon_core.package_identification:_identify(src/DynamixelSDK/java/protocol2.0/factory_reset) by extensions ['cmake', 'python']
[0.425s] Level 1:colcon.colcon_core.package_identification:_identify(src/DynamixelSDK/java/protocol2.0/factory_reset) by extension 'cmake'
[0.425s] Level 1:colcon.colcon_core.package_identification:_identify(src/DynamixelSDK/java/protocol2.0/factory_reset) by extension 'python'
[0.425s] Level 1:colcon.colcon_core.package_identification:_identify(src/DynamixelSDK/java/protocol2.0/factory_reset) by extensions ['python_setup_py']
[0.425s] Level 1:colcon.colcon_core.package_identification:_identify(src/DynamixelSDK/java/protocol2.0/factory_reset) by extension 'python_setup_py'
[0.425s] Level 1:colcon.colcon_core.package_identification:_identify(src/DynamixelSDK/java/protocol2.0/indirect_address) by extensions ['ignore', 'ignore_ament_install']
[0.425s] Level 1:colcon.colcon_core.package_identification:_identify(src/DynamixelSDK/java/protocol2.0/indirect_address) by extension 'ignore'
[0.425s] Level 1:colcon.colcon_core.package_identification:_identify(src/DynamixelSDK/java/protocol2.0/indirect_address) by extension 'ignore_ament_install'
[0.425s] Level 1:colcon.colcon_core.package_identification:_identify(src/DynamixelSDK/java/protocol2.0/indirect_address) by extensions ['colcon_pkg']
[0.425s] Level 1:colcon.colcon_core.package_identification:_identify(src/DynamixelSDK/java/protocol2.0/indirect_address) by extension 'colcon_pkg'
[0.425s] Level 1:colcon.colcon_core.package_identification:_identify(src/DynamixelSDK/java/protocol2.0/indirect_address) by extensions ['colcon_meta']
[0.425s] Level 1:colcon.colcon_core.package_identification:_identify(src/DynamixelSDK/java/protocol2.0/indirect_address) by extension 'colcon_meta'
[0.425s] Level 1:colcon.colcon_core.package_identification:_identify(src/DynamixelSDK/java/protocol2.0/indirect_address) by extensions ['ros']
[0.425s] Level 1:colcon.colcon_core.package_identification:_identify(src/DynamixelSDK/java/protocol2.0/indirect_address) by extension 'ros'
[0.425s] Level 1:colcon.colcon_core.package_identification:_identify(src/DynamixelSDK/java/protocol2.0/indirect_address) by extensions ['cmake', 'python']
[0.425s] Level 1:colcon.colcon_core.package_identification:_identify(src/DynamixelSDK/java/protocol2.0/indirect_address) by extension 'cmake'
[0.425s] Level 1:colcon.colcon_core.package_identification:_identify(src/DynamixelSDK/java/protocol2.0/indirect_address) by extension 'python'
[0.425s] Level 1:colcon.colcon_core.package_identification:_identify(src/DynamixelSDK/java/protocol2.0/indirect_address) by extensions ['python_setup_py']
[0.425s] Level 1:colcon.colcon_core.package_identification:_identify(src/DynamixelSDK/java/protocol2.0/indirect_address) by extension 'python_setup_py'
[0.425s] Level 1:colcon.colcon_core.package_identification:_identify(src/DynamixelSDK/java/protocol2.0/multi_port) by extensions ['ignore', 'ignore_ament_install']
[0.425s] Level 1:colcon.colcon_core.package_identification:_identify(src/DynamixelSDK/java/protocol2.0/multi_port) by extension 'ignore'
[0.426s] Level 1:colcon.colcon_core.package_identification:_identify(src/DynamixelSDK/java/protocol2.0/multi_port) by extension 'ignore_ament_install'
[0.426s] Level 1:colcon.colcon_core.package_identification:_identify(src/DynamixelSDK/java/protocol2.0/multi_port) by extensions ['colcon_pkg']
[0.426s] Level 1:colcon.colcon_core.package_identification:_identify(src/DynamixelSDK/java/protocol2.0/multi_port) by extension 'colcon_pkg'
[0.426s] Level 1:colcon.colcon_core.package_identification:_identify(src/DynamixelSDK/java/protocol2.0/multi_port) by extensions ['colcon_meta']
[0.426s] Level 1:colcon.colcon_core.package_identification:_identify(src/DynamixelSDK/java/protocol2.0/multi_port) by extension 'colcon_meta'
[0.426s] Level 1:colcon.colcon_core.package_identification:_identify(src/DynamixelSDK/java/protocol2.0/multi_port) by extensions ['ros']
[0.426s] Level 1:colcon.colcon_core.package_identification:_identify(src/DynamixelSDK/java/protocol2.0/multi_port) by extension 'ros'
[0.426s] Level 1:colcon.colcon_core.package_identification:_identify(src/DynamixelSDK/java/protocol2.0/multi_port) by extensions ['cmake', 'python']
[0.426s] Level 1:colcon.colcon_core.package_identification:_identify(src/DynamixelSDK/java/protocol2.0/multi_port) by extension 'cmake'
[0.426s] Level 1:colcon.colcon_core.package_identification:_identify(src/DynamixelSDK/java/protocol2.0/multi_port) by extension 'python'
[0.426s] Level 1:colcon.colcon_core.package_identification:_identify(src/DynamixelSDK/java/protocol2.0/multi_port) by extensions ['python_setup_py']
[0.426s] Level 1:colcon.colcon_core.package_identification:_identify(src/DynamixelSDK/java/protocol2.0/multi_port) by extension 'python_setup_py'
[0.426s] Level 1:colcon.colcon_core.package_identification:_identify(src/DynamixelSDK/java/protocol2.0/ping) by extensions ['ignore', 'ignore_ament_install']
[0.426s] Level 1:colcon.colcon_core.package_identification:_identify(src/DynamixelSDK/java/protocol2.0/ping) by extension 'ignore'
[0.426s] Level 1:colcon.colcon_core.package_identification:_identify(src/DynamixelSDK/java/protocol2.0/ping) by extension 'ignore_ament_install'
[0.426s] Level 1:colcon.colcon_core.package_identification:_identify(src/DynamixelSDK/java/protocol2.0/ping) by extensions ['colcon_pkg']
[0.426s] Level 1:colcon.colcon_core.package_identification:_identify(src/DynamixelSDK/java/protocol2.0/ping) by extension 'colcon_pkg'
[0.426s] Level 1:colcon.colcon_core.package_identification:_identify(src/DynamixelSDK/java/protocol2.0/ping) by extensions ['colcon_meta']
[0.426s] Level 1:colcon.colcon_core.package_identification:_identify(src/DynamixelSDK/java/protocol2.0/ping) by extension 'colcon_meta'
[0.426s] Level 1:colcon.colcon_core.package_identification:_identify(src/DynamixelSDK/java/protocol2.0/ping) by extensions ['ros']
[0.426s] Level 1:colcon.colcon_core.package_identification:_identify(src/DynamixelSDK/java/protocol2.0/ping) by extension 'ros'
[0.426s] Level 1:colcon.colcon_core.package_identification:_identify(src/DynamixelSDK/java/protocol2.0/ping) by extensions ['cmake', 'python']
[0.426s] Level 1:colcon.colcon_core.package_identification:_identify(src/DynamixelSDK/java/protocol2.0/ping) by extension 'cmake'
[0.426s] Level 1:colcon.colcon_core.package_identification:_identify(src/DynamixelSDK/java/protocol2.0/ping) by extension 'python'
[0.426s] Level 1:colcon.colcon_core.package_identification:_identify(src/DynamixelSDK/java/protocol2.0/ping) by extensions ['python_setup_py']
[0.427s] Level 1:colcon.colcon_core.package_identification:_identify(src/DynamixelSDK/java/protocol2.0/ping) by extension 'python_setup_py'
[0.427s] Level 1:colcon.colcon_core.package_identification:_identify(src/DynamixelSDK/java/protocol2.0/read_write) by extensions ['ignore', 'ignore_ament_install']
[0.427s] Level 1:colcon.colcon_core.package_identification:_identify(src/DynamixelSDK/java/protocol2.0/read_write) by extension 'ignore'
[0.427s] Level 1:colcon.colcon_core.package_identification:_identify(src/DynamixelSDK/java/protocol2.0/read_write) by extension 'ignore_ament_install'
[0.427s] Level 1:colcon.colcon_core.package_identification:_identify(src/DynamixelSDK/java/protocol2.0/read_write) by extensions ['colcon_pkg']
[0.427s] Level 1:colcon.colcon_core.package_identification:_identify(src/DynamixelSDK/java/protocol2.0/read_write) by extension 'colcon_pkg'
[0.427s] Level 1:colcon.colcon_core.package_identification:_identify(src/DynamixelSDK/java/protocol2.0/read_write) by extensions ['colcon_meta']
[0.427s] Level 1:colcon.colcon_core.package_identification:_identify(src/DynamixelSDK/java/protocol2.0/read_write) by extension 'colcon_meta'
[0.427s] Level 1:colcon.colcon_core.package_identification:_identify(src/DynamixelSDK/java/protocol2.0/read_write) by extensions ['ros']
[0.427s] Level 1:colcon.colcon_core.package_identification:_identify(src/DynamixelSDK/java/protocol2.0/read_write) by extension 'ros'
[0.427s] Level 1:colcon.colcon_core.package_identification:_identify(src/DynamixelSDK/java/protocol2.0/read_write) by extensions ['cmake', 'python']
[0.427s] Level 1:colcon.colcon_core.package_identification:_identify(src/DynamixelSDK/java/protocol2.0/read_write) by extension 'cmake'
[0.427s] Level 1:colcon.colcon_core.package_identification:_identify(src/DynamixelSDK/java/protocol2.0/read_write) by extension 'python'
[0.427s] Level 1:colcon.colcon_core.package_identification:_identify(src/DynamixelSDK/java/protocol2.0/read_write) by extensions ['python_setup_py']
[0.427s] Level 1:colcon.colcon_core.package_identification:_identify(src/DynamixelSDK/java/protocol2.0/read_write) by extension 'python_setup_py'
[0.427s] Level 1:colcon.colcon_core.package_identification:_identify(src/DynamixelSDK/java/protocol2.0/reboot) by extensions ['ignore', 'ignore_ament_install']
[0.427s] Level 1:colcon.colcon_core.package_identification:_identify(src/DynamixelSDK/java/protocol2.0/reboot) by extension 'ignore'
[0.427s] Level 1:colcon.colcon_core.package_identification:_identify(src/DynamixelSDK/java/protocol2.0/reboot) by extension 'ignore_ament_install'
[0.427s] Level 1:colcon.colcon_core.package_identification:_identify(src/DynamixelSDK/java/protocol2.0/reboot) by extensions ['colcon_pkg']
[0.427s] Level 1:colcon.colcon_core.package_identification:_identify(src/DynamixelSDK/java/protocol2.0/reboot) by extension 'colcon_pkg'
[0.427s] Level 1:colcon.colcon_core.package_identification:_identify(src/DynamixelSDK/java/protocol2.0/reboot) by extensions ['colcon_meta']
[0.427s] Level 1:colcon.colcon_core.package_identification:_identify(src/DynamixelSDK/java/protocol2.0/reboot) by extension 'colcon_meta'
[0.427s] Level 1:colcon.colcon_core.package_identification:_identify(src/DynamixelSDK/java/protocol2.0/reboot) by extensions ['ros']
[0.427s] Level 1:colcon.colcon_core.package_identification:_identify(src/DynamixelSDK/java/protocol2.0/reboot) by extension 'ros'
[0.428s] Level 1:colcon.colcon_core.package_identification:_identify(src/DynamixelSDK/java/protocol2.0/reboot) by extensions ['cmake', 'python']
[0.428s] Level 1:colcon.colcon_core.package_identification:_identify(src/DynamixelSDK/java/protocol2.0/reboot) by extension 'cmake'
[0.428s] Level 1:colcon.colcon_core.package_identification:_identify(src/DynamixelSDK/java/protocol2.0/reboot) by extension 'python'
[0.428s] Level 1:colcon.colcon_core.package_identification:_identify(src/DynamixelSDK/java/protocol2.0/reboot) by extensions ['python_setup_py']
[0.428s] Level 1:colcon.colcon_core.package_identification:_identify(src/DynamixelSDK/java/protocol2.0/reboot) by extension 'python_setup_py'
[0.428s] Level 1:colcon.colcon_core.package_identification:_identify(src/DynamixelSDK/java/protocol2.0/sync_read_write) by extensions ['ignore', 'ignore_ament_install']
[0.428s] Level 1:colcon.colcon_core.package_identification:_identify(src/DynamixelSDK/java/protocol2.0/sync_read_write) by extension 'ignore'
[0.428s] Level 1:colcon.colcon_core.package_identification:_identify(src/DynamixelSDK/java/protocol2.0/sync_read_write) by extension 'ignore_ament_install'
[0.428s] Level 1:colcon.colcon_core.package_identification:_identify(src/DynamixelSDK/java/protocol2.0/sync_read_write) by extensions ['colcon_pkg']
[0.428s] Level 1:colcon.colcon_core.package_identification:_identify(src/DynamixelSDK/java/protocol2.0/sync_read_write) by extension 'colcon_pkg'
[0.428s] Level 1:colcon.colcon_core.package_identification:_identify(src/DynamixelSDK/java/protocol2.0/sync_read_write) by extensions ['colcon_meta']
[0.428s] Level 1:colcon.colcon_core.package_identification:_identify(src/DynamixelSDK/java/protocol2.0/sync_read_write) by extension 'colcon_meta'
[0.428s] Level 1:colcon.colcon_core.package_identification:_identify(src/DynamixelSDK/java/protocol2.0/sync_read_write) by extensions ['ros']
[0.428s] Level 1:colcon.colcon_core.package_identification:_identify(src/DynamixelSDK/java/protocol2.0/sync_read_write) by extension 'ros'
[0.428s] Level 1:colcon.colcon_core.package_identification:_identify(src/DynamixelSDK/java/protocol2.0/sync_read_write) by extensions ['cmake', 'python']
[0.428s] Level 1:colcon.colcon_core.package_identification:_identify(src/DynamixelSDK/java/protocol2.0/sync_read_write) by extension 'cmake'
[0.428s] Level 1:colcon.colcon_core.package_identification:_identify(src/DynamixelSDK/java/protocol2.0/sync_read_write) by extension 'python'
[0.428s] Level 1:colcon.colcon_core.package_identification:_identify(src/DynamixelSDK/java/protocol2.0/sync_read_write) by extensions ['python_setup_py']
[0.428s] Level 1:colcon.colcon_core.package_identification:_identify(src/DynamixelSDK/java/protocol2.0/sync_read_write) by extension 'python_setup_py'
[0.428s] Level 1:colcon.colcon_core.package_identification:_identify(src/DynamixelSDK/java/protocol_combined) by extensions ['ignore', 'ignore_ament_install']
[0.428s] Level 1:colcon.colcon_core.package_identification:_identify(src/DynamixelSDK/java/protocol_combined) by extension 'ignore'
[0.428s] Level 1:colcon.colcon_core.package_identification:_identify(src/DynamixelSDK/java/protocol_combined) by extension 'ignore_ament_install'
[0.428s] Level 1:colcon.colcon_core.package_identification:_identify(src/DynamixelSDK/java/protocol_combined) by extensions ['colcon_pkg']
[0.429s] Level 1:colcon.colcon_core.package_identification:_identify(src/DynamixelSDK/java/protocol_combined) by extension 'colcon_pkg'
[0.429s] Level 1:colcon.colcon_core.package_identification:_identify(src/DynamixelSDK/java/protocol_combined) by extensions ['colcon_meta']
[0.429s] Level 1:colcon.colcon_core.package_identification:_identify(src/DynamixelSDK/java/protocol_combined) by extension 'colcon_meta'
[0.429s] Level 1:colcon.colcon_core.package_identification:_identify(src/DynamixelSDK/java/protocol_combined) by extensions ['ros']
[0.429s] Level 1:colcon.colcon_core.package_identification:_identify(src/DynamixelSDK/java/protocol_combined) by extension 'ros'
[0.429s] Level 1:colcon.colcon_core.package_identification:_identify(src/DynamixelSDK/java/protocol_combined) by extensions ['cmake', 'python']
[0.429s] Level 1:colcon.colcon_core.package_identification:_identify(src/DynamixelSDK/java/protocol_combined) by extension 'cmake'
[0.429s] Level 1:colcon.colcon_core.package_identification:_identify(src/DynamixelSDK/java/protocol_combined) by extension 'python'
[0.429s] Level 1:colcon.colcon_core.package_identification:_identify(src/DynamixelSDK/java/protocol_combined) by extensions ['python_setup_py']
[0.429s] Level 1:colcon.colcon_core.package_identification:_identify(src/DynamixelSDK/java/protocol_combined) by extension 'python_setup_py'
[0.429s] Level 1:colcon.colcon_core.package_identification:_identify(src/DynamixelSDK/labview) by extensions ['ignore', 'ignore_ament_install']
[0.429s] Level 1:colcon.colcon_core.package_identification:_identify(src/DynamixelSDK/labview) by extension 'ignore'
[0.429s] Level 1:colcon.colcon_core.package_identification:_identify(src/DynamixelSDK/labview) by extension 'ignore_ament_install'
[0.429s] Level 1:colcon.colcon_core.package_identification:_identify(src/DynamixelSDK/labview) by extensions ['colcon_pkg']
[0.429s] Level 1:colcon.colcon_core.package_identification:_identify(src/DynamixelSDK/labview) by extension 'colcon_pkg'
[0.429s] Level 1:colcon.colcon_core.package_identification:_identify(src/DynamixelSDK/labview) by extensions ['colcon_meta']
[0.429s] Level 1:colcon.colcon_core.package_identification:_identify(src/DynamixelSDK/labview) by extension 'colcon_meta'
[0.429s] Level 1:colcon.colcon_core.package_identification:_identify(src/DynamixelSDK/labview) by extensions ['ros']
[0.429s] Level 1:colcon.colcon_core.package_identification:_identify(src/DynamixelSDK/labview) by extension 'ros'
[0.429s] Level 1:colcon.colcon_core.package_identification:_identify(src/DynamixelSDK/labview) by extensions ['cmake', 'python']
[0.429s] Level 1:colcon.colcon_core.package_identification:_identify(src/DynamixelSDK/labview) by extension 'cmake'
[0.429s] Level 1:colcon.colcon_core.package_identification:_identify(src/DynamixelSDK/labview) by extension 'python'
[0.429s] Level 1:colcon.colcon_core.package_identification:_identify(src/DynamixelSDK/labview) by extensions ['python_setup_py']
[0.429s] Level 1:colcon.colcon_core.package_identification:_identify(src/DynamixelSDK/labview) by extension 'python_setup_py'
[0.430s] Level 1:colcon.colcon_core.package_identification:_identify(src/DynamixelSDK/labview/dxl_x86_c.lvlib) by extensions ['ignore', 'ignore_ament_install']
[0.430s] Level 1:colcon.colcon_core.package_identification:_identify(src/DynamixelSDK/labview/dxl_x86_c.lvlib) by extension 'ignore'
[0.430s] Level 1:colcon.colcon_core.package_identification:_identify(src/DynamixelSDK/labview/dxl_x86_c.lvlib) by extension 'ignore_ament_install'
[0.430s] Level 1:colcon.colcon_core.package_identification:_identify(src/DynamixelSDK/labview/dxl_x86_c.lvlib) by extensions ['colcon_pkg']
[0.430s] Level 1:colcon.colcon_core.package_identification:_identify(src/DynamixelSDK/labview/dxl_x86_c.lvlib) by extension 'colcon_pkg'
[0.430s] Level 1:colcon.colcon_core.package_identification:_identify(src/DynamixelSDK/labview/dxl_x86_c.lvlib) by extensions ['colcon_meta']
[0.430s] Level 1:colcon.colcon_core.package_identification:_identify(src/DynamixelSDK/labview/dxl_x86_c.lvlib) by extension 'colcon_meta'
[0.430s] Level 1:colcon.colcon_core.package_identification:_identify(src/DynamixelSDK/labview/dxl_x86_c.lvlib) by extensions ['ros']
[0.430s] Level 1:colcon.colcon_core.package_identification:_identify(src/DynamixelSDK/labview/dxl_x86_c.lvlib) by extension 'ros'
[0.430s] Level 1:colcon.colcon_core.package_identification:_identify(src/DynamixelSDK/labview/dxl_x86_c.lvlib) by extensions ['cmake', 'python']
[0.430s] Level 1:colcon.colcon_core.package_identification:_identify(src/DynamixelSDK/labview/dxl_x86_c.lvlib) by extension 'cmake'
[0.430s] Level 1:colcon.colcon_core.package_identification:_identify(src/DynamixelSDK/labview/dxl_x86_c.lvlib) by extension 'python'
[0.430s] Level 1:colcon.colcon_core.package_identification:_identify(src/DynamixelSDK/labview/dxl_x86_c.lvlib) by extensions ['python_setup_py']
[0.430s] Level 1:colcon.colcon_core.package_identification:_identify(src/DynamixelSDK/labview/dxl_x86_c.lvlib) by extension 'python_setup_py'
[0.430s] Level 1:colcon.colcon_core.package_identification:_identify(src/DynamixelSDK/labview/dxl_x86_c.lvlib/VIs) by extensions ['ignore', 'ignore_ament_install']
[0.430s] Level 1:colcon.colcon_core.package_identification:_identify(src/DynamixelSDK/labview/dxl_x86_c.lvlib/VIs) by extension 'ignore'
[0.430s] Level 1:colcon.colcon_core.package_identification:_identify(src/DynamixelSDK/labview/dxl_x86_c.lvlib/VIs) by extension 'ignore_ament_install'
[0.430s] Level 1:colcon.colcon_core.package_identification:_identify(src/DynamixelSDK/labview/dxl_x86_c.lvlib/VIs) by extensions ['colcon_pkg']
[0.430s] Level 1:colcon.colcon_core.package_identification:_identify(src/DynamixelSDK/labview/dxl_x86_c.lvlib/VIs) by extension 'colcon_pkg'
[0.430s] Level 1:colcon.colcon_core.package_identification:_identify(src/DynamixelSDK/labview/dxl_x86_c.lvlib/VIs) by extensions ['colcon_meta']
[0.430s] Level 1:colcon.colcon_core.package_identification:_identify(src/DynamixelSDK/labview/dxl_x86_c.lvlib/VIs) by extension 'colcon_meta'
[0.430s] Level 1:colcon.colcon_core.package_identification:_identify(src/DynamixelSDK/labview/dxl_x86_c.lvlib/VIs) by extensions ['ros']
[0.431s] Level 1:colcon.colcon_core.package_identification:_identify(src/DynamixelSDK/labview/dxl_x86_c.lvlib/VIs) by extension 'ros'
[0.431s] Level 1:colcon.colcon_core.package_identification:_identify(src/DynamixelSDK/labview/dxl_x86_c.lvlib/VIs) by extensions ['cmake', 'python']
[0.431s] Level 1:colcon.colcon_core.package_identification:_identify(src/DynamixelSDK/labview/dxl_x86_c.lvlib/VIs) by extension 'cmake'
[0.431s] Level 1:colcon.colcon_core.package_identification:_identify(src/DynamixelSDK/labview/dxl_x86_c.lvlib/VIs) by extension 'python'
[0.431s] Level 1:colcon.colcon_core.package_identification:_identify(src/DynamixelSDK/labview/dxl_x86_c.lvlib/VIs) by extensions ['python_setup_py']
[0.431s] Level 1:colcon.colcon_core.package_identification:_identify(src/DynamixelSDK/labview/dxl_x86_c.lvlib/VIs) by extension 'python_setup_py'
[0.431s] Level 1:colcon.colcon_core.package_identification:_identify(src/DynamixelSDK/labview/protocol1.0) by extensions ['ignore', 'ignore_ament_install']
[0.431s] Level 1:colcon.colcon_core.package_identification:_identify(src/DynamixelSDK/labview/protocol1.0) by extension 'ignore'
[0.431s] Level 1:colcon.colcon_core.package_identification:_identify(src/DynamixelSDK/labview/protocol1.0) by extension 'ignore_ament_install'
[0.431s] Level 1:colcon.colcon_core.package_identification:_identify(src/DynamixelSDK/labview/protocol1.0) by extensions ['colcon_pkg']
[0.431s] Level 1:colcon.colcon_core.package_identification:_identify(src/DynamixelSDK/labview/protocol1.0) by extension 'colcon_pkg'
[0.431s] Level 1:colcon.colcon_core.package_identification:_identify(src/DynamixelSDK/labview/protocol1.0) by extensions ['colcon_meta']
[0.431s] Level 1:colcon.colcon_core.package_identification:_identify(src/DynamixelSDK/labview/protocol1.0) by extension 'colcon_meta'
[0.431s] Level 1:colcon.colcon_core.package_identification:_identify(src/DynamixelSDK/labview/protocol1.0) by extensions ['ros']
[0.431s] Level 1:colcon.colcon_core.package_identification:_identify(src/DynamixelSDK/labview/protocol1.0) by extension 'ros'
[0.431s] Level 1:colcon.colcon_core.package_identification:_identify(src/DynamixelSDK/labview/protocol1.0) by extensions ['cmake', 'python']
[0.431s] Level 1:colcon.colcon_core.package_identification:_identify(src/DynamixelSDK/labview/protocol1.0) by extension 'cmake'
[0.431s] Level 1:colcon.colcon_core.package_identification:_identify(src/DynamixelSDK/labview/protocol1.0) by extension 'python'
[0.431s] Level 1:colcon.colcon_core.package_identification:_identify(src/DynamixelSDK/labview/protocol1.0) by extensions ['python_setup_py']
[0.431s] Level 1:colcon.colcon_core.package_identification:_identify(src/DynamixelSDK/labview/protocol1.0) by extension 'python_setup_py'
[0.431s] Level 1:colcon.colcon_core.package_identification:_identify(src/DynamixelSDK/labview/protocol2.0) by extensions ['ignore', 'ignore_ament_install']
[0.431s] Level 1:colcon.colcon_core.package_identification:_identify(src/DynamixelSDK/labview/protocol2.0) by extension 'ignore'
[0.431s] Level 1:colcon.colcon_core.package_identification:_identify(src/DynamixelSDK/labview/protocol2.0) by extension 'ignore_ament_install'
[0.432s] Level 1:colcon.colcon_core.package_identification:_identify(src/DynamixelSDK/labview/protocol2.0) by extensions ['colcon_pkg']
[0.432s] Level 1:colcon.colcon_core.package_identification:_identify(src/DynamixelSDK/labview/protocol2.0) by extension 'colcon_pkg'
[0.432s] Level 1:colcon.colcon_core.package_identification:_identify(src/DynamixelSDK/labview/protocol2.0) by extensions ['colcon_meta']
[0.432s] Level 1:colcon.colcon_core.package_identification:_identify(src/DynamixelSDK/labview/protocol2.0) by extension 'colcon_meta'
[0.432s] Level 1:colcon.colcon_core.package_identification:_identify(src/DynamixelSDK/labview/protocol2.0) by extensions ['ros']
[0.432s] Level 1:colcon.colcon_core.package_identification:_identify(src/DynamixelSDK/labview/protocol2.0) by extension 'ros'
[0.432s] Level 1:colcon.colcon_core.package_identification:_identify(src/DynamixelSDK/labview/protocol2.0) by extensions ['cmake', 'python']
[0.432s] Level 1:colcon.colcon_core.package_identification:_identify(src/DynamixelSDK/labview/protocol2.0) by extension 'cmake'
[0.432s] Level 1:colcon.colcon_core.package_identification:_identify(src/DynamixelSDK/labview/protocol2.0) by extension 'python'
[0.432s] Level 1:colcon.colcon_core.package_identification:_identify(src/DynamixelSDK/labview/protocol2.0) by extensions ['python_setup_py']
[0.432s] Level 1:colcon.colcon_core.package_identification:_identify(src/DynamixelSDK/labview/protocol2.0) by extension 'python_setup_py'
[0.432s] Level 1:colcon.colcon_core.package_identification:_identify(src/DynamixelSDK/labview/protocol_combined) by extensions ['ignore', 'ignore_ament_install']
[0.432s] Level 1:colcon.colcon_core.package_identification:_identify(src/DynamixelSDK/labview/protocol_combined) by extension 'ignore'
[0.432s] Level 1:colcon.colcon_core.package_identification:_identify(src/DynamixelSDK/labview/protocol_combined) by extension 'ignore_ament_install'
[0.432s] Level 1:colcon.colcon_core.package_identification:_identify(src/DynamixelSDK/labview/protocol_combined) by extensions ['colcon_pkg']
[0.432s] Level 1:colcon.colcon_core.package_identification:_identify(src/DynamixelSDK/labview/protocol_combined) by extension 'colcon_pkg'
[0.432s] Level 1:colcon.colcon_core.package_identification:_identify(src/DynamixelSDK/labview/protocol_combined) by extensions ['colcon_meta']
[0.432s] Level 1:colcon.colcon_core.package_identification:_identify(src/DynamixelSDK/labview/protocol_combined) by extension 'colcon_meta'
[0.432s] Level 1:colcon.colcon_core.package_identification:_identify(src/DynamixelSDK/labview/protocol_combined) by extensions ['ros']
[0.432s] Level 1:colcon.colcon_core.package_identification:_identify(src/DynamixelSDK/labview/protocol_combined) by extension 'ros'
[0.432s] Level 1:colcon.colcon_core.package_identification:_identify(src/DynamixelSDK/labview/protocol_combined) by extensions ['cmake', 'python']
[0.432s] Level 1:colcon.colcon_core.package_identification:_identify(src/DynamixelSDK/labview/protocol_combined) by extension 'cmake'
[0.432s] Level 1:colcon.colcon_core.package_identification:_identify(src/DynamixelSDK/labview/protocol_combined) by extension 'python'
[0.432s] Level 1:colcon.colcon_core.package_identification:_identify(src/DynamixelSDK/labview/protocol_combined) by extensions ['python_setup_py']
[0.433s] Level 1:colcon.colcon_core.package_identification:_identify(src/DynamixelSDK/labview/protocol_combined) by extension 'python_setup_py'
[0.433s] Level 1:colcon.colcon_core.package_identification:_identify(src/DynamixelSDK/matlab) by extensions ['ignore', 'ignore_ament_install']
[0.433s] Level 1:colcon.colcon_core.package_identification:_identify(src/DynamixelSDK/matlab) by extension 'ignore'
[0.433s] Level 1:colcon.colcon_core.package_identification:_identify(src/DynamixelSDK/matlab) by extension 'ignore_ament_install'
[0.433s] Level 1:colcon.colcon_core.package_identification:_identify(src/DynamixelSDK/matlab) by extensions ['colcon_pkg']
[0.433s] Level 1:colcon.colcon_core.package_identification:_identify(src/DynamixelSDK/matlab) by extension 'colcon_pkg'
[0.433s] Level 1:colcon.colcon_core.package_identification:_identify(src/DynamixelSDK/matlab) by extensions ['colcon_meta']
[0.433s] Level 1:colcon.colcon_core.package_identification:_identify(src/DynamixelSDK/matlab) by extension 'colcon_meta'
[0.433s] Level 1:colcon.colcon_core.package_identification:_identify(src/DynamixelSDK/matlab) by extensions ['ros']
[0.433s] Level 1:colcon.colcon_core.package_identification:_identify(src/DynamixelSDK/matlab) by extension 'ros'
[0.433s] Level 1:colcon.colcon_core.package_identification:_identify(src/DynamixelSDK/matlab) by extensions ['cmake', 'python']
[0.433s] Level 1:colcon.colcon_core.package_identification:_identify(src/DynamixelSDK/matlab) by extension 'cmake'
[0.433s] Level 1:colcon.colcon_core.package_identification:_identify(src/DynamixelSDK/matlab) by extension 'python'
[0.433s] Level 1:colcon.colcon_core.package_identification:_identify(src/DynamixelSDK/matlab) by extensions ['python_setup_py']
[0.433s] Level 1:colcon.colcon_core.package_identification:_identify(src/DynamixelSDK/matlab) by extension 'python_setup_py'
[0.433s] Level 1:colcon.colcon_core.package_identification:_identify(src/DynamixelSDK/matlab/m_basic_function) by extensions ['ignore', 'ignore_ament_install']
[0.433s] Level 1:colcon.colcon_core.package_identification:_identify(src/DynamixelSDK/matlab/m_basic_function) by extension 'ignore'
[0.433s] Level 1:colcon.colcon_core.package_identification:_identify(src/DynamixelSDK/matlab/m_basic_function) by extension 'ignore_ament_install'
[0.433s] Level 1:colcon.colcon_core.package_identification:_identify(src/DynamixelSDK/matlab/m_basic_function) by extensions ['colcon_pkg']
[0.433s] Level 1:colcon.colcon_core.package_identification:_identify(src/DynamixelSDK/matlab/m_basic_function) by extension 'colcon_pkg'
[0.433s] Level 1:colcon.colcon_core.package_identification:_identify(src/DynamixelSDK/matlab/m_basic_function) by extensions ['colcon_meta']
[0.433s] Level 1:colcon.colcon_core.package_identification:_identify(src/DynamixelSDK/matlab/m_basic_function) by extension 'colcon_meta'
[0.433s] Level 1:colcon.colcon_core.package_identification:_identify(src/DynamixelSDK/matlab/m_basic_function) by extensions ['ros']
[0.434s] Level 1:colcon.colcon_core.package_identification:_identify(src/DynamixelSDK/matlab/m_basic_function) by extension 'ros'
[0.434s] Level 1:colcon.colcon_core.package_identification:_identify(src/DynamixelSDK/matlab/m_basic_function) by extensions ['cmake', 'python']
[0.434s] Level 1:colcon.colcon_core.package_identification:_identify(src/DynamixelSDK/matlab/m_basic_function) by extension 'cmake'
[0.434s] Level 1:colcon.colcon_core.package_identification:_identify(src/DynamixelSDK/matlab/m_basic_function) by extension 'python'
[0.434s] Level 1:colcon.colcon_core.package_identification:_identify(src/DynamixelSDK/matlab/m_basic_function) by extensions ['python_setup_py']
[0.434s] Level 1:colcon.colcon_core.package_identification:_identify(src/DynamixelSDK/matlab/m_basic_function) by extension 'python_setup_py'
[0.434s] Level 1:colcon.colcon_core.package_identification:_identify(src/DynamixelSDK/matlab/m_basic_function/group_bulk_read) by extensions ['ignore', 'ignore_ament_install']
[0.434s] Level 1:colcon.colcon_core.package_identification:_identify(src/DynamixelSDK/matlab/m_basic_function/group_bulk_read) by extension 'ignore'
[0.434s] Level 1:colcon.colcon_core.package_identification:_identify(src/DynamixelSDK/matlab/m_basic_function/group_bulk_read) by extension 'ignore_ament_install'
[0.434s] Level 1:colcon.colcon_core.package_identification:_identify(src/DynamixelSDK/matlab/m_basic_function/group_bulk_read) by extensions ['colcon_pkg']
[0.434s] Level 1:colcon.colcon_core.package_identification:_identify(src/DynamixelSDK/matlab/m_basic_function/group_bulk_read) by extension 'colcon_pkg'
[0.434s] Level 1:colcon.colcon_core.package_identification:_identify(src/DynamixelSDK/matlab/m_basic_function/group_bulk_read) by extensions ['colcon_meta']
[0.434s] Level 1:colcon.colcon_core.package_identification:_identify(src/DynamixelSDK/matlab/m_basic_function/group_bulk_read) by extension 'colcon_meta'
[0.434s] Level 1:colcon.colcon_core.package_identification:_identify(src/DynamixelSDK/matlab/m_basic_function/group_bulk_read) by extensions ['ros']
[0.434s] Level 1:colcon.colcon_core.package_identification:_identify(src/DynamixelSDK/matlab/m_basic_function/group_bulk_read) by extension 'ros'
[0.434s] Level 1:colcon.colcon_core.package_identification:_identify(src/DynamixelSDK/matlab/m_basic_function/group_bulk_read) by extensions ['cmake', 'python']
[0.434s] Level 1:colcon.colcon_core.package_identification:_identify(src/DynamixelSDK/matlab/m_basic_function/group_bulk_read) by extension 'cmake'
[0.434s] Level 1:colcon.colcon_core.package_identification:_identify(src/DynamixelSDK/matlab/m_basic_function/group_bulk_read) by extension 'python'
[0.434s] Level 1:colcon.colcon_core.package_identification:_identify(src/DynamixelSDK/matlab/m_basic_function/group_bulk_read) by extensions ['python_setup_py']
[0.434s] Level 1:colcon.colcon_core.package_identification:_identify(src/DynamixelSDK/matlab/m_basic_function/group_bulk_read) by extension 'python_setup_py'
[0.434s] Level 1:colcon.colcon_core.package_identification:_identify(src/DynamixelSDK/matlab/m_basic_function/group_bulk_write) by extensions ['ignore', 'ignore_ament_install']
[0.434s] Level 1:colcon.colcon_core.package_identification:_identify(src/DynamixelSDK/matlab/m_basic_function/group_bulk_write) by extension 'ignore'
[0.434s] Level 1:colcon.colcon_core.package_identification:_identify(src/DynamixelSDK/matlab/m_basic_function/group_bulk_write) by extension 'ignore_ament_install'
[0.435s] Level 1:colcon.colcon_core.package_identification:_identify(src/DynamixelSDK/matlab/m_basic_function/group_bulk_write) by extensions ['colcon_pkg']
[0.435s] Level 1:colcon.colcon_core.package_identification:_identify(src/DynamixelSDK/matlab/m_basic_function/group_bulk_write) by extension 'colcon_pkg'
[0.435s] Level 1:colcon.colcon_core.package_identification:_identify(src/DynamixelSDK/matlab/m_basic_function/group_bulk_write) by extensions ['colcon_meta']
[0.435s] Level 1:colcon.colcon_core.package_identification:_identify(src/DynamixelSDK/matlab/m_basic_function/group_bulk_write) by extension 'colcon_meta'
[0.435s] Level 1:colcon.colcon_core.package_identification:_identify(src/DynamixelSDK/matlab/m_basic_function/group_bulk_write) by extensions ['ros']
[0.435s] Level 1:colcon.colcon_core.package_identification:_identify(src/DynamixelSDK/matlab/m_basic_function/group_bulk_write) by extension 'ros'
[0.435s] Level 1:colcon.colcon_core.package_identification:_identify(src/DynamixelSDK/matlab/m_basic_function/group_bulk_write) by extensions ['cmake', 'python']
[0.435s] Level 1:colcon.colcon_core.package_identification:_identify(src/DynamixelSDK/matlab/m_basic_function/group_bulk_write) by extension 'cmake'
[0.435s] Level 1:colcon.colcon_core.package_identification:_identify(src/DynamixelSDK/matlab/m_basic_function/group_bulk_write) by extension 'python'
[0.435s] Level 1:colcon.colcon_core.package_identification:_identify(src/DynamixelSDK/matlab/m_basic_function/group_bulk_write) by extensions ['python_setup_py']
[0.435s] Level 1:colcon.colcon_core.package_identification:_identify(src/DynamixelSDK/matlab/m_basic_function/group_bulk_write) by extension 'python_setup_py'
[0.435s] Level 1:colcon.colcon_core.package_identification:_identify(src/DynamixelSDK/matlab/m_basic_function/group_sync_read) by extensions ['ignore', 'ignore_ament_install']
[0.435s] Level 1:colcon.colcon_core.package_identification:_identify(src/DynamixelSDK/matlab/m_basic_function/group_sync_read) by extension 'ignore'
[0.435s] Level 1:colcon.colcon_core.package_identification:_identify(src/DynamixelSDK/matlab/m_basic_function/group_sync_read) by extension 'ignore_ament_install'
[0.435s] Level 1:colcon.colcon_core.package_identification:_identify(src/DynamixelSDK/matlab/m_basic_function/group_sync_read) by extensions ['colcon_pkg']
[0.435s] Level 1:colcon.colcon_core.package_identification:_identify(src/DynamixelSDK/matlab/m_basic_function/group_sync_read) by extension 'colcon_pkg'
[0.435s] Level 1:colcon.colcon_core.package_identification:_identify(src/DynamixelSDK/matlab/m_basic_function/group_sync_read) by extensions ['colcon_meta']
[0.435s] Level 1:colcon.colcon_core.package_identification:_identify(src/DynamixelSDK/matlab/m_basic_function/group_sync_read) by extension 'colcon_meta'
[0.435s] Level 1:colcon.colcon_core.package_identification:_identify(src/DynamixelSDK/matlab/m_basic_function/group_sync_read) by extensions ['ros']
[0.435s] Level 1:colcon.colcon_core.package_identification:_identify(src/DynamixelSDK/matlab/m_basic_function/group_sync_read) by extension 'ros'
[0.435s] Level 1:colcon.colcon_core.package_identification:_identify(src/DynamixelSDK/matlab/m_basic_function/group_sync_read) by extensions ['cmake', 'python']
[0.435s] Level 1:colcon.colcon_core.package_identification:_identify(src/DynamixelSDK/matlab/m_basic_function/group_sync_read) by extension 'cmake'
[0.435s] Level 1:colcon.colcon_core.package_identification:_identify(src/DynamixelSDK/matlab/m_basic_function/group_sync_read) by extension 'python'
[0.435s] Level 1:colcon.colcon_core.package_identification:_identify(src/DynamixelSDK/matlab/m_basic_function/group_sync_read) by extensions ['python_setup_py']
[0.435s] Level 1:colcon.colcon_core.package_identification:_identify(src/DynamixelSDK/matlab/m_basic_function/group_sync_read) by extension 'python_setup_py'
[0.436s] Level 1:colcon.colcon_core.package_identification:_identify(src/DynamixelSDK/matlab/m_basic_function/group_sync_write) by extensions ['ignore', 'ignore_ament_install']
[0.436s] Level 1:colcon.colcon_core.package_identification:_identify(src/DynamixelSDK/matlab/m_basic_function/group_sync_write) by extension 'ignore'
[0.436s] Level 1:colcon.colcon_core.package_identification:_identify(src/DynamixelSDK/matlab/m_basic_function/group_sync_write) by extension 'ignore_ament_install'
[0.436s] Level 1:colcon.colcon_core.package_identification:_identify(src/DynamixelSDK/matlab/m_basic_function/group_sync_write) by extensions ['colcon_pkg']
[0.436s] Level 1:colcon.colcon_core.package_identification:_identify(src/DynamixelSDK/matlab/m_basic_function/group_sync_write) by extension 'colcon_pkg'
[0.436s] Level 1:colcon.colcon_core.package_identification:_identify(src/DynamixelSDK/matlab/m_basic_function/group_sync_write) by extensions ['colcon_meta']
[0.436s] Level 1:colcon.colcon_core.package_identification:_identify(src/DynamixelSDK/matlab/m_basic_function/group_sync_write) by extension 'colcon_meta'
[0.436s] Level 1:colcon.colcon_core.package_identification:_identify(src/DynamixelSDK/matlab/m_basic_function/group_sync_write) by extensions ['ros']
[0.436s] Level 1:colcon.colcon_core.package_identification:_identify(src/DynamixelSDK/matlab/m_basic_function/group_sync_write) by extension 'ros'
[0.436s] Level 1:colcon.colcon_core.package_identification:_identify(src/DynamixelSDK/matlab/m_basic_function/group_sync_write) by extensions ['cmake', 'python']
[0.436s] Level 1:colcon.colcon_core.package_identification:_identify(src/DynamixelSDK/matlab/m_basic_function/group_sync_write) by extension 'cmake'
[0.436s] Level 1:colcon.colcon_core.package_identification:_identify(src/DynamixelSDK/matlab/m_basic_function/group_sync_write) by extension 'python'
[0.436s] Level 1:colcon.colcon_core.package_identification:_identify(src/DynamixelSDK/matlab/m_basic_function/group_sync_write) by extensions ['python_setup_py']
[0.436s] Level 1:colcon.colcon_core.package_identification:_identify(src/DynamixelSDK/matlab/m_basic_function/group_sync_write) by extension 'python_setup_py'
[0.436s] Level 1:colcon.colcon_core.package_identification:_identify(src/DynamixelSDK/matlab/m_basic_function/packet_handler) by extensions ['ignore', 'ignore_ament_install']
[0.436s] Level 1:colcon.colcon_core.package_identification:_identify(src/DynamixelSDK/matlab/m_basic_function/packet_handler) by extension 'ignore'
[0.436s] Level 1:colcon.colcon_core.package_identification:_identify(src/DynamixelSDK/matlab/m_basic_function/packet_handler) by extension 'ignore_ament_install'
[0.436s] Level 1:colcon.colcon_core.package_identification:_identify(src/DynamixelSDK/matlab/m_basic_function/packet_handler) by extensions ['colcon_pkg']
[0.436s] Level 1:colcon.colcon_core.package_identification:_identify(src/DynamixelSDK/matlab/m_basic_function/packet_handler) by extension 'colcon_pkg'
[0.436s] Level 1:colcon.colcon_core.package_identification:_identify(src/DynamixelSDK/matlab/m_basic_function/packet_handler) by extensions ['colcon_meta']
[0.436s] Level 1:colcon.colcon_core.package_identification:_identify(src/DynamixelSDK/matlab/m_basic_function/packet_handler) by extension 'colcon_meta'
[0.436s] Level 1:colcon.colcon_core.package_identification:_identify(src/DynamixelSDK/matlab/m_basic_function/packet_handler) by extensions ['ros']
[0.436s] Level 1:colcon.colcon_core.package_identification:_identify(src/DynamixelSDK/matlab/m_basic_function/packet_handler) by extension 'ros'
[0.437s] Level 1:colcon.colcon_core.package_identification:_identify(src/DynamixelSDK/matlab/m_basic_function/packet_handler) by extensions ['cmake', 'python']
[0.437s] Level 1:colcon.colcon_core.package_identification:_identify(src/DynamixelSDK/matlab/m_basic_function/packet_handler) by extension 'cmake'
[0.437s] Level 1:colcon.colcon_core.package_identification:_identify(src/DynamixelSDK/matlab/m_basic_function/packet_handler) by extension 'python'
[0.437s] Level 1:colcon.colcon_core.package_identification:_identify(src/DynamixelSDK/matlab/m_basic_function/packet_handler) by extensions ['python_setup_py']
[0.437s] Level 1:colcon.colcon_core.package_identification:_identify(src/DynamixelSDK/matlab/m_basic_function/packet_handler) by extension 'python_setup_py'
[0.437s] Level 1:colcon.colcon_core.package_identification:_identify(src/DynamixelSDK/matlab/m_basic_function/port_handler) by extensions ['ignore', 'ignore_ament_install']
[0.437s] Level 1:colcon.colcon_core.package_identification:_identify(src/DynamixelSDK/matlab/m_basic_function/port_handler) by extension 'ignore'
[0.437s] Level 1:colcon.colcon_core.package_identification:_identify(src/DynamixelSDK/matlab/m_basic_function/port_handler) by extension 'ignore_ament_install'
[0.437s] Level 1:colcon.colcon_core.package_identification:_identify(src/DynamixelSDK/matlab/m_basic_function/port_handler) by extensions ['colcon_pkg']
[0.437s] Level 1:colcon.colcon_core.package_identification:_identify(src/DynamixelSDK/matlab/m_basic_function/port_handler) by extension 'colcon_pkg'
[0.437s] Level 1:colcon.colcon_core.package_identification:_identify(src/DynamixelSDK/matlab/m_basic_function/port_handler) by extensions ['colcon_meta']
[0.437s] Level 1:colcon.colcon_core.package_identification:_identify(src/DynamixelSDK/matlab/m_basic_function/port_handler) by extension 'colcon_meta'
[0.437s] Level 1:colcon.colcon_core.package_identification:_identify(src/DynamixelSDK/matlab/m_basic_function/port_handler) by extensions ['ros']
[0.437s] Level 1:colcon.colcon_core.package_identification:_identify(src/DynamixelSDK/matlab/m_basic_function/port_handler) by extension 'ros'
[0.437s] Level 1:colcon.colcon_core.package_identification:_identify(src/DynamixelSDK/matlab/m_basic_function/port_handler) by extensions ['cmake', 'python']
[0.437s] Level 1:colcon.colcon_core.package_identification:_identify(src/DynamixelSDK/matlab/m_basic_function/port_handler) by extension 'cmake'
[0.437s] Level 1:colcon.colcon_core.package_identification:_identify(src/DynamixelSDK/matlab/m_basic_function/port_handler) by extension 'python'
[0.437s] Level 1:colcon.colcon_core.package_identification:_identify(src/DynamixelSDK/matlab/m_basic_function/port_handler) by extensions ['python_setup_py']
[0.437s] Level 1:colcon.colcon_core.package_identification:_identify(src/DynamixelSDK/matlab/m_basic_function/port_handler) by extension 'python_setup_py'
[0.437s] Level 1:colcon.colcon_core.package_identification:_identify(src/DynamixelSDK/matlab/protocol1.0) by extensions ['ignore', 'ignore_ament_install']
[0.437s] Level 1:colcon.colcon_core.package_identification:_identify(src/DynamixelSDK/matlab/protocol1.0) by extension 'ignore'
[0.437s] Level 1:colcon.colcon_core.package_identification:_identify(src/DynamixelSDK/matlab/protocol1.0) by extension 'ignore_ament_install'
[0.438s] Level 1:colcon.colcon_core.package_identification:_identify(src/DynamixelSDK/matlab/protocol1.0) by extensions ['colcon_pkg']
[0.438s] Level 1:colcon.colcon_core.package_identification:_identify(src/DynamixelSDK/matlab/protocol1.0) by extension 'colcon_pkg'
[0.438s] Level 1:colcon.colcon_core.package_identification:_identify(src/DynamixelSDK/matlab/protocol1.0) by extensions ['colcon_meta']
[0.438s] Level 1:colcon.colcon_core.package_identification:_identify(src/DynamixelSDK/matlab/protocol1.0) by extension 'colcon_meta'
[0.438s] Level 1:colcon.colcon_core.package_identification:_identify(src/DynamixelSDK/matlab/protocol1.0) by extensions ['ros']
[0.438s] Level 1:colcon.colcon_core.package_identification:_identify(src/DynamixelSDK/matlab/protocol1.0) by extension 'ros'
[0.438s] Level 1:colcon.colcon_core.package_identification:_identify(src/DynamixelSDK/matlab/protocol1.0) by extensions ['cmake', 'python']
[0.438s] Level 1:colcon.colcon_core.package_identification:_identify(src/DynamixelSDK/matlab/protocol1.0) by extension 'cmake'
[0.438s] Level 1:colcon.colcon_core.package_identification:_identify(src/DynamixelSDK/matlab/protocol1.0) by extension 'python'
[0.438s] Level 1:colcon.colcon_core.package_identification:_identify(src/DynamixelSDK/matlab/protocol1.0) by extensions ['python_setup_py']
[0.438s] Level 1:colcon.colcon_core.package_identification:_identify(src/DynamixelSDK/matlab/protocol1.0) by extension 'python_setup_py'
[0.438s] Level 1:colcon.colcon_core.package_identification:_identify(src/DynamixelSDK/matlab/protocol2.0) by extensions ['ignore', 'ignore_ament_install']
[0.438s] Level 1:colcon.colcon_core.package_identification:_identify(src/DynamixelSDK/matlab/protocol2.0) by extension 'ignore'
[0.438s] Level 1:colcon.colcon_core.package_identification:_identify(src/DynamixelSDK/matlab/protocol2.0) by extension 'ignore_ament_install'
[0.438s] Level 1:colcon.colcon_core.package_identification:_identify(src/DynamixelSDK/matlab/protocol2.0) by extensions ['colcon_pkg']
[0.438s] Level 1:colcon.colcon_core.package_identification:_identify(src/DynamixelSDK/matlab/protocol2.0) by extension 'colcon_pkg'
[0.438s] Level 1:colcon.colcon_core.package_identification:_identify(src/DynamixelSDK/matlab/protocol2.0) by extensions ['colcon_meta']
[0.438s] Level 1:colcon.colcon_core.package_identification:_identify(src/DynamixelSDK/matlab/protocol2.0) by extension 'colcon_meta'
[0.438s] Level 1:colcon.colcon_core.package_identification:_identify(src/DynamixelSDK/matlab/protocol2.0) by extensions ['ros']
[0.438s] Level 1:colcon.colcon_core.package_identification:_identify(src/DynamixelSDK/matlab/protocol2.0) by extension 'ros'
[0.438s] Level 1:colcon.colcon_core.package_identification:_identify(src/DynamixelSDK/matlab/protocol2.0) by extensions ['cmake', 'python']
[0.438s] Level 1:colcon.colcon_core.package_identification:_identify(src/DynamixelSDK/matlab/protocol2.0) by extension 'cmake'
[0.438s] Level 1:colcon.colcon_core.package_identification:_identify(src/DynamixelSDK/matlab/protocol2.0) by extension 'python'
[0.438s] Level 1:colcon.colcon_core.package_identification:_identify(src/DynamixelSDK/matlab/protocol2.0) by extensions ['python_setup_py']
[0.438s] Level 1:colcon.colcon_core.package_identification:_identify(src/DynamixelSDK/matlab/protocol2.0) by extension 'python_setup_py'
[0.438s] Level 1:colcon.colcon_core.package_identification:_identify(src/DynamixelSDK/matlab/protocol_combined) by extensions ['ignore', 'ignore_ament_install']
[0.439s] Level 1:colcon.colcon_core.package_identification:_identify(src/DynamixelSDK/matlab/protocol_combined) by extension 'ignore'
[0.439s] Level 1:colcon.colcon_core.package_identification:_identify(src/DynamixelSDK/matlab/protocol_combined) by extension 'ignore_ament_install'
[0.439s] Level 1:colcon.colcon_core.package_identification:_identify(src/DynamixelSDK/matlab/protocol_combined) by extensions ['colcon_pkg']
[0.439s] Level 1:colcon.colcon_core.package_identification:_identify(src/DynamixelSDK/matlab/protocol_combined) by extension 'colcon_pkg'
[0.439s] Level 1:colcon.colcon_core.package_identification:_identify(src/DynamixelSDK/matlab/protocol_combined) by extensions ['colcon_meta']
[0.439s] Level 1:colcon.colcon_core.package_identification:_identify(src/DynamixelSDK/matlab/protocol_combined) by extension 'colcon_meta'
[0.439s] Level 1:colcon.colcon_core.package_identification:_identify(src/DynamixelSDK/matlab/protocol_combined) by extensions ['ros']
[0.439s] Level 1:colcon.colcon_core.package_identification:_identify(src/DynamixelSDK/matlab/protocol_combined) by extension 'ros'
[0.439s] Level 1:colcon.colcon_core.package_identification:_identify(src/DynamixelSDK/matlab/protocol_combined) by extensions ['cmake', 'python']
[0.439s] Level 1:colcon.colcon_core.package_identification:_identify(src/DynamixelSDK/matlab/protocol_combined) by extension 'cmake'
[0.439s] Level 1:colcon.colcon_core.package_identification:_identify(src/DynamixelSDK/matlab/protocol_combined) by extension 'python'
[0.439s] Level 1:colcon.colcon_core.package_identification:_identify(src/DynamixelSDK/matlab/protocol_combined) by extensions ['python_setup_py']
[0.439s] Level 1:colcon.colcon_core.package_identification:_identify(src/DynamixelSDK/matlab/protocol_combined) by extension 'python_setup_py'
[0.439s] Level 1:colcon.colcon_core.package_identification:_identify(src/DynamixelSDK/python) by extensions ['ignore', 'ignore_ament_install']
[0.439s] Level 1:colcon.colcon_core.package_identification:_identify(src/DynamixelSDK/python) by extension 'ignore'
[0.439s] Level 1:colcon.colcon_core.package_identification:_identify(src/DynamixelSDK/python) by extension 'ignore_ament_install'
[0.439s] Level 1:colcon.colcon_core.package_identification:_identify(src/DynamixelSDK/python) by extensions ['colcon_pkg']
[0.439s] Level 1:colcon.colcon_core.package_identification:_identify(src/DynamixelSDK/python) by extension 'colcon_pkg'
[0.439s] Level 1:colcon.colcon_core.package_identification:_identify(src/DynamixelSDK/python) by extensions ['colcon_meta']
[0.439s] Level 1:colcon.colcon_core.package_identification:_identify(src/DynamixelSDK/python) by extension 'colcon_meta'
[0.439s] Level 1:colcon.colcon_core.package_identification:_identify(src/DynamixelSDK/python) by extensions ['ros']
[0.439s] Level 1:colcon.colcon_core.package_identification:_identify(src/DynamixelSDK/python) by extension 'ros'
[0.439s] Level 1:colcon.colcon_core.package_identification:_identify(src/DynamixelSDK/python) ignored
[0.439s] Level 1:colcon.colcon_core.package_identification:_identify(src/DynamixelSDK/ros) by extensions ['ignore', 'ignore_ament_install']
[0.440s] Level 1:colcon.colcon_core.package_identification:_identify(src/DynamixelSDK/ros) by extension 'ignore'
[0.440s] Level 1:colcon.colcon_core.package_identification:_identify(src/DynamixelSDK/ros) by extension 'ignore_ament_install'
[0.440s] Level 1:colcon.colcon_core.package_identification:_identify(src/DynamixelSDK/ros) by extensions ['colcon_pkg']
[0.440s] Level 1:colcon.colcon_core.package_identification:_identify(src/DynamixelSDK/ros) by extension 'colcon_pkg'
[0.440s] Level 1:colcon.colcon_core.package_identification:_identify(src/DynamixelSDK/ros) by extensions ['colcon_meta']
[0.440s] Level 1:colcon.colcon_core.package_identification:_identify(src/DynamixelSDK/ros) by extension 'colcon_meta'
[0.440s] Level 1:colcon.colcon_core.package_identification:_identify(src/DynamixelSDK/ros) by extensions ['ros']
[0.440s] Level 1:colcon.colcon_core.package_identification:_identify(src/DynamixelSDK/ros) by extension 'ros'
[0.440s] Level 1:colcon.colcon_core.package_identification:_identify(src/DynamixelSDK/ros) by extensions ['cmake', 'python']
[0.440s] Level 1:colcon.colcon_core.package_identification:_identify(src/DynamixelSDK/ros) by extension 'cmake'
[0.440s] Level 1:colcon.colcon_core.package_identification:_identify(src/DynamixelSDK/ros) by extension 'python'
[0.440s] Level 1:colcon.colcon_core.package_identification:_identify(src/DynamixelSDK/ros) by extensions ['python_setup_py']
[0.440s] Level 1:colcon.colcon_core.package_identification:_identify(src/DynamixelSDK/ros) by extension 'python_setup_py'
[0.440s] Level 1:colcon.colcon_core.package_identification:_identify(src/DynamixelSDK/ros/dynamixel_sdk) by extensions ['ignore', 'ignore_ament_install']
[0.440s] Level 1:colcon.colcon_core.package_identification:_identify(src/DynamixelSDK/ros/dynamixel_sdk) by extension 'ignore'
[0.440s] Level 1:colcon.colcon_core.package_identification:_identify(src/DynamixelSDK/ros/dynamixel_sdk) by extension 'ignore_ament_install'
[0.440s] Level 1:colcon.colcon_core.package_identification:_identify(src/DynamixelSDK/ros/dynamixel_sdk) by extensions ['colcon_pkg']
[0.440s] Level 1:colcon.colcon_core.package_identification:_identify(src/DynamixelSDK/ros/dynamixel_sdk) by extension 'colcon_pkg'
[0.440s] Level 1:colcon.colcon_core.package_identification:_identify(src/DynamixelSDK/ros/dynamixel_sdk) by extensions ['colcon_meta']
[0.440s] Level 1:colcon.colcon_core.package_identification:_identify(src/DynamixelSDK/ros/dynamixel_sdk) by extension 'colcon_meta'
[0.440s] Level 1:colcon.colcon_core.package_identification:_identify(src/DynamixelSDK/ros/dynamixel_sdk) by extensions ['ros']
[0.440s] Level 1:colcon.colcon_core.package_identification:_identify(src/DynamixelSDK/ros/dynamixel_sdk) by extension 'ros'
[0.443s] DEBUG:colcon.colcon_core.package_identification:Package 'src/DynamixelSDK/ros/dynamixel_sdk' with type 'ros.ament_cmake' and name 'dynamixel_sdk'
[0.443s] Level 1:colcon.colcon_core.package_identification:_identify(src/DynamixelSDK/ros/dynamixel_sdk_custom_interfaces) by extensions ['ignore', 'ignore_ament_install']
[0.443s] Level 1:colcon.colcon_core.package_identification:_identify(src/DynamixelSDK/ros/dynamixel_sdk_custom_interfaces) by extension 'ignore'
[0.444s] Level 1:colcon.colcon_core.package_identification:_identify(src/DynamixelSDK/ros/dynamixel_sdk_custom_interfaces) by extension 'ignore_ament_install'
[0.444s] Level 1:colcon.colcon_core.package_identification:_identify(src/DynamixelSDK/ros/dynamixel_sdk_custom_interfaces) by extensions ['colcon_pkg']
[0.444s] Level 1:colcon.colcon_core.package_identification:_identify(src/DynamixelSDK/ros/dynamixel_sdk_custom_interfaces) by extension 'colcon_pkg'
[0.444s] Level 1:colcon.colcon_core.package_identification:_identify(src/DynamixelSDK/ros/dynamixel_sdk_custom_interfaces) by extensions ['colcon_meta']
[0.444s] Level 1:colcon.colcon_core.package_identification:_identify(src/DynamixelSDK/ros/dynamixel_sdk_custom_interfaces) by extension 'colcon_meta'
[0.444s] Level 1:colcon.colcon_core.package_identification:_identify(src/DynamixelSDK/ros/dynamixel_sdk_custom_interfaces) by extensions ['ros']
[0.444s] Level 1:colcon.colcon_core.package_identification:_identify(src/DynamixelSDK/ros/dynamixel_sdk_custom_interfaces) by extension 'ros'
[0.444s] DEBUG:colcon.colcon_core.package_identification:Package 'src/DynamixelSDK/ros/dynamixel_sdk_custom_interfaces' with type 'ros.ament_cmake' and name 'dynamixel_sdk_custom_interfaces'
[0.444s] Level 1:colcon.colcon_core.package_identification:_identify(src/DynamixelSDK/ros/dynamixel_sdk_examples) by extensions ['ignore', 'ignore_ament_install']
[0.444s] Level 1:colcon.colcon_core.package_identification:_identify(src/DynamixelSDK/ros/dynamixel_sdk_examples) by extension 'ignore'
[0.445s] Level 1:colcon.colcon_core.package_identification:_identify(src/DynamixelSDK/ros/dynamixel_sdk_examples) by extension 'ignore_ament_install'
[0.445s] Level 1:colcon.colcon_core.package_identification:_identify(src/DynamixelSDK/ros/dynamixel_sdk_examples) by extensions ['colcon_pkg']
[0.445s] Level 1:colcon.colcon_core.package_identification:_identify(src/DynamixelSDK/ros/dynamixel_sdk_examples) by extension 'colcon_pkg'
[0.445s] Level 1:colcon.colcon_core.package_identification:_identify(src/DynamixelSDK/ros/dynamixel_sdk_examples) by extensions ['colcon_meta']
[0.445s] Level 1:colcon.colcon_core.package_identification:_identify(src/DynamixelSDK/ros/dynamixel_sdk_examples) by extension 'colcon_meta'
[0.445s] Level 1:colcon.colcon_core.package_identification:_identify(src/DynamixelSDK/ros/dynamixel_sdk_examples) by extensions ['ros']
[0.445s] Level 1:colcon.colcon_core.package_identification:_identify(src/DynamixelSDK/ros/dynamixel_sdk_examples) by extension 'ros'
[0.446s] DEBUG:colcon.colcon_core.package_identification:Package 'src/DynamixelSDK/ros/dynamixel_sdk_examples' with type 'ros.ament_cmake' and name 'dynamixel_sdk_examples'
[0.446s] Level 1:colcon.colcon_core.package_identification:_identify(src/dynamixel_hardware_interface) by extensions ['ignore', 'ignore_ament_install']
[0.446s] Level 1:colcon.colcon_core.package_identification:_identify(src/dynamixel_hardware_interface) by extension 'ignore'
[0.446s] Level 1:colcon.colcon_core.package_identification:_identify(src/dynamixel_hardware_interface) by extension 'ignore_ament_install'
[0.446s] Level 1:colcon.colcon_core.package_identification:_identify(src/dynamixel_hardware_interface) by extensions ['colcon_pkg']
[0.446s] Level 1:colcon.colcon_core.package_identification:_identify(src/dynamixel_hardware_interface) by extension 'colcon_pkg'
[0.446s] Level 1:colcon.colcon_core.package_identification:_identify(src/dynamixel_hardware_interface) by extensions ['colcon_meta']
[0.446s] Level 1:colcon.colcon_core.package_identification:_identify(src/dynamixel_hardware_interface) by extension 'colcon_meta'
[0.446s] Level 1:colcon.colcon_core.package_identification:_identify(src/dynamixel_hardware_interface) by extensions ['ros']
[0.446s] Level 1:colcon.colcon_core.package_identification:_identify(src/dynamixel_hardware_interface) by extension 'ros'
[0.447s] DEBUG:colcon.colcon_core.package_identification:Package 'src/dynamixel_hardware_interface' with type 'ros.ament_cmake' and name 'dynamixel_hardware_interface'
[0.447s] Level 1:colcon.colcon_core.package_identification:_identify(src/dynamixel_interfaces) by extensions ['ignore', 'ignore_ament_install']
[0.447s] Level 1:colcon.colcon_core.package_identification:_identify(src/dynamixel_interfaces) by extension 'ignore'
[0.447s] Level 1:colcon.colcon_core.package_identification:_identify(src/dynamixel_interfaces) by extension 'ignore_ament_install'
[0.447s] Level 1:colcon.colcon_core.package_identification:_identify(src/dynamixel_interfaces) by extensions ['colcon_pkg']
[0.447s] Level 1:colcon.colcon_core.package_identification:_identify(src/dynamixel_interfaces) by extension 'colcon_pkg'
[0.447s] Level 1:colcon.colcon_core.package_identification:_identify(src/dynamixel_interfaces) by extensions ['colcon_meta']
[0.447s] Level 1:colcon.colcon_core.package_identification:_identify(src/dynamixel_interfaces) by extension 'colcon_meta'
[0.447s] Level 1:colcon.colcon_core.package_identification:_identify(src/dynamixel_interfaces) by extensions ['ros']
[0.447s] Level 1:colcon.colcon_core.package_identification:_identify(src/dynamixel_interfaces) by extension 'ros'
[0.448s] DEBUG:colcon.colcon_core.package_identification:Package 'src/dynamixel_interfaces' with type 'ros.ament_cmake' and name 'dynamixel_interfaces'
[0.448s] Level 1:colcon.colcon_core.package_identification:_identify(src/open_manipulator) by extensions ['ignore', 'ignore_ament_install']
[0.448s] Level 1:colcon.colcon_core.package_identification:_identify(src/open_manipulator) by extension 'ignore'
[0.448s] Level 1:colcon.colcon_core.package_identification:_identify(src/open_manipulator) by extension 'ignore_ament_install'
[0.448s] Level 1:colcon.colcon_core.package_identification:_identify(src/open_manipulator) by extensions ['colcon_pkg']
[0.448s] Level 1:colcon.colcon_core.package_identification:_identify(src/open_manipulator) by extension 'colcon_pkg'
[0.448s] Level 1:colcon.colcon_core.package_identification:_identify(src/open_manipulator) by extensions ['colcon_meta']
[0.448s] Level 1:colcon.colcon_core.package_identification:_identify(src/open_manipulator) by extension 'colcon_meta'
[0.448s] Level 1:colcon.colcon_core.package_identification:_identify(src/open_manipulator) by extensions ['ros']
[0.448s] Level 1:colcon.colcon_core.package_identification:_identify(src/open_manipulator) by extension 'ros'
[0.448s] Level 1:colcon.colcon_core.package_identification:_identify(src/open_manipulator) by extensions ['cmake', 'python']
[0.448s] Level 1:colcon.colcon_core.package_identification:_identify(src/open_manipulator) by extension 'cmake'
[0.448s] Level 1:colcon.colcon_core.package_identification:_identify(src/open_manipulator) by extension 'python'
[0.448s] Level 1:colcon.colcon_core.package_identification:_identify(src/open_manipulator) by extensions ['python_setup_py']
[0.448s] Level 1:colcon.colcon_core.package_identification:_identify(src/open_manipulator) by extension 'python_setup_py'
[0.449s] Level 1:colcon.colcon_core.package_identification:_identify(src/open_manipulator/docker) by extensions ['ignore', 'ignore_ament_install']
[0.449s] Level 1:colcon.colcon_core.package_identification:_identify(src/open_manipulator/docker) by extension 'ignore'
[0.449s] Level 1:colcon.colcon_core.package_identification:_identify(src/open_manipulator/docker) ignored
[0.449s] Level 1:colcon.colcon_core.package_identification:_identify(src/open_manipulator/open_manipulator) by extensions ['ignore', 'ignore_ament_install']
[0.449s] Level 1:colcon.colcon_core.package_identification:_identify(src/open_manipulator/open_manipulator) by extension 'ignore'
[0.449s] Level 1:colcon.colcon_core.package_identification:_identify(src/open_manipulator/open_manipulator) by extension 'ignore_ament_install'
[0.449s] Level 1:colcon.colcon_core.package_identification:_identify(src/open_manipulator/open_manipulator) by extensions ['colcon_pkg']
[0.449s] Level 1:colcon.colcon_core.package_identification:_identify(src/open_manipulator/open_manipulator) by extension 'colcon_pkg'
[0.449s] Level 1:colcon.colcon_core.package_identification:_identify(src/open_manipulator/open_manipulator) by extensions ['colcon_meta']
[0.449s] Level 1:colcon.colcon_core.package_identification:_identify(src/open_manipulator/open_manipulator) by extension 'colcon_meta'
[0.449s] Level 1:colcon.colcon_core.package_identification:_identify(src/open_manipulator/open_manipulator) by extensions ['ros']
[0.449s] Level 1:colcon.colcon_core.package_identification:_identify(src/open_manipulator/open_manipulator) by extension 'ros'
[0.450s] DEBUG:colcon.colcon_core.package_identification:Package 'src/open_manipulator/open_manipulator' with type 'ros.ament_cmake' and name 'open_manipulator'
[0.450s] Level 1:colcon.colcon_core.package_identification:_identify(src/open_manipulator/open_manipulator_bringup) by extensions ['ignore', 'ignore_ament_install']
[0.450s] Level 1:colcon.colcon_core.package_identification:_identify(src/open_manipulator/open_manipulator_bringup) by extension 'ignore'
[0.450s] Level 1:colcon.colcon_core.package_identification:_identify(src/open_manipulator/open_manipulator_bringup) by extension 'ignore_ament_install'
[0.450s] Level 1:colcon.colcon_core.package_identification:_identify(src/open_manipulator/open_manipulator_bringup) by extensions ['colcon_pkg']
[0.450s] Level 1:colcon.colcon_core.package_identification:_identify(src/open_manipulator/open_manipulator_bringup) by extension 'colcon_pkg'
[0.450s] Level 1:colcon.colcon_core.package_identification:_identify(src/open_manipulator/open_manipulator_bringup) by extensions ['colcon_meta']
[0.450s] Level 1:colcon.colcon_core.package_identification:_identify(src/open_manipulator/open_manipulator_bringup) by extension 'colcon_meta'
[0.450s] Level 1:colcon.colcon_core.package_identification:_identify(src/open_manipulator/open_manipulator_bringup) by extensions ['ros']
[0.450s] Level 1:colcon.colcon_core.package_identification:_identify(src/open_manipulator/open_manipulator_bringup) by extension 'ros'
[0.451s] DEBUG:colcon.colcon_core.package_identification:Package 'src/open_manipulator/open_manipulator_bringup' with type 'ros.ament_python' and name 'open_manipulator_bringup'
[0.451s] Level 1:colcon.colcon_core.package_identification:_identify(src/open_manipulator/open_manipulator_collision) by extensions ['ignore', 'ignore_ament_install']
[0.451s] Level 1:colcon.colcon_core.package_identification:_identify(src/open_manipulator/open_manipulator_collision) by extension 'ignore'
[0.451s] Level 1:colcon.colcon_core.package_identification:_identify(src/open_manipulator/open_manipulator_collision) by extension 'ignore_ament_install'
[0.451s] Level 1:colcon.colcon_core.package_identification:_identify(src/open_manipulator/open_manipulator_collision) by extensions ['colcon_pkg']
[0.451s] Level 1:colcon.colcon_core.package_identification:_identify(src/open_manipulator/open_manipulator_collision) by extension 'colcon_pkg'
[0.451s] Level 1:colcon.colcon_core.package_identification:_identify(src/open_manipulator/open_manipulator_collision) by extensions ['colcon_meta']
[0.451s] Level 1:colcon.colcon_core.package_identification:_identify(src/open_manipulator/open_manipulator_collision) by extension 'colcon_meta'
[0.451s] Level 1:colcon.colcon_core.package_identification:_identify(src/open_manipulator/open_manipulator_collision) by extensions ['ros']
[0.451s] Level 1:colcon.colcon_core.package_identification:_identify(src/open_manipulator/open_manipulator_collision) by extension 'ros'
[0.452s] DEBUG:colcon.colcon_core.package_identification:Package 'src/open_manipulator/open_manipulator_collision' with type 'ros.ament_cmake' and name 'open_manipulator_collision'
[0.452s] Level 1:colcon.colcon_core.package_identification:_identify(src/open_manipulator/open_manipulator_description) by extensions ['ignore', 'ignore_ament_install']
[0.452s] Level 1:colcon.colcon_core.package_identification:_identify(src/open_manipulator/open_manipulator_description) by extension 'ignore'
[0.452s] Level 1:colcon.colcon_core.package_identification:_identify(src/open_manipulator/open_manipulator_description) by extension 'ignore_ament_install'
[0.452s] Level 1:colcon.colcon_core.package_identification:_identify(src/open_manipulator/open_manipulator_description) by extensions ['colcon_pkg']
[0.452s] Level 1:colcon.colcon_core.package_identification:_identify(src/open_manipulator/open_manipulator_description) by extension 'colcon_pkg'
[0.452s] Level 1:colcon.colcon_core.package_identification:_identify(src/open_manipulator/open_manipulator_description) by extensions ['colcon_meta']
[0.452s] Level 1:colcon.colcon_core.package_identification:_identify(src/open_manipulator/open_manipulator_description) by extension 'colcon_meta'
[0.453s] Level 1:colcon.colcon_core.package_identification:_identify(src/open_manipulator/open_manipulator_description) by extensions ['ros']
[0.453s] Level 1:colcon.colcon_core.package_identification:_identify(src/open_manipulator/open_manipulator_description) by extension 'ros'
[0.453s] DEBUG:colcon.colcon_core.package_identification:Package 'src/open_manipulator/open_manipulator_description' with type 'ros.ament_cmake' and name 'open_manipulator_description'
[0.453s] Level 1:colcon.colcon_core.package_identification:_identify(src/open_manipulator/open_manipulator_gui) by extensions ['ignore', 'ignore_ament_install']
[0.453s] Level 1:colcon.colcon_core.package_identification:_identify(src/open_manipulator/open_manipulator_gui) by extension 'ignore'
[0.453s] Level 1:colcon.colcon_core.package_identification:_identify(src/open_manipulator/open_manipulator_gui) by extension 'ignore_ament_install'
[0.453s] Level 1:colcon.colcon_core.package_identification:_identify(src/open_manipulator/open_manipulator_gui) by extensions ['colcon_pkg']
[0.453s] Level 1:colcon.colcon_core.package_identification:_identify(src/open_manipulator/open_manipulator_gui) by extension 'colcon_pkg'
[0.453s] Level 1:colcon.colcon_core.package_identification:_identify(src/open_manipulator/open_manipulator_gui) by extensions ['colcon_meta']
[0.453s] Level 1:colcon.colcon_core.package_identification:_identify(src/open_manipulator/open_manipulator_gui) by extension 'colcon_meta'
[0.454s] Level 1:colcon.colcon_core.package_identification:_identify(src/open_manipulator/open_manipulator_gui) by extensions ['ros']
[0.454s] Level 1:colcon.colcon_core.package_identification:_identify(src/open_manipulator/open_manipulator_gui) by extension 'ros'
[0.455s] DEBUG:colcon.colcon_core.package_identification:Package 'src/open_manipulator/open_manipulator_gui' with type 'ros.ament_cmake' and name 'open_manipulator_gui'
[0.455s] Level 1:colcon.colcon_core.package_identification:_identify(src/open_manipulator/open_manipulator_moveit_config) by extensions ['ignore', 'ignore_ament_install']
[0.455s] Level 1:colcon.colcon_core.package_identification:_identify(src/open_manipulator/open_manipulator_moveit_config) by extension 'ignore'
[0.455s] Level 1:colcon.colcon_core.package_identification:_identify(src/open_manipulator/open_manipulator_moveit_config) by extension 'ignore_ament_install'
[0.455s] Level 1:colcon.colcon_core.package_identification:_identify(src/open_manipulator/open_manipulator_moveit_config) by extensions ['colcon_pkg']
[0.455s] Level 1:colcon.colcon_core.package_identification:_identify(src/open_manipulator/open_manipulator_moveit_config) by extension 'colcon_pkg'
[0.455s] Level 1:colcon.colcon_core.package_identification:_identify(src/open_manipulator/open_manipulator_moveit_config) by extensions ['colcon_meta']
[0.455s] Level 1:colcon.colcon_core.package_identification:_identify(src/open_manipulator/open_manipulator_moveit_config) by extension 'colcon_meta'
[0.455s] Level 1:colcon.colcon_core.package_identification:_identify(src/open_manipulator/open_manipulator_moveit_config) by extensions ['ros']
[0.455s] Level 1:colcon.colcon_core.package_identification:_identify(src/open_manipulator/open_manipulator_moveit_config) by extension 'ros'
[0.456s] DEBUG:colcon.colcon_core.package_identification:Package 'src/open_manipulator/open_manipulator_moveit_config' with type 'ros.ament_cmake' and name 'open_manipulator_moveit_config'
[0.456s] Level 1:colcon.colcon_core.package_identification:_identify(src/open_manipulator/open_manipulator_playground) by extensions ['ignore', 'ignore_ament_install']
[0.456s] Level 1:colcon.colcon_core.package_identification:_identify(src/open_manipulator/open_manipulator_playground) by extension 'ignore'
[0.456s] Level 1:colcon.colcon_core.package_identification:_identify(src/open_manipulator/open_manipulator_playground) by extension 'ignore_ament_install'
[0.456s] Level 1:colcon.colcon_core.package_identification:_identify(src/open_manipulator/open_manipulator_playground) by extensions ['colcon_pkg']
[0.456s] Level 1:colcon.colcon_core.package_identification:_identify(src/open_manipulator/open_manipulator_playground) by extension 'colcon_pkg'
[0.456s] Level 1:colcon.colcon_core.package_identification:_identify(src/open_manipulator/open_manipulator_playground) by extensions ['colcon_meta']
[0.456s] Level 1:colcon.colcon_core.package_identification:_identify(src/open_manipulator/open_manipulator_playground) by extension 'colcon_meta'
[0.456s] Level 1:colcon.colcon_core.package_identification:_identify(src/open_manipulator/open_manipulator_playground) by extensions ['ros']
[0.456s] Level 1:colcon.colcon_core.package_identification:_identify(src/open_manipulator/open_manipulator_playground) by extension 'ros'
[0.457s] DEBUG:colcon.colcon_core.package_identification:Package 'src/open_manipulator/open_manipulator_playground' with type 'ros.ament_cmake' and name 'open_manipulator_playground'
[0.457s] Level 1:colcon.colcon_core.package_identification:_identify(src/open_manipulator/open_manipulator_teleop) by extensions ['ignore', 'ignore_ament_install']
[0.457s] Level 1:colcon.colcon_core.package_identification:_identify(src/open_manipulator/open_manipulator_teleop) by extension 'ignore'
[0.457s] Level 1:colcon.colcon_core.package_identification:_identify(src/open_manipulator/open_manipulator_teleop) by extension 'ignore_ament_install'
[0.457s] Level 1:colcon.colcon_core.package_identification:_identify(src/open_manipulator/open_manipulator_teleop) by extensions ['colcon_pkg']
[0.457s] Level 1:colcon.colcon_core.package_identification:_identify(src/open_manipulator/open_manipulator_teleop) by extension 'colcon_pkg'
[0.458s] Level 1:colcon.colcon_core.package_identification:_identify(src/open_manipulator/open_manipulator_teleop) by extensions ['colcon_meta']
[0.458s] Level 1:colcon.colcon_core.package_identification:_identify(src/open_manipulator/open_manipulator_teleop) by extension 'colcon_meta'
[0.458s] Level 1:colcon.colcon_core.package_identification:_identify(src/open_manipulator/open_manipulator_teleop) by extensions ['ros']
[0.458s] Level 1:colcon.colcon_core.package_identification:_identify(src/open_manipulator/open_manipulator_teleop) by extension 'ros'
[0.458s] DEBUG:colcon.colcon_core.package_identification:Package 'src/open_manipulator/open_manipulator_teleop' with type 'ros.ament_python' and name 'open_manipulator_teleop'
[0.458s] Level 1:colcon.colcon_core.package_identification:_identify(src/open_manipulator/ros2_controller) by extensions ['ignore', 'ignore_ament_install']
[0.458s] Level 1:colcon.colcon_core.package_identification:_identify(src/open_manipulator/ros2_controller) by extension 'ignore'
[0.458s] Level 1:colcon.colcon_core.package_identification:_identify(src/open_manipulator/ros2_controller) by extension 'ignore_ament_install'
[0.459s] Level 1:colcon.colcon_core.package_identification:_identify(src/open_manipulator/ros2_controller) by extensions ['colcon_pkg']
[0.459s] Level 1:colcon.colcon_core.package_identification:_identify(src/open_manipulator/ros2_controller) by extension 'colcon_pkg'
[0.459s] Level 1:colcon.colcon_core.package_identification:_identify(src/open_manipulator/ros2_controller) by extensions ['colcon_meta']
[0.459s] Level 1:colcon.colcon_core.package_identification:_identify(src/open_manipulator/ros2_controller) by extension 'colcon_meta'
[0.459s] Level 1:colcon.colcon_core.package_identification:_identify(src/open_manipulator/ros2_controller) by extensions ['ros']
[0.459s] Level 1:colcon.colcon_core.package_identification:_identify(src/open_manipulator/ros2_controller) by extension 'ros'
[0.459s] Level 1:colcon.colcon_core.package_identification:_identify(src/open_manipulator/ros2_controller) by extensions ['cmake', 'python']
[0.459s] Level 1:colcon.colcon_core.package_identification:_identify(src/open_manipulator/ros2_controller) by extension 'cmake'
[0.459s] Level 1:colcon.colcon_core.package_identification:_identify(src/open_manipulator/ros2_controller) by extension 'python'
[0.459s] Level 1:colcon.colcon_core.package_identification:_identify(src/open_manipulator/ros2_controller) by extensions ['python_setup_py']
[0.459s] Level 1:colcon.colcon_core.package_identification:_identify(src/open_manipulator/ros2_controller) by extension 'python_setup_py'
[0.459s] Level 1:colcon.colcon_core.package_identification:_identify(src/open_manipulator/ros2_controller/om_gravity_compensation_controller) by extensions ['ignore', 'ignore_ament_install']
[0.459s] Level 1:colcon.colcon_core.package_identification:_identify(src/open_manipulator/ros2_controller/om_gravity_compensation_controller) by extension 'ignore'
[0.459s] Level 1:colcon.colcon_core.package_identification:_identify(src/open_manipulator/ros2_controller/om_gravity_compensation_controller) by extension 'ignore_ament_install'
[0.459s] Level 1:colcon.colcon_core.package_identification:_identify(src/open_manipulator/ros2_controller/om_gravity_compensation_controller) by extensions ['colcon_pkg']
[0.459s] Level 1:colcon.colcon_core.package_identification:_identify(src/open_manipulator/ros2_controller/om_gravity_compensation_controller) by extension 'colcon_pkg'
[0.459s] Level 1:colcon.colcon_core.package_identification:_identify(src/open_manipulator/ros2_controller/om_gravity_compensation_controller) by extensions ['colcon_meta']
[0.459s] Level 1:colcon.colcon_core.package_identification:_identify(src/open_manipulator/ros2_controller/om_gravity_compensation_controller) by extension 'colcon_meta'
[0.459s] Level 1:colcon.colcon_core.package_identification:_identify(src/open_manipulator/ros2_controller/om_gravity_compensation_controller) by extensions ['ros']
[0.459s] Level 1:colcon.colcon_core.package_identification:_identify(src/open_manipulator/ros2_controller/om_gravity_compensation_controller) by extension 'ros'
[0.460s] DEBUG:colcon.colcon_core.package_identification:Package 'src/open_manipulator/ros2_controller/om_gravity_compensation_controller' with type 'ros.ament_cmake' and name 'om_gravity_compensation_controller'
[0.461s] Level 1:colcon.colcon_core.package_identification:_identify(src/open_manipulator/ros2_controller/om_joint_trajectory_command_broadcaster) by extensions ['ignore', 'ignore_ament_install']
[0.461s] Level 1:colcon.colcon_core.package_identification:_identify(src/open_manipulator/ros2_controller/om_joint_trajectory_command_broadcaster) by extension 'ignore'
[0.461s] Level 1:colcon.colcon_core.package_identification:_identify(src/open_manipulator/ros2_controller/om_joint_trajectory_command_broadcaster) by extension 'ignore_ament_install'
[0.461s] Level 1:colcon.colcon_core.package_identification:_identify(src/open_manipulator/ros2_controller/om_joint_trajectory_command_broadcaster) by extensions ['colcon_pkg']
[0.461s] Level 1:colcon.colcon_core.package_identification:_identify(src/open_manipulator/ros2_controller/om_joint_trajectory_command_broadcaster) by extension 'colcon_pkg'
[0.461s] Level 1:colcon.colcon_core.package_identification:_identify(src/open_manipulator/ros2_controller/om_joint_trajectory_command_broadcaster) by extensions ['colcon_meta']
[0.461s] Level 1:colcon.colcon_core.package_identification:_identify(src/open_manipulator/ros2_controller/om_joint_trajectory_command_broadcaster) by extension 'colcon_meta'
[0.461s] Level 1:colcon.colcon_core.package_identification:_identify(src/open_manipulator/ros2_controller/om_joint_trajectory_command_broadcaster) by extensions ['ros']
[0.461s] Level 1:colcon.colcon_core.package_identification:_identify(src/open_manipulator/ros2_controller/om_joint_trajectory_command_broadcaster) by extension 'ros'
[0.462s] DEBUG:colcon.colcon_core.package_identification:Package 'src/open_manipulator/ros2_controller/om_joint_trajectory_command_broadcaster' with type 'ros.ament_cmake' and name 'om_joint_trajectory_command_broadcaster'
[0.462s] Level 1:colcon.colcon_core.package_identification:_identify(src/open_manipulator/ros2_controller/om_spring_actuator_controller) by extensions ['ignore', 'ignore_ament_install']
[0.462s] Level 1:colcon.colcon_core.package_identification:_identify(src/open_manipulator/ros2_controller/om_spring_actuator_controller) by extension 'ignore'
[0.462s] Level 1:colcon.colcon_core.package_identification:_identify(src/open_manipulator/ros2_controller/om_spring_actuator_controller) by extension 'ignore_ament_install'
[0.462s] Level 1:colcon.colcon_core.package_identification:_identify(src/open_manipulator/ros2_controller/om_spring_actuator_controller) by extensions ['colcon_pkg']
[0.462s] Level 1:colcon.colcon_core.package_identification:_identify(src/open_manipulator/ros2_controller/om_spring_actuator_controller) by extension 'colcon_pkg'
[0.462s] Level 1:colcon.colcon_core.package_identification:_identify(src/open_manipulator/ros2_controller/om_spring_actuator_controller) by extensions ['colcon_meta']
[0.462s] Level 1:colcon.colcon_core.package_identification:_identify(src/open_manipulator/ros2_controller/om_spring_actuator_controller) by extension 'colcon_meta'
[0.462s] Level 1:colcon.colcon_core.package_identification:_identify(src/open_manipulator/ros2_controller/om_spring_actuator_controller) by extensions ['ros']
[0.462s] Level 1:colcon.colcon_core.package_identification:_identify(src/open_manipulator/ros2_controller/om_spring_actuator_controller) by extension 'ros'
[0.463s] DEBUG:colcon.colcon_core.package_identification:Package 'src/open_manipulator/ros2_controller/om_spring_actuator_controller' with type 'ros.ament_cmake' and name 'om_spring_actuator_controller'
[0.463s] Level 1:colcon.colcon_core.package_identification:_identify(src/robotis_interfaces) by extensions ['ignore', 'ignore_ament_install']
[0.463s] Level 1:colcon.colcon_core.package_identification:_identify(src/robotis_interfaces) by extension 'ignore'
[0.463s] Level 1:colcon.colcon_core.package_identification:_identify(src/robotis_interfaces) by extension 'ignore_ament_install'
[0.463s] Level 1:colcon.colcon_core.package_identification:_identify(src/robotis_interfaces) by extensions ['colcon_pkg']
[0.463s] Level 1:colcon.colcon_core.package_identification:_identify(src/robotis_interfaces) by extension 'colcon_pkg'
[0.463s] Level 1:colcon.colcon_core.package_identification:_identify(src/robotis_interfaces) by extensions ['colcon_meta']
[0.463s] Level 1:colcon.colcon_core.package_identification:_identify(src/robotis_interfaces) by extension 'colcon_meta'
[0.463s] Level 1:colcon.colcon_core.package_identification:_identify(src/robotis_interfaces) by extensions ['ros']
[0.463s] Level 1:colcon.colcon_core.package_identification:_identify(src/robotis_interfaces) by extension 'ros'
[0.464s] DEBUG:colcon.colcon_core.package_identification:Package 'src/robotis_interfaces' with type 'ros.ament_cmake' and name 'robotis_interfaces'
[0.464s] Level 1:colcon.colcon_core.package_discovery:discover_packages(recursive) using defaults
[0.464s] Level 1:colcon.colcon_core.package_discovery:discover_packages(ignore) discover
[0.464s] Level 1:colcon.colcon_core.package_discovery:discover_packages(ignore) using defaults
[0.464s] Level 1:colcon.colcon_core.package_discovery:discover_packages(path) discover
[0.464s] Level 1:colcon.colcon_core.package_discovery:discover_packages(path) using defaults
[0.490s] Level 1:colcon.colcon_core.package_discovery:discover_packages(prefix_path) check parameters
[0.490s] Level 1:colcon.colcon_core.package_discovery:discover_packages(prefix_path) discover
[0.493s] DEBUG:colcon.colcon_installed_package_information.package_discovery:Found 3 installed packages in /home/jamiek/2026_ROS_manipulator/ros_ws/install
[0.495s] DEBUG:colcon.colcon_installed_package_information.package_discovery:Found 408 installed packages in /opt/ros/jazzy
[0.496s] Level 1:colcon.colcon_core.package_discovery:discover_packages(prefix_path) using defaults
[0.562s] Level 5:colcon.colcon_core.verb:set package 'dynamixel_interfaces' build argument 'cmake_args' from command line to '['-DCMAKE_BUILD_TYPE=Release']'
[0.562s] Level 5:colcon.colcon_core.verb:set package 'dynamixel_interfaces' build argument 'cmake_target' from command line to 'None'
[0.562s] Level 5:colcon.colcon_core.verb:set package 'dynamixel_interfaces' build argument 'cmake_target_skip_unavailable' from command line to 'False'
[0.562s] Level 5:colcon.colcon_core.verb:set package 'dynamixel_interfaces' build argument 'cmake_clean_cache' from command line to 'False'
[0.562s] Level 5:colcon.colcon_core.verb:set package 'dynamixel_interfaces' build argument 'cmake_clean_first' from command line to 'False'
[0.562s] Level 5:colcon.colcon_core.verb:set package 'dynamixel_interfaces' build argument 'cmake_force_configure' from command line to 'False'
[0.562s] Level 5:colcon.colcon_core.verb:set package 'dynamixel_interfaces' build argument 'ament_cmake_args' from command line to 'None'
[0.562s] Level 5:colcon.colcon_core.verb:set package 'dynamixel_interfaces' build argument 'catkin_cmake_args' from command line to 'None'
[0.562s] Level 5:colcon.colcon_core.verb:set package 'dynamixel_interfaces' build argument 'catkin_skip_building_tests' from command line to 'False'
[0.562s] DEBUG:colcon.colcon_core.verb:Building package 'dynamixel_interfaces' with the following arguments: {'ament_cmake_args': None, 'build_base': '/home/jamiek/2026_ROS_manipulator/open_manipulator_ws/build/dynamixel_interfaces', 'catkin_cmake_args': None, 'catkin_skip_building_tests': False, 'cmake_args': ['-DCMAKE_BUILD_TYPE=Release'], 'cmake_clean_cache': False, 'cmake_clean_first': False, 'cmake_force_configure': False, 'cmake_target': None, 'cmake_target_skip_unavailable': False, 'install_base': '/home/jamiek/2026_ROS_manipulator/open_manipulator_ws/install/dynamixel_interfaces', 'merge_install': False, 'path': '/home/jamiek/2026_ROS_manipulator/open_manipulator_ws/src/dynamixel_interfaces', 'symlink_install': True, 'test_result_base': None}
[0.562s] Level 5:colcon.colcon_core.verb:set package 'dynamixel_sdk' build argument 'cmake_args' from command line to '['-DCMAKE_BUILD_TYPE=Release']'
[0.562s] Level 5:colcon.colcon_core.verb:set package 'dynamixel_sdk' build argument 'cmake_target' from command line to 'None'
[0.562s] Level 5:colcon.colcon_core.verb:set package 'dynamixel_sdk' build argument 'cmake_target_skip_unavailable' from command line to 'False'
[0.563s] Level 5:colcon.colcon_core.verb:set package 'dynamixel_sdk' build argument 'cmake_clean_cache' from command line to 'False'
[0.563s] Level 5:colcon.colcon_core.verb:set package 'dynamixel_sdk' build argument 'cmake_clean_first' from command line to 'False'
[0.563s] Level 5:colcon.colcon_core.verb:set package 'dynamixel_sdk' build argument 'cmake_force_configure' from command line to 'False'
[0.563s] Level 5:colcon.colcon_core.verb:set package 'dynamixel_sdk' build argument 'ament_cmake_args' from command line to 'None'
[0.563s] Level 5:colcon.colcon_core.verb:set package 'dynamixel_sdk' build argument 'catkin_cmake_args' from command line to 'None'
[0.563s] Level 5:colcon.colcon_core.verb:set package 'dynamixel_sdk' build argument 'catkin_skip_building_tests' from command line to 'False'
[0.563s] DEBUG:colcon.colcon_core.verb:Building package 'dynamixel_sdk' with the following arguments: {'ament_cmake_args': None, 'build_base': '/home/jamiek/2026_ROS_manipulator/open_manipulator_ws/build/dynamixel_sdk', 'catkin_cmake_args': None, 'catkin_skip_building_tests': False, 'cmake_args': ['-DCMAKE_BUILD_TYPE=Release'], 'cmake_clean_cache': False, 'cmake_clean_first': False, 'cmake_force_configure': False, 'cmake_target': None, 'cmake_target_skip_unavailable': False, 'install_base': '/home/jamiek/2026_ROS_manipulator/open_manipulator_ws/install/dynamixel_sdk', 'merge_install': False, 'path': '/home/jamiek/2026_ROS_manipulator/open_manipulator_ws/src/DynamixelSDK/ros/dynamixel_sdk', 'symlink_install': True, 'test_result_base': None}
[0.563s] Level 5:colcon.colcon_core.verb:set package 'dynamixel_sdk_custom_interfaces' build argument 'cmake_args' from command line to '['-DCMAKE_BUILD_TYPE=Release']'
[0.563s] Level 5:colcon.colcon_core.verb:set package 'dynamixel_sdk_custom_interfaces' build argument 'cmake_target' from command line to 'None'
[0.563s] Level 5:colcon.colcon_core.verb:set package 'dynamixel_sdk_custom_interfaces' build argument 'cmake_target_skip_unavailable' from command line to 'False'
[0.563s] Level 5:colcon.colcon_core.verb:set package 'dynamixel_sdk_custom_interfaces' build argument 'cmake_clean_cache' from command line to 'False'
[0.563s] Level 5:colcon.colcon_core.verb:set package 'dynamixel_sdk_custom_interfaces' build argument 'cmake_clean_first' from command line to 'False'
[0.563s] Level 5:colcon.colcon_core.verb:set package 'dynamixel_sdk_custom_interfaces' build argument 'cmake_force_configure' from command line to 'False'
[0.563s] Level 5:colcon.colcon_core.verb:set package 'dynamixel_sdk_custom_interfaces' build argument 'ament_cmake_args' from command line to 'None'
[0.563s] Level 5:colcon.colcon_core.verb:set package 'dynamixel_sdk_custom_interfaces' build argument 'catkin_cmake_args' from command line to 'None'
[0.563s] Level 5:colcon.colcon_core.verb:set package 'dynamixel_sdk_custom_interfaces' build argument 'catkin_skip_building_tests' from command line to 'False'
[0.563s] DEBUG:colcon.colcon_core.verb:Building package 'dynamixel_sdk_custom_interfaces' with the following arguments: {'ament_cmake_args': None, 'build_base': '/home/jamiek/2026_ROS_manipulator/open_manipulator_ws/build/dynamixel_sdk_custom_interfaces', 'catkin_cmake_args': None, 'catkin_skip_building_tests': False, 'cmake_args': ['-DCMAKE_BUILD_TYPE=Release'], 'cmake_clean_cache': False, 'cmake_clean_first': False, 'cmake_force_configure': False, 'cmake_target': None, 'cmake_target_skip_unavailable': False, 'install_base': '/home/jamiek/2026_ROS_manipulator/open_manipulator_ws/install/dynamixel_sdk_custom_interfaces', 'merge_install': False, 'path': '/home/jamiek/2026_ROS_manipulator/open_manipulator_ws/src/DynamixelSDK/ros/dynamixel_sdk_custom_interfaces', 'symlink_install': True, 'test_result_base': None}
[0.563s] Level 5:colcon.colcon_core.verb:set package 'om_gravity_compensation_controller' build argument 'cmake_args' from command line to '['-DCMAKE_BUILD_TYPE=Release']'
[0.563s] Level 5:colcon.colcon_core.verb:set package 'om_gravity_compensation_controller' build argument 'cmake_target' from command line to 'None'
[0.563s] Level 5:colcon.colcon_core.verb:set package 'om_gravity_compensation_controller' build argument 'cmake_target_skip_unavailable' from command line to 'False'
[0.563s] Level 5:colcon.colcon_core.verb:set package 'om_gravity_compensation_controller' build argument 'cmake_clean_cache' from command line to 'False'
[0.563s] Level 5:colcon.colcon_core.verb:set package 'om_gravity_compensation_controller' build argument 'cmake_clean_first' from command line to 'False'
[0.563s] Level 5:colcon.colcon_core.verb:set package 'om_gravity_compensation_controller' build argument 'cmake_force_configure' from command line to 'False'
[0.563s] Level 5:colcon.colcon_core.verb:set package 'om_gravity_compensation_controller' build argument 'ament_cmake_args' from command line to 'None'
[0.563s] Level 5:colcon.colcon_core.verb:set package 'om_gravity_compensation_controller' build argument 'catkin_cmake_args' from command line to 'None'
[0.563s] Level 5:colcon.colcon_core.verb:set package 'om_gravity_compensation_controller' build argument 'catkin_skip_building_tests' from command line to 'False'
[0.563s] DEBUG:colcon.colcon_core.verb:Building package 'om_gravity_compensation_controller' with the following arguments: {'ament_cmake_args': None, 'build_base': '/home/jamiek/2026_ROS_manipulator/open_manipulator_ws/build/om_gravity_compensation_controller', 'catkin_cmake_args': None, 'catkin_skip_building_tests': False, 'cmake_args': ['-DCMAKE_BUILD_TYPE=Release'], 'cmake_clean_cache': False, 'cmake_clean_first': False, 'cmake_force_configure': False, 'cmake_target': None, 'cmake_target_skip_unavailable': False, 'install_base': '/home/jamiek/2026_ROS_manipulator/open_manipulator_ws/install/om_gravity_compensation_controller', 'merge_install': False, 'path': '/home/jamiek/2026_ROS_manipulator/open_manipulator_ws/src/open_manipulator/ros2_controller/om_gravity_compensation_controller', 'symlink_install': True, 'test_result_base': None}
[0.564s] Level 5:colcon.colcon_core.verb:set package 'om_joint_trajectory_command_broadcaster' build argument 'cmake_args' from command line to '['-DCMAKE_BUILD_TYPE=Release']'
[0.564s] Level 5:colcon.colcon_core.verb:set package 'om_joint_trajectory_command_broadcaster' build argument 'cmake_target' from command line to 'None'
[0.564s] Level 5:colcon.colcon_core.verb:set package 'om_joint_trajectory_command_broadcaster' build argument 'cmake_target_skip_unavailable' from command line to 'False'
[0.564s] Level 5:colcon.colcon_core.verb:set package 'om_joint_trajectory_command_broadcaster' build argument 'cmake_clean_cache' from command line to 'False'
[0.564s] Level 5:colcon.colcon_core.verb:set package 'om_joint_trajectory_command_broadcaster' build argument 'cmake_clean_first' from command line to 'False'
[0.564s] Level 5:colcon.colcon_core.verb:set package 'om_joint_trajectory_command_broadcaster' build argument 'cmake_force_configure' from command line to 'False'
[0.564s] Level 5:colcon.colcon_core.verb:set package 'om_joint_trajectory_command_broadcaster' build argument 'ament_cmake_args' from command line to 'None'
[0.564s] Level 5:colcon.colcon_core.verb:set package 'om_joint_trajectory_command_broadcaster' build argument 'catkin_cmake_args' from command line to 'None'
[0.564s] Level 5:colcon.colcon_core.verb:set package 'om_joint_trajectory_command_broadcaster' build argument 'catkin_skip_building_tests' from command line to 'False'
[0.564s] DEBUG:colcon.colcon_core.verb:Building package 'om_joint_trajectory_command_broadcaster' with the following arguments: {'ament_cmake_args': None, 'build_base': '/home/jamiek/2026_ROS_manipulator/open_manipulator_ws/build/om_joint_trajectory_command_broadcaster', 'catkin_cmake_args': None, 'catkin_skip_building_tests': False, 'cmake_args': ['-DCMAKE_BUILD_TYPE=Release'], 'cmake_clean_cache': False, 'cmake_clean_first': False, 'cmake_force_configure': False, 'cmake_target': None, 'cmake_target_skip_unavailable': False, 'install_base': '/home/jamiek/2026_ROS_manipulator/open_manipulator_ws/install/om_joint_trajectory_command_broadcaster', 'merge_install': False, 'path': '/home/jamiek/2026_ROS_manipulator/open_manipulator_ws/src/open_manipulator/ros2_controller/om_joint_trajectory_command_broadcaster', 'symlink_install': True, 'test_result_base': None}
[0.564s] Level 5:colcon.colcon_core.verb:set package 'om_spring_actuator_controller' build argument 'cmake_args' from command line to '['-DCMAKE_BUILD_TYPE=Release']'
[0.564s] Level 5:colcon.colcon_core.verb:set package 'om_spring_actuator_controller' build argument 'cmake_target' from command line to 'None'
[0.564s] Level 5:colcon.colcon_core.verb:set package 'om_spring_actuator_controller' build argument 'cmake_target_skip_unavailable' from command line to 'False'
[0.564s] Level 5:colcon.colcon_core.verb:set package 'om_spring_actuator_controller' build argument 'cmake_clean_cache' from command line to 'False'
[0.564s] Level 5:colcon.colcon_core.verb:set package 'om_spring_actuator_controller' build argument 'cmake_clean_first' from command line to 'False'
[0.564s] Level 5:colcon.colcon_core.verb:set package 'om_spring_actuator_controller' build argument 'cmake_force_configure' from command line to 'False'
[0.564s] Level 5:colcon.colcon_core.verb:set package 'om_spring_actuator_controller' build argument 'ament_cmake_args' from command line to 'None'
[0.564s] Level 5:colcon.colcon_core.verb:set package 'om_spring_actuator_controller' build argument 'catkin_cmake_args' from command line to 'None'
[0.564s] Level 5:colcon.colcon_core.verb:set package 'om_spring_actuator_controller' build argument 'catkin_skip_building_tests' from command line to 'False'
[0.564s] DEBUG:colcon.colcon_core.verb:Building package 'om_spring_actuator_controller' with the following arguments: {'ament_cmake_args': None, 'build_base': '/home/jamiek/2026_ROS_manipulator/open_manipulator_ws/build/om_spring_actuator_controller', 'catkin_cmake_args': None, 'catkin_skip_building_tests': False, 'cmake_args': ['-DCMAKE_BUILD_TYPE=Release'], 'cmake_clean_cache': False, 'cmake_clean_first': False, 'cmake_force_configure': False, 'cmake_target': None, 'cmake_target_skip_unavailable': False, 'install_base': '/home/jamiek/2026_ROS_manipulator/open_manipulator_ws/install/om_spring_actuator_controller', 'merge_install': False, 'path': '/home/jamiek/2026_ROS_manipulator/open_manipulator_ws/src/open_manipulator/ros2_controller/om_spring_actuator_controller', 'symlink_install': True, 'test_result_base': None}
[0.564s] Level 5:colcon.colcon_core.verb:set package 'open_manipulator_collision' build argument 'cmake_args' from command line to '['-DCMAKE_BUILD_TYPE=Release']'
[0.564s] Level 5:colcon.colcon_core.verb:set package 'open_manipulator_collision' build argument 'cmake_target' from command line to 'None'
[0.564s] Level 5:colcon.colcon_core.verb:set package 'open_manipulator_collision' build argument 'cmake_target_skip_unavailable' from command line to 'False'
[0.564s] Level 5:colcon.colcon_core.verb:set package 'open_manipulator_collision' build argument 'cmake_clean_cache' from command line to 'False'
[0.564s] Level 5:colcon.colcon_core.verb:set package 'open_manipulator_collision' build argument 'cmake_clean_first' from command line to 'False'
[0.564s] Level 5:colcon.colcon_core.verb:set package 'open_manipulator_collision' build argument 'cmake_force_configure' from command line to 'False'
[0.564s] Level 5:colcon.colcon_core.verb:set package 'open_manipulator_collision' build argument 'ament_cmake_args' from command line to 'None'
[0.564s] Level 5:colcon.colcon_core.verb:set package 'open_manipulator_collision' build argument 'catkin_cmake_args' from command line to 'None'
[0.564s] Level 5:colcon.colcon_core.verb:set package 'open_manipulator_collision' build argument 'catkin_skip_building_tests' from command line to 'False'
[0.564s] DEBUG:colcon.colcon_core.verb:Building package 'open_manipulator_collision' with the following arguments: {'ament_cmake_args': None, 'build_base': '/home/jamiek/2026_ROS_manipulator/open_manipulator_ws/build/open_manipulator_collision', 'catkin_cmake_args': None, 'catkin_skip_building_tests': False, 'cmake_args': ['-DCMAKE_BUILD_TYPE=Release'], 'cmake_clean_cache': False, 'cmake_clean_first': False, 'cmake_force_configure': False, 'cmake_target': None, 'cmake_target_skip_unavailable': False, 'install_base': '/home/jamiek/2026_ROS_manipulator/open_manipulator_ws/install/open_manipulator_collision', 'merge_install': False, 'path': '/home/jamiek/2026_ROS_manipulator/open_manipulator_ws/src/open_manipulator/open_manipulator_collision', 'symlink_install': True, 'test_result_base': None}
[0.565s] Level 5:colcon.colcon_core.verb:set package 'open_manipulator_description' build argument 'cmake_args' from command line to '['-DCMAKE_BUILD_TYPE=Release']'
[0.565s] Level 5:colcon.colcon_core.verb:set package 'open_manipulator_description' build argument 'cmake_target' from command line to 'None'
[0.565s] Level 5:colcon.colcon_core.verb:set package 'open_manipulator_description' build argument 'cmake_target_skip_unavailable' from command line to 'False'
[0.565s] Level 5:colcon.colcon_core.verb:set package 'open_manipulator_description' build argument 'cmake_clean_cache' from command line to 'False'
[0.565s] Level 5:colcon.colcon_core.verb:set package 'open_manipulator_description' build argument 'cmake_clean_first' from command line to 'False'
[0.565s] Level 5:colcon.colcon_core.verb:set package 'open_manipulator_description' build argument 'cmake_force_configure' from command line to 'False'
[0.565s] Level 5:colcon.colcon_core.verb:set package 'open_manipulator_description' build argument 'ament_cmake_args' from command line to 'None'
[0.565s] Level 5:colcon.colcon_core.verb:set package 'open_manipulator_description' build argument 'catkin_cmake_args' from command line to 'None'
[0.565s] Level 5:colcon.colcon_core.verb:set package 'open_manipulator_description' build argument 'catkin_skip_building_tests' from command line to 'False'
[0.565s] DEBUG:colcon.colcon_core.verb:Building package 'open_manipulator_description' with the following arguments: {'ament_cmake_args': None, 'build_base': '/home/jamiek/2026_ROS_manipulator/open_manipulator_ws/build/open_manipulator_description', 'catkin_cmake_args': None, 'catkin_skip_building_tests': False, 'cmake_args': ['-DCMAKE_BUILD_TYPE=Release'], 'cmake_clean_cache': False, 'cmake_clean_first': False, 'cmake_force_configure': False, 'cmake_target': None, 'cmake_target_skip_unavailable': False, 'install_base': '/home/jamiek/2026_ROS_manipulator/open_manipulator_ws/install/open_manipulator_description', 'merge_install': False, 'path': '/home/jamiek/2026_ROS_manipulator/open_manipulator_ws/src/open_manipulator/open_manipulator_description', 'symlink_install': True, 'test_result_base': None}
[0.565s] Level 5:colcon.colcon_core.verb:set package 'open_manipulator_gui' build argument 'cmake_args' from command line to '['-DCMAKE_BUILD_TYPE=Release']'
[0.565s] Level 5:colcon.colcon_core.verb:set package 'open_manipulator_gui' build argument 'cmake_target' from command line to 'None'
[0.565s] Level 5:colcon.colcon_core.verb:set package 'open_manipulator_gui' build argument 'cmake_target_skip_unavailable' from command line to 'False'
[0.565s] Level 5:colcon.colcon_core.verb:set package 'open_manipulator_gui' build argument 'cmake_clean_cache' from command line to 'False'
[0.565s] Level 5:colcon.colcon_core.verb:set package 'open_manipulator_gui' build argument 'cmake_clean_first' from command line to 'False'
[0.565s] Level 5:colcon.colcon_core.verb:set package 'open_manipulator_gui' build argument 'cmake_force_configure' from command line to 'False'
[0.565s] Level 5:colcon.colcon_core.verb:set package 'open_manipulator_gui' build argument 'ament_cmake_args' from command line to 'None'
[0.565s] Level 5:colcon.colcon_core.verb:set package 'open_manipulator_gui' build argument 'catkin_cmake_args' from command line to 'None'
[0.565s] Level 5:colcon.colcon_core.verb:set package 'open_manipulator_gui' build argument 'catkin_skip_building_tests' from command line to 'False'
[0.565s] DEBUG:colcon.colcon_core.verb:Building package 'open_manipulator_gui' with the following arguments: {'ament_cmake_args': None, 'build_base': '/home/jamiek/2026_ROS_manipulator/open_manipulator_ws/build/open_manipulator_gui', 'catkin_cmake_args': None, 'catkin_skip_building_tests': False, 'cmake_args': ['-DCMAKE_BUILD_TYPE=Release'], 'cmake_clean_cache': False, 'cmake_clean_first': False, 'cmake_force_configure': False, 'cmake_target': None, 'cmake_target_skip_unavailable': False, 'install_base': '/home/jamiek/2026_ROS_manipulator/open_manipulator_ws/install/open_manipulator_gui', 'merge_install': False, 'path': '/home/jamiek/2026_ROS_manipulator/open_manipulator_ws/src/open_manipulator/open_manipulator_gui', 'symlink_install': True, 'test_result_base': None}
[0.565s] Level 5:colcon.colcon_core.verb:set package 'open_manipulator_teleop' build argument 'cmake_args' from command line to '['-DCMAKE_BUILD_TYPE=Release']'
[0.565s] Level 5:colcon.colcon_core.verb:set package 'open_manipulator_teleop' build argument 'cmake_target' from command line to 'None'
[0.565s] Level 5:colcon.colcon_core.verb:set package 'open_manipulator_teleop' build argument 'cmake_target_skip_unavailable' from command line to 'False'
[0.565s] Level 5:colcon.colcon_core.verb:set package 'open_manipulator_teleop' build argument 'cmake_clean_cache' from command line to 'False'
[0.565s] Level 5:colcon.colcon_core.verb:set package 'open_manipulator_teleop' build argument 'cmake_clean_first' from command line to 'False'
[0.565s] Level 5:colcon.colcon_core.verb:set package 'open_manipulator_teleop' build argument 'cmake_force_configure' from command line to 'False'
[0.565s] Level 5:colcon.colcon_core.verb:set package 'open_manipulator_teleop' build argument 'ament_cmake_args' from command line to 'None'
[0.565s] Level 5:colcon.colcon_core.verb:set package 'open_manipulator_teleop' build argument 'catkin_cmake_args' from command line to 'None'
[0.565s] Level 5:colcon.colcon_core.verb:set package 'open_manipulator_teleop' build argument 'catkin_skip_building_tests' from command line to 'False'
[0.565s] DEBUG:colcon.colcon_core.verb:Building package 'open_manipulator_teleop' with the following arguments: {'ament_cmake_args': None, 'build_base': '/home/jamiek/2026_ROS_manipulator/open_manipulator_ws/build/open_manipulator_teleop', 'catkin_cmake_args': None, 'catkin_skip_building_tests': False, 'cmake_args': ['-DCMAKE_BUILD_TYPE=Release'], 'cmake_clean_cache': False, 'cmake_clean_first': False, 'cmake_force_configure': False, 'cmake_target': None, 'cmake_target_skip_unavailable': False, 'install_base': '/home/jamiek/2026_ROS_manipulator/open_manipulator_ws/install/open_manipulator_teleop', 'merge_install': False, 'path': '/home/jamiek/2026_ROS_manipulator/open_manipulator_ws/src/open_manipulator/open_manipulator_teleop', 'symlink_install': True, 'test_result_base': None}
[0.566s] Level 5:colcon.colcon_core.verb:set package 'robotis_interfaces' build argument 'cmake_args' from command line to '['-DCMAKE_BUILD_TYPE=Release']'
[0.566s] Level 5:colcon.colcon_core.verb:set package 'robotis_interfaces' build argument 'cmake_target' from command line to 'None'
[0.566s] Level 5:colcon.colcon_core.verb:set package 'robotis_interfaces' build argument 'cmake_target_skip_unavailable' from command line to 'False'
[0.566s] Level 5:colcon.colcon_core.verb:set package 'robotis_interfaces' build argument 'cmake_clean_cache' from command line to 'False'
[0.566s] Level 5:colcon.colcon_core.verb:set package 'robotis_interfaces' build argument 'cmake_clean_first' from command line to 'False'
[0.566s] Level 5:colcon.colcon_core.verb:set package 'robotis_interfaces' build argument 'cmake_force_configure' from command line to 'False'
[0.566s] Level 5:colcon.colcon_core.verb:set package 'robotis_interfaces' build argument 'ament_cmake_args' from command line to 'None'
[0.566s] Level 5:colcon.colcon_core.verb:set package 'robotis_interfaces' build argument 'catkin_cmake_args' from command line to 'None'
[0.566s] Level 5:colcon.colcon_core.verb:set package 'robotis_interfaces' build argument 'catkin_skip_building_tests' from command line to 'False'
[0.566s] DEBUG:colcon.colcon_core.verb:Building package 'robotis_interfaces' with the following arguments: {'ament_cmake_args': None, 'build_base': '/home/jamiek/2026_ROS_manipulator/open_manipulator_ws/build/robotis_interfaces', 'catkin_cmake_args': None, 'catkin_skip_building_tests': False, 'cmake_args': ['-DCMAKE_BUILD_TYPE=Release'], 'cmake_clean_cache': False, 'cmake_clean_first': False, 'cmake_force_configure': False, 'cmake_target': None, 'cmake_target_skip_unavailable': False, 'install_base': '/home/jamiek/2026_ROS_manipulator/open_manipulator_ws/install/robotis_interfaces', 'merge_install': False, 'path': '/home/jamiek/2026_ROS_manipulator/open_manipulator_ws/src/robotis_interfaces', 'symlink_install': True, 'test_result_base': None}
[0.566s] Level 5:colcon.colcon_core.verb:set package 'dynamixel_hardware_interface' build argument 'cmake_args' from command line to '['-DCMAKE_BUILD_TYPE=Release']'
[0.566s] Level 5:colcon.colcon_core.verb:set package 'dynamixel_hardware_interface' build argument 'cmake_target' from command line to 'None'
[0.566s] Level 5:colcon.colcon_core.verb:set package 'dynamixel_hardware_interface' build argument 'cmake_target_skip_unavailable' from command line to 'False'
[0.566s] Level 5:colcon.colcon_core.verb:set package 'dynamixel_hardware_interface' build argument 'cmake_clean_cache' from command line to 'False'
[0.566s] Level 5:colcon.colcon_core.verb:set package 'dynamixel_hardware_interface' build argument 'cmake_clean_first' from command line to 'False'
[0.566s] Level 5:colcon.colcon_core.verb:set package 'dynamixel_hardware_interface' build argument 'cmake_force_configure' from command line to 'False'
[0.566s] Level 5:colcon.colcon_core.verb:set package 'dynamixel_hardware_interface' build argument 'ament_cmake_args' from command line to 'None'
[0.566s] Level 5:colcon.colcon_core.verb:set package 'dynamixel_hardware_interface' build argument 'catkin_cmake_args' from command line to 'None'
[0.566s] Level 5:colcon.colcon_core.verb:set package 'dynamixel_hardware_interface' build argument 'catkin_skip_building_tests' from command line to 'False'
[0.566s] DEBUG:colcon.colcon_core.verb:Building package 'dynamixel_hardware_interface' with the following arguments: {'ament_cmake_args': None, 'build_base': '/home/jamiek/2026_ROS_manipulator/open_manipulator_ws/build/dynamixel_hardware_interface', 'catkin_cmake_args': None, 'catkin_skip_building_tests': False, 'cmake_args': ['-DCMAKE_BUILD_TYPE=Release'], 'cmake_clean_cache': False, 'cmake_clean_first': False, 'cmake_force_configure': False, 'cmake_target': None, 'cmake_target_skip_unavailable': False, 'install_base': '/home/jamiek/2026_ROS_manipulator/open_manipulator_ws/install/dynamixel_hardware_interface', 'merge_install': False, 'path': '/home/jamiek/2026_ROS_manipulator/open_manipulator_ws/src/dynamixel_hardware_interface', 'symlink_install': True, 'test_result_base': None}
[0.566s] Level 5:colcon.colcon_core.verb:set package 'dynamixel_sdk_examples' build argument 'cmake_args' from command line to '['-DCMAKE_BUILD_TYPE=Release']'
[0.566s] Level 5:colcon.colcon_core.verb:set package 'dynamixel_sdk_examples' build argument 'cmake_target' from command line to 'None'
[0.566s] Level 5:colcon.colcon_core.verb:set package 'dynamixel_sdk_examples' build argument 'cmake_target_skip_unavailable' from command line to 'False'
[0.566s] Level 5:colcon.colcon_core.verb:set package 'dynamixel_sdk_examples' build argument 'cmake_clean_cache' from command line to 'False'
[0.566s] Level 5:colcon.colcon_core.verb:set package 'dynamixel_sdk_examples' build argument 'cmake_clean_first' from command line to 'False'
[0.566s] Level 5:colcon.colcon_core.verb:set package 'dynamixel_sdk_examples' build argument 'cmake_force_configure' from command line to 'False'
[0.566s] Level 5:colcon.colcon_core.verb:set package 'dynamixel_sdk_examples' build argument 'ament_cmake_args' from command line to 'None'
[0.566s] Level 5:colcon.colcon_core.verb:set package 'dynamixel_sdk_examples' build argument 'catkin_cmake_args' from command line to 'None'
[0.566s] Level 5:colcon.colcon_core.verb:set package 'dynamixel_sdk_examples' build argument 'catkin_skip_building_tests' from command line to 'False'
[0.566s] DEBUG:colcon.colcon_core.verb:Building package 'dynamixel_sdk_examples' with the following arguments: {'ament_cmake_args': None, 'build_base': '/home/jamiek/2026_ROS_manipulator/open_manipulator_ws/build/dynamixel_sdk_examples', 'catkin_cmake_args': None, 'catkin_skip_building_tests': False, 'cmake_args': ['-DCMAKE_BUILD_TYPE=Release'], 'cmake_clean_cache': False, 'cmake_clean_first': False, 'cmake_force_configure': False, 'cmake_target': None, 'cmake_target_skip_unavailable': False, 'install_base': '/home/jamiek/2026_ROS_manipulator/open_manipulator_ws/install/dynamixel_sdk_examples', 'merge_install': False, 'path': '/home/jamiek/2026_ROS_manipulator/open_manipulator_ws/src/DynamixelSDK/ros/dynamixel_sdk_examples', 'symlink_install': True, 'test_result_base': None}
[0.567s] Level 5:colcon.colcon_core.verb:set package 'open_manipulator_moveit_config' build argument 'cmake_args' from command line to '['-DCMAKE_BUILD_TYPE=Release']'
[0.567s] Level 5:colcon.colcon_core.verb:set package 'open_manipulator_moveit_config' build argument 'cmake_target' from command line to 'None'
[0.567s] Level 5:colcon.colcon_core.verb:set package 'open_manipulator_moveit_config' build argument 'cmake_target_skip_unavailable' from command line to 'False'
[0.567s] Level 5:colcon.colcon_core.verb:set package 'open_manipulator_moveit_config' build argument 'cmake_clean_cache' from command line to 'False'
[0.567s] Level 5:colcon.colcon_core.verb:set package 'open_manipulator_moveit_config' build argument 'cmake_clean_first' from command line to 'False'
[0.567s] Level 5:colcon.colcon_core.verb:set package 'open_manipulator_moveit_config' build argument 'cmake_force_configure' from command line to 'False'
[0.567s] Level 5:colcon.colcon_core.verb:set package 'open_manipulator_moveit_config' build argument 'ament_cmake_args' from command line to 'None'
[0.567s] Level 5:colcon.colcon_core.verb:set package 'open_manipulator_moveit_config' build argument 'catkin_cmake_args' from command line to 'None'
[0.567s] Level 5:colcon.colcon_core.verb:set package 'open_manipulator_moveit_config' build argument 'catkin_skip_building_tests' from command line to 'False'
[0.567s] DEBUG:colcon.colcon_core.verb:Building package 'open_manipulator_moveit_config' with the following arguments: {'ament_cmake_args': None, 'build_base': '/home/jamiek/2026_ROS_manipulator/open_manipulator_ws/build/open_manipulator_moveit_config', 'catkin_cmake_args': None, 'catkin_skip_building_tests': False, 'cmake_args': ['-DCMAKE_BUILD_TYPE=Release'], 'cmake_clean_cache': False, 'cmake_clean_first': False, 'cmake_force_configure': False, 'cmake_target': None, 'cmake_target_skip_unavailable': False, 'install_base': '/home/jamiek/2026_ROS_manipulator/open_manipulator_ws/install/open_manipulator_moveit_config', 'merge_install': False, 'path': '/home/jamiek/2026_ROS_manipulator/open_manipulator_ws/src/open_manipulator/open_manipulator_moveit_config', 'symlink_install': True, 'test_result_base': None}
[0.567s] Level 5:colcon.colcon_core.verb:set package 'open_manipulator_playground' build argument 'cmake_args' from command line to '['-DCMAKE_BUILD_TYPE=Release']'
[0.567s] Level 5:colcon.colcon_core.verb:set package 'open_manipulator_playground' build argument 'cmake_target' from command line to 'None'
[0.567s] Level 5:colcon.colcon_core.verb:set package 'open_manipulator_playground' build argument 'cmake_target_skip_unavailable' from command line to 'False'
[0.567s] Level 5:colcon.colcon_core.verb:set package 'open_manipulator_playground' build argument 'cmake_clean_cache' from command line to 'False'
[0.567s] Level 5:colcon.colcon_core.verb:set package 'open_manipulator_playground' build argument 'cmake_clean_first' from command line to 'False'
[0.567s] Level 5:colcon.colcon_core.verb:set package 'open_manipulator_playground' build argument 'cmake_force_configure' from command line to 'False'
[0.567s] Level 5:colcon.colcon_core.verb:set package 'open_manipulator_playground' build argument 'ament_cmake_args' from command line to 'None'
[0.567s] Level 5:colcon.colcon_core.verb:set package 'open_manipulator_playground' build argument 'catkin_cmake_args' from command line to 'None'
[0.567s] Level 5:colcon.colcon_core.verb:set package 'open_manipulator_playground' build argument 'catkin_skip_building_tests' from command line to 'False'
[0.567s] DEBUG:colcon.colcon_core.verb:Building package 'open_manipulator_playground' with the following arguments: {'ament_cmake_args': None, 'build_base': '/home/jamiek/2026_ROS_manipulator/open_manipulator_ws/build/open_manipulator_playground', 'catkin_cmake_args': None, 'catkin_skip_building_tests': False, 'cmake_args': ['-DCMAKE_BUILD_TYPE=Release'], 'cmake_clean_cache': False, 'cmake_clean_first': False, 'cmake_force_configure': False, 'cmake_target': None, 'cmake_target_skip_unavailable': False, 'install_base': '/home/jamiek/2026_ROS_manipulator/open_manipulator_ws/install/open_manipulator_playground', 'merge_install': False, 'path': '/home/jamiek/2026_ROS_manipulator/open_manipulator_ws/src/open_manipulator/open_manipulator_playground', 'symlink_install': True, 'test_result_base': None}
[0.567s] Level 5:colcon.colcon_core.verb:set package 'open_manipulator_bringup' build argument 'cmake_args' from command line to '['-DCMAKE_BUILD_TYPE=Release']'
[0.567s] Level 5:colcon.colcon_core.verb:set package 'open_manipulator_bringup' build argument 'cmake_target' from command line to 'None'
[0.567s] Level 5:colcon.colcon_core.verb:set package 'open_manipulator_bringup' build argument 'cmake_target_skip_unavailable' from command line to 'False'
[0.567s] Level 5:colcon.colcon_core.verb:set package 'open_manipulator_bringup' build argument 'cmake_clean_cache' from command line to 'False'
[0.567s] Level 5:colcon.colcon_core.verb:set package 'open_manipulator_bringup' build argument 'cmake_clean_first' from command line to 'False'
[0.567s] Level 5:colcon.colcon_core.verb:set package 'open_manipulator_bringup' build argument 'cmake_force_configure' from command line to 'False'
[0.567s] Level 5:colcon.colcon_core.verb:set package 'open_manipulator_bringup' build argument 'ament_cmake_args' from command line to 'None'
[0.568s] Level 5:colcon.colcon_core.verb:set package 'open_manipulator_bringup' build argument 'catkin_cmake_args' from command line to 'None'
[0.568s] Level 5:colcon.colcon_core.verb:set package 'open_manipulator_bringup' build argument 'catkin_skip_building_tests' from command line to 'False'
[0.568s] DEBUG:colcon.colcon_core.verb:Building package 'open_manipulator_bringup' with the following arguments: {'ament_cmake_args': None, 'build_base': '/home/jamiek/2026_ROS_manipulator/open_manipulator_ws/build/open_manipulator_bringup', 'catkin_cmake_args': None, 'catkin_skip_building_tests': False, 'cmake_args': ['-DCMAKE_BUILD_TYPE=Release'], 'cmake_clean_cache': False, 'cmake_clean_first': False, 'cmake_force_configure': False, 'cmake_target': None, 'cmake_target_skip_unavailable': False, 'install_base': '/home/jamiek/2026_ROS_manipulator/open_manipulator_ws/install/open_manipulator_bringup', 'merge_install': False, 'path': '/home/jamiek/2026_ROS_manipulator/open_manipulator_ws/src/open_manipulator/open_manipulator_bringup', 'symlink_install': True, 'test_result_base': None}
[0.568s] Level 5:colcon.colcon_core.verb:set package 'open_manipulator' build argument 'cmake_args' from command line to '['-DCMAKE_BUILD_TYPE=Release']'
[0.568s] Level 5:colcon.colcon_core.verb:set package 'open_manipulator' build argument 'cmake_target' from command line to 'None'
[0.568s] Level 5:colcon.colcon_core.verb:set package 'open_manipulator' build argument 'cmake_target_skip_unavailable' from command line to 'False'
[0.568s] Level 5:colcon.colcon_core.verb:set package 'open_manipulator' build argument 'cmake_clean_cache' from command line to 'False'
[0.568s] Level 5:colcon.colcon_core.verb:set package 'open_manipulator' build argument 'cmake_clean_first' from command line to 'False'
[0.568s] Level 5:colcon.colcon_core.verb:set package 'open_manipulator' build argument 'cmake_force_configure' from command line to 'False'
[0.568s] Level 5:colcon.colcon_core.verb:set package 'open_manipulator' build argument 'ament_cmake_args' from command line to 'None'
[0.568s] Level 5:colcon.colcon_core.verb:set package 'open_manipulator' build argument 'catkin_cmake_args' from command line to 'None'
[0.568s] Level 5:colcon.colcon_core.verb:set package 'open_manipulator' build argument 'catkin_skip_building_tests' from command line to 'False'
[0.568s] DEBUG:colcon.colcon_core.verb:Building package 'open_manipulator' with the following arguments: {'ament_cmake_args': None, 'build_base': '/home/jamiek/2026_ROS_manipulator/open_manipulator_ws/build/open_manipulator', 'catkin_cmake_args': None, 'catkin_skip_building_tests': False, 'cmake_args': ['-DCMAKE_BUILD_TYPE=Release'], 'cmake_clean_cache': False, 'cmake_clean_first': False, 'cmake_force_configure': False, 'cmake_target': None, 'cmake_target_skip_unavailable': False, 'install_base': '/home/jamiek/2026_ROS_manipulator/open_manipulator_ws/install/open_manipulator', 'merge_install': False, 'path': '/home/jamiek/2026_ROS_manipulator/open_manipulator_ws/src/open_manipulator/open_manipulator', 'symlink_install': True, 'test_result_base': None}
[0.568s] INFO:colcon.colcon_core.executor:Executing jobs using 'sequential' executor
[0.569s] DEBUG:colcon.colcon_core.executor.sequential:run_until_complete 'dynamixel_interfaces'
[0.569s] INFO:colcon.colcon_ros.task.ament_cmake.build:Building ROS package in '/home/jamiek/2026_ROS_manipulator/open_manipulator_ws/src/dynamixel_interfaces' with build type 'ament_cmake'
[0.569s] INFO:colcon.colcon_cmake.task.cmake.build:Building CMake package in '/home/jamiek/2026_ROS_manipulator/open_manipulator_ws/src/dynamixel_interfaces'
[0.576s] INFO:colcon.colcon_core.plugin_system:Skipping extension 'colcon_core.shell.bat': Not used on non-Windows systems
[0.577s] INFO:colcon.colcon_core.shell:Skip shell extension 'powershell' for command environment: Not usable outside of PowerShell
[0.577s] DEBUG:colcon.colcon_core.shell:Skip shell extension 'dsv' for command environment
[0.589s] DEBUG:colcon.colcon_core.event_handler.log_command:Invoking command in '/home/jamiek/2026_ROS_manipulator/open_manipulator_ws/build/dynamixel_interfaces': CMAKE_PREFIX_PATH=${CMAKE_PREFIX_PATH}:/home/jamiek/2026_ROS_manipulator/ros_ws/install/tf2_basic:/home/jamiek/2026_ROS_manipulator/ros_ws/install/ros_basic:/opt/ros/jazzy DEBUGINFOD_URLS=https://debuginfod.ubuntu.com /usr/bin/cmake /home/jamiek/2026_ROS_manipulator/open_manipulator_ws/src/dynamixel_interfaces -DCMAKE_BUILD_TYPE=Release -DAMENT_CMAKE_SYMLINK_INSTALL=1 -DCMAKE_INSTALL_PREFIX=/home/jamiek/2026_ROS_manipulator/open_manipulator_ws/install/dynamixel_interfaces
[2.316s] DEBUG:colcon.colcon_core.event_handler.log_command:Invoked command in '/home/jamiek/2026_ROS_manipulator/open_manipulator_ws/build/dynamixel_interfaces' returned '0': CMAKE_PREFIX_PATH=${CMAKE_PREFIX_PATH}:/home/jamiek/2026_ROS_manipulator/ros_ws/install/tf2_basic:/home/jamiek/2026_ROS_manipulator/ros_ws/install/ros_basic:/opt/ros/jazzy DEBUGINFOD_URLS=https://debuginfod.ubuntu.com /usr/bin/cmake /home/jamiek/2026_ROS_manipulator/open_manipulator_ws/src/dynamixel_interfaces -DCMAKE_BUILD_TYPE=Release -DAMENT_CMAKE_SYMLINK_INSTALL=1 -DCMAKE_INSTALL_PREFIX=/home/jamiek/2026_ROS_manipulator/open_manipulator_ws/install/dynamixel_interfaces
[2.318s] DEBUG:colcon.colcon_core.event_handler.log_command:Invoking command in '/home/jamiek/2026_ROS_manipulator/open_manipulator_ws/build/dynamixel_interfaces': CMAKE_PREFIX_PATH=${CMAKE_PREFIX_PATH}:/home/jamiek/2026_ROS_manipulator/ros_ws/install/tf2_basic:/home/jamiek/2026_ROS_manipulator/ros_ws/install/ros_basic:/opt/ros/jazzy DEBUGINFOD_URLS=https://debuginfod.ubuntu.com /usr/bin/cmake --build /home/jamiek/2026_ROS_manipulator/open_manipulator_ws/build/dynamixel_interfaces
[14.532s] DEBUG:colcon.colcon_core.event_handler.log_command:Invoked command in '/home/jamiek/2026_ROS_manipulator/open_manipulator_ws/build/dynamixel_interfaces' returned '0': CMAKE_PREFIX_PATH=${CMAKE_PREFIX_PATH}:/home/jamiek/2026_ROS_manipulator/ros_ws/install/tf2_basic:/home/jamiek/2026_ROS_manipulator/ros_ws/install/ros_basic:/opt/ros/jazzy DEBUGINFOD_URLS=https://debuginfod.ubuntu.com /usr/bin/cmake --build /home/jamiek/2026_ROS_manipulator/open_manipulator_ws/build/dynamixel_interfaces
[14.545s] DEBUG:colcon.colcon_core.event_handler.log_command:Invoking command in '/home/jamiek/2026_ROS_manipulator/open_manipulator_ws/build/dynamixel_interfaces': CMAKE_PREFIX_PATH=${CMAKE_PREFIX_PATH}:/home/jamiek/2026_ROS_manipulator/ros_ws/install/tf2_basic:/home/jamiek/2026_ROS_manipulator/ros_ws/install/ros_basic:/opt/ros/jazzy DEBUGINFOD_URLS=https://debuginfod.ubuntu.com /usr/bin/cmake --install /home/jamiek/2026_ROS_manipulator/open_manipulator_ws/build/dynamixel_interfaces
[14.663s] Level 1:colcon.colcon_core.environment:create_environment_scripts_only(dynamixel_interfaces)
[14.663s] DEBUG:colcon.colcon_core.event_handler.log_command:Invoked command in '/home/jamiek/2026_ROS_manipulator/open_manipulator_ws/build/dynamixel_interfaces' returned '0': CMAKE_PREFIX_PATH=${CMAKE_PREFIX_PATH}:/home/jamiek/2026_ROS_manipulator/ros_ws/install/tf2_basic:/home/jamiek/2026_ROS_manipulator/ros_ws/install/ros_basic:/opt/ros/jazzy DEBUGINFOD_URLS=https://debuginfod.ubuntu.com /usr/bin/cmake --install /home/jamiek/2026_ROS_manipulator/open_manipulator_ws/build/dynamixel_interfaces
[14.668s] Level 1:colcon.colcon_core.environment:checking '/home/jamiek/2026_ROS_manipulator/open_manipulator_ws/install/dynamixel_interfaces' for CMake module files
[14.669s] Level 1:colcon.colcon_core.environment:checking '/home/jamiek/2026_ROS_manipulator/open_manipulator_ws/install/dynamixel_interfaces' for CMake config files
[14.670s] Level 1:colcon.colcon_core.shell:create_environment_hook('dynamixel_interfaces', 'cmake_prefix_path')
[14.670s] INFO:colcon.colcon_core.shell:Creating environment hook '/home/jamiek/2026_ROS_manipulator/open_manipulator_ws/install/dynamixel_interfaces/share/dynamixel_interfaces/hook/cmake_prefix_path.ps1'
[14.671s] INFO:colcon.colcon_core.shell:Creating environment descriptor '/home/jamiek/2026_ROS_manipulator/open_manipulator_ws/install/dynamixel_interfaces/share/dynamixel_interfaces/hook/cmake_prefix_path.dsv'
[14.671s] INFO:colcon.colcon_core.shell:Creating environment hook '/home/jamiek/2026_ROS_manipulator/open_manipulator_ws/install/dynamixel_interfaces/share/dynamixel_interfaces/hook/cmake_prefix_path.sh'
[14.672s] Level 1:colcon.colcon_core.environment:checking '/home/jamiek/2026_ROS_manipulator/open_manipulator_ws/install/dynamixel_interfaces/lib'
[14.673s] Level 1:colcon.colcon_core.shell:create_environment_hook('dynamixel_interfaces', 'ld_library_path_lib')
[14.673s] INFO:colcon.colcon_core.shell:Creating environment hook '/home/jamiek/2026_ROS_manipulator/open_manipulator_ws/install/dynamixel_interfaces/share/dynamixel_interfaces/hook/ld_library_path_lib.ps1'
[14.673s] INFO:colcon.colcon_core.shell:Creating environment descriptor '/home/jamiek/2026_ROS_manipulator/open_manipulator_ws/install/dynamixel_interfaces/share/dynamixel_interfaces/hook/ld_library_path_lib.dsv'
[14.673s] INFO:colcon.colcon_core.shell:Creating environment hook '/home/jamiek/2026_ROS_manipulator/open_manipulator_ws/install/dynamixel_interfaces/share/dynamixel_interfaces/hook/ld_library_path_lib.sh'
[14.674s] Level 1:colcon.colcon_core.environment:checking '/home/jamiek/2026_ROS_manipulator/open_manipulator_ws/install/dynamixel_interfaces/bin'
[14.674s] Level 1:colcon.colcon_core.environment:checking '/home/jamiek/2026_ROS_manipulator/open_manipulator_ws/install/dynamixel_interfaces/lib/pkgconfig/dynamixel_interfaces.pc'
[14.674s] Level 1:colcon.colcon_core.environment:checking '/home/jamiek/2026_ROS_manipulator/open_manipulator_ws/install/dynamixel_interfaces/lib/python3.12/site-packages'
[14.675s] Level 1:colcon.colcon_core.shell:create_environment_hook('dynamixel_interfaces', 'pythonpath')
[14.675s] INFO:colcon.colcon_core.shell:Creating environment hook '/home/jamiek/2026_ROS_manipulator/open_manipulator_ws/install/dynamixel_interfaces/share/dynamixel_interfaces/hook/pythonpath.ps1'
[14.675s] INFO:colcon.colcon_core.shell:Creating environment descriptor '/home/jamiek/2026_ROS_manipulator/open_manipulator_ws/install/dynamixel_interfaces/share/dynamixel_interfaces/hook/pythonpath.dsv'
[14.676s] INFO:colcon.colcon_core.shell:Creating environment hook '/home/jamiek/2026_ROS_manipulator/open_manipulator_ws/install/dynamixel_interfaces/share/dynamixel_interfaces/hook/pythonpath.sh'
[14.677s] Level 1:colcon.colcon_core.environment:checking '/home/jamiek/2026_ROS_manipulator/open_manipulator_ws/install/dynamixel_interfaces/bin'
[14.677s] INFO:colcon.colcon_core.shell:Creating package script '/home/jamiek/2026_ROS_manipulator/open_manipulator_ws/install/dynamixel_interfaces/share/dynamixel_interfaces/package.ps1'
[14.678s] INFO:colcon.colcon_core.shell:Creating package descriptor '/home/jamiek/2026_ROS_manipulator/open_manipulator_ws/install/dynamixel_interfaces/share/dynamixel_interfaces/package.dsv'
[14.679s] INFO:colcon.colcon_core.shell:Creating package script '/home/jamiek/2026_ROS_manipulator/open_manipulator_ws/install/dynamixel_interfaces/share/dynamixel_interfaces/package.sh'
[14.680s] INFO:colcon.colcon_core.shell:Creating package script '/home/jamiek/2026_ROS_manipulator/open_manipulator_ws/install/dynamixel_interfaces/share/dynamixel_interfaces/package.bash'
[14.680s] INFO:colcon.colcon_core.shell:Creating package script '/home/jamiek/2026_ROS_manipulator/open_manipulator_ws/install/dynamixel_interfaces/share/dynamixel_interfaces/package.zsh'
[14.681s] Level 1:colcon.colcon_core.environment:create_file_with_runtime_dependencies(/home/jamiek/2026_ROS_manipulator/open_manipulator_ws/install/dynamixel_interfaces/share/colcon-core/packages/dynamixel_interfaces)
[14.682s] Level 1:colcon.colcon_core.environment:create_environment_scripts_only(dynamixel_interfaces)
[14.682s] Level 1:colcon.colcon_core.environment:checking '/home/jamiek/2026_ROS_manipulator/open_manipulator_ws/install/dynamixel_interfaces' for CMake module files
[14.683s] Level 1:colcon.colcon_core.environment:checking '/home/jamiek/2026_ROS_manipulator/open_manipulator_ws/install/dynamixel_interfaces' for CMake config files
[14.684s] Level 1:colcon.colcon_core.shell:create_environment_hook('dynamixel_interfaces', 'cmake_prefix_path')
[14.684s] INFO:colcon.colcon_core.shell:Creating environment hook '/home/jamiek/2026_ROS_manipulator/open_manipulator_ws/install/dynamixel_interfaces/share/dynamixel_interfaces/hook/cmake_prefix_path.ps1'
[14.684s] INFO:colcon.colcon_core.shell:Creating environment descriptor '/home/jamiek/2026_ROS_manipulator/open_manipulator_ws/install/dynamixel_interfaces/share/dynamixel_interfaces/hook/cmake_prefix_path.dsv'
[14.684s] INFO:colcon.colcon_core.shell:Creating environment hook '/home/jamiek/2026_ROS_manipulator/open_manipulator_ws/install/dynamixel_interfaces/share/dynamixel_interfaces/hook/cmake_prefix_path.sh'
[14.685s] Level 1:colcon.colcon_core.environment:checking '/home/jamiek/2026_ROS_manipulator/open_manipulator_ws/install/dynamixel_interfaces/lib'
[14.685s] Level 1:colcon.colcon_core.shell:create_environment_hook('dynamixel_interfaces', 'ld_library_path_lib')
[14.685s] INFO:colcon.colcon_core.shell:Creating environment hook '/home/jamiek/2026_ROS_manipulator/open_manipulator_ws/install/dynamixel_interfaces/share/dynamixel_interfaces/hook/ld_library_path_lib.ps1'
[14.685s] INFO:colcon.colcon_core.shell:Creating environment descriptor '/home/jamiek/2026_ROS_manipulator/open_manipulator_ws/install/dynamixel_interfaces/share/dynamixel_interfaces/hook/ld_library_path_lib.dsv'
[14.686s] INFO:colcon.colcon_core.shell:Creating environment hook '/home/jamiek/2026_ROS_manipulator/open_manipulator_ws/install/dynamixel_interfaces/share/dynamixel_interfaces/hook/ld_library_path_lib.sh'
[14.686s] Level 1:colcon.colcon_core.environment:checking '/home/jamiek/2026_ROS_manipulator/open_manipulator_ws/install/dynamixel_interfaces/bin'
[14.686s] Level 1:colcon.colcon_core.environment:checking '/home/jamiek/2026_ROS_manipulator/open_manipulator_ws/install/dynamixel_interfaces/lib/pkgconfig/dynamixel_interfaces.pc'
[14.686s] Level 1:colcon.colcon_core.environment:checking '/home/jamiek/2026_ROS_manipulator/open_manipulator_ws/install/dynamixel_interfaces/lib/python3.12/site-packages'
[14.686s] Level 1:colcon.colcon_core.shell:create_environment_hook('dynamixel_interfaces', 'pythonpath')
[14.686s] INFO:colcon.colcon_core.shell:Creating environment hook '/home/jamiek/2026_ROS_manipulator/open_manipulator_ws/install/dynamixel_interfaces/share/dynamixel_interfaces/hook/pythonpath.ps1'
[14.687s] INFO:colcon.colcon_core.shell:Creating environment descriptor '/home/jamiek/2026_ROS_manipulator/open_manipulator_ws/install/dynamixel_interfaces/share/dynamixel_interfaces/hook/pythonpath.dsv'
[14.687s] INFO:colcon.colcon_core.shell:Creating environment hook '/home/jamiek/2026_ROS_manipulator/open_manipulator_ws/install/dynamixel_interfaces/share/dynamixel_interfaces/hook/pythonpath.sh'
[14.688s] Level 1:colcon.colcon_core.environment:checking '/home/jamiek/2026_ROS_manipulator/open_manipulator_ws/install/dynamixel_interfaces/bin'
[14.688s] INFO:colcon.colcon_core.shell:Creating package script '/home/jamiek/2026_ROS_manipulator/open_manipulator_ws/install/dynamixel_interfaces/share/dynamixel_interfaces/package.ps1'
[14.688s] INFO:colcon.colcon_core.shell:Creating package descriptor '/home/jamiek/2026_ROS_manipulator/open_manipulator_ws/install/dynamixel_interfaces/share/dynamixel_interfaces/package.dsv'
[14.689s] INFO:colcon.colcon_core.shell:Creating package script '/home/jamiek/2026_ROS_manipulator/open_manipulator_ws/install/dynamixel_interfaces/share/dynamixel_interfaces/package.sh'
[14.689s] INFO:colcon.colcon_core.shell:Creating package script '/home/jamiek/2026_ROS_manipulator/open_manipulator_ws/install/dynamixel_interfaces/share/dynamixel_interfaces/package.bash'
[14.689s] INFO:colcon.colcon_core.shell:Creating package script '/home/jamiek/2026_ROS_manipulator/open_manipulator_ws/install/dynamixel_interfaces/share/dynamixel_interfaces/package.zsh'
[14.690s] Level 1:colcon.colcon_core.environment:create_file_with_runtime_dependencies(/home/jamiek/2026_ROS_manipulator/open_manipulator_ws/install/dynamixel_interfaces/share/colcon-core/packages/dynamixel_interfaces)
[14.690s] DEBUG:colcon.colcon_core.executor.sequential:run_until_complete 'dynamixel_interfaces' finished with '0'
[14.690s] DEBUG:colcon.colcon_core.executor.sequential:run_until_complete 'dynamixel_sdk'
[14.690s] INFO:colcon.colcon_ros.task.ament_cmake.build:Building ROS package in '/home/jamiek/2026_ROS_manipulator/open_manipulator_ws/src/DynamixelSDK/ros/dynamixel_sdk' with build type 'ament_cmake'
[14.690s] INFO:colcon.colcon_cmake.task.cmake.build:Building CMake package in '/home/jamiek/2026_ROS_manipulator/open_manipulator_ws/src/DynamixelSDK/ros/dynamixel_sdk'
[14.690s] INFO:colcon.colcon_core.shell:Skip shell extension 'powershell' for command environment: Not usable outside of PowerShell
[14.690s] DEBUG:colcon.colcon_core.shell:Skip shell extension 'dsv' for command environment
[14.699s] DEBUG:colcon.colcon_core.event_handler.log_command:Invoking command in '/home/jamiek/2026_ROS_manipulator/open_manipulator_ws/build/dynamixel_sdk': CMAKE_PREFIX_PATH=${CMAKE_PREFIX_PATH}:/home/jamiek/2026_ROS_manipulator/ros_ws/install/tf2_basic:/home/jamiek/2026_ROS_manipulator/ros_ws/install/ros_basic:/opt/ros/jazzy DEBUGINFOD_URLS=https://debuginfod.ubuntu.com /usr/bin/cmake /home/jamiek/2026_ROS_manipulator/open_manipulator_ws/src/DynamixelSDK/ros/dynamixel_sdk -DCMAKE_BUILD_TYPE=Release -DAMENT_CMAKE_SYMLINK_INSTALL=1 -DCMAKE_INSTALL_PREFIX=/home/jamiek/2026_ROS_manipulator/open_manipulator_ws/install/dynamixel_sdk
[15.160s] DEBUG:colcon.colcon_core.event_handler.log_command:Invoked command in '/home/jamiek/2026_ROS_manipulator/open_manipulator_ws/build/dynamixel_sdk' returned '0': CMAKE_PREFIX_PATH=${CMAKE_PREFIX_PATH}:/home/jamiek/2026_ROS_manipulator/ros_ws/install/tf2_basic:/home/jamiek/2026_ROS_manipulator/ros_ws/install/ros_basic:/opt/ros/jazzy DEBUGINFOD_URLS=https://debuginfod.ubuntu.com /usr/bin/cmake /home/jamiek/2026_ROS_manipulator/open_manipulator_ws/src/DynamixelSDK/ros/dynamixel_sdk -DCMAKE_BUILD_TYPE=Release -DAMENT_CMAKE_SYMLINK_INSTALL=1 -DCMAKE_INSTALL_PREFIX=/home/jamiek/2026_ROS_manipulator/open_manipulator_ws/install/dynamixel_sdk
[15.161s] DEBUG:colcon.colcon_core.event_handler.log_command:Invoking command in '/home/jamiek/2026_ROS_manipulator/open_manipulator_ws/build/dynamixel_sdk': CMAKE_PREFIX_PATH=${CMAKE_PREFIX_PATH}:/home/jamiek/2026_ROS_manipulator/ros_ws/install/tf2_basic:/home/jamiek/2026_ROS_manipulator/ros_ws/install/ros_basic:/opt/ros/jazzy DEBUGINFOD_URLS=https://debuginfod.ubuntu.com /usr/bin/cmake --build /home/jamiek/2026_ROS_manipulator/open_manipulator_ws/build/dynamixel_sdk
[22.853s] DEBUG:colcon.colcon_core.event_handler.log_command:Invoked command in '/home/jamiek/2026_ROS_manipulator/open_manipulator_ws/build/dynamixel_sdk' returned '0': CMAKE_PREFIX_PATH=${CMAKE_PREFIX_PATH}:/home/jamiek/2026_ROS_manipulator/ros_ws/install/tf2_basic:/home/jamiek/2026_ROS_manipulator/ros_ws/install/ros_basic:/opt/ros/jazzy DEBUGINFOD_URLS=https://debuginfod.ubuntu.com /usr/bin/cmake --build /home/jamiek/2026_ROS_manipulator/open_manipulator_ws/build/dynamixel_sdk
[22.854s] DEBUG:colcon.colcon_core.event_handler.log_command:Invoking command in '/home/jamiek/2026_ROS_manipulator/open_manipulator_ws/build/dynamixel_sdk': CMAKE_PREFIX_PATH=${CMAKE_PREFIX_PATH}:/home/jamiek/2026_ROS_manipulator/ros_ws/install/tf2_basic:/home/jamiek/2026_ROS_manipulator/ros_ws/install/ros_basic:/opt/ros/jazzy DEBUGINFOD_URLS=https://debuginfod.ubuntu.com /usr/bin/cmake --install /home/jamiek/2026_ROS_manipulator/open_manipulator_ws/build/dynamixel_sdk
[22.979s] Level 1:colcon.colcon_core.environment:create_environment_scripts_only(dynamixel_sdk)
[22.980s] Level 1:colcon.colcon_core.environment:checking '/home/jamiek/2026_ROS_manipulator/open_manipulator_ws/install/dynamixel_sdk' for CMake module files
[22.980s] DEBUG:colcon.colcon_core.event_handler.log_command:Invoked command in '/home/jamiek/2026_ROS_manipulator/open_manipulator_ws/build/dynamixel_sdk' returned '0': CMAKE_PREFIX_PATH=${CMAKE_PREFIX_PATH}:/home/jamiek/2026_ROS_manipulator/ros_ws/install/tf2_basic:/home/jamiek/2026_ROS_manipulator/ros_ws/install/ros_basic:/opt/ros/jazzy DEBUGINFOD_URLS=https://debuginfod.ubuntu.com /usr/bin/cmake --install /home/jamiek/2026_ROS_manipulator/open_manipulator_ws/build/dynamixel_sdk
[22.980s] Level 1:colcon.colcon_core.environment:checking '/home/jamiek/2026_ROS_manipulator/open_manipulator_ws/install/dynamixel_sdk' for CMake config files
[22.981s] Level 1:colcon.colcon_core.shell:create_environment_hook('dynamixel_sdk', 'cmake_prefix_path')
[22.982s] INFO:colcon.colcon_core.shell:Creating environment hook '/home/jamiek/2026_ROS_manipulator/open_manipulator_ws/install/dynamixel_sdk/share/dynamixel_sdk/hook/cmake_prefix_path.ps1'
[22.982s] INFO:colcon.colcon_core.shell:Creating environment descriptor '/home/jamiek/2026_ROS_manipulator/open_manipulator_ws/install/dynamixel_sdk/share/dynamixel_sdk/hook/cmake_prefix_path.dsv'
[22.982s] INFO:colcon.colcon_core.shell:Creating environment hook '/home/jamiek/2026_ROS_manipulator/open_manipulator_ws/install/dynamixel_sdk/share/dynamixel_sdk/hook/cmake_prefix_path.sh'
[22.983s] Level 1:colcon.colcon_core.environment:checking '/home/jamiek/2026_ROS_manipulator/open_manipulator_ws/install/dynamixel_sdk/lib'
[22.983s] Level 1:colcon.colcon_core.shell:create_environment_hook('dynamixel_sdk', 'ld_library_path_lib')
[22.983s] INFO:colcon.colcon_core.shell:Creating environment hook '/home/jamiek/2026_ROS_manipulator/open_manipulator_ws/install/dynamixel_sdk/share/dynamixel_sdk/hook/ld_library_path_lib.ps1'
[22.983s] INFO:colcon.colcon_core.shell:Creating environment descriptor '/home/jamiek/2026_ROS_manipulator/open_manipulator_ws/install/dynamixel_sdk/share/dynamixel_sdk/hook/ld_library_path_lib.dsv'
[22.983s] INFO:colcon.colcon_core.shell:Creating environment hook '/home/jamiek/2026_ROS_manipulator/open_manipulator_ws/install/dynamixel_sdk/share/dynamixel_sdk/hook/ld_library_path_lib.sh'
[22.984s] Level 1:colcon.colcon_core.environment:checking '/home/jamiek/2026_ROS_manipulator/open_manipulator_ws/install/dynamixel_sdk/bin'
[22.984s] Level 1:colcon.colcon_core.environment:checking '/home/jamiek/2026_ROS_manipulator/open_manipulator_ws/install/dynamixel_sdk/lib/pkgconfig/dynamixel_sdk.pc'
[22.984s] Level 1:colcon.colcon_core.environment:checking '/home/jamiek/2026_ROS_manipulator/open_manipulator_ws/install/dynamixel_sdk/lib/python3.12/site-packages'
[22.984s] Level 1:colcon.colcon_core.shell:create_environment_hook('dynamixel_sdk', 'pythonpath')
[22.984s] INFO:colcon.colcon_core.shell:Creating environment hook '/home/jamiek/2026_ROS_manipulator/open_manipulator_ws/install/dynamixel_sdk/share/dynamixel_sdk/hook/pythonpath.ps1'
[22.984s] INFO:colcon.colcon_core.shell:Creating environment descriptor '/home/jamiek/2026_ROS_manipulator/open_manipulator_ws/install/dynamixel_sdk/share/dynamixel_sdk/hook/pythonpath.dsv'
[22.985s] INFO:colcon.colcon_core.shell:Creating environment hook '/home/jamiek/2026_ROS_manipulator/open_manipulator_ws/install/dynamixel_sdk/share/dynamixel_sdk/hook/pythonpath.sh'
[22.986s] Level 1:colcon.colcon_core.environment:checking '/home/jamiek/2026_ROS_manipulator/open_manipulator_ws/install/dynamixel_sdk/bin'
[22.986s] INFO:colcon.colcon_core.shell:Creating package script '/home/jamiek/2026_ROS_manipulator/open_manipulator_ws/install/dynamixel_sdk/share/dynamixel_sdk/package.ps1'
[22.986s] INFO:colcon.colcon_core.shell:Creating package descriptor '/home/jamiek/2026_ROS_manipulator/open_manipulator_ws/install/dynamixel_sdk/share/dynamixel_sdk/package.dsv'
[22.987s] INFO:colcon.colcon_core.shell:Creating package script '/home/jamiek/2026_ROS_manipulator/open_manipulator_ws/install/dynamixel_sdk/share/dynamixel_sdk/package.sh'
[22.987s] INFO:colcon.colcon_core.shell:Creating package script '/home/jamiek/2026_ROS_manipulator/open_manipulator_ws/install/dynamixel_sdk/share/dynamixel_sdk/package.bash'
[22.987s] INFO:colcon.colcon_core.shell:Creating package script '/home/jamiek/2026_ROS_manipulator/open_manipulator_ws/install/dynamixel_sdk/share/dynamixel_sdk/package.zsh'
[22.987s] Level 1:colcon.colcon_core.environment:create_file_with_runtime_dependencies(/home/jamiek/2026_ROS_manipulator/open_manipulator_ws/install/dynamixel_sdk/share/colcon-core/packages/dynamixel_sdk)
[22.988s] Level 1:colcon.colcon_core.environment:create_environment_scripts_only(dynamixel_sdk)
[22.988s] Level 1:colcon.colcon_core.environment:checking '/home/jamiek/2026_ROS_manipulator/open_manipulator_ws/install/dynamixel_sdk' for CMake module files
[22.988s] Level 1:colcon.colcon_core.environment:checking '/home/jamiek/2026_ROS_manipulator/open_manipulator_ws/install/dynamixel_sdk' for CMake config files
[22.989s] Level 1:colcon.colcon_core.shell:create_environment_hook('dynamixel_sdk', 'cmake_prefix_path')
[22.989s] INFO:colcon.colcon_core.shell:Creating environment hook '/home/jamiek/2026_ROS_manipulator/open_manipulator_ws/install/dynamixel_sdk/share/dynamixel_sdk/hook/cmake_prefix_path.ps1'
[22.990s] INFO:colcon.colcon_core.shell:Creating environment descriptor '/home/jamiek/2026_ROS_manipulator/open_manipulator_ws/install/dynamixel_sdk/share/dynamixel_sdk/hook/cmake_prefix_path.dsv'
[22.990s] INFO:colcon.colcon_core.shell:Creating environment hook '/home/jamiek/2026_ROS_manipulator/open_manipulator_ws/install/dynamixel_sdk/share/dynamixel_sdk/hook/cmake_prefix_path.sh'
[22.990s] Level 1:colcon.colcon_core.environment:checking '/home/jamiek/2026_ROS_manipulator/open_manipulator_ws/install/dynamixel_sdk/lib'
[22.990s] Level 1:colcon.colcon_core.shell:create_environment_hook('dynamixel_sdk', 'ld_library_path_lib')
[22.990s] INFO:colcon.colcon_core.shell:Creating environment hook '/home/jamiek/2026_ROS_manipulator/open_manipulator_ws/install/dynamixel_sdk/share/dynamixel_sdk/hook/ld_library_path_lib.ps1'
[22.991s] INFO:colcon.colcon_core.shell:Creating environment descriptor '/home/jamiek/2026_ROS_manipulator/open_manipulator_ws/install/dynamixel_sdk/share/dynamixel_sdk/hook/ld_library_path_lib.dsv'
[22.991s] INFO:colcon.colcon_core.shell:Creating environment hook '/home/jamiek/2026_ROS_manipulator/open_manipulator_ws/install/dynamixel_sdk/share/dynamixel_sdk/hook/ld_library_path_lib.sh'
[22.991s] Level 1:colcon.colcon_core.environment:checking '/home/jamiek/2026_ROS_manipulator/open_manipulator_ws/install/dynamixel_sdk/bin'
[22.991s] Level 1:colcon.colcon_core.environment:checking '/home/jamiek/2026_ROS_manipulator/open_manipulator_ws/install/dynamixel_sdk/lib/pkgconfig/dynamixel_sdk.pc'
[22.991s] Level 1:colcon.colcon_core.environment:checking '/home/jamiek/2026_ROS_manipulator/open_manipulator_ws/install/dynamixel_sdk/lib/python3.12/site-packages'
[22.992s] Level 1:colcon.colcon_core.shell:create_environment_hook('dynamixel_sdk', 'pythonpath')
[22.992s] INFO:colcon.colcon_core.shell:Creating environment hook '/home/jamiek/2026_ROS_manipulator/open_manipulator_ws/install/dynamixel_sdk/share/dynamixel_sdk/hook/pythonpath.ps1'
[22.992s] INFO:colcon.colcon_core.shell:Creating environment descriptor '/home/jamiek/2026_ROS_manipulator/open_manipulator_ws/install/dynamixel_sdk/share/dynamixel_sdk/hook/pythonpath.dsv'
[22.992s] INFO:colcon.colcon_core.shell:Creating environment hook '/home/jamiek/2026_ROS_manipulator/open_manipulator_ws/install/dynamixel_sdk/share/dynamixel_sdk/hook/pythonpath.sh'
[22.993s] Level 1:colcon.colcon_core.environment:checking '/home/jamiek/2026_ROS_manipulator/open_manipulator_ws/install/dynamixel_sdk/bin'
[22.993s] INFO:colcon.colcon_core.shell:Creating package script '/home/jamiek/2026_ROS_manipulator/open_manipulator_ws/install/dynamixel_sdk/share/dynamixel_sdk/package.ps1'
[22.994s] INFO:colcon.colcon_core.shell:Creating package descriptor '/home/jamiek/2026_ROS_manipulator/open_manipulator_ws/install/dynamixel_sdk/share/dynamixel_sdk/package.dsv'
[22.994s] INFO:colcon.colcon_core.shell:Creating package script '/home/jamiek/2026_ROS_manipulator/open_manipulator_ws/install/dynamixel_sdk/share/dynamixel_sdk/package.sh'
[22.995s] INFO:colcon.colcon_core.shell:Creating package script '/home/jamiek/2026_ROS_manipulator/open_manipulator_ws/install/dynamixel_sdk/share/dynamixel_sdk/package.bash'
[22.995s] INFO:colcon.colcon_core.shell:Creating package script '/home/jamiek/2026_ROS_manipulator/open_manipulator_ws/install/dynamixel_sdk/share/dynamixel_sdk/package.zsh'
[22.995s] Level 1:colcon.colcon_core.environment:create_file_with_runtime_dependencies(/home/jamiek/2026_ROS_manipulator/open_manipulator_ws/install/dynamixel_sdk/share/colcon-core/packages/dynamixel_sdk)
[22.995s] DEBUG:colcon.colcon_core.executor.sequential:run_until_complete 'dynamixel_sdk' finished with '0'
[22.995s] DEBUG:colcon.colcon_core.executor.sequential:run_until_complete 'dynamixel_sdk_custom_interfaces'
[22.995s] INFO:colcon.colcon_ros.task.ament_cmake.build:Building ROS package in '/home/jamiek/2026_ROS_manipulator/open_manipulator_ws/src/DynamixelSDK/ros/dynamixel_sdk_custom_interfaces' with build type 'ament_cmake'
[22.995s] INFO:colcon.colcon_cmake.task.cmake.build:Building CMake package in '/home/jamiek/2026_ROS_manipulator/open_manipulator_ws/src/DynamixelSDK/ros/dynamixel_sdk_custom_interfaces'
[22.996s] INFO:colcon.colcon_core.shell:Skip shell extension 'powershell' for command environment: Not usable outside of PowerShell
[22.996s] DEBUG:colcon.colcon_core.shell:Skip shell extension 'dsv' for command environment
[23.004s] DEBUG:colcon.colcon_core.event_handler.log_command:Invoking command in '/home/jamiek/2026_ROS_manipulator/open_manipulator_ws/build/dynamixel_sdk_custom_interfaces': CMAKE_PREFIX_PATH=${CMAKE_PREFIX_PATH}:/home/jamiek/2026_ROS_manipulator/ros_ws/install/tf2_basic:/home/jamiek/2026_ROS_manipulator/ros_ws/install/ros_basic:/opt/ros/jazzy DEBUGINFOD_URLS=https://debuginfod.ubuntu.com /usr/bin/cmake /home/jamiek/2026_ROS_manipulator/open_manipulator_ws/src/DynamixelSDK/ros/dynamixel_sdk_custom_interfaces -DCMAKE_BUILD_TYPE=Release -DAMENT_CMAKE_SYMLINK_INSTALL=1 -DCMAKE_INSTALL_PREFIX=/home/jamiek/2026_ROS_manipulator/open_manipulator_ws/install/dynamixel_sdk_custom_interfaces
[23.996s] DEBUG:colcon.colcon_core.event_handler.log_command:Invoked command in '/home/jamiek/2026_ROS_manipulator/open_manipulator_ws/build/dynamixel_sdk_custom_interfaces' returned '0': CMAKE_PREFIX_PATH=${CMAKE_PREFIX_PATH}:/home/jamiek/2026_ROS_manipulator/ros_ws/install/tf2_basic:/home/jamiek/2026_ROS_manipulator/ros_ws/install/ros_basic:/opt/ros/jazzy DEBUGINFOD_URLS=https://debuginfod.ubuntu.com /usr/bin/cmake /home/jamiek/2026_ROS_manipulator/open_manipulator_ws/src/DynamixelSDK/ros/dynamixel_sdk_custom_interfaces -DCMAKE_BUILD_TYPE=Release -DAMENT_CMAKE_SYMLINK_INSTALL=1 -DCMAKE_INSTALL_PREFIX=/home/jamiek/2026_ROS_manipulator/open_manipulator_ws/install/dynamixel_sdk_custom_interfaces
[23.997s] DEBUG:colcon.colcon_core.event_handler.log_command:Invoking command in '/home/jamiek/2026_ROS_manipulator/open_manipulator_ws/build/dynamixel_sdk_custom_interfaces': CMAKE_PREFIX_PATH=${CMAKE_PREFIX_PATH}:/home/jamiek/2026_ROS_manipulator/ros_ws/install/tf2_basic:/home/jamiek/2026_ROS_manipulator/ros_ws/install/ros_basic:/opt/ros/jazzy DEBUGINFOD_URLS=https://debuginfod.ubuntu.com /usr/bin/cmake --build /home/jamiek/2026_ROS_manipulator/open_manipulator_ws/build/dynamixel_sdk_custom_interfaces
[29.712s] DEBUG:colcon.colcon_core.event_handler.log_command:Invoked command in '/home/jamiek/2026_ROS_manipulator/open_manipulator_ws/build/dynamixel_sdk_custom_interfaces' returned '0': CMAKE_PREFIX_PATH=${CMAKE_PREFIX_PATH}:/home/jamiek/2026_ROS_manipulator/ros_ws/install/tf2_basic:/home/jamiek/2026_ROS_manipulator/ros_ws/install/ros_basic:/opt/ros/jazzy DEBUGINFOD_URLS=https://debuginfod.ubuntu.com /usr/bin/cmake --build /home/jamiek/2026_ROS_manipulator/open_manipulator_ws/build/dynamixel_sdk_custom_interfaces
[29.713s] DEBUG:colcon.colcon_core.event_handler.log_command:Invoking command in '/home/jamiek/2026_ROS_manipulator/open_manipulator_ws/build/dynamixel_sdk_custom_interfaces': CMAKE_PREFIX_PATH=${CMAKE_PREFIX_PATH}:/home/jamiek/2026_ROS_manipulator/ros_ws/install/tf2_basic:/home/jamiek/2026_ROS_manipulator/ros_ws/install/ros_basic:/opt/ros/jazzy DEBUGINFOD_URLS=https://debuginfod.ubuntu.com /usr/bin/cmake --install /home/jamiek/2026_ROS_manipulator/open_manipulator_ws/build/dynamixel_sdk_custom_interfaces
[29.806s] Level 1:colcon.colcon_core.environment:create_environment_scripts_only(dynamixel_sdk_custom_interfaces)
[29.806s] Level 1:colcon.colcon_core.environment:checking '/home/jamiek/2026_ROS_manipulator/open_manipulator_ws/install/dynamixel_sdk_custom_interfaces' for CMake module files
[29.807s] DEBUG:colcon.colcon_core.event_handler.log_command:Invoked command in '/home/jamiek/2026_ROS_manipulator/open_manipulator_ws/build/dynamixel_sdk_custom_interfaces' returned '0': CMAKE_PREFIX_PATH=${CMAKE_PREFIX_PATH}:/home/jamiek/2026_ROS_manipulator/ros_ws/install/tf2_basic:/home/jamiek/2026_ROS_manipulator/ros_ws/install/ros_basic:/opt/ros/jazzy DEBUGINFOD_URLS=https://debuginfod.ubuntu.com /usr/bin/cmake --install /home/jamiek/2026_ROS_manipulator/open_manipulator_ws/build/dynamixel_sdk_custom_interfaces
[29.807s] Level 1:colcon.colcon_core.environment:checking '/home/jamiek/2026_ROS_manipulator/open_manipulator_ws/install/dynamixel_sdk_custom_interfaces' for CMake config files
[29.808s] Level 1:colcon.colcon_core.shell:create_environment_hook('dynamixel_sdk_custom_interfaces', 'cmake_prefix_path')
[29.808s] INFO:colcon.colcon_core.shell:Creating environment hook '/home/jamiek/2026_ROS_manipulator/open_manipulator_ws/install/dynamixel_sdk_custom_interfaces/share/dynamixel_sdk_custom_interfaces/hook/cmake_prefix_path.ps1'
[29.809s] INFO:colcon.colcon_core.shell:Creating environment descriptor '/home/jamiek/2026_ROS_manipulator/open_manipulator_ws/install/dynamixel_sdk_custom_interfaces/share/dynamixel_sdk_custom_interfaces/hook/cmake_prefix_path.dsv'
[29.809s] INFO:colcon.colcon_core.shell:Creating environment hook '/home/jamiek/2026_ROS_manipulator/open_manipulator_ws/install/dynamixel_sdk_custom_interfaces/share/dynamixel_sdk_custom_interfaces/hook/cmake_prefix_path.sh'
[29.810s] Level 1:colcon.colcon_core.environment:checking '/home/jamiek/2026_ROS_manipulator/open_manipulator_ws/install/dynamixel_sdk_custom_interfaces/lib'
[29.810s] Level 1:colcon.colcon_core.shell:create_environment_hook('dynamixel_sdk_custom_interfaces', 'ld_library_path_lib')
[29.810s] INFO:colcon.colcon_core.shell:Creating environment hook '/home/jamiek/2026_ROS_manipulator/open_manipulator_ws/install/dynamixel_sdk_custom_interfaces/share/dynamixel_sdk_custom_interfaces/hook/ld_library_path_lib.ps1'
[29.810s] INFO:colcon.colcon_core.shell:Creating environment descriptor '/home/jamiek/2026_ROS_manipulator/open_manipulator_ws/install/dynamixel_sdk_custom_interfaces/share/dynamixel_sdk_custom_interfaces/hook/ld_library_path_lib.dsv'
[29.810s] INFO:colcon.colcon_core.shell:Creating environment hook '/home/jamiek/2026_ROS_manipulator/open_manipulator_ws/install/dynamixel_sdk_custom_interfaces/share/dynamixel_sdk_custom_interfaces/hook/ld_library_path_lib.sh'
[29.811s] Level 1:colcon.colcon_core.environment:checking '/home/jamiek/2026_ROS_manipulator/open_manipulator_ws/install/dynamixel_sdk_custom_interfaces/bin'
[29.811s] Level 1:colcon.colcon_core.environment:checking '/home/jamiek/2026_ROS_manipulator/open_manipulator_ws/install/dynamixel_sdk_custom_interfaces/lib/pkgconfig/dynamixel_sdk_custom_interfaces.pc'
[29.811s] Level 1:colcon.colcon_core.environment:checking '/home/jamiek/2026_ROS_manipulator/open_manipulator_ws/install/dynamixel_sdk_custom_interfaces/lib/python3.12/site-packages'
[29.811s] Level 1:colcon.colcon_core.shell:create_environment_hook('dynamixel_sdk_custom_interfaces', 'pythonpath')
[29.811s] INFO:colcon.colcon_core.shell:Creating environment hook '/home/jamiek/2026_ROS_manipulator/open_manipulator_ws/install/dynamixel_sdk_custom_interfaces/share/dynamixel_sdk_custom_interfaces/hook/pythonpath.ps1'
[29.812s] INFO:colcon.colcon_core.shell:Creating environment descriptor '/home/jamiek/2026_ROS_manipulator/open_manipulator_ws/install/dynamixel_sdk_custom_interfaces/share/dynamixel_sdk_custom_interfaces/hook/pythonpath.dsv'
[29.812s] INFO:colcon.colcon_core.shell:Creating environment hook '/home/jamiek/2026_ROS_manipulator/open_manipulator_ws/install/dynamixel_sdk_custom_interfaces/share/dynamixel_sdk_custom_interfaces/hook/pythonpath.sh'
[29.812s] Level 1:colcon.colcon_core.environment:checking '/home/jamiek/2026_ROS_manipulator/open_manipulator_ws/install/dynamixel_sdk_custom_interfaces/bin'
[29.813s] INFO:colcon.colcon_core.shell:Creating package script '/home/jamiek/2026_ROS_manipulator/open_manipulator_ws/install/dynamixel_sdk_custom_interfaces/share/dynamixel_sdk_custom_interfaces/package.ps1'
[29.813s] INFO:colcon.colcon_core.shell:Creating package descriptor '/home/jamiek/2026_ROS_manipulator/open_manipulator_ws/install/dynamixel_sdk_custom_interfaces/share/dynamixel_sdk_custom_interfaces/package.dsv'
[29.814s] INFO:colcon.colcon_core.shell:Creating package script '/home/jamiek/2026_ROS_manipulator/open_manipulator_ws/install/dynamixel_sdk_custom_interfaces/share/dynamixel_sdk_custom_interfaces/package.sh'
[29.814s] INFO:colcon.colcon_core.shell:Creating package script '/home/jamiek/2026_ROS_manipulator/open_manipulator_ws/install/dynamixel_sdk_custom_interfaces/share/dynamixel_sdk_custom_interfaces/package.bash'
[29.814s] INFO:colcon.colcon_core.shell:Creating package script '/home/jamiek/2026_ROS_manipulator/open_manipulator_ws/install/dynamixel_sdk_custom_interfaces/share/dynamixel_sdk_custom_interfaces/package.zsh'
[29.814s] Level 1:colcon.colcon_core.environment:create_file_with_runtime_dependencies(/home/jamiek/2026_ROS_manipulator/open_manipulator_ws/install/dynamixel_sdk_custom_interfaces/share/colcon-core/packages/dynamixel_sdk_custom_interfaces)
[29.815s] Level 1:colcon.colcon_core.environment:create_environment_scripts_only(dynamixel_sdk_custom_interfaces)
[29.815s] Level 1:colcon.colcon_core.environment:checking '/home/jamiek/2026_ROS_manipulator/open_manipulator_ws/install/dynamixel_sdk_custom_interfaces' for CMake module files
[29.816s] Level 1:colcon.colcon_core.environment:checking '/home/jamiek/2026_ROS_manipulator/open_manipulator_ws/install/dynamixel_sdk_custom_interfaces' for CMake config files
[29.817s] Level 1:colcon.colcon_core.shell:create_environment_hook('dynamixel_sdk_custom_interfaces', 'cmake_prefix_path')
[29.817s] INFO:colcon.colcon_core.shell:Creating environment hook '/home/jamiek/2026_ROS_manipulator/open_manipulator_ws/install/dynamixel_sdk_custom_interfaces/share/dynamixel_sdk_custom_interfaces/hook/cmake_prefix_path.ps1'
[29.817s] INFO:colcon.colcon_core.shell:Creating environment descriptor '/home/jamiek/2026_ROS_manipulator/open_manipulator_ws/install/dynamixel_sdk_custom_interfaces/share/dynamixel_sdk_custom_interfaces/hook/cmake_prefix_path.dsv'
[29.818s] INFO:colcon.colcon_core.shell:Creating environment hook '/home/jamiek/2026_ROS_manipulator/open_manipulator_ws/install/dynamixel_sdk_custom_interfaces/share/dynamixel_sdk_custom_interfaces/hook/cmake_prefix_path.sh'
[29.818s] Level 1:colcon.colcon_core.environment:checking '/home/jamiek/2026_ROS_manipulator/open_manipulator_ws/install/dynamixel_sdk_custom_interfaces/lib'
[29.818s] Level 1:colcon.colcon_core.shell:create_environment_hook('dynamixel_sdk_custom_interfaces', 'ld_library_path_lib')
[29.818s] INFO:colcon.colcon_core.shell:Creating environment hook '/home/jamiek/2026_ROS_manipulator/open_manipulator_ws/install/dynamixel_sdk_custom_interfaces/share/dynamixel_sdk_custom_interfaces/hook/ld_library_path_lib.ps1'
[29.819s] INFO:colcon.colcon_core.shell:Creating environment descriptor '/home/jamiek/2026_ROS_manipulator/open_manipulator_ws/install/dynamixel_sdk_custom_interfaces/share/dynamixel_sdk_custom_interfaces/hook/ld_library_path_lib.dsv'
[29.819s] INFO:colcon.colcon_core.shell:Creating environment hook '/home/jamiek/2026_ROS_manipulator/open_manipulator_ws/install/dynamixel_sdk_custom_interfaces/share/dynamixel_sdk_custom_interfaces/hook/ld_library_path_lib.sh'
[29.819s] Level 1:colcon.colcon_core.environment:checking '/home/jamiek/2026_ROS_manipulator/open_manipulator_ws/install/dynamixel_sdk_custom_interfaces/bin'
[29.819s] Level 1:colcon.colcon_core.environment:checking '/home/jamiek/2026_ROS_manipulator/open_manipulator_ws/install/dynamixel_sdk_custom_interfaces/lib/pkgconfig/dynamixel_sdk_custom_interfaces.pc'
[29.819s] Level 1:colcon.colcon_core.environment:checking '/home/jamiek/2026_ROS_manipulator/open_manipulator_ws/install/dynamixel_sdk_custom_interfaces/lib/python3.12/site-packages'
[29.820s] Level 1:colcon.colcon_core.shell:create_environment_hook('dynamixel_sdk_custom_interfaces', 'pythonpath')
[29.820s] INFO:colcon.colcon_core.shell:Creating environment hook '/home/jamiek/2026_ROS_manipulator/open_manipulator_ws/install/dynamixel_sdk_custom_interfaces/share/dynamixel_sdk_custom_interfaces/hook/pythonpath.ps1'
[29.820s] INFO:colcon.colcon_core.shell:Creating environment descriptor '/home/jamiek/2026_ROS_manipulator/open_manipulator_ws/install/dynamixel_sdk_custom_interfaces/share/dynamixel_sdk_custom_interfaces/hook/pythonpath.dsv'
[29.820s] INFO:colcon.colcon_core.shell:Creating environment hook '/home/jamiek/2026_ROS_manipulator/open_manipulator_ws/install/dynamixel_sdk_custom_interfaces/share/dynamixel_sdk_custom_interfaces/hook/pythonpath.sh'
[29.821s] Level 1:colcon.colcon_core.environment:checking '/home/jamiek/2026_ROS_manipulator/open_manipulator_ws/install/dynamixel_sdk_custom_interfaces/bin'
[29.821s] INFO:colcon.colcon_core.shell:Creating package script '/home/jamiek/2026_ROS_manipulator/open_manipulator_ws/install/dynamixel_sdk_custom_interfaces/share/dynamixel_sdk_custom_interfaces/package.ps1'
[29.822s] INFO:colcon.colcon_core.shell:Creating package descriptor '/home/jamiek/2026_ROS_manipulator/open_manipulator_ws/install/dynamixel_sdk_custom_interfaces/share/dynamixel_sdk_custom_interfaces/package.dsv'
[29.822s] INFO:colcon.colcon_core.shell:Creating package script '/home/jamiek/2026_ROS_manipulator/open_manipulator_ws/install/dynamixel_sdk_custom_interfaces/share/dynamixel_sdk_custom_interfaces/package.sh'
[29.822s] INFO:colcon.colcon_core.shell:Creating package script '/home/jamiek/2026_ROS_manipulator/open_manipulator_ws/install/dynamixel_sdk_custom_interfaces/share/dynamixel_sdk_custom_interfaces/package.bash'
[29.823s] INFO:colcon.colcon_core.shell:Creating package script '/home/jamiek/2026_ROS_manipulator/open_manipulator_ws/install/dynamixel_sdk_custom_interfaces/share/dynamixel_sdk_custom_interfaces/package.zsh'
[29.823s] Level 1:colcon.colcon_core.environment:create_file_with_runtime_dependencies(/home/jamiek/2026_ROS_manipulator/open_manipulator_ws/install/dynamixel_sdk_custom_interfaces/share/colcon-core/packages/dynamixel_sdk_custom_interfaces)
[29.823s] DEBUG:colcon.colcon_core.executor.sequential:run_until_complete 'dynamixel_sdk_custom_interfaces' finished with '0'
[29.823s] DEBUG:colcon.colcon_core.executor.sequential:run_until_complete 'om_gravity_compensation_controller'
[29.823s] INFO:colcon.colcon_ros.task.ament_cmake.build:Building ROS package in '/home/jamiek/2026_ROS_manipulator/open_manipulator_ws/src/open_manipulator/ros2_controller/om_gravity_compensation_controller' with build type 'ament_cmake'
[29.824s] INFO:colcon.colcon_cmake.task.cmake.build:Building CMake package in '/home/jamiek/2026_ROS_manipulator/open_manipulator_ws/src/open_manipulator/ros2_controller/om_gravity_compensation_controller'
[29.824s] INFO:colcon.colcon_core.shell:Skip shell extension 'powershell' for command environment: Not usable outside of PowerShell
[29.824s] DEBUG:colcon.colcon_core.shell:Skip shell extension 'dsv' for command environment
[29.832s] DEBUG:colcon.colcon_core.event_handler.log_command:Invoking command in '/home/jamiek/2026_ROS_manipulator/open_manipulator_ws/build/om_gravity_compensation_controller': CMAKE_PREFIX_PATH=${CMAKE_PREFIX_PATH}:/home/jamiek/2026_ROS_manipulator/ros_ws/install/tf2_basic:/home/jamiek/2026_ROS_manipulator/ros_ws/install/ros_basic:/opt/ros/jazzy DEBUGINFOD_URLS=https://debuginfod.ubuntu.com /usr/bin/cmake /home/jamiek/2026_ROS_manipulator/open_manipulator_ws/src/open_manipulator/ros2_controller/om_gravity_compensation_controller -DCMAKE_BUILD_TYPE=Release -DAMENT_CMAKE_SYMLINK_INSTALL=1 -DCMAKE_INSTALL_PREFIX=/home/jamiek/2026_ROS_manipulator/open_manipulator_ws/install/om_gravity_compensation_controller
[30.873s] DEBUG:colcon.colcon_core.event_handler.log_command:Invoked command in '/home/jamiek/2026_ROS_manipulator/open_manipulator_ws/build/om_gravity_compensation_controller' returned '0': CMAKE_PREFIX_PATH=${CMAKE_PREFIX_PATH}:/home/jamiek/2026_ROS_manipulator/ros_ws/install/tf2_basic:/home/jamiek/2026_ROS_manipulator/ros_ws/install/ros_basic:/opt/ros/jazzy DEBUGINFOD_URLS=https://debuginfod.ubuntu.com /usr/bin/cmake /home/jamiek/2026_ROS_manipulator/open_manipulator_ws/src/open_manipulator/ros2_controller/om_gravity_compensation_controller -DCMAKE_BUILD_TYPE=Release -DAMENT_CMAKE_SYMLINK_INSTALL=1 -DCMAKE_INSTALL_PREFIX=/home/jamiek/2026_ROS_manipulator/open_manipulator_ws/install/om_gravity_compensation_controller
[30.874s] DEBUG:colcon.colcon_core.event_handler.log_command:Invoking command in '/home/jamiek/2026_ROS_manipulator/open_manipulator_ws/build/om_gravity_compensation_controller': CMAKE_PREFIX_PATH=${CMAKE_PREFIX_PATH}:/home/jamiek/2026_ROS_manipulator/ros_ws/install/tf2_basic:/home/jamiek/2026_ROS_manipulator/ros_ws/install/ros_basic:/opt/ros/jazzy DEBUGINFOD_URLS=https://debuginfod.ubuntu.com /usr/bin/cmake --build /home/jamiek/2026_ROS_manipulator/open_manipulator_ws/build/om_gravity_compensation_controller
[44.958s] DEBUG:colcon.colcon_core.event_handler.log_command:Invoked command in '/home/jamiek/2026_ROS_manipulator/open_manipulator_ws/build/om_gravity_compensation_controller' returned '0': CMAKE_PREFIX_PATH=${CMAKE_PREFIX_PATH}:/home/jamiek/2026_ROS_manipulator/ros_ws/install/tf2_basic:/home/jamiek/2026_ROS_manipulator/ros_ws/install/ros_basic:/opt/ros/jazzy DEBUGINFOD_URLS=https://debuginfod.ubuntu.com /usr/bin/cmake --build /home/jamiek/2026_ROS_manipulator/open_manipulator_ws/build/om_gravity_compensation_controller
[44.959s] DEBUG:colcon.colcon_core.event_handler.log_command:Invoking command in '/home/jamiek/2026_ROS_manipulator/open_manipulator_ws/build/om_gravity_compensation_controller': CMAKE_PREFIX_PATH=${CMAKE_PREFIX_PATH}:/home/jamiek/2026_ROS_manipulator/ros_ws/install/tf2_basic:/home/jamiek/2026_ROS_manipulator/ros_ws/install/ros_basic:/opt/ros/jazzy DEBUGINFOD_URLS=https://debuginfod.ubuntu.com /usr/bin/cmake --install /home/jamiek/2026_ROS_manipulator/open_manipulator_ws/build/om_gravity_compensation_controller
[45.262s] Level 1:colcon.colcon_core.environment:create_environment_scripts_only(om_gravity_compensation_controller)
[45.263s] Level 1:colcon.colcon_core.environment:checking '/home/jamiek/2026_ROS_manipulator/open_manipulator_ws/install/om_gravity_compensation_controller' for CMake module files
[45.263s] DEBUG:colcon.colcon_core.event_handler.log_command:Invoked command in '/home/jamiek/2026_ROS_manipulator/open_manipulator_ws/build/om_gravity_compensation_controller' returned '0': CMAKE_PREFIX_PATH=${CMAKE_PREFIX_PATH}:/home/jamiek/2026_ROS_manipulator/ros_ws/install/tf2_basic:/home/jamiek/2026_ROS_manipulator/ros_ws/install/ros_basic:/opt/ros/jazzy DEBUGINFOD_URLS=https://debuginfod.ubuntu.com /usr/bin/cmake --install /home/jamiek/2026_ROS_manipulator/open_manipulator_ws/build/om_gravity_compensation_controller
[45.263s] Level 1:colcon.colcon_core.environment:checking '/home/jamiek/2026_ROS_manipulator/open_manipulator_ws/install/om_gravity_compensation_controller' for CMake config files
[45.264s] Level 1:colcon.colcon_core.shell:create_environment_hook('om_gravity_compensation_controller', 'cmake_prefix_path')
[45.264s] INFO:colcon.colcon_core.shell:Creating environment hook '/home/jamiek/2026_ROS_manipulator/open_manipulator_ws/install/om_gravity_compensation_controller/share/om_gravity_compensation_controller/hook/cmake_prefix_path.ps1'
[45.265s] INFO:colcon.colcon_core.shell:Creating environment descriptor '/home/jamiek/2026_ROS_manipulator/open_manipulator_ws/install/om_gravity_compensation_controller/share/om_gravity_compensation_controller/hook/cmake_prefix_path.dsv'
[45.265s] INFO:colcon.colcon_core.shell:Creating environment hook '/home/jamiek/2026_ROS_manipulator/open_manipulator_ws/install/om_gravity_compensation_controller/share/om_gravity_compensation_controller/hook/cmake_prefix_path.sh'
[45.265s] Level 1:colcon.colcon_core.environment:checking '/home/jamiek/2026_ROS_manipulator/open_manipulator_ws/install/om_gravity_compensation_controller/lib'
[45.265s] Level 1:colcon.colcon_core.shell:create_environment_hook('om_gravity_compensation_controller', 'ld_library_path_lib')
[45.266s] INFO:colcon.colcon_core.shell:Creating environment hook '/home/jamiek/2026_ROS_manipulator/open_manipulator_ws/install/om_gravity_compensation_controller/share/om_gravity_compensation_controller/hook/ld_library_path_lib.ps1'
[45.266s] INFO:colcon.colcon_core.shell:Creating environment descriptor '/home/jamiek/2026_ROS_manipulator/open_manipulator_ws/install/om_gravity_compensation_controller/share/om_gravity_compensation_controller/hook/ld_library_path_lib.dsv'
[45.266s] INFO:colcon.colcon_core.shell:Creating environment hook '/home/jamiek/2026_ROS_manipulator/open_manipulator_ws/install/om_gravity_compensation_controller/share/om_gravity_compensation_controller/hook/ld_library_path_lib.sh'
[45.266s] Level 1:colcon.colcon_core.environment:checking '/home/jamiek/2026_ROS_manipulator/open_manipulator_ws/install/om_gravity_compensation_controller/bin'
[45.267s] Level 1:colcon.colcon_core.environment:checking '/home/jamiek/2026_ROS_manipulator/open_manipulator_ws/install/om_gravity_compensation_controller/lib/pkgconfig/om_gravity_compensation_controller.pc'
[45.267s] Level 1:colcon.colcon_core.environment:checking '/home/jamiek/2026_ROS_manipulator/open_manipulator_ws/install/om_gravity_compensation_controller/lib/python3.12/site-packages'
[45.267s] Level 1:colcon.colcon_core.environment:checking '/home/jamiek/2026_ROS_manipulator/open_manipulator_ws/install/om_gravity_compensation_controller/bin'
[45.267s] INFO:colcon.colcon_core.shell:Creating package script '/home/jamiek/2026_ROS_manipulator/open_manipulator_ws/install/om_gravity_compensation_controller/share/om_gravity_compensation_controller/package.ps1'
[45.268s] INFO:colcon.colcon_core.shell:Creating package descriptor '/home/jamiek/2026_ROS_manipulator/open_manipulator_ws/install/om_gravity_compensation_controller/share/om_gravity_compensation_controller/package.dsv'
[45.268s] INFO:colcon.colcon_core.shell:Creating package script '/home/jamiek/2026_ROS_manipulator/open_manipulator_ws/install/om_gravity_compensation_controller/share/om_gravity_compensation_controller/package.sh'
[45.268s] INFO:colcon.colcon_core.shell:Creating package script '/home/jamiek/2026_ROS_manipulator/open_manipulator_ws/install/om_gravity_compensation_controller/share/om_gravity_compensation_controller/package.bash'
[45.269s] INFO:colcon.colcon_core.shell:Creating package script '/home/jamiek/2026_ROS_manipulator/open_manipulator_ws/install/om_gravity_compensation_controller/share/om_gravity_compensation_controller/package.zsh'
[45.269s] Level 1:colcon.colcon_core.environment:create_file_with_runtime_dependencies(/home/jamiek/2026_ROS_manipulator/open_manipulator_ws/install/om_gravity_compensation_controller/share/colcon-core/packages/om_gravity_compensation_controller)
[45.269s] Level 1:colcon.colcon_core.environment:create_environment_scripts_only(om_gravity_compensation_controller)
[45.269s] Level 1:colcon.colcon_core.environment:checking '/home/jamiek/2026_ROS_manipulator/open_manipulator_ws/install/om_gravity_compensation_controller' for CMake module files
[45.270s] Level 1:colcon.colcon_core.environment:checking '/home/jamiek/2026_ROS_manipulator/open_manipulator_ws/install/om_gravity_compensation_controller' for CMake config files
[45.270s] Level 1:colcon.colcon_core.shell:create_environment_hook('om_gravity_compensation_controller', 'cmake_prefix_path')
[45.270s] INFO:colcon.colcon_core.shell:Creating environment hook '/home/jamiek/2026_ROS_manipulator/open_manipulator_ws/install/om_gravity_compensation_controller/share/om_gravity_compensation_controller/hook/cmake_prefix_path.ps1'
[45.271s] INFO:colcon.colcon_core.shell:Creating environment descriptor '/home/jamiek/2026_ROS_manipulator/open_manipulator_ws/install/om_gravity_compensation_controller/share/om_gravity_compensation_controller/hook/cmake_prefix_path.dsv'
[45.271s] INFO:colcon.colcon_core.shell:Creating environment hook '/home/jamiek/2026_ROS_manipulator/open_manipulator_ws/install/om_gravity_compensation_controller/share/om_gravity_compensation_controller/hook/cmake_prefix_path.sh'
[45.271s] Level 1:colcon.colcon_core.environment:checking '/home/jamiek/2026_ROS_manipulator/open_manipulator_ws/install/om_gravity_compensation_controller/lib'
[45.271s] Level 1:colcon.colcon_core.shell:create_environment_hook('om_gravity_compensation_controller', 'ld_library_path_lib')
[45.271s] INFO:colcon.colcon_core.shell:Creating environment hook '/home/jamiek/2026_ROS_manipulator/open_manipulator_ws/install/om_gravity_compensation_controller/share/om_gravity_compensation_controller/hook/ld_library_path_lib.ps1'
[45.272s] INFO:colcon.colcon_core.shell:Creating environment descriptor '/home/jamiek/2026_ROS_manipulator/open_manipulator_ws/install/om_gravity_compensation_controller/share/om_gravity_compensation_controller/hook/ld_library_path_lib.dsv'
[45.272s] INFO:colcon.colcon_core.shell:Creating environment hook '/home/jamiek/2026_ROS_manipulator/open_manipulator_ws/install/om_gravity_compensation_controller/share/om_gravity_compensation_controller/hook/ld_library_path_lib.sh'
[45.272s] Level 1:colcon.colcon_core.environment:checking '/home/jamiek/2026_ROS_manipulator/open_manipulator_ws/install/om_gravity_compensation_controller/bin'
[45.272s] Level 1:colcon.colcon_core.environment:checking '/home/jamiek/2026_ROS_manipulator/open_manipulator_ws/install/om_gravity_compensation_controller/lib/pkgconfig/om_gravity_compensation_controller.pc'
[45.273s] Level 1:colcon.colcon_core.environment:checking '/home/jamiek/2026_ROS_manipulator/open_manipulator_ws/install/om_gravity_compensation_controller/lib/python3.12/site-packages'
[45.273s] Level 1:colcon.colcon_core.environment:checking '/home/jamiek/2026_ROS_manipulator/open_manipulator_ws/install/om_gravity_compensation_controller/bin'
[45.273s] INFO:colcon.colcon_core.shell:Creating package script '/home/jamiek/2026_ROS_manipulator/open_manipulator_ws/install/om_gravity_compensation_controller/share/om_gravity_compensation_controller/package.ps1'
[45.274s] INFO:colcon.colcon_core.shell:Creating package descriptor '/home/jamiek/2026_ROS_manipulator/open_manipulator_ws/install/om_gravity_compensation_controller/share/om_gravity_compensation_controller/package.dsv'
[45.274s] INFO:colcon.colcon_core.shell:Creating package script '/home/jamiek/2026_ROS_manipulator/open_manipulator_ws/install/om_gravity_compensation_controller/share/om_gravity_compensation_controller/package.sh'
[45.274s] INFO:colcon.colcon_core.shell:Creating package script '/home/jamiek/2026_ROS_manipulator/open_manipulator_ws/install/om_gravity_compensation_controller/share/om_gravity_compensation_controller/package.bash'
[45.275s] INFO:colcon.colcon_core.shell:Creating package script '/home/jamiek/2026_ROS_manipulator/open_manipulator_ws/install/om_gravity_compensation_controller/share/om_gravity_compensation_controller/package.zsh'
[45.275s] Level 1:colcon.colcon_core.environment:create_file_with_runtime_dependencies(/home/jamiek/2026_ROS_manipulator/open_manipulator_ws/install/om_gravity_compensation_controller/share/colcon-core/packages/om_gravity_compensation_controller)
[45.275s] DEBUG:colcon.colcon_core.executor.sequential:run_until_complete 'om_gravity_compensation_controller' finished with '0'
[45.275s] DEBUG:colcon.colcon_core.executor.sequential:run_until_complete 'om_joint_trajectory_command_broadcaster'
[45.275s] INFO:colcon.colcon_ros.task.ament_cmake.build:Building ROS package in '/home/jamiek/2026_ROS_manipulator/open_manipulator_ws/src/open_manipulator/ros2_controller/om_joint_trajectory_command_broadcaster' with build type 'ament_cmake'
[45.275s] INFO:colcon.colcon_cmake.task.cmake.build:Building CMake package in '/home/jamiek/2026_ROS_manipulator/open_manipulator_ws/src/open_manipulator/ros2_controller/om_joint_trajectory_command_broadcaster'
[45.275s] INFO:colcon.colcon_core.shell:Skip shell extension 'powershell' for command environment: Not usable outside of PowerShell
[45.275s] DEBUG:colcon.colcon_core.shell:Skip shell extension 'dsv' for command environment
[45.284s] DEBUG:colcon.colcon_core.event_handler.log_command:Invoking command in '/home/jamiek/2026_ROS_manipulator/open_manipulator_ws/build/om_joint_trajectory_command_broadcaster': CMAKE_PREFIX_PATH=${CMAKE_PREFIX_PATH}:/home/jamiek/2026_ROS_manipulator/ros_ws/install/tf2_basic:/home/jamiek/2026_ROS_manipulator/ros_ws/install/ros_basic:/opt/ros/jazzy DEBUGINFOD_URLS=https://debuginfod.ubuntu.com /usr/bin/cmake /home/jamiek/2026_ROS_manipulator/open_manipulator_ws/src/open_manipulator/ros2_controller/om_joint_trajectory_command_broadcaster -DCMAKE_BUILD_TYPE=Release -DAMENT_CMAKE_SYMLINK_INSTALL=1 -DCMAKE_INSTALL_PREFIX=/home/jamiek/2026_ROS_manipulator/open_manipulator_ws/install/om_joint_trajectory_command_broadcaster
[46.113s] DEBUG:colcon.colcon_core.event_handler.log_command:Invoked command in '/home/jamiek/2026_ROS_manipulator/open_manipulator_ws/build/om_joint_trajectory_command_broadcaster' returned '0': CMAKE_PREFIX_PATH=${CMAKE_PREFIX_PATH}:/home/jamiek/2026_ROS_manipulator/ros_ws/install/tf2_basic:/home/jamiek/2026_ROS_manipulator/ros_ws/install/ros_basic:/opt/ros/jazzy DEBUGINFOD_URLS=https://debuginfod.ubuntu.com /usr/bin/cmake /home/jamiek/2026_ROS_manipulator/open_manipulator_ws/src/open_manipulator/ros2_controller/om_joint_trajectory_command_broadcaster -DCMAKE_BUILD_TYPE=Release -DAMENT_CMAKE_SYMLINK_INSTALL=1 -DCMAKE_INSTALL_PREFIX=/home/jamiek/2026_ROS_manipulator/open_manipulator_ws/install/om_joint_trajectory_command_broadcaster
[46.114s] DEBUG:colcon.colcon_core.event_handler.log_command:Invoking command in '/home/jamiek/2026_ROS_manipulator/open_manipulator_ws/build/om_joint_trajectory_command_broadcaster': CMAKE_PREFIX_PATH=${CMAKE_PREFIX_PATH}:/home/jamiek/2026_ROS_manipulator/ros_ws/install/tf2_basic:/home/jamiek/2026_ROS_manipulator/ros_ws/install/ros_basic:/opt/ros/jazzy DEBUGINFOD_URLS=https://debuginfod.ubuntu.com /usr/bin/cmake --build /home/jamiek/2026_ROS_manipulator/open_manipulator_ws/build/om_joint_trajectory_command_broadcaster
[57.954s] DEBUG:colcon.colcon_core.event_handler.log_command:Invoked command in '/home/jamiek/2026_ROS_manipulator/open_manipulator_ws/build/om_joint_trajectory_command_broadcaster' returned '0': CMAKE_PREFIX_PATH=${CMAKE_PREFIX_PATH}:/home/jamiek/2026_ROS_manipulator/ros_ws/install/tf2_basic:/home/jamiek/2026_ROS_manipulator/ros_ws/install/ros_basic:/opt/ros/jazzy DEBUGINFOD_URLS=https://debuginfod.ubuntu.com /usr/bin/cmake --build /home/jamiek/2026_ROS_manipulator/open_manipulator_ws/build/om_joint_trajectory_command_broadcaster
[57.955s] DEBUG:colcon.colcon_core.event_handler.log_command:Invoking command in '/home/jamiek/2026_ROS_manipulator/open_manipulator_ws/build/om_joint_trajectory_command_broadcaster': CMAKE_PREFIX_PATH=${CMAKE_PREFIX_PATH}:/home/jamiek/2026_ROS_manipulator/ros_ws/install/tf2_basic:/home/jamiek/2026_ROS_manipulator/ros_ws/install/ros_basic:/opt/ros/jazzy DEBUGINFOD_URLS=https://debuginfod.ubuntu.com /usr/bin/cmake --install /home/jamiek/2026_ROS_manipulator/open_manipulator_ws/build/om_joint_trajectory_command_broadcaster
[58.257s] Level 1:colcon.colcon_core.environment:create_environment_scripts_only(om_joint_trajectory_command_broadcaster)
[58.257s] Level 1:colcon.colcon_core.environment:checking '/home/jamiek/2026_ROS_manipulator/open_manipulator_ws/install/om_joint_trajectory_command_broadcaster' for CMake module files
[58.258s] DEBUG:colcon.colcon_core.event_handler.log_command:Invoked command in '/home/jamiek/2026_ROS_manipulator/open_manipulator_ws/build/om_joint_trajectory_command_broadcaster' returned '0': CMAKE_PREFIX_PATH=${CMAKE_PREFIX_PATH}:/home/jamiek/2026_ROS_manipulator/ros_ws/install/tf2_basic:/home/jamiek/2026_ROS_manipulator/ros_ws/install/ros_basic:/opt/ros/jazzy DEBUGINFOD_URLS=https://debuginfod.ubuntu.com /usr/bin/cmake --install /home/jamiek/2026_ROS_manipulator/open_manipulator_ws/build/om_joint_trajectory_command_broadcaster
[58.258s] Level 1:colcon.colcon_core.environment:checking '/home/jamiek/2026_ROS_manipulator/open_manipulator_ws/install/om_joint_trajectory_command_broadcaster' for CMake config files
[58.258s] Level 1:colcon.colcon_core.shell:create_environment_hook('om_joint_trajectory_command_broadcaster', 'cmake_prefix_path')
[58.259s] INFO:colcon.colcon_core.shell:Creating environment hook '/home/jamiek/2026_ROS_manipulator/open_manipulator_ws/install/om_joint_trajectory_command_broadcaster/share/om_joint_trajectory_command_broadcaster/hook/cmake_prefix_path.ps1'
[58.259s] INFO:colcon.colcon_core.shell:Creating environment descriptor '/home/jamiek/2026_ROS_manipulator/open_manipulator_ws/install/om_joint_trajectory_command_broadcaster/share/om_joint_trajectory_command_broadcaster/hook/cmake_prefix_path.dsv'
[58.259s] INFO:colcon.colcon_core.shell:Creating environment hook '/home/jamiek/2026_ROS_manipulator/open_manipulator_ws/install/om_joint_trajectory_command_broadcaster/share/om_joint_trajectory_command_broadcaster/hook/cmake_prefix_path.sh'
[58.260s] Level 1:colcon.colcon_core.environment:checking '/home/jamiek/2026_ROS_manipulator/open_manipulator_ws/install/om_joint_trajectory_command_broadcaster/lib'
[58.260s] Level 1:colcon.colcon_core.shell:create_environment_hook('om_joint_trajectory_command_broadcaster', 'ld_library_path_lib')
[58.260s] INFO:colcon.colcon_core.shell:Creating environment hook '/home/jamiek/2026_ROS_manipulator/open_manipulator_ws/install/om_joint_trajectory_command_broadcaster/share/om_joint_trajectory_command_broadcaster/hook/ld_library_path_lib.ps1'
[58.260s] INFO:colcon.colcon_core.shell:Creating environment descriptor '/home/jamiek/2026_ROS_manipulator/open_manipulator_ws/install/om_joint_trajectory_command_broadcaster/share/om_joint_trajectory_command_broadcaster/hook/ld_library_path_lib.dsv'
[58.260s] INFO:colcon.colcon_core.shell:Creating environment hook '/home/jamiek/2026_ROS_manipulator/open_manipulator_ws/install/om_joint_trajectory_command_broadcaster/share/om_joint_trajectory_command_broadcaster/hook/ld_library_path_lib.sh'
[58.261s] Level 1:colcon.colcon_core.environment:checking '/home/jamiek/2026_ROS_manipulator/open_manipulator_ws/install/om_joint_trajectory_command_broadcaster/bin'
[58.261s] Level 1:colcon.colcon_core.environment:checking '/home/jamiek/2026_ROS_manipulator/open_manipulator_ws/install/om_joint_trajectory_command_broadcaster/lib/pkgconfig/om_joint_trajectory_command_broadcaster.pc'
[58.261s] Level 1:colcon.colcon_core.environment:checking '/home/jamiek/2026_ROS_manipulator/open_manipulator_ws/install/om_joint_trajectory_command_broadcaster/lib/python3.12/site-packages'
[58.261s] Level 1:colcon.colcon_core.environment:checking '/home/jamiek/2026_ROS_manipulator/open_manipulator_ws/install/om_joint_trajectory_command_broadcaster/bin'
[58.261s] INFO:colcon.colcon_core.shell:Creating package script '/home/jamiek/2026_ROS_manipulator/open_manipulator_ws/install/om_joint_trajectory_command_broadcaster/share/om_joint_trajectory_command_broadcaster/package.ps1'
[58.262s] INFO:colcon.colcon_core.shell:Creating package descriptor '/home/jamiek/2026_ROS_manipulator/open_manipulator_ws/install/om_joint_trajectory_command_broadcaster/share/om_joint_trajectory_command_broadcaster/package.dsv'
[58.262s] INFO:colcon.colcon_core.shell:Creating package script '/home/jamiek/2026_ROS_manipulator/open_manipulator_ws/install/om_joint_trajectory_command_broadcaster/share/om_joint_trajectory_command_broadcaster/package.sh'
[58.263s] INFO:colcon.colcon_core.shell:Creating package script '/home/jamiek/2026_ROS_manipulator/open_manipulator_ws/install/om_joint_trajectory_command_broadcaster/share/om_joint_trajectory_command_broadcaster/package.bash'
[58.263s] INFO:colcon.colcon_core.shell:Creating package script '/home/jamiek/2026_ROS_manipulator/open_manipulator_ws/install/om_joint_trajectory_command_broadcaster/share/om_joint_trajectory_command_broadcaster/package.zsh'
[58.263s] Level 1:colcon.colcon_core.environment:create_file_with_runtime_dependencies(/home/jamiek/2026_ROS_manipulator/open_manipulator_ws/install/om_joint_trajectory_command_broadcaster/share/colcon-core/packages/om_joint_trajectory_command_broadcaster)
[58.264s] Level 1:colcon.colcon_core.environment:create_environment_scripts_only(om_joint_trajectory_command_broadcaster)
[58.264s] Level 1:colcon.colcon_core.environment:checking '/home/jamiek/2026_ROS_manipulator/open_manipulator_ws/install/om_joint_trajectory_command_broadcaster' for CMake module files
[58.264s] Level 1:colcon.colcon_core.environment:checking '/home/jamiek/2026_ROS_manipulator/open_manipulator_ws/install/om_joint_trajectory_command_broadcaster' for CMake config files
[58.265s] Level 1:colcon.colcon_core.shell:create_environment_hook('om_joint_trajectory_command_broadcaster', 'cmake_prefix_path')
[58.265s] INFO:colcon.colcon_core.shell:Creating environment hook '/home/jamiek/2026_ROS_manipulator/open_manipulator_ws/install/om_joint_trajectory_command_broadcaster/share/om_joint_trajectory_command_broadcaster/hook/cmake_prefix_path.ps1'
[58.265s] INFO:colcon.colcon_core.shell:Creating environment descriptor '/home/jamiek/2026_ROS_manipulator/open_manipulator_ws/install/om_joint_trajectory_command_broadcaster/share/om_joint_trajectory_command_broadcaster/hook/cmake_prefix_path.dsv'
[58.266s] INFO:colcon.colcon_core.shell:Creating environment hook '/home/jamiek/2026_ROS_manipulator/open_manipulator_ws/install/om_joint_trajectory_command_broadcaster/share/om_joint_trajectory_command_broadcaster/hook/cmake_prefix_path.sh'
[58.266s] Level 1:colcon.colcon_core.environment:checking '/home/jamiek/2026_ROS_manipulator/open_manipulator_ws/install/om_joint_trajectory_command_broadcaster/lib'
[58.266s] Level 1:colcon.colcon_core.shell:create_environment_hook('om_joint_trajectory_command_broadcaster', 'ld_library_path_lib')
[58.266s] INFO:colcon.colcon_core.shell:Creating environment hook '/home/jamiek/2026_ROS_manipulator/open_manipulator_ws/install/om_joint_trajectory_command_broadcaster/share/om_joint_trajectory_command_broadcaster/hook/ld_library_path_lib.ps1'
[58.266s] INFO:colcon.colcon_core.shell:Creating environment descriptor '/home/jamiek/2026_ROS_manipulator/open_manipulator_ws/install/om_joint_trajectory_command_broadcaster/share/om_joint_trajectory_command_broadcaster/hook/ld_library_path_lib.dsv'
[58.267s] INFO:colcon.colcon_core.shell:Creating environment hook '/home/jamiek/2026_ROS_manipulator/open_manipulator_ws/install/om_joint_trajectory_command_broadcaster/share/om_joint_trajectory_command_broadcaster/hook/ld_library_path_lib.sh'
[58.267s] Level 1:colcon.colcon_core.environment:checking '/home/jamiek/2026_ROS_manipulator/open_manipulator_ws/install/om_joint_trajectory_command_broadcaster/bin'
[58.267s] Level 1:colcon.colcon_core.environment:checking '/home/jamiek/2026_ROS_manipulator/open_manipulator_ws/install/om_joint_trajectory_command_broadcaster/lib/pkgconfig/om_joint_trajectory_command_broadcaster.pc'
[58.267s] Level 1:colcon.colcon_core.environment:checking '/home/jamiek/2026_ROS_manipulator/open_manipulator_ws/install/om_joint_trajectory_command_broadcaster/lib/python3.12/site-packages'
[58.267s] Level 1:colcon.colcon_core.environment:checking '/home/jamiek/2026_ROS_manipulator/open_manipulator_ws/install/om_joint_trajectory_command_broadcaster/bin'
[58.268s] INFO:colcon.colcon_core.shell:Creating package script '/home/jamiek/2026_ROS_manipulator/open_manipulator_ws/install/om_joint_trajectory_command_broadcaster/share/om_joint_trajectory_command_broadcaster/package.ps1'
[58.268s] INFO:colcon.colcon_core.shell:Creating package descriptor '/home/jamiek/2026_ROS_manipulator/open_manipulator_ws/install/om_joint_trajectory_command_broadcaster/share/om_joint_trajectory_command_broadcaster/package.dsv'
[58.268s] INFO:colcon.colcon_core.shell:Creating package script '/home/jamiek/2026_ROS_manipulator/open_manipulator_ws/install/om_joint_trajectory_command_broadcaster/share/om_joint_trajectory_command_broadcaster/package.sh'
[58.269s] INFO:colcon.colcon_core.shell:Creating package script '/home/jamiek/2026_ROS_manipulator/open_manipulator_ws/install/om_joint_trajectory_command_broadcaster/share/om_joint_trajectory_command_broadcaster/package.bash'
[58.269s] INFO:colcon.colcon_core.shell:Creating package script '/home/jamiek/2026_ROS_manipulator/open_manipulator_ws/install/om_joint_trajectory_command_broadcaster/share/om_joint_trajectory_command_broadcaster/package.zsh'
[58.270s] Level 1:colcon.colcon_core.environment:create_file_with_runtime_dependencies(/home/jamiek/2026_ROS_manipulator/open_manipulator_ws/install/om_joint_trajectory_command_broadcaster/share/colcon-core/packages/om_joint_trajectory_command_broadcaster)
[58.270s] DEBUG:colcon.colcon_core.executor.sequential:run_until_complete 'om_joint_trajectory_command_broadcaster' finished with '0'
[58.270s] DEBUG:colcon.colcon_core.executor.sequential:run_until_complete 'om_spring_actuator_controller'
[58.270s] INFO:colcon.colcon_ros.task.ament_cmake.build:Building ROS package in '/home/jamiek/2026_ROS_manipulator/open_manipulator_ws/src/open_manipulator/ros2_controller/om_spring_actuator_controller' with build type 'ament_cmake'
[58.270s] INFO:colcon.colcon_cmake.task.cmake.build:Building CMake package in '/home/jamiek/2026_ROS_manipulator/open_manipulator_ws/src/open_manipulator/ros2_controller/om_spring_actuator_controller'
[58.270s] INFO:colcon.colcon_core.shell:Skip shell extension 'powershell' for command environment: Not usable outside of PowerShell
[58.270s] DEBUG:colcon.colcon_core.shell:Skip shell extension 'dsv' for command environment
[58.279s] DEBUG:colcon.colcon_core.event_handler.log_command:Invoking command in '/home/jamiek/2026_ROS_manipulator/open_manipulator_ws/build/om_spring_actuator_controller': CMAKE_PREFIX_PATH=${CMAKE_PREFIX_PATH}:/home/jamiek/2026_ROS_manipulator/ros_ws/install/tf2_basic:/home/jamiek/2026_ROS_manipulator/ros_ws/install/ros_basic:/opt/ros/jazzy DEBUGINFOD_URLS=https://debuginfod.ubuntu.com /usr/bin/cmake /home/jamiek/2026_ROS_manipulator/open_manipulator_ws/src/open_manipulator/ros2_controller/om_spring_actuator_controller -DCMAKE_BUILD_TYPE=Release -DAMENT_CMAKE_SYMLINK_INSTALL=1 -DCMAKE_INSTALL_PREFIX=/home/jamiek/2026_ROS_manipulator/open_manipulator_ws/install/om_spring_actuator_controller
[59.088s] DEBUG:colcon.colcon_core.event_handler.log_command:Invoked command in '/home/jamiek/2026_ROS_manipulator/open_manipulator_ws/build/om_spring_actuator_controller' returned '0': CMAKE_PREFIX_PATH=${CMAKE_PREFIX_PATH}:/home/jamiek/2026_ROS_manipulator/ros_ws/install/tf2_basic:/home/jamiek/2026_ROS_manipulator/ros_ws/install/ros_basic:/opt/ros/jazzy DEBUGINFOD_URLS=https://debuginfod.ubuntu.com /usr/bin/cmake /home/jamiek/2026_ROS_manipulator/open_manipulator_ws/src/open_manipulator/ros2_controller/om_spring_actuator_controller -DCMAKE_BUILD_TYPE=Release -DAMENT_CMAKE_SYMLINK_INSTALL=1 -DCMAKE_INSTALL_PREFIX=/home/jamiek/2026_ROS_manipulator/open_manipulator_ws/install/om_spring_actuator_controller
[59.089s] DEBUG:colcon.colcon_core.event_handler.log_command:Invoking command in '/home/jamiek/2026_ROS_manipulator/open_manipulator_ws/build/om_spring_actuator_controller': CMAKE_PREFIX_PATH=${CMAKE_PREFIX_PATH}:/home/jamiek/2026_ROS_manipulator/ros_ws/install/tf2_basic:/home/jamiek/2026_ROS_manipulator/ros_ws/install/ros_basic:/opt/ros/jazzy DEBUGINFOD_URLS=https://debuginfod.ubuntu.com /usr/bin/cmake --build /home/jamiek/2026_ROS_manipulator/open_manipulator_ws/build/om_spring_actuator_controller
[64.692s] DEBUG:colcon.colcon_core.event_handler.log_command:Invoked command in '/home/jamiek/2026_ROS_manipulator/open_manipulator_ws/build/om_spring_actuator_controller' returned '0': CMAKE_PREFIX_PATH=${CMAKE_PREFIX_PATH}:/home/jamiek/2026_ROS_manipulator/ros_ws/install/tf2_basic:/home/jamiek/2026_ROS_manipulator/ros_ws/install/ros_basic:/opt/ros/jazzy DEBUGINFOD_URLS=https://debuginfod.ubuntu.com /usr/bin/cmake --build /home/jamiek/2026_ROS_manipulator/open_manipulator_ws/build/om_spring_actuator_controller
[64.693s] DEBUG:colcon.colcon_core.event_handler.log_command:Invoking command in '/home/jamiek/2026_ROS_manipulator/open_manipulator_ws/build/om_spring_actuator_controller': CMAKE_PREFIX_PATH=${CMAKE_PREFIX_PATH}:/home/jamiek/2026_ROS_manipulator/ros_ws/install/tf2_basic:/home/jamiek/2026_ROS_manipulator/ros_ws/install/ros_basic:/opt/ros/jazzy DEBUGINFOD_URLS=https://debuginfod.ubuntu.com /usr/bin/cmake --install /home/jamiek/2026_ROS_manipulator/open_manipulator_ws/build/om_spring_actuator_controller
[64.723s] Level 1:colcon.colcon_core.environment:create_environment_scripts_only(om_spring_actuator_controller)
[64.723s] Level 1:colcon.colcon_core.environment:checking '/home/jamiek/2026_ROS_manipulator/open_manipulator_ws/install/om_spring_actuator_controller' for CMake module files
[64.723s] DEBUG:colcon.colcon_core.event_handler.log_command:Invoked command in '/home/jamiek/2026_ROS_manipulator/open_manipulator_ws/build/om_spring_actuator_controller' returned '0': CMAKE_PREFIX_PATH=${CMAKE_PREFIX_PATH}:/home/jamiek/2026_ROS_manipulator/ros_ws/install/tf2_basic:/home/jamiek/2026_ROS_manipulator/ros_ws/install/ros_basic:/opt/ros/jazzy DEBUGINFOD_URLS=https://debuginfod.ubuntu.com /usr/bin/cmake --install /home/jamiek/2026_ROS_manipulator/open_manipulator_ws/build/om_spring_actuator_controller
[64.724s] Level 1:colcon.colcon_core.environment:checking '/home/jamiek/2026_ROS_manipulator/open_manipulator_ws/install/om_spring_actuator_controller' for CMake config files
[64.724s] Level 1:colcon.colcon_core.shell:create_environment_hook('om_spring_actuator_controller', 'cmake_prefix_path')
[64.724s] INFO:colcon.colcon_core.shell:Creating environment hook '/home/jamiek/2026_ROS_manipulator/open_manipulator_ws/install/om_spring_actuator_controller/share/om_spring_actuator_controller/hook/cmake_prefix_path.ps1'
[64.725s] INFO:colcon.colcon_core.shell:Creating environment descriptor '/home/jamiek/2026_ROS_manipulator/open_manipulator_ws/install/om_spring_actuator_controller/share/om_spring_actuator_controller/hook/cmake_prefix_path.dsv'
[64.725s] INFO:colcon.colcon_core.shell:Creating environment hook '/home/jamiek/2026_ROS_manipulator/open_manipulator_ws/install/om_spring_actuator_controller/share/om_spring_actuator_controller/hook/cmake_prefix_path.sh'
[64.725s] Level 1:colcon.colcon_core.environment:checking '/home/jamiek/2026_ROS_manipulator/open_manipulator_ws/install/om_spring_actuator_controller/lib'
[64.725s] Level 1:colcon.colcon_core.shell:create_environment_hook('om_spring_actuator_controller', 'ld_library_path_lib')
[64.726s] INFO:colcon.colcon_core.shell:Creating environment hook '/home/jamiek/2026_ROS_manipulator/open_manipulator_ws/install/om_spring_actuator_controller/share/om_spring_actuator_controller/hook/ld_library_path_lib.ps1'
[64.726s] INFO:colcon.colcon_core.shell:Creating environment descriptor '/home/jamiek/2026_ROS_manipulator/open_manipulator_ws/install/om_spring_actuator_controller/share/om_spring_actuator_controller/hook/ld_library_path_lib.dsv'
[64.726s] INFO:colcon.colcon_core.shell:Creating environment hook '/home/jamiek/2026_ROS_manipulator/open_manipulator_ws/install/om_spring_actuator_controller/share/om_spring_actuator_controller/hook/ld_library_path_lib.sh'
[64.727s] Level 1:colcon.colcon_core.environment:checking '/home/jamiek/2026_ROS_manipulator/open_manipulator_ws/install/om_spring_actuator_controller/bin'
[64.727s] Level 1:colcon.colcon_core.environment:checking '/home/jamiek/2026_ROS_manipulator/open_manipulator_ws/install/om_spring_actuator_controller/lib/pkgconfig/om_spring_actuator_controller.pc'
[64.727s] Level 1:colcon.colcon_core.environment:checking '/home/jamiek/2026_ROS_manipulator/open_manipulator_ws/install/om_spring_actuator_controller/lib/python3.12/site-packages'
[64.727s] Level 1:colcon.colcon_core.environment:checking '/home/jamiek/2026_ROS_manipulator/open_manipulator_ws/install/om_spring_actuator_controller/bin'
[64.727s] INFO:colcon.colcon_core.shell:Creating package script '/home/jamiek/2026_ROS_manipulator/open_manipulator_ws/install/om_spring_actuator_controller/share/om_spring_actuator_controller/package.ps1'
[64.728s] INFO:colcon.colcon_core.shell:Creating package descriptor '/home/jamiek/2026_ROS_manipulator/open_manipulator_ws/install/om_spring_actuator_controller/share/om_spring_actuator_controller/package.dsv'
[64.728s] INFO:colcon.colcon_core.shell:Creating package script '/home/jamiek/2026_ROS_manipulator/open_manipulator_ws/install/om_spring_actuator_controller/share/om_spring_actuator_controller/package.sh'
[64.728s] INFO:colcon.colcon_core.shell:Creating package script '/home/jamiek/2026_ROS_manipulator/open_manipulator_ws/install/om_spring_actuator_controller/share/om_spring_actuator_controller/package.bash'
[64.729s] INFO:colcon.colcon_core.shell:Creating package script '/home/jamiek/2026_ROS_manipulator/open_manipulator_ws/install/om_spring_actuator_controller/share/om_spring_actuator_controller/package.zsh'
[64.729s] Level 1:colcon.colcon_core.environment:create_file_with_runtime_dependencies(/home/jamiek/2026_ROS_manipulator/open_manipulator_ws/install/om_spring_actuator_controller/share/colcon-core/packages/om_spring_actuator_controller)
[64.729s] Level 1:colcon.colcon_core.environment:create_environment_scripts_only(om_spring_actuator_controller)
[64.729s] Level 1:colcon.colcon_core.environment:checking '/home/jamiek/2026_ROS_manipulator/open_manipulator_ws/install/om_spring_actuator_controller' for CMake module files
[64.730s] Level 1:colcon.colcon_core.environment:checking '/home/jamiek/2026_ROS_manipulator/open_manipulator_ws/install/om_spring_actuator_controller' for CMake config files
[64.730s] Level 1:colcon.colcon_core.shell:create_environment_hook('om_spring_actuator_controller', 'cmake_prefix_path')
[64.730s] INFO:colcon.colcon_core.shell:Creating environment hook '/home/jamiek/2026_ROS_manipulator/open_manipulator_ws/install/om_spring_actuator_controller/share/om_spring_actuator_controller/hook/cmake_prefix_path.ps1'
[64.731s] INFO:colcon.colcon_core.shell:Creating environment descriptor '/home/jamiek/2026_ROS_manipulator/open_manipulator_ws/install/om_spring_actuator_controller/share/om_spring_actuator_controller/hook/cmake_prefix_path.dsv'
[64.731s] INFO:colcon.colcon_core.shell:Creating environment hook '/home/jamiek/2026_ROS_manipulator/open_manipulator_ws/install/om_spring_actuator_controller/share/om_spring_actuator_controller/hook/cmake_prefix_path.sh'
[64.731s] Level 1:colcon.colcon_core.environment:checking '/home/jamiek/2026_ROS_manipulator/open_manipulator_ws/install/om_spring_actuator_controller/lib'
[64.731s] Level 1:colcon.colcon_core.shell:create_environment_hook('om_spring_actuator_controller', 'ld_library_path_lib')
[64.731s] INFO:colcon.colcon_core.shell:Creating environment hook '/home/jamiek/2026_ROS_manipulator/open_manipulator_ws/install/om_spring_actuator_controller/share/om_spring_actuator_controller/hook/ld_library_path_lib.ps1'
[64.732s] INFO:colcon.colcon_core.shell:Creating environment descriptor '/home/jamiek/2026_ROS_manipulator/open_manipulator_ws/install/om_spring_actuator_controller/share/om_spring_actuator_controller/hook/ld_library_path_lib.dsv'
[64.732s] INFO:colcon.colcon_core.shell:Creating environment hook '/home/jamiek/2026_ROS_manipulator/open_manipulator_ws/install/om_spring_actuator_controller/share/om_spring_actuator_controller/hook/ld_library_path_lib.sh'
[64.732s] Level 1:colcon.colcon_core.environment:checking '/home/jamiek/2026_ROS_manipulator/open_manipulator_ws/install/om_spring_actuator_controller/bin'
[64.732s] Level 1:colcon.colcon_core.environment:checking '/home/jamiek/2026_ROS_manipulator/open_manipulator_ws/install/om_spring_actuator_controller/lib/pkgconfig/om_spring_actuator_controller.pc'
[64.733s] Level 1:colcon.colcon_core.environment:checking '/home/jamiek/2026_ROS_manipulator/open_manipulator_ws/install/om_spring_actuator_controller/lib/python3.12/site-packages'
[64.733s] Level 1:colcon.colcon_core.environment:checking '/home/jamiek/2026_ROS_manipulator/open_manipulator_ws/install/om_spring_actuator_controller/bin'
[64.733s] INFO:colcon.colcon_core.shell:Creating package script '/home/jamiek/2026_ROS_manipulator/open_manipulator_ws/install/om_spring_actuator_controller/share/om_spring_actuator_controller/package.ps1'
[64.734s] INFO:colcon.colcon_core.shell:Creating package descriptor '/home/jamiek/2026_ROS_manipulator/open_manipulator_ws/install/om_spring_actuator_controller/share/om_spring_actuator_controller/package.dsv'
[64.734s] INFO:colcon.colcon_core.shell:Creating package script '/home/jamiek/2026_ROS_manipulator/open_manipulator_ws/install/om_spring_actuator_controller/share/om_spring_actuator_controller/package.sh'
[64.734s] INFO:colcon.colcon_core.shell:Creating package script '/home/jamiek/2026_ROS_manipulator/open_manipulator_ws/install/om_spring_actuator_controller/share/om_spring_actuator_controller/package.bash'
[64.735s] INFO:colcon.colcon_core.shell:Creating package script '/home/jamiek/2026_ROS_manipulator/open_manipulator_ws/install/om_spring_actuator_controller/share/om_spring_actuator_controller/package.zsh'
[64.735s] Level 1:colcon.colcon_core.environment:create_file_with_runtime_dependencies(/home/jamiek/2026_ROS_manipulator/open_manipulator_ws/install/om_spring_actuator_controller/share/colcon-core/packages/om_spring_actuator_controller)
[64.735s] DEBUG:colcon.colcon_core.executor.sequential:run_until_complete 'om_spring_actuator_controller' finished with '0'
[64.735s] DEBUG:colcon.colcon_core.executor.sequential:run_until_complete 'open_manipulator_collision'
[64.735s] INFO:colcon.colcon_ros.task.ament_cmake.build:Building ROS package in '/home/jamiek/2026_ROS_manipulator/open_manipulator_ws/src/open_manipulator/open_manipulator_collision' with build type 'ament_cmake'
[64.735s] INFO:colcon.colcon_cmake.task.cmake.build:Building CMake package in '/home/jamiek/2026_ROS_manipulator/open_manipulator_ws/src/open_manipulator/open_manipulator_collision'
[64.735s] INFO:colcon.colcon_core.shell:Skip shell extension 'powershell' for command environment: Not usable outside of PowerShell
[64.735s] DEBUG:colcon.colcon_core.shell:Skip shell extension 'dsv' for command environment
[64.744s] DEBUG:colcon.colcon_core.event_handler.log_command:Invoking command in '/home/jamiek/2026_ROS_manipulator/open_manipulator_ws/build/open_manipulator_collision': CMAKE_PREFIX_PATH=${CMAKE_PREFIX_PATH}:/home/jamiek/2026_ROS_manipulator/ros_ws/install/tf2_basic:/home/jamiek/2026_ROS_manipulator/ros_ws/install/ros_basic:/opt/ros/jazzy DEBUGINFOD_URLS=https://debuginfod.ubuntu.com /usr/bin/cmake /home/jamiek/2026_ROS_manipulator/open_manipulator_ws/src/open_manipulator/open_manipulator_collision -DCMAKE_BUILD_TYPE=Release -DAMENT_CMAKE_SYMLINK_INSTALL=1 -DCMAKE_INSTALL_PREFIX=/home/jamiek/2026_ROS_manipulator/open_manipulator_ws/install/open_manipulator_collision
[65.402s] DEBUG:colcon.colcon_core.event_handler.log_command:Invoked command in '/home/jamiek/2026_ROS_manipulator/open_manipulator_ws/build/open_manipulator_collision' returned '0': CMAKE_PREFIX_PATH=${CMAKE_PREFIX_PATH}:/home/jamiek/2026_ROS_manipulator/ros_ws/install/tf2_basic:/home/jamiek/2026_ROS_manipulator/ros_ws/install/ros_basic:/opt/ros/jazzy DEBUGINFOD_URLS=https://debuginfod.ubuntu.com /usr/bin/cmake /home/jamiek/2026_ROS_manipulator/open_manipulator_ws/src/open_manipulator/open_manipulator_collision -DCMAKE_BUILD_TYPE=Release -DAMENT_CMAKE_SYMLINK_INSTALL=1 -DCMAKE_INSTALL_PREFIX=/home/jamiek/2026_ROS_manipulator/open_manipulator_ws/install/open_manipulator_collision
[65.403s] DEBUG:colcon.colcon_core.event_handler.log_command:Invoking command in '/home/jamiek/2026_ROS_manipulator/open_manipulator_ws/build/open_manipulator_collision': CMAKE_PREFIX_PATH=${CMAKE_PREFIX_PATH}:/home/jamiek/2026_ROS_manipulator/ros_ws/install/tf2_basic:/home/jamiek/2026_ROS_manipulator/ros_ws/install/ros_basic:/opt/ros/jazzy DEBUGINFOD_URLS=https://debuginfod.ubuntu.com /usr/bin/cmake --build /home/jamiek/2026_ROS_manipulator/open_manipulator_ws/build/open_manipulator_collision
[79.082s] DEBUG:colcon.colcon_core.event_handler.log_command:Invoked command in '/home/jamiek/2026_ROS_manipulator/open_manipulator_ws/build/open_manipulator_collision' returned '0': CMAKE_PREFIX_PATH=${CMAKE_PREFIX_PATH}:/home/jamiek/2026_ROS_manipulator/ros_ws/install/tf2_basic:/home/jamiek/2026_ROS_manipulator/ros_ws/install/ros_basic:/opt/ros/jazzy DEBUGINFOD_URLS=https://debuginfod.ubuntu.com /usr/bin/cmake --build /home/jamiek/2026_ROS_manipulator/open_manipulator_ws/build/open_manipulator_collision
[79.083s] DEBUG:colcon.colcon_core.event_handler.log_command:Invoking command in '/home/jamiek/2026_ROS_manipulator/open_manipulator_ws/build/open_manipulator_collision': CMAKE_PREFIX_PATH=${CMAKE_PREFIX_PATH}:/home/jamiek/2026_ROS_manipulator/ros_ws/install/tf2_basic:/home/jamiek/2026_ROS_manipulator/ros_ws/install/ros_basic:/opt/ros/jazzy DEBUGINFOD_URLS=https://debuginfod.ubuntu.com /usr/bin/cmake --install /home/jamiek/2026_ROS_manipulator/open_manipulator_ws/build/open_manipulator_collision
[79.366s] Level 1:colcon.colcon_core.environment:create_environment_scripts_only(open_manipulator_collision)
[79.366s] Level 1:colcon.colcon_core.environment:checking '/home/jamiek/2026_ROS_manipulator/open_manipulator_ws/install/open_manipulator_collision' for CMake module files
[79.367s] DEBUG:colcon.colcon_core.event_handler.log_command:Invoked command in '/home/jamiek/2026_ROS_manipulator/open_manipulator_ws/build/open_manipulator_collision' returned '0': CMAKE_PREFIX_PATH=${CMAKE_PREFIX_PATH}:/home/jamiek/2026_ROS_manipulator/ros_ws/install/tf2_basic:/home/jamiek/2026_ROS_manipulator/ros_ws/install/ros_basic:/opt/ros/jazzy DEBUGINFOD_URLS=https://debuginfod.ubuntu.com /usr/bin/cmake --install /home/jamiek/2026_ROS_manipulator/open_manipulator_ws/build/open_manipulator_collision
[79.367s] Level 1:colcon.colcon_core.environment:checking '/home/jamiek/2026_ROS_manipulator/open_manipulator_ws/install/open_manipulator_collision' for CMake config files
[79.368s] Level 1:colcon.colcon_core.shell:create_environment_hook('open_manipulator_collision', 'cmake_prefix_path')
[79.368s] INFO:colcon.colcon_core.shell:Creating environment hook '/home/jamiek/2026_ROS_manipulator/open_manipulator_ws/install/open_manipulator_collision/share/open_manipulator_collision/hook/cmake_prefix_path.ps1'
[79.368s] INFO:colcon.colcon_core.shell:Creating environment descriptor '/home/jamiek/2026_ROS_manipulator/open_manipulator_ws/install/open_manipulator_collision/share/open_manipulator_collision/hook/cmake_prefix_path.dsv'
[79.369s] INFO:colcon.colcon_core.shell:Creating environment hook '/home/jamiek/2026_ROS_manipulator/open_manipulator_ws/install/open_manipulator_collision/share/open_manipulator_collision/hook/cmake_prefix_path.sh'
[79.369s] Level 1:colcon.colcon_core.environment:checking '/home/jamiek/2026_ROS_manipulator/open_manipulator_ws/install/open_manipulator_collision/lib'
[79.369s] Level 1:colcon.colcon_core.environment:checking '/home/jamiek/2026_ROS_manipulator/open_manipulator_ws/install/open_manipulator_collision/bin'
[79.369s] Level 1:colcon.colcon_core.environment:checking '/home/jamiek/2026_ROS_manipulator/open_manipulator_ws/install/open_manipulator_collision/lib/pkgconfig/open_manipulator_collision.pc'
[79.370s] Level 1:colcon.colcon_core.environment:checking '/home/jamiek/2026_ROS_manipulator/open_manipulator_ws/install/open_manipulator_collision/lib/python3.12/site-packages'
[79.370s] Level 1:colcon.colcon_core.environment:checking '/home/jamiek/2026_ROS_manipulator/open_manipulator_ws/install/open_manipulator_collision/bin'
[79.370s] INFO:colcon.colcon_core.shell:Creating package script '/home/jamiek/2026_ROS_manipulator/open_manipulator_ws/install/open_manipulator_collision/share/open_manipulator_collision/package.ps1'
[79.371s] INFO:colcon.colcon_core.shell:Creating package descriptor '/home/jamiek/2026_ROS_manipulator/open_manipulator_ws/install/open_manipulator_collision/share/open_manipulator_collision/package.dsv'
[79.371s] INFO:colcon.colcon_core.shell:Creating package script '/home/jamiek/2026_ROS_manipulator/open_manipulator_ws/install/open_manipulator_collision/share/open_manipulator_collision/package.sh'
[79.371s] INFO:colcon.colcon_core.shell:Creating package script '/home/jamiek/2026_ROS_manipulator/open_manipulator_ws/install/open_manipulator_collision/share/open_manipulator_collision/package.bash'
[79.371s] INFO:colcon.colcon_core.shell:Creating package script '/home/jamiek/2026_ROS_manipulator/open_manipulator_ws/install/open_manipulator_collision/share/open_manipulator_collision/package.zsh'
[79.372s] Level 1:colcon.colcon_core.environment:create_file_with_runtime_dependencies(/home/jamiek/2026_ROS_manipulator/open_manipulator_ws/install/open_manipulator_collision/share/colcon-core/packages/open_manipulator_collision)
[79.372s] Level 1:colcon.colcon_core.environment:create_environment_scripts_only(open_manipulator_collision)
[79.372s] Level 1:colcon.colcon_core.environment:checking '/home/jamiek/2026_ROS_manipulator/open_manipulator_ws/install/open_manipulator_collision' for CMake module files
[79.373s] Level 1:colcon.colcon_core.environment:checking '/home/jamiek/2026_ROS_manipulator/open_manipulator_ws/install/open_manipulator_collision' for CMake config files
[79.373s] Level 1:colcon.colcon_core.shell:create_environment_hook('open_manipulator_collision', 'cmake_prefix_path')
[79.373s] INFO:colcon.colcon_core.shell:Creating environment hook '/home/jamiek/2026_ROS_manipulator/open_manipulator_ws/install/open_manipulator_collision/share/open_manipulator_collision/hook/cmake_prefix_path.ps1'
[79.373s] INFO:colcon.colcon_core.shell:Creating environment descriptor '/home/jamiek/2026_ROS_manipulator/open_manipulator_ws/install/open_manipulator_collision/share/open_manipulator_collision/hook/cmake_prefix_path.dsv'
[79.374s] INFO:colcon.colcon_core.shell:Creating environment hook '/home/jamiek/2026_ROS_manipulator/open_manipulator_ws/install/open_manipulator_collision/share/open_manipulator_collision/hook/cmake_prefix_path.sh'
[79.374s] Level 1:colcon.colcon_core.environment:checking '/home/jamiek/2026_ROS_manipulator/open_manipulator_ws/install/open_manipulator_collision/lib'
[79.374s] Level 1:colcon.colcon_core.environment:checking '/home/jamiek/2026_ROS_manipulator/open_manipulator_ws/install/open_manipulator_collision/bin'
[79.374s] Level 1:colcon.colcon_core.environment:checking '/home/jamiek/2026_ROS_manipulator/open_manipulator_ws/install/open_manipulator_collision/lib/pkgconfig/open_manipulator_collision.pc'
[79.374s] Level 1:colcon.colcon_core.environment:checking '/home/jamiek/2026_ROS_manipulator/open_manipulator_ws/install/open_manipulator_collision/lib/python3.12/site-packages'
[79.375s] Level 1:colcon.colcon_core.environment:checking '/home/jamiek/2026_ROS_manipulator/open_manipulator_ws/install/open_manipulator_collision/bin'
[79.375s] INFO:colcon.colcon_core.shell:Creating package script '/home/jamiek/2026_ROS_manipulator/open_manipulator_ws/install/open_manipulator_collision/share/open_manipulator_collision/package.ps1'
[79.375s] INFO:colcon.colcon_core.shell:Creating package descriptor '/home/jamiek/2026_ROS_manipulator/open_manipulator_ws/install/open_manipulator_collision/share/open_manipulator_collision/package.dsv'
[79.376s] INFO:colcon.colcon_core.shell:Creating package script '/home/jamiek/2026_ROS_manipulator/open_manipulator_ws/install/open_manipulator_collision/share/open_manipulator_collision/package.sh'
[79.376s] INFO:colcon.colcon_core.shell:Creating package script '/home/jamiek/2026_ROS_manipulator/open_manipulator_ws/install/open_manipulator_collision/share/open_manipulator_collision/package.bash'
[79.376s] INFO:colcon.colcon_core.shell:Creating package script '/home/jamiek/2026_ROS_manipulator/open_manipulator_ws/install/open_manipulator_collision/share/open_manipulator_collision/package.zsh'
[79.376s] Level 1:colcon.colcon_core.environment:create_file_with_runtime_dependencies(/home/jamiek/2026_ROS_manipulator/open_manipulator_ws/install/open_manipulator_collision/share/colcon-core/packages/open_manipulator_collision)
[79.377s] DEBUG:colcon.colcon_core.executor.sequential:run_until_complete 'open_manipulator_collision' finished with '0'
[79.377s] DEBUG:colcon.colcon_core.executor.sequential:run_until_complete 'open_manipulator_description'
[79.377s] INFO:colcon.colcon_ros.task.ament_cmake.build:Building ROS package in '/home/jamiek/2026_ROS_manipulator/open_manipulator_ws/src/open_manipulator/open_manipulator_description' with build type 'ament_cmake'
[79.377s] INFO:colcon.colcon_cmake.task.cmake.build:Building CMake package in '/home/jamiek/2026_ROS_manipulator/open_manipulator_ws/src/open_manipulator/open_manipulator_description'
[79.377s] INFO:colcon.colcon_core.shell:Skip shell extension 'powershell' for command environment: Not usable outside of PowerShell
[79.377s] DEBUG:colcon.colcon_core.shell:Skip shell extension 'dsv' for command environment
[79.385s] DEBUG:colcon.colcon_core.event_handler.log_command:Invoking command in '/home/jamiek/2026_ROS_manipulator/open_manipulator_ws/build/open_manipulator_description': CMAKE_PREFIX_PATH=${CMAKE_PREFIX_PATH}:/home/jamiek/2026_ROS_manipulator/ros_ws/install/tf2_basic:/home/jamiek/2026_ROS_manipulator/ros_ws/install/ros_basic:/opt/ros/jazzy DEBUGINFOD_URLS=https://debuginfod.ubuntu.com /usr/bin/cmake /home/jamiek/2026_ROS_manipulator/open_manipulator_ws/src/open_manipulator/open_manipulator_description -DCMAKE_BUILD_TYPE=Release -DAMENT_CMAKE_SYMLINK_INSTALL=1 -DCMAKE_INSTALL_PREFIX=/home/jamiek/2026_ROS_manipulator/open_manipulator_ws/install/open_manipulator_description
[79.685s] DEBUG:colcon.colcon_core.event_handler.log_command:Invoked command in '/home/jamiek/2026_ROS_manipulator/open_manipulator_ws/build/open_manipulator_description' returned '0': CMAKE_PREFIX_PATH=${CMAKE_PREFIX_PATH}:/home/jamiek/2026_ROS_manipulator/ros_ws/install/tf2_basic:/home/jamiek/2026_ROS_manipulator/ros_ws/install/ros_basic:/opt/ros/jazzy DEBUGINFOD_URLS=https://debuginfod.ubuntu.com /usr/bin/cmake /home/jamiek/2026_ROS_manipulator/open_manipulator_ws/src/open_manipulator/open_manipulator_description -DCMAKE_BUILD_TYPE=Release -DAMENT_CMAKE_SYMLINK_INSTALL=1 -DCMAKE_INSTALL_PREFIX=/home/jamiek/2026_ROS_manipulator/open_manipulator_ws/install/open_manipulator_description
[79.685s] DEBUG:colcon.colcon_core.event_handler.log_command:Invoking command in '/home/jamiek/2026_ROS_manipulator/open_manipulator_ws/build/open_manipulator_description': CMAKE_PREFIX_PATH=${CMAKE_PREFIX_PATH}:/home/jamiek/2026_ROS_manipulator/ros_ws/install/tf2_basic:/home/jamiek/2026_ROS_manipulator/ros_ws/install/ros_basic:/opt/ros/jazzy DEBUGINFOD_URLS=https://debuginfod.ubuntu.com /usr/bin/cmake --build /home/jamiek/2026_ROS_manipulator/open_manipulator_ws/build/open_manipulator_description
[79.731s] DEBUG:colcon.colcon_core.event_handler.log_command:Invoked command in '/home/jamiek/2026_ROS_manipulator/open_manipulator_ws/build/open_manipulator_description' returned '0': CMAKE_PREFIX_PATH=${CMAKE_PREFIX_PATH}:/home/jamiek/2026_ROS_manipulator/ros_ws/install/tf2_basic:/home/jamiek/2026_ROS_manipulator/ros_ws/install/ros_basic:/opt/ros/jazzy DEBUGINFOD_URLS=https://debuginfod.ubuntu.com /usr/bin/cmake --build /home/jamiek/2026_ROS_manipulator/open_manipulator_ws/build/open_manipulator_description
[79.732s] DEBUG:colcon.colcon_core.event_handler.log_command:Invoking command in '/home/jamiek/2026_ROS_manipulator/open_manipulator_ws/build/open_manipulator_description': CMAKE_PREFIX_PATH=${CMAKE_PREFIX_PATH}:/home/jamiek/2026_ROS_manipulator/ros_ws/install/tf2_basic:/home/jamiek/2026_ROS_manipulator/ros_ws/install/ros_basic:/opt/ros/jazzy DEBUGINFOD_URLS=https://debuginfod.ubuntu.com /usr/bin/cmake --install /home/jamiek/2026_ROS_manipulator/open_manipulator_ws/build/open_manipulator_description
[79.775s] Level 1:colcon.colcon_core.environment:create_environment_scripts_only(open_manipulator_description)
[79.775s] Level 1:colcon.colcon_core.environment:checking '/home/jamiek/2026_ROS_manipulator/open_manipulator_ws/install/open_manipulator_description' for CMake module files
[79.776s] DEBUG:colcon.colcon_core.event_handler.log_command:Invoked command in '/home/jamiek/2026_ROS_manipulator/open_manipulator_ws/build/open_manipulator_description' returned '0': CMAKE_PREFIX_PATH=${CMAKE_PREFIX_PATH}:/home/jamiek/2026_ROS_manipulator/ros_ws/install/tf2_basic:/home/jamiek/2026_ROS_manipulator/ros_ws/install/ros_basic:/opt/ros/jazzy DEBUGINFOD_URLS=https://debuginfod.ubuntu.com /usr/bin/cmake --install /home/jamiek/2026_ROS_manipulator/open_manipulator_ws/build/open_manipulator_description
[79.777s] Level 1:colcon.colcon_core.environment:checking '/home/jamiek/2026_ROS_manipulator/open_manipulator_ws/install/open_manipulator_description' for CMake config files
[79.777s] Level 1:colcon.colcon_core.shell:create_environment_hook('open_manipulator_description', 'cmake_prefix_path')
[79.778s] INFO:colcon.colcon_core.shell:Creating environment hook '/home/jamiek/2026_ROS_manipulator/open_manipulator_ws/install/open_manipulator_description/share/open_manipulator_description/hook/cmake_prefix_path.ps1'
[79.779s] INFO:colcon.colcon_core.shell:Creating environment descriptor '/home/jamiek/2026_ROS_manipulator/open_manipulator_ws/install/open_manipulator_description/share/open_manipulator_description/hook/cmake_prefix_path.dsv'
[79.779s] INFO:colcon.colcon_core.shell:Creating environment hook '/home/jamiek/2026_ROS_manipulator/open_manipulator_ws/install/open_manipulator_description/share/open_manipulator_description/hook/cmake_prefix_path.sh'
[79.780s] Level 1:colcon.colcon_core.environment:checking '/home/jamiek/2026_ROS_manipulator/open_manipulator_ws/install/open_manipulator_description/bin'
[79.780s] Level 1:colcon.colcon_core.environment:checking '/home/jamiek/2026_ROS_manipulator/open_manipulator_ws/install/open_manipulator_description/lib/pkgconfig/open_manipulator_description.pc'
[79.780s] Level 1:colcon.colcon_core.environment:checking '/home/jamiek/2026_ROS_manipulator/open_manipulator_ws/install/open_manipulator_description/lib/python3.12/site-packages'
[79.780s] Level 1:colcon.colcon_core.environment:checking '/home/jamiek/2026_ROS_manipulator/open_manipulator_ws/install/open_manipulator_description/bin'
[79.781s] INFO:colcon.colcon_core.shell:Creating package script '/home/jamiek/2026_ROS_manipulator/open_manipulator_ws/install/open_manipulator_description/share/open_manipulator_description/package.ps1'
[79.781s] INFO:colcon.colcon_core.shell:Creating package descriptor '/home/jamiek/2026_ROS_manipulator/open_manipulator_ws/install/open_manipulator_description/share/open_manipulator_description/package.dsv'
[79.781s] INFO:colcon.colcon_core.shell:Creating package script '/home/jamiek/2026_ROS_manipulator/open_manipulator_ws/install/open_manipulator_description/share/open_manipulator_description/package.sh'
[79.782s] INFO:colcon.colcon_core.shell:Creating package script '/home/jamiek/2026_ROS_manipulator/open_manipulator_ws/install/open_manipulator_description/share/open_manipulator_description/package.bash'
[79.782s] INFO:colcon.colcon_core.shell:Creating package script '/home/jamiek/2026_ROS_manipulator/open_manipulator_ws/install/open_manipulator_description/share/open_manipulator_description/package.zsh'
[79.782s] Level 1:colcon.colcon_core.environment:create_file_with_runtime_dependencies(/home/jamiek/2026_ROS_manipulator/open_manipulator_ws/install/open_manipulator_description/share/colcon-core/packages/open_manipulator_description)
[79.783s] Level 1:colcon.colcon_core.environment:create_environment_scripts_only(open_manipulator_description)
[79.783s] Level 1:colcon.colcon_core.environment:checking '/home/jamiek/2026_ROS_manipulator/open_manipulator_ws/install/open_manipulator_description' for CMake module files
[79.783s] Level 1:colcon.colcon_core.environment:checking '/home/jamiek/2026_ROS_manipulator/open_manipulator_ws/install/open_manipulator_description' for CMake config files
[79.784s] Level 1:colcon.colcon_core.shell:create_environment_hook('open_manipulator_description', 'cmake_prefix_path')
[79.784s] INFO:colcon.colcon_core.shell:Creating environment hook '/home/jamiek/2026_ROS_manipulator/open_manipulator_ws/install/open_manipulator_description/share/open_manipulator_description/hook/cmake_prefix_path.ps1'
[79.784s] INFO:colcon.colcon_core.shell:Creating environment descriptor '/home/jamiek/2026_ROS_manipulator/open_manipulator_ws/install/open_manipulator_description/share/open_manipulator_description/hook/cmake_prefix_path.dsv'
[79.785s] INFO:colcon.colcon_core.shell:Creating environment hook '/home/jamiek/2026_ROS_manipulator/open_manipulator_ws/install/open_manipulator_description/share/open_manipulator_description/hook/cmake_prefix_path.sh'
[79.785s] Level 1:colcon.colcon_core.environment:checking '/home/jamiek/2026_ROS_manipulator/open_manipulator_ws/install/open_manipulator_description/bin'
[79.785s] Level 1:colcon.colcon_core.environment:checking '/home/jamiek/2026_ROS_manipulator/open_manipulator_ws/install/open_manipulator_description/lib/pkgconfig/open_manipulator_description.pc'
[79.785s] Level 1:colcon.colcon_core.environment:checking '/home/jamiek/2026_ROS_manipulator/open_manipulator_ws/install/open_manipulator_description/lib/python3.12/site-packages'
[79.786s] Level 1:colcon.colcon_core.environment:checking '/home/jamiek/2026_ROS_manipulator/open_manipulator_ws/install/open_manipulator_description/bin'
[79.786s] INFO:colcon.colcon_core.shell:Creating package script '/home/jamiek/2026_ROS_manipulator/open_manipulator_ws/install/open_manipulator_description/share/open_manipulator_description/package.ps1'
[79.786s] INFO:colcon.colcon_core.shell:Creating package descriptor '/home/jamiek/2026_ROS_manipulator/open_manipulator_ws/install/open_manipulator_description/share/open_manipulator_description/package.dsv'
[79.786s] INFO:colcon.colcon_core.shell:Creating package script '/home/jamiek/2026_ROS_manipulator/open_manipulator_ws/install/open_manipulator_description/share/open_manipulator_description/package.sh'
[79.787s] INFO:colcon.colcon_core.shell:Creating package script '/home/jamiek/2026_ROS_manipulator/open_manipulator_ws/install/open_manipulator_description/share/open_manipulator_description/package.bash'
[79.787s] INFO:colcon.colcon_core.shell:Creating package script '/home/jamiek/2026_ROS_manipulator/open_manipulator_ws/install/open_manipulator_description/share/open_manipulator_description/package.zsh'
[79.788s] Level 1:colcon.colcon_core.environment:create_file_with_runtime_dependencies(/home/jamiek/2026_ROS_manipulator/open_manipulator_ws/install/open_manipulator_description/share/colcon-core/packages/open_manipulator_description)
[79.788s] DEBUG:colcon.colcon_core.executor.sequential:run_until_complete 'open_manipulator_description' finished with '0'
[79.788s] DEBUG:colcon.colcon_core.executor.sequential:run_until_complete 'open_manipulator_gui'
[79.788s] INFO:colcon.colcon_ros.task.ament_cmake.build:Building ROS package in '/home/jamiek/2026_ROS_manipulator/open_manipulator_ws/src/open_manipulator/open_manipulator_gui' with build type 'ament_cmake'
[79.788s] INFO:colcon.colcon_cmake.task.cmake.build:Building CMake package in '/home/jamiek/2026_ROS_manipulator/open_manipulator_ws/src/open_manipulator/open_manipulator_gui'
[79.789s] INFO:colcon.colcon_core.shell:Skip shell extension 'powershell' for command environment: Not usable outside of PowerShell
[79.789s] DEBUG:colcon.colcon_core.shell:Skip shell extension 'dsv' for command environment
[79.798s] DEBUG:colcon.colcon_core.event_handler.log_command:Invoking command in '/home/jamiek/2026_ROS_manipulator/open_manipulator_ws/build/open_manipulator_gui': CMAKE_PREFIX_PATH=${CMAKE_PREFIX_PATH}:/home/jamiek/2026_ROS_manipulator/ros_ws/install/tf2_basic:/home/jamiek/2026_ROS_manipulator/ros_ws/install/ros_basic:/opt/ros/jazzy DEBUGINFOD_URLS=https://debuginfod.ubuntu.com /usr/bin/cmake /home/jamiek/2026_ROS_manipulator/open_manipulator_ws/src/open_manipulator/open_manipulator_gui -DCMAKE_BUILD_TYPE=Release -DAMENT_CMAKE_SYMLINK_INSTALL=1 -DCMAKE_INSTALL_PREFIX=/home/jamiek/2026_ROS_manipulator/open_manipulator_ws/install/open_manipulator_gui
[81.156s] DEBUG:colcon.colcon_core.event_handler.log_command:Invoked command in '/home/jamiek/2026_ROS_manipulator/open_manipulator_ws/build/open_manipulator_gui' returned '0': CMAKE_PREFIX_PATH=${CMAKE_PREFIX_PATH}:/home/jamiek/2026_ROS_manipulator/ros_ws/install/tf2_basic:/home/jamiek/2026_ROS_manipulator/ros_ws/install/ros_basic:/opt/ros/jazzy DEBUGINFOD_URLS=https://debuginfod.ubuntu.com /usr/bin/cmake /home/jamiek/2026_ROS_manipulator/open_manipulator_ws/src/open_manipulator/open_manipulator_gui -DCMAKE_BUILD_TYPE=Release -DAMENT_CMAKE_SYMLINK_INSTALL=1 -DCMAKE_INSTALL_PREFIX=/home/jamiek/2026_ROS_manipulator/open_manipulator_ws/install/open_manipulator_gui
[81.156s] DEBUG:colcon.colcon_core.event_handler.log_command:Invoking command in '/home/jamiek/2026_ROS_manipulator/open_manipulator_ws/build/open_manipulator_gui': CMAKE_PREFIX_PATH=${CMAKE_PREFIX_PATH}:/home/jamiek/2026_ROS_manipulator/ros_ws/install/tf2_basic:/home/jamiek/2026_ROS_manipulator/ros_ws/install/ros_basic:/opt/ros/jazzy DEBUGINFOD_URLS=https://debuginfod.ubuntu.com /usr/bin/cmake --build /home/jamiek/2026_ROS_manipulator/open_manipulator_ws/build/open_manipulator_gui
[248.061s] DEBUG:colcon.colcon_core.event_handler.log_command:Invoked command in '/home/jamiek/2026_ROS_manipulator/open_manipulator_ws/build/open_manipulator_gui' returned '0': CMAKE_PREFIX_PATH=${CMAKE_PREFIX_PATH}:/home/jamiek/2026_ROS_manipulator/ros_ws/install/tf2_basic:/home/jamiek/2026_ROS_manipulator/ros_ws/install/ros_basic:/opt/ros/jazzy DEBUGINFOD_URLS=https://debuginfod.ubuntu.com /usr/bin/cmake --build /home/jamiek/2026_ROS_manipulator/open_manipulator_ws/build/open_manipulator_gui
[248.062s] DEBUG:colcon.colcon_core.event_handler.log_command:Invoking command in '/home/jamiek/2026_ROS_manipulator/open_manipulator_ws/build/open_manipulator_gui': CMAKE_PREFIX_PATH=${CMAKE_PREFIX_PATH}:/home/jamiek/2026_ROS_manipulator/ros_ws/install/tf2_basic:/home/jamiek/2026_ROS_manipulator/ros_ws/install/ros_basic:/opt/ros/jazzy DEBUGINFOD_URLS=https://debuginfod.ubuntu.com /usr/bin/cmake --install /home/jamiek/2026_ROS_manipulator/open_manipulator_ws/build/open_manipulator_gui
[248.590s] Level 1:colcon.colcon_core.environment:create_environment_scripts_only(open_manipulator_gui)
[248.590s] Level 1:colcon.colcon_core.environment:checking '/home/jamiek/2026_ROS_manipulator/open_manipulator_ws/install/open_manipulator_gui' for CMake module files
[248.591s] DEBUG:colcon.colcon_core.event_handler.log_command:Invoked command in '/home/jamiek/2026_ROS_manipulator/open_manipulator_ws/build/open_manipulator_gui' returned '0': CMAKE_PREFIX_PATH=${CMAKE_PREFIX_PATH}:/home/jamiek/2026_ROS_manipulator/ros_ws/install/tf2_basic:/home/jamiek/2026_ROS_manipulator/ros_ws/install/ros_basic:/opt/ros/jazzy DEBUGINFOD_URLS=https://debuginfod.ubuntu.com /usr/bin/cmake --install /home/jamiek/2026_ROS_manipulator/open_manipulator_ws/build/open_manipulator_gui
[248.592s] Level 1:colcon.colcon_core.environment:checking '/home/jamiek/2026_ROS_manipulator/open_manipulator_ws/install/open_manipulator_gui' for CMake config files
[248.592s] Level 1:colcon.colcon_core.shell:create_environment_hook('open_manipulator_gui', 'cmake_prefix_path')
[248.592s] INFO:colcon.colcon_core.shell:Creating environment hook '/home/jamiek/2026_ROS_manipulator/open_manipulator_ws/install/open_manipulator_gui/share/open_manipulator_gui/hook/cmake_prefix_path.ps1'
[248.593s] INFO:colcon.colcon_core.shell:Creating environment descriptor '/home/jamiek/2026_ROS_manipulator/open_manipulator_ws/install/open_manipulator_gui/share/open_manipulator_gui/hook/cmake_prefix_path.dsv'
[248.593s] INFO:colcon.colcon_core.shell:Creating environment hook '/home/jamiek/2026_ROS_manipulator/open_manipulator_ws/install/open_manipulator_gui/share/open_manipulator_gui/hook/cmake_prefix_path.sh'
[248.593s] Level 1:colcon.colcon_core.environment:checking '/home/jamiek/2026_ROS_manipulator/open_manipulator_ws/install/open_manipulator_gui/lib'
[248.593s] Level 1:colcon.colcon_core.environment:checking '/home/jamiek/2026_ROS_manipulator/open_manipulator_ws/install/open_manipulator_gui/bin'
[248.593s] Level 1:colcon.colcon_core.environment:checking '/home/jamiek/2026_ROS_manipulator/open_manipulator_ws/install/open_manipulator_gui/lib/pkgconfig/open_manipulator_gui.pc'
[248.594s] Level 1:colcon.colcon_core.environment:checking '/home/jamiek/2026_ROS_manipulator/open_manipulator_ws/install/open_manipulator_gui/lib/python3.12/site-packages'
[248.594s] Level 1:colcon.colcon_core.environment:checking '/home/jamiek/2026_ROS_manipulator/open_manipulator_ws/install/open_manipulator_gui/bin'
[248.594s] INFO:colcon.colcon_core.shell:Creating package script '/home/jamiek/2026_ROS_manipulator/open_manipulator_ws/install/open_manipulator_gui/share/open_manipulator_gui/package.ps1'
[248.594s] INFO:colcon.colcon_core.shell:Creating package descriptor '/home/jamiek/2026_ROS_manipulator/open_manipulator_ws/install/open_manipulator_gui/share/open_manipulator_gui/package.dsv'
[248.595s] INFO:colcon.colcon_core.shell:Creating package script '/home/jamiek/2026_ROS_manipulator/open_manipulator_ws/install/open_manipulator_gui/share/open_manipulator_gui/package.sh'
[248.595s] INFO:colcon.colcon_core.shell:Creating package script '/home/jamiek/2026_ROS_manipulator/open_manipulator_ws/install/open_manipulator_gui/share/open_manipulator_gui/package.bash'
[248.595s] INFO:colcon.colcon_core.shell:Creating package script '/home/jamiek/2026_ROS_manipulator/open_manipulator_ws/install/open_manipulator_gui/share/open_manipulator_gui/package.zsh'
[248.596s] Level 1:colcon.colcon_core.environment:create_file_with_runtime_dependencies(/home/jamiek/2026_ROS_manipulator/open_manipulator_ws/install/open_manipulator_gui/share/colcon-core/packages/open_manipulator_gui)
[248.596s] Level 1:colcon.colcon_core.environment:create_environment_scripts_only(open_manipulator_gui)
[248.596s] Level 1:colcon.colcon_core.environment:checking '/home/jamiek/2026_ROS_manipulator/open_manipulator_ws/install/open_manipulator_gui' for CMake module files
[248.597s] Level 1:colcon.colcon_core.environment:checking '/home/jamiek/2026_ROS_manipulator/open_manipulator_ws/install/open_manipulator_gui' for CMake config files
[248.597s] Level 1:colcon.colcon_core.shell:create_environment_hook('open_manipulator_gui', 'cmake_prefix_path')
[248.597s] INFO:colcon.colcon_core.shell:Creating environment hook '/home/jamiek/2026_ROS_manipulator/open_manipulator_ws/install/open_manipulator_gui/share/open_manipulator_gui/hook/cmake_prefix_path.ps1'
[248.597s] INFO:colcon.colcon_core.shell:Creating environment descriptor '/home/jamiek/2026_ROS_manipulator/open_manipulator_ws/install/open_manipulator_gui/share/open_manipulator_gui/hook/cmake_prefix_path.dsv'
[248.598s] INFO:colcon.colcon_core.shell:Creating environment hook '/home/jamiek/2026_ROS_manipulator/open_manipulator_ws/install/open_manipulator_gui/share/open_manipulator_gui/hook/cmake_prefix_path.sh'
[248.598s] Level 1:colcon.colcon_core.environment:checking '/home/jamiek/2026_ROS_manipulator/open_manipulator_ws/install/open_manipulator_gui/lib'
[248.598s] Level 1:colcon.colcon_core.environment:checking '/home/jamiek/2026_ROS_manipulator/open_manipulator_ws/install/open_manipulator_gui/bin'
[248.598s] Level 1:colcon.colcon_core.environment:checking '/home/jamiek/2026_ROS_manipulator/open_manipulator_ws/install/open_manipulator_gui/lib/pkgconfig/open_manipulator_gui.pc'
[248.599s] Level 1:colcon.colcon_core.environment:checking '/home/jamiek/2026_ROS_manipulator/open_manipulator_ws/install/open_manipulator_gui/lib/python3.12/site-packages'
[248.599s] Level 1:colcon.colcon_core.environment:checking '/home/jamiek/2026_ROS_manipulator/open_manipulator_ws/install/open_manipulator_gui/bin'
[248.599s] INFO:colcon.colcon_core.shell:Creating package script '/home/jamiek/2026_ROS_manipulator/open_manipulator_ws/install/open_manipulator_gui/share/open_manipulator_gui/package.ps1'
[248.600s] INFO:colcon.colcon_core.shell:Creating package descriptor '/home/jamiek/2026_ROS_manipulator/open_manipulator_ws/install/open_manipulator_gui/share/open_manipulator_gui/package.dsv'
[248.600s] INFO:colcon.colcon_core.shell:Creating package script '/home/jamiek/2026_ROS_manipulator/open_manipulator_ws/install/open_manipulator_gui/share/open_manipulator_gui/package.sh'
[248.600s] INFO:colcon.colcon_core.shell:Creating package script '/home/jamiek/2026_ROS_manipulator/open_manipulator_ws/install/open_manipulator_gui/share/open_manipulator_gui/package.bash'
[248.600s] INFO:colcon.colcon_core.shell:Creating package script '/home/jamiek/2026_ROS_manipulator/open_manipulator_ws/install/open_manipulator_gui/share/open_manipulator_gui/package.zsh'
[248.601s] Level 1:colcon.colcon_core.environment:create_file_with_runtime_dependencies(/home/jamiek/2026_ROS_manipulator/open_manipulator_ws/install/open_manipulator_gui/share/colcon-core/packages/open_manipulator_gui)
[248.601s] DEBUG:colcon.colcon_core.executor.sequential:run_until_complete 'open_manipulator_gui' finished with '0'
[248.601s] DEBUG:colcon.colcon_core.executor.sequential:run_until_complete 'open_manipulator_teleop'
[248.601s] INFO:colcon.colcon_ros.task.ament_python.build:Building ROS package in '/home/jamiek/2026_ROS_manipulator/open_manipulator_ws/src/open_manipulator/open_manipulator_teleop' with build type 'ament_python'
[248.601s] Level 1:colcon.colcon_core.shell:create_environment_hook('open_manipulator_teleop', 'ament_prefix_path')
[248.601s] INFO:colcon.colcon_core.shell:Creating environment hook '/home/jamiek/2026_ROS_manipulator/open_manipulator_ws/install/open_manipulator_teleop/share/open_manipulator_teleop/hook/ament_prefix_path.ps1'
[248.602s] INFO:colcon.colcon_core.shell:Creating environment descriptor '/home/jamiek/2026_ROS_manipulator/open_manipulator_ws/install/open_manipulator_teleop/share/open_manipulator_teleop/hook/ament_prefix_path.dsv'
[248.602s] INFO:colcon.colcon_core.shell:Creating environment hook '/home/jamiek/2026_ROS_manipulator/open_manipulator_ws/install/open_manipulator_teleop/share/open_manipulator_teleop/hook/ament_prefix_path.sh'
[248.602s] INFO:colcon.colcon_core.shell:Skip shell extension 'powershell' for command environment: Not usable outside of PowerShell
[248.602s] DEBUG:colcon.colcon_core.shell:Skip shell extension 'dsv' for command environment
[248.794s] INFO:colcon.colcon_core.task.python.build:Building Python package in '/home/jamiek/2026_ROS_manipulator/open_manipulator_ws/src/open_manipulator/open_manipulator_teleop'
[248.795s] INFO:colcon.colcon_core.shell:Skip shell extension 'powershell' for command environment: Not usable outside of PowerShell
[248.795s] DEBUG:colcon.colcon_core.shell:Skip shell extension 'dsv' for command environment
[249.434s] DEBUG:colcon.colcon_core.task.python.build:Available setuptools commands: build_py, install_data, build_scripts, test, rotate, bdist_dumb, init_catalog, clean, symlink_data, build_clib, upload, develop, build_ext, bdist, install_headers, update_catalog, egg_info, alias, register, build, saveopts, install_egg_info, editable_wheel, bdist_egg, upload_docs, sdist, setopt, extract_messages, easy_install, bdist_rpm, dist_info, install_scripts, install_lib, check, compile_catalog, install
[249.727s] DEBUG:colcon.colcon_core.task.python.build:Available setuptools 'develop' options: --verbose, --no-deps, --find-links, --prefix, --exclude-scripts, --quiet, --help, --install-dir, --optimize, --editable, --user, --index-url, --version, --upgrade, --no-user-cfg, --build-directory, --site-dirs, --egg-path, --allow-hosts, --always-unzip, --install-layout, --always-copy, --local-snapshots-ok, --record, --uninstall, --dry-run, --script-dir, --zip-ok, --force-installation-into-system-dir, --no-find-links, --multi-version
[249.729s] DEBUG:colcon.colcon_core.event_handler.log_command:Invoking command in '/home/jamiek/2026_ROS_manipulator/open_manipulator_ws/build/open_manipulator_teleop': DEBUGINFOD_URLS=https://debuginfod.ubuntu.com PYTHONPATH=/home/jamiek/2026_ROS_manipulator/open_manipulator_ws/build/open_manipulator_teleop/prefix_override:/usr/lib/python3/dist-packages/colcon_core/task/python/colcon_distutils_commands:/home/jamiek/2026_ROS_manipulator/open_manipulator_ws/install/open_manipulator_teleop/lib/python3.12/site-packages:${PYTHONPATH} /usr/bin/python3 -W ignore:setup.py install is deprecated -W ignore:easy_install command is deprecated setup.py develop --editable --build-directory /home/jamiek/2026_ROS_manipulator/open_manipulator_ws/build/open_manipulator_teleop/build --no-deps symlink_data
[250.339s] Level 1:colcon.colcon_core.shell:create_environment_hook('open_manipulator_teleop', 'pythonpath_develop')
[250.340s] INFO:colcon.colcon_core.shell:Creating environment hook '/home/jamiek/2026_ROS_manipulator/open_manipulator_ws/build/open_manipulator_teleop/share/open_manipulator_teleop/hook/pythonpath_develop.ps1'
[250.340s] DEBUG:colcon.colcon_core.event_handler.log_command:Invoked command in '/home/jamiek/2026_ROS_manipulator/open_manipulator_ws/build/open_manipulator_teleop' returned '0': DEBUGINFOD_URLS=https://debuginfod.ubuntu.com PYTHONPATH=/home/jamiek/2026_ROS_manipulator/open_manipulator_ws/build/open_manipulator_teleop/prefix_override:/usr/lib/python3/dist-packages/colcon_core/task/python/colcon_distutils_commands:/home/jamiek/2026_ROS_manipulator/open_manipulator_ws/install/open_manipulator_teleop/lib/python3.12/site-packages:${PYTHONPATH} /usr/bin/python3 -W ignore:setup.py install is deprecated -W ignore:easy_install command is deprecated setup.py develop --editable --build-directory /home/jamiek/2026_ROS_manipulator/open_manipulator_ws/build/open_manipulator_teleop/build --no-deps symlink_data
[250.340s] INFO:colcon.colcon_core.shell:Creating environment descriptor '/home/jamiek/2026_ROS_manipulator/open_manipulator_ws/build/open_manipulator_teleop/share/open_manipulator_teleop/hook/pythonpath_develop.dsv'
[250.341s] INFO:colcon.colcon_core.shell:Creating environment hook '/home/jamiek/2026_ROS_manipulator/open_manipulator_ws/build/open_manipulator_teleop/share/open_manipulator_teleop/hook/pythonpath_develop.sh'
[250.341s] Level 1:colcon.colcon_core.environment:checking '/home/jamiek/2026_ROS_manipulator/open_manipulator_ws/install/open_manipulator_teleop' for CMake module files
[250.342s] Level 1:colcon.colcon_core.environment:checking '/home/jamiek/2026_ROS_manipulator/open_manipulator_ws/install/open_manipulator_teleop' for CMake config files
[250.342s] Level 1:colcon.colcon_core.environment:checking '/home/jamiek/2026_ROS_manipulator/open_manipulator_ws/install/open_manipulator_teleop/lib'
[250.342s] Level 1:colcon.colcon_core.environment:checking '/home/jamiek/2026_ROS_manipulator/open_manipulator_ws/install/open_manipulator_teleop/bin'
[250.342s] Level 1:colcon.colcon_core.environment:checking '/home/jamiek/2026_ROS_manipulator/open_manipulator_ws/install/open_manipulator_teleop/lib/pkgconfig/open_manipulator_teleop.pc'
[250.342s] Level 1:colcon.colcon_core.environment:checking '/home/jamiek/2026_ROS_manipulator/open_manipulator_ws/install/open_manipulator_teleop/lib/python3.12/site-packages'
[250.342s] Level 1:colcon.colcon_core.shell:create_environment_hook('open_manipulator_teleop', 'pythonpath')
[250.342s] INFO:colcon.colcon_core.shell:Creating environment hook '/home/jamiek/2026_ROS_manipulator/open_manipulator_ws/install/open_manipulator_teleop/share/open_manipulator_teleop/hook/pythonpath.ps1'
[250.343s] INFO:colcon.colcon_core.shell:Creating environment descriptor '/home/jamiek/2026_ROS_manipulator/open_manipulator_ws/install/open_manipulator_teleop/share/open_manipulator_teleop/hook/pythonpath.dsv'
[250.343s] INFO:colcon.colcon_core.shell:Creating environment hook '/home/jamiek/2026_ROS_manipulator/open_manipulator_ws/install/open_manipulator_teleop/share/open_manipulator_teleop/hook/pythonpath.sh'
[250.343s] Level 1:colcon.colcon_core.environment:checking '/home/jamiek/2026_ROS_manipulator/open_manipulator_ws/install/open_manipulator_teleop/bin'
[250.343s] Level 1:colcon.colcon_core.environment:create_environment_scripts_only(open_manipulator_teleop)
[250.344s] INFO:colcon.colcon_core.shell:Creating package script '/home/jamiek/2026_ROS_manipulator/open_manipulator_ws/install/open_manipulator_teleop/share/open_manipulator_teleop/package.ps1'
[250.344s] INFO:colcon.colcon_core.shell:Creating package descriptor '/home/jamiek/2026_ROS_manipulator/open_manipulator_ws/install/open_manipulator_teleop/share/open_manipulator_teleop/package.dsv'
[250.344s] INFO:colcon.colcon_core.shell:Creating package script '/home/jamiek/2026_ROS_manipulator/open_manipulator_ws/install/open_manipulator_teleop/share/open_manipulator_teleop/package.sh'
[250.345s] INFO:colcon.colcon_core.shell:Creating package script '/home/jamiek/2026_ROS_manipulator/open_manipulator_ws/install/open_manipulator_teleop/share/open_manipulator_teleop/package.bash'
[250.345s] INFO:colcon.colcon_core.shell:Creating package script '/home/jamiek/2026_ROS_manipulator/open_manipulator_ws/install/open_manipulator_teleop/share/open_manipulator_teleop/package.zsh'
[250.345s] Level 1:colcon.colcon_core.environment:create_file_with_runtime_dependencies(/home/jamiek/2026_ROS_manipulator/open_manipulator_ws/install/open_manipulator_teleop/share/colcon-core/packages/open_manipulator_teleop)
[250.345s] DEBUG:colcon.colcon_core.executor.sequential:run_until_complete 'open_manipulator_teleop' finished with '0'
[250.345s] DEBUG:colcon.colcon_core.executor.sequential:run_until_complete 'robotis_interfaces'
[250.346s] INFO:colcon.colcon_ros.task.ament_cmake.build:Building ROS package in '/home/jamiek/2026_ROS_manipulator/open_manipulator_ws/src/robotis_interfaces' with build type 'ament_cmake'
[250.346s] INFO:colcon.colcon_cmake.task.cmake.build:Building CMake package in '/home/jamiek/2026_ROS_manipulator/open_manipulator_ws/src/robotis_interfaces'
[250.346s] INFO:colcon.colcon_core.shell:Skip shell extension 'powershell' for command environment: Not usable outside of PowerShell
[250.346s] DEBUG:colcon.colcon_core.shell:Skip shell extension 'dsv' for command environment
[250.354s] DEBUG:colcon.colcon_core.event_handler.log_command:Invoking command in '/home/jamiek/2026_ROS_manipulator/open_manipulator_ws/build/robotis_interfaces': CMAKE_PREFIX_PATH=${CMAKE_PREFIX_PATH}:/home/jamiek/2026_ROS_manipulator/ros_ws/install/tf2_basic:/home/jamiek/2026_ROS_manipulator/ros_ws/install/ros_basic:/opt/ros/jazzy DEBUGINFOD_URLS=https://debuginfod.ubuntu.com /usr/bin/cmake /home/jamiek/2026_ROS_manipulator/open_manipulator_ws/src/robotis_interfaces -DCMAKE_BUILD_TYPE=Release -DAMENT_CMAKE_SYMLINK_INSTALL=1 -DCMAKE_INSTALL_PREFIX=/home/jamiek/2026_ROS_manipulator/open_manipulator_ws/install/robotis_interfaces
[251.601s] DEBUG:colcon.colcon_core.event_handler.log_command:Invoked command in '/home/jamiek/2026_ROS_manipulator/open_manipulator_ws/build/robotis_interfaces' returned '0': CMAKE_PREFIX_PATH=${CMAKE_PREFIX_PATH}:/home/jamiek/2026_ROS_manipulator/ros_ws/install/tf2_basic:/home/jamiek/2026_ROS_manipulator/ros_ws/install/ros_basic:/opt/ros/jazzy DEBUGINFOD_URLS=https://debuginfod.ubuntu.com /usr/bin/cmake /home/jamiek/2026_ROS_manipulator/open_manipulator_ws/src/robotis_interfaces -DCMAKE_BUILD_TYPE=Release -DAMENT_CMAKE_SYMLINK_INSTALL=1 -DCMAKE_INSTALL_PREFIX=/home/jamiek/2026_ROS_manipulator/open_manipulator_ws/install/robotis_interfaces
[251.603s] DEBUG:colcon.colcon_core.event_handler.log_command:Invoking command in '/home/jamiek/2026_ROS_manipulator/open_manipulator_ws/build/robotis_interfaces': CMAKE_PREFIX_PATH=${CMAKE_PREFIX_PATH}:/home/jamiek/2026_ROS_manipulator/ros_ws/install/tf2_basic:/home/jamiek/2026_ROS_manipulator/ros_ws/install/ros_basic:/opt/ros/jazzy DEBUGINFOD_URLS=https://debuginfod.ubuntu.com /usr/bin/cmake --build /home/jamiek/2026_ROS_manipulator/open_manipulator_ws/build/robotis_interfaces
[260.709s] DEBUG:colcon.colcon_core.event_handler.log_command:Invoked command in '/home/jamiek/2026_ROS_manipulator/open_manipulator_ws/build/robotis_interfaces' returned '0': CMAKE_PREFIX_PATH=${CMAKE_PREFIX_PATH}:/home/jamiek/2026_ROS_manipulator/ros_ws/install/tf2_basic:/home/jamiek/2026_ROS_manipulator/ros_ws/install/ros_basic:/opt/ros/jazzy DEBUGINFOD_URLS=https://debuginfod.ubuntu.com /usr/bin/cmake --build /home/jamiek/2026_ROS_manipulator/open_manipulator_ws/build/robotis_interfaces
[260.710s] DEBUG:colcon.colcon_core.event_handler.log_command:Invoking command in '/home/jamiek/2026_ROS_manipulator/open_manipulator_ws/build/robotis_interfaces': CMAKE_PREFIX_PATH=${CMAKE_PREFIX_PATH}:/home/jamiek/2026_ROS_manipulator/ros_ws/install/tf2_basic:/home/jamiek/2026_ROS_manipulator/ros_ws/install/ros_basic:/opt/ros/jazzy DEBUGINFOD_URLS=https://debuginfod.ubuntu.com /usr/bin/cmake --install /home/jamiek/2026_ROS_manipulator/open_manipulator_ws/build/robotis_interfaces
[260.811s] Level 1:colcon.colcon_core.environment:create_environment_scripts_only(robotis_interfaces)
[260.812s] Level 1:colcon.colcon_core.environment:checking '/home/jamiek/2026_ROS_manipulator/open_manipulator_ws/install/robotis_interfaces' for CMake module files
[260.812s] DEBUG:colcon.colcon_core.event_handler.log_command:Invoked command in '/home/jamiek/2026_ROS_manipulator/open_manipulator_ws/build/robotis_interfaces' returned '0': CMAKE_PREFIX_PATH=${CMAKE_PREFIX_PATH}:/home/jamiek/2026_ROS_manipulator/ros_ws/install/tf2_basic:/home/jamiek/2026_ROS_manipulator/ros_ws/install/ros_basic:/opt/ros/jazzy DEBUGINFOD_URLS=https://debuginfod.ubuntu.com /usr/bin/cmake --install /home/jamiek/2026_ROS_manipulator/open_manipulator_ws/build/robotis_interfaces
[260.813s] Level 1:colcon.colcon_core.environment:checking '/home/jamiek/2026_ROS_manipulator/open_manipulator_ws/install/robotis_interfaces' for CMake config files
[260.814s] Level 1:colcon.colcon_core.shell:create_environment_hook('robotis_interfaces', 'cmake_prefix_path')
[260.814s] INFO:colcon.colcon_core.shell:Creating environment hook '/home/jamiek/2026_ROS_manipulator/open_manipulator_ws/install/robotis_interfaces/share/robotis_interfaces/hook/cmake_prefix_path.ps1'
[260.815s] INFO:colcon.colcon_core.shell:Creating environment descriptor '/home/jamiek/2026_ROS_manipulator/open_manipulator_ws/install/robotis_interfaces/share/robotis_interfaces/hook/cmake_prefix_path.dsv'
[260.815s] INFO:colcon.colcon_core.shell:Creating environment hook '/home/jamiek/2026_ROS_manipulator/open_manipulator_ws/install/robotis_interfaces/share/robotis_interfaces/hook/cmake_prefix_path.sh'
[260.815s] Level 1:colcon.colcon_core.environment:checking '/home/jamiek/2026_ROS_manipulator/open_manipulator_ws/install/robotis_interfaces/lib'
[260.816s] Level 1:colcon.colcon_core.shell:create_environment_hook('robotis_interfaces', 'ld_library_path_lib')
[260.816s] INFO:colcon.colcon_core.shell:Creating environment hook '/home/jamiek/2026_ROS_manipulator/open_manipulator_ws/install/robotis_interfaces/share/robotis_interfaces/hook/ld_library_path_lib.ps1'
[260.816s] INFO:colcon.colcon_core.shell:Creating environment descriptor '/home/jamiek/2026_ROS_manipulator/open_manipulator_ws/install/robotis_interfaces/share/robotis_interfaces/hook/ld_library_path_lib.dsv'
[260.816s] INFO:colcon.colcon_core.shell:Creating environment hook '/home/jamiek/2026_ROS_manipulator/open_manipulator_ws/install/robotis_interfaces/share/robotis_interfaces/hook/ld_library_path_lib.sh'
[260.817s] Level 1:colcon.colcon_core.environment:checking '/home/jamiek/2026_ROS_manipulator/open_manipulator_ws/install/robotis_interfaces/bin'
[260.817s] Level 1:colcon.colcon_core.environment:checking '/home/jamiek/2026_ROS_manipulator/open_manipulator_ws/install/robotis_interfaces/lib/pkgconfig/robotis_interfaces.pc'
[260.817s] Level 1:colcon.colcon_core.environment:checking '/home/jamiek/2026_ROS_manipulator/open_manipulator_ws/install/robotis_interfaces/lib/python3.12/site-packages'
[260.817s] Level 1:colcon.colcon_core.shell:create_environment_hook('robotis_interfaces', 'pythonpath')
[260.817s] INFO:colcon.colcon_core.shell:Creating environment hook '/home/jamiek/2026_ROS_manipulator/open_manipulator_ws/install/robotis_interfaces/share/robotis_interfaces/hook/pythonpath.ps1'
[260.818s] INFO:colcon.colcon_core.shell:Creating environment descriptor '/home/jamiek/2026_ROS_manipulator/open_manipulator_ws/install/robotis_interfaces/share/robotis_interfaces/hook/pythonpath.dsv'
[260.818s] INFO:colcon.colcon_core.shell:Creating environment hook '/home/jamiek/2026_ROS_manipulator/open_manipulator_ws/install/robotis_interfaces/share/robotis_interfaces/hook/pythonpath.sh'
[260.818s] Level 1:colcon.colcon_core.environment:checking '/home/jamiek/2026_ROS_manipulator/open_manipulator_ws/install/robotis_interfaces/bin'
[260.819s] INFO:colcon.colcon_core.shell:Creating package script '/home/jamiek/2026_ROS_manipulator/open_manipulator_ws/install/robotis_interfaces/share/robotis_interfaces/package.ps1'
[260.819s] INFO:colcon.colcon_core.shell:Creating package descriptor '/home/jamiek/2026_ROS_manipulator/open_manipulator_ws/install/robotis_interfaces/share/robotis_interfaces/package.dsv'
[260.819s] INFO:colcon.colcon_core.shell:Creating package script '/home/jamiek/2026_ROS_manipulator/open_manipulator_ws/install/robotis_interfaces/share/robotis_interfaces/package.sh'
[260.820s] INFO:colcon.colcon_core.shell:Creating package script '/home/jamiek/2026_ROS_manipulator/open_manipulator_ws/install/robotis_interfaces/share/robotis_interfaces/package.bash'
[260.820s] INFO:colcon.colcon_core.shell:Creating package script '/home/jamiek/2026_ROS_manipulator/open_manipulator_ws/install/robotis_interfaces/share/robotis_interfaces/package.zsh'
[260.820s] Level 1:colcon.colcon_core.environment:create_file_with_runtime_dependencies(/home/jamiek/2026_ROS_manipulator/open_manipulator_ws/install/robotis_interfaces/share/colcon-core/packages/robotis_interfaces)
[260.821s] Level 1:colcon.colcon_core.environment:create_environment_scripts_only(robotis_interfaces)
[260.821s] Level 1:colcon.colcon_core.environment:checking '/home/jamiek/2026_ROS_manipulator/open_manipulator_ws/install/robotis_interfaces' for CMake module files
[260.822s] Level 1:colcon.colcon_core.environment:checking '/home/jamiek/2026_ROS_manipulator/open_manipulator_ws/install/robotis_interfaces' for CMake config files
[260.822s] Level 1:colcon.colcon_core.shell:create_environment_hook('robotis_interfaces', 'cmake_prefix_path')
[260.823s] INFO:colcon.colcon_core.shell:Creating environment hook '/home/jamiek/2026_ROS_manipulator/open_manipulator_ws/install/robotis_interfaces/share/robotis_interfaces/hook/cmake_prefix_path.ps1'
[260.823s] INFO:colcon.colcon_core.shell:Creating environment descriptor '/home/jamiek/2026_ROS_manipulator/open_manipulator_ws/install/robotis_interfaces/share/robotis_interfaces/hook/cmake_prefix_path.dsv'
[260.823s] INFO:colcon.colcon_core.shell:Creating environment hook '/home/jamiek/2026_ROS_manipulator/open_manipulator_ws/install/robotis_interfaces/share/robotis_interfaces/hook/cmake_prefix_path.sh'
[260.824s] Level 1:colcon.colcon_core.environment:checking '/home/jamiek/2026_ROS_manipulator/open_manipulator_ws/install/robotis_interfaces/lib'
[260.824s] Level 1:colcon.colcon_core.shell:create_environment_hook('robotis_interfaces', 'ld_library_path_lib')
[260.824s] INFO:colcon.colcon_core.shell:Creating environment hook '/home/jamiek/2026_ROS_manipulator/open_manipulator_ws/install/robotis_interfaces/share/robotis_interfaces/hook/ld_library_path_lib.ps1'
[260.824s] INFO:colcon.colcon_core.shell:Creating environment descriptor '/home/jamiek/2026_ROS_manipulator/open_manipulator_ws/install/robotis_interfaces/share/robotis_interfaces/hook/ld_library_path_lib.dsv'
[260.824s] INFO:colcon.colcon_core.shell:Creating environment hook '/home/jamiek/2026_ROS_manipulator/open_manipulator_ws/install/robotis_interfaces/share/robotis_interfaces/hook/ld_library_path_lib.sh'
[260.825s] Level 1:colcon.colcon_core.environment:checking '/home/jamiek/2026_ROS_manipulator/open_manipulator_ws/install/robotis_interfaces/bin'
[260.825s] Level 1:colcon.colcon_core.environment:checking '/home/jamiek/2026_ROS_manipulator/open_manipulator_ws/install/robotis_interfaces/lib/pkgconfig/robotis_interfaces.pc'
[260.825s] Level 1:colcon.colcon_core.environment:checking '/home/jamiek/2026_ROS_manipulator/open_manipulator_ws/install/robotis_interfaces/lib/python3.12/site-packages'
[260.825s] Level 1:colcon.colcon_core.shell:create_environment_hook('robotis_interfaces', 'pythonpath')
[260.825s] INFO:colcon.colcon_core.shell:Creating environment hook '/home/jamiek/2026_ROS_manipulator/open_manipulator_ws/install/robotis_interfaces/share/robotis_interfaces/hook/pythonpath.ps1'
[260.825s] INFO:colcon.colcon_core.shell:Creating environment descriptor '/home/jamiek/2026_ROS_manipulator/open_manipulator_ws/install/robotis_interfaces/share/robotis_interfaces/hook/pythonpath.dsv'
[260.826s] INFO:colcon.colcon_core.shell:Creating environment hook '/home/jamiek/2026_ROS_manipulator/open_manipulator_ws/install/robotis_interfaces/share/robotis_interfaces/hook/pythonpath.sh'
[260.826s] Level 1:colcon.colcon_core.environment:checking '/home/jamiek/2026_ROS_manipulator/open_manipulator_ws/install/robotis_interfaces/bin'
[260.826s] INFO:colcon.colcon_core.shell:Creating package script '/home/jamiek/2026_ROS_manipulator/open_manipulator_ws/install/robotis_interfaces/share/robotis_interfaces/package.ps1'
[260.827s] INFO:colcon.colcon_core.shell:Creating package descriptor '/home/jamiek/2026_ROS_manipulator/open_manipulator_ws/install/robotis_interfaces/share/robotis_interfaces/package.dsv'
[260.827s] INFO:colcon.colcon_core.shell:Creating package script '/home/jamiek/2026_ROS_manipulator/open_manipulator_ws/install/robotis_interfaces/share/robotis_interfaces/package.sh'
[260.828s] INFO:colcon.colcon_core.shell:Creating package script '/home/jamiek/2026_ROS_manipulator/open_manipulator_ws/install/robotis_interfaces/share/robotis_interfaces/package.bash'
[260.828s] INFO:colcon.colcon_core.shell:Creating package script '/home/jamiek/2026_ROS_manipulator/open_manipulator_ws/install/robotis_interfaces/share/robotis_interfaces/package.zsh'
[260.828s] Level 1:colcon.colcon_core.environment:create_file_with_runtime_dependencies(/home/jamiek/2026_ROS_manipulator/open_manipulator_ws/install/robotis_interfaces/share/colcon-core/packages/robotis_interfaces)
[260.829s] DEBUG:colcon.colcon_core.executor.sequential:run_until_complete 'robotis_interfaces' finished with '0'
[260.829s] DEBUG:colcon.colcon_core.executor.sequential:run_until_complete 'dynamixel_hardware_interface'
[260.829s] INFO:colcon.colcon_ros.task.ament_cmake.build:Building ROS package in '/home/jamiek/2026_ROS_manipulator/open_manipulator_ws/src/dynamixel_hardware_interface' with build type 'ament_cmake'
[260.829s] INFO:colcon.colcon_cmake.task.cmake.build:Building CMake package in '/home/jamiek/2026_ROS_manipulator/open_manipulator_ws/src/dynamixel_hardware_interface'
[260.829s] INFO:colcon.colcon_core.shell:Skip shell extension 'powershell' for command environment: Not usable outside of PowerShell
[260.829s] DEBUG:colcon.colcon_core.shell:Skip shell extension 'dsv' for command environment
[260.842s] DEBUG:colcon.colcon_core.event_handler.log_command:Invoking command in '/home/jamiek/2026_ROS_manipulator/open_manipulator_ws/build/dynamixel_hardware_interface': AMENT_PREFIX_PATH=/home/jamiek/2026_ROS_manipulator/open_manipulator_ws/install/dynamixel_sdk:/home/jamiek/2026_ROS_manipulator/open_manipulator_ws/install/dynamixel_interfaces:${AMENT_PREFIX_PATH} CMAKE_PREFIX_PATH=/home/jamiek/2026_ROS_manipulator/open_manipulator_ws/install/dynamixel_sdk:/home/jamiek/2026_ROS_manipulator/open_manipulator_ws/install/dynamixel_interfaces:/home/jamiek/2026_ROS_manipulator/ros_ws/install/user_interface:/opt/ros/jazzy/opt/gz_sim_vendor:/opt/ros/jazzy/opt/gz_sensors_vendor:/opt/ros/jazzy/opt/gz_physics_vendor:/opt/ros/jazzy/opt/sdformat_vendor:/opt/ros/jazzy/opt/gz_gui_vendor:/opt/ros/jazzy/opt/gz_transport_vendor:/opt/ros/jazzy/opt/gz_rendering_vendor:/opt/ros/jazzy/opt/gz_plugin_vendor:/opt/ros/jazzy/opt/gz_fuel_tools_vendor:/opt/ros/jazzy/opt/gz_msgs_vendor:/opt/ros/jazzy/opt/gz_common_vendor:/opt/ros/jazzy/opt/gz_math_vendor:/opt/ros/jazzy/opt/gz_utils_vendor:/opt/ros/jazzy/opt/gz_tools_vendor:/opt/ros/jazzy/opt/gz_ogre_next_vendor:/opt/ros/jazzy/opt/gz_dartsim_vendor:/opt/ros/jazzy/opt/gz_cmake_vendor:/home/jamiek/2026_ROS_manipulator/ros_ws/install/tf2_basic:/home/jamiek/2026_ROS_manipulator/ros_ws/install/ros_basic:/opt/ros/jazzy DEBUGINFOD_URLS=https://debuginfod.ubuntu.com LD_LIBRARY_PATH=/home/jamiek/2026_ROS_manipulator/open_manipulator_ws/install/dynamixel_sdk/lib:/home/jamiek/2026_ROS_manipulator/open_manipulator_ws/install/dynamixel_interfaces/lib:${LD_LIBRARY_PATH} PYTHONPATH=/home/jamiek/2026_ROS_manipulator/open_manipulator_ws/install/dynamixel_sdk/lib/python3.12/site-packages:/home/jamiek/2026_ROS_manipulator/open_manipulator_ws/install/dynamixel_interfaces/lib/python3.12/site-packages:${PYTHONPATH} /usr/bin/cmake /home/jamiek/2026_ROS_manipulator/open_manipulator_ws/src/dynamixel_hardware_interface -DCMAKE_BUILD_TYPE=Release -DAMENT_CMAKE_SYMLINK_INSTALL=1 -DCMAKE_INSTALL_PREFIX=/home/jamiek/2026_ROS_manipulator/open_manipulator_ws/install/dynamixel_hardware_interface
[262.682s] DEBUG:colcon.colcon_core.event_handler.log_command:Invoked command in '/home/jamiek/2026_ROS_manipulator/open_manipulator_ws/build/dynamixel_hardware_interface' returned '0': AMENT_PREFIX_PATH=/home/jamiek/2026_ROS_manipulator/open_manipulator_ws/install/dynamixel_sdk:/home/jamiek/2026_ROS_manipulator/open_manipulator_ws/install/dynamixel_interfaces:${AMENT_PREFIX_PATH} CMAKE_PREFIX_PATH=/home/jamiek/2026_ROS_manipulator/open_manipulator_ws/install/dynamixel_sdk:/home/jamiek/2026_ROS_manipulator/open_manipulator_ws/install/dynamixel_interfaces:/home/jamiek/2026_ROS_manipulator/ros_ws/install/user_interface:/opt/ros/jazzy/opt/gz_sim_vendor:/opt/ros/jazzy/opt/gz_sensors_vendor:/opt/ros/jazzy/opt/gz_physics_vendor:/opt/ros/jazzy/opt/sdformat_vendor:/opt/ros/jazzy/opt/gz_gui_vendor:/opt/ros/jazzy/opt/gz_transport_vendor:/opt/ros/jazzy/opt/gz_rendering_vendor:/opt/ros/jazzy/opt/gz_plugin_vendor:/opt/ros/jazzy/opt/gz_fuel_tools_vendor:/opt/ros/jazzy/opt/gz_msgs_vendor:/opt/ros/jazzy/opt/gz_common_vendor:/opt/ros/jazzy/opt/gz_math_vendor:/opt/ros/jazzy/opt/gz_utils_vendor:/opt/ros/jazzy/opt/gz_tools_vendor:/opt/ros/jazzy/opt/gz_ogre_next_vendor:/opt/ros/jazzy/opt/gz_dartsim_vendor:/opt/ros/jazzy/opt/gz_cmake_vendor:/home/jamiek/2026_ROS_manipulator/ros_ws/install/tf2_basic:/home/jamiek/2026_ROS_manipulator/ros_ws/install/ros_basic:/opt/ros/jazzy DEBUGINFOD_URLS=https://debuginfod.ubuntu.com LD_LIBRARY_PATH=/home/jamiek/2026_ROS_manipulator/open_manipulator_ws/install/dynamixel_sdk/lib:/home/jamiek/2026_ROS_manipulator/open_manipulator_ws/install/dynamixel_interfaces/lib:${LD_LIBRARY_PATH} PYTHONPATH=/home/jamiek/2026_ROS_manipulator/open_manipulator_ws/install/dynamixel_sdk/lib/python3.12/site-packages:/home/jamiek/2026_ROS_manipulator/open_manipulator_ws/install/dynamixel_interfaces/lib/python3.12/site-packages:${PYTHONPATH} /usr/bin/cmake /home/jamiek/2026_ROS_manipulator/open_manipulator_ws/src/dynamixel_hardware_interface -DCMAKE_BUILD_TYPE=Release -DAMENT_CMAKE_SYMLINK_INSTALL=1 -DCMAKE_INSTALL_PREFIX=/home/jamiek/2026_ROS_manipulator/open_manipulator_ws/install/dynamixel_hardware_interface
[262.683s] DEBUG:colcon.colcon_core.event_handler.log_command:Invoking command in '/home/jamiek/2026_ROS_manipulator/open_manipulator_ws/build/dynamixel_hardware_interface': AMENT_PREFIX_PATH=/home/jamiek/2026_ROS_manipulator/open_manipulator_ws/install/dynamixel_sdk:/home/jamiek/2026_ROS_manipulator/open_manipulator_ws/install/dynamixel_interfaces:${AMENT_PREFIX_PATH} CMAKE_PREFIX_PATH=/home/jamiek/2026_ROS_manipulator/open_manipulator_ws/install/dynamixel_sdk:/home/jamiek/2026_ROS_manipulator/open_manipulator_ws/install/dynamixel_interfaces:/home/jamiek/2026_ROS_manipulator/ros_ws/install/user_interface:/opt/ros/jazzy/opt/gz_sim_vendor:/opt/ros/jazzy/opt/gz_sensors_vendor:/opt/ros/jazzy/opt/gz_physics_vendor:/opt/ros/jazzy/opt/sdformat_vendor:/opt/ros/jazzy/opt/gz_gui_vendor:/opt/ros/jazzy/opt/gz_transport_vendor:/opt/ros/jazzy/opt/gz_rendering_vendor:/opt/ros/jazzy/opt/gz_plugin_vendor:/opt/ros/jazzy/opt/gz_fuel_tools_vendor:/opt/ros/jazzy/opt/gz_msgs_vendor:/opt/ros/jazzy/opt/gz_common_vendor:/opt/ros/jazzy/opt/gz_math_vendor:/opt/ros/jazzy/opt/gz_utils_vendor:/opt/ros/jazzy/opt/gz_tools_vendor:/opt/ros/jazzy/opt/gz_ogre_next_vendor:/opt/ros/jazzy/opt/gz_dartsim_vendor:/opt/ros/jazzy/opt/gz_cmake_vendor:/home/jamiek/2026_ROS_manipulator/ros_ws/install/tf2_basic:/home/jamiek/2026_ROS_manipulator/ros_ws/install/ros_basic:/opt/ros/jazzy DEBUGINFOD_URLS=https://debuginfod.ubuntu.com LD_LIBRARY_PATH=/home/jamiek/2026_ROS_manipulator/open_manipulator_ws/install/dynamixel_sdk/lib:/home/jamiek/2026_ROS_manipulator/open_manipulator_ws/install/dynamixel_interfaces/lib:${LD_LIBRARY_PATH} PYTHONPATH=/home/jamiek/2026_ROS_manipulator/open_manipulator_ws/install/dynamixel_sdk/lib/python3.12/site-packages:/home/jamiek/2026_ROS_manipulator/open_manipulator_ws/install/dynamixel_interfaces/lib/python3.12/site-packages:${PYTHONPATH} /usr/bin/cmake --build /home/jamiek/2026_ROS_manipulator/open_manipulator_ws/build/dynamixel_hardware_interface
[283.039s] DEBUG:colcon.colcon_core.event_handler.log_command:Invoked command in '/home/jamiek/2026_ROS_manipulator/open_manipulator_ws/build/dynamixel_hardware_interface' returned '0': AMENT_PREFIX_PATH=/home/jamiek/2026_ROS_manipulator/open_manipulator_ws/install/dynamixel_sdk:/home/jamiek/2026_ROS_manipulator/open_manipulator_ws/install/dynamixel_interfaces:${AMENT_PREFIX_PATH} CMAKE_PREFIX_PATH=/home/jamiek/2026_ROS_manipulator/open_manipulator_ws/install/dynamixel_sdk:/home/jamiek/2026_ROS_manipulator/open_manipulator_ws/install/dynamixel_interfaces:/home/jamiek/2026_ROS_manipulator/ros_ws/install/user_interface:/opt/ros/jazzy/opt/gz_sim_vendor:/opt/ros/jazzy/opt/gz_sensors_vendor:/opt/ros/jazzy/opt/gz_physics_vendor:/opt/ros/jazzy/opt/sdformat_vendor:/opt/ros/jazzy/opt/gz_gui_vendor:/opt/ros/jazzy/opt/gz_transport_vendor:/opt/ros/jazzy/opt/gz_rendering_vendor:/opt/ros/jazzy/opt/gz_plugin_vendor:/opt/ros/jazzy/opt/gz_fuel_tools_vendor:/opt/ros/jazzy/opt/gz_msgs_vendor:/opt/ros/jazzy/opt/gz_common_vendor:/opt/ros/jazzy/opt/gz_math_vendor:/opt/ros/jazzy/opt/gz_utils_vendor:/opt/ros/jazzy/opt/gz_tools_vendor:/opt/ros/jazzy/opt/gz_ogre_next_vendor:/opt/ros/jazzy/opt/gz_dartsim_vendor:/opt/ros/jazzy/opt/gz_cmake_vendor:/home/jamiek/2026_ROS_manipulator/ros_ws/install/tf2_basic:/home/jamiek/2026_ROS_manipulator/ros_ws/install/ros_basic:/opt/ros/jazzy DEBUGINFOD_URLS=https://debuginfod.ubuntu.com LD_LIBRARY_PATH=/home/jamiek/2026_ROS_manipulator/open_manipulator_ws/install/dynamixel_sdk/lib:/home/jamiek/2026_ROS_manipulator/open_manipulator_ws/install/dynamixel_interfaces/lib:${LD_LIBRARY_PATH} PYTHONPATH=/home/jamiek/2026_ROS_manipulator/open_manipulator_ws/install/dynamixel_sdk/lib/python3.12/site-packages:/home/jamiek/2026_ROS_manipulator/open_manipulator_ws/install/dynamixel_interfaces/lib/python3.12/site-packages:${PYTHONPATH} /usr/bin/cmake --build /home/jamiek/2026_ROS_manipulator/open_manipulator_ws/build/dynamixel_hardware_interface
[283.040s] DEBUG:colcon.colcon_core.event_handler.log_command:Invoking command in '/home/jamiek/2026_ROS_manipulator/open_manipulator_ws/build/dynamixel_hardware_interface': AMENT_PREFIX_PATH=/home/jamiek/2026_ROS_manipulator/open_manipulator_ws/install/dynamixel_sdk:/home/jamiek/2026_ROS_manipulator/open_manipulator_ws/install/dynamixel_interfaces:${AMENT_PREFIX_PATH} CMAKE_PREFIX_PATH=/home/jamiek/2026_ROS_manipulator/open_manipulator_ws/install/dynamixel_sdk:/home/jamiek/2026_ROS_manipulator/open_manipulator_ws/install/dynamixel_interfaces:/home/jamiek/2026_ROS_manipulator/ros_ws/install/user_interface:/opt/ros/jazzy/opt/gz_sim_vendor:/opt/ros/jazzy/opt/gz_sensors_vendor:/opt/ros/jazzy/opt/gz_physics_vendor:/opt/ros/jazzy/opt/sdformat_vendor:/opt/ros/jazzy/opt/gz_gui_vendor:/opt/ros/jazzy/opt/gz_transport_vendor:/opt/ros/jazzy/opt/gz_rendering_vendor:/opt/ros/jazzy/opt/gz_plugin_vendor:/opt/ros/jazzy/opt/gz_fuel_tools_vendor:/opt/ros/jazzy/opt/gz_msgs_vendor:/opt/ros/jazzy/opt/gz_common_vendor:/opt/ros/jazzy/opt/gz_math_vendor:/opt/ros/jazzy/opt/gz_utils_vendor:/opt/ros/jazzy/opt/gz_tools_vendor:/opt/ros/jazzy/opt/gz_ogre_next_vendor:/opt/ros/jazzy/opt/gz_dartsim_vendor:/opt/ros/jazzy/opt/gz_cmake_vendor:/home/jamiek/2026_ROS_manipulator/ros_ws/install/tf2_basic:/home/jamiek/2026_ROS_manipulator/ros_ws/install/ros_basic:/opt/ros/jazzy DEBUGINFOD_URLS=https://debuginfod.ubuntu.com LD_LIBRARY_PATH=/home/jamiek/2026_ROS_manipulator/open_manipulator_ws/install/dynamixel_sdk/lib:/home/jamiek/2026_ROS_manipulator/open_manipulator_ws/install/dynamixel_interfaces/lib:${LD_LIBRARY_PATH} PYTHONPATH=/home/jamiek/2026_ROS_manipulator/open_manipulator_ws/install/dynamixel_sdk/lib/python3.12/site-packages:/home/jamiek/2026_ROS_manipulator/open_manipulator_ws/install/dynamixel_interfaces/lib/python3.12/site-packages:${PYTHONPATH} /usr/bin/cmake --install /home/jamiek/2026_ROS_manipulator/open_manipulator_ws/build/dynamixel_hardware_interface
[284.811s] Level 1:colcon.colcon_core.environment:create_environment_scripts_only(dynamixel_hardware_interface)
[284.811s] Level 1:colcon.colcon_core.environment:checking '/home/jamiek/2026_ROS_manipulator/open_manipulator_ws/install/dynamixel_hardware_interface' for CMake module files
[284.812s] DEBUG:colcon.colcon_core.event_handler.log_command:Invoked command in '/home/jamiek/2026_ROS_manipulator/open_manipulator_ws/build/dynamixel_hardware_interface' returned '0': AMENT_PREFIX_PATH=/home/jamiek/2026_ROS_manipulator/open_manipulator_ws/install/dynamixel_sdk:/home/jamiek/2026_ROS_manipulator/open_manipulator_ws/install/dynamixel_interfaces:${AMENT_PREFIX_PATH} CMAKE_PREFIX_PATH=/home/jamiek/2026_ROS_manipulator/open_manipulator_ws/install/dynamixel_sdk:/home/jamiek/2026_ROS_manipulator/open_manipulator_ws/install/dynamixel_interfaces:/home/jamiek/2026_ROS_manipulator/ros_ws/install/user_interface:/opt/ros/jazzy/opt/gz_sim_vendor:/opt/ros/jazzy/opt/gz_sensors_vendor:/opt/ros/jazzy/opt/gz_physics_vendor:/opt/ros/jazzy/opt/sdformat_vendor:/opt/ros/jazzy/opt/gz_gui_vendor:/opt/ros/jazzy/opt/gz_transport_vendor:/opt/ros/jazzy/opt/gz_rendering_vendor:/opt/ros/jazzy/opt/gz_plugin_vendor:/opt/ros/jazzy/opt/gz_fuel_tools_vendor:/opt/ros/jazzy/opt/gz_msgs_vendor:/opt/ros/jazzy/opt/gz_common_vendor:/opt/ros/jazzy/opt/gz_math_vendor:/opt/ros/jazzy/opt/gz_utils_vendor:/opt/ros/jazzy/opt/gz_tools_vendor:/opt/ros/jazzy/opt/gz_ogre_next_vendor:/opt/ros/jazzy/opt/gz_dartsim_vendor:/opt/ros/jazzy/opt/gz_cmake_vendor:/home/jamiek/2026_ROS_manipulator/ros_ws/install/tf2_basic:/home/jamiek/2026_ROS_manipulator/ros_ws/install/ros_basic:/opt/ros/jazzy DEBUGINFOD_URLS=https://debuginfod.ubuntu.com LD_LIBRARY_PATH=/home/jamiek/2026_ROS_manipulator/open_manipulator_ws/install/dynamixel_sdk/lib:/home/jamiek/2026_ROS_manipulator/open_manipulator_ws/install/dynamixel_interfaces/lib:${LD_LIBRARY_PATH} PYTHONPATH=/home/jamiek/2026_ROS_manipulator/open_manipulator_ws/install/dynamixel_sdk/lib/python3.12/site-packages:/home/jamiek/2026_ROS_manipulator/open_manipulator_ws/install/dynamixel_interfaces/lib/python3.12/site-packages:${PYTHONPATH} /usr/bin/cmake --install /home/jamiek/2026_ROS_manipulator/open_manipulator_ws/build/dynamixel_hardware_interface
[284.812s] Level 1:colcon.colcon_core.environment:checking '/home/jamiek/2026_ROS_manipulator/open_manipulator_ws/install/dynamixel_hardware_interface' for CMake config files
[284.813s] Level 1:colcon.colcon_core.shell:create_environment_hook('dynamixel_hardware_interface', 'cmake_prefix_path')
[284.813s] INFO:colcon.colcon_core.shell:Creating environment hook '/home/jamiek/2026_ROS_manipulator/open_manipulator_ws/install/dynamixel_hardware_interface/share/dynamixel_hardware_interface/hook/cmake_prefix_path.ps1'
[284.814s] INFO:colcon.colcon_core.shell:Creating environment descriptor '/home/jamiek/2026_ROS_manipulator/open_manipulator_ws/install/dynamixel_hardware_interface/share/dynamixel_hardware_interface/hook/cmake_prefix_path.dsv'
[284.814s] INFO:colcon.colcon_core.shell:Creating environment hook '/home/jamiek/2026_ROS_manipulator/open_manipulator_ws/install/dynamixel_hardware_interface/share/dynamixel_hardware_interface/hook/cmake_prefix_path.sh'
[284.814s] Level 1:colcon.colcon_core.environment:checking '/home/jamiek/2026_ROS_manipulator/open_manipulator_ws/install/dynamixel_hardware_interface/lib'
[284.815s] Level 1:colcon.colcon_core.shell:create_environment_hook('dynamixel_hardware_interface', 'ld_library_path_lib')
[284.815s] INFO:colcon.colcon_core.shell:Creating environment hook '/home/jamiek/2026_ROS_manipulator/open_manipulator_ws/install/dynamixel_hardware_interface/share/dynamixel_hardware_interface/hook/ld_library_path_lib.ps1'
[284.815s] INFO:colcon.colcon_core.shell:Creating environment descriptor '/home/jamiek/2026_ROS_manipulator/open_manipulator_ws/install/dynamixel_hardware_interface/share/dynamixel_hardware_interface/hook/ld_library_path_lib.dsv'
[284.815s] INFO:colcon.colcon_core.shell:Creating environment hook '/home/jamiek/2026_ROS_manipulator/open_manipulator_ws/install/dynamixel_hardware_interface/share/dynamixel_hardware_interface/hook/ld_library_path_lib.sh'
[284.815s] Level 1:colcon.colcon_core.environment:checking '/home/jamiek/2026_ROS_manipulator/open_manipulator_ws/install/dynamixel_hardware_interface/bin'
[284.816s] Level 1:colcon.colcon_core.environment:checking '/home/jamiek/2026_ROS_manipulator/open_manipulator_ws/install/dynamixel_hardware_interface/lib/pkgconfig/dynamixel_hardware_interface.pc'
[284.816s] Level 1:colcon.colcon_core.environment:checking '/home/jamiek/2026_ROS_manipulator/open_manipulator_ws/install/dynamixel_hardware_interface/lib/python3.12/site-packages'
[284.816s] Level 1:colcon.colcon_core.environment:checking '/home/jamiek/2026_ROS_manipulator/open_manipulator_ws/install/dynamixel_hardware_interface/bin'
[284.816s] INFO:colcon.colcon_core.shell:Creating package script '/home/jamiek/2026_ROS_manipulator/open_manipulator_ws/install/dynamixel_hardware_interface/share/dynamixel_hardware_interface/package.ps1'
[284.817s] INFO:colcon.colcon_core.shell:Creating package descriptor '/home/jamiek/2026_ROS_manipulator/open_manipulator_ws/install/dynamixel_hardware_interface/share/dynamixel_hardware_interface/package.dsv'
[284.817s] INFO:colcon.colcon_core.shell:Creating package script '/home/jamiek/2026_ROS_manipulator/open_manipulator_ws/install/dynamixel_hardware_interface/share/dynamixel_hardware_interface/package.sh'
[284.817s] INFO:colcon.colcon_core.shell:Creating package script '/home/jamiek/2026_ROS_manipulator/open_manipulator_ws/install/dynamixel_hardware_interface/share/dynamixel_hardware_interface/package.bash'
[284.818s] INFO:colcon.colcon_core.shell:Creating package script '/home/jamiek/2026_ROS_manipulator/open_manipulator_ws/install/dynamixel_hardware_interface/share/dynamixel_hardware_interface/package.zsh'
[284.818s] Level 1:colcon.colcon_core.environment:create_file_with_runtime_dependencies(/home/jamiek/2026_ROS_manipulator/open_manipulator_ws/install/dynamixel_hardware_interface/share/colcon-core/packages/dynamixel_hardware_interface)
[284.818s] Level 1:colcon.colcon_core.environment:create_environment_scripts_only(dynamixel_hardware_interface)
[284.818s] Level 1:colcon.colcon_core.environment:checking '/home/jamiek/2026_ROS_manipulator/open_manipulator_ws/install/dynamixel_hardware_interface' for CMake module files
[284.819s] Level 1:colcon.colcon_core.environment:checking '/home/jamiek/2026_ROS_manipulator/open_manipulator_ws/install/dynamixel_hardware_interface' for CMake config files
[284.819s] Level 1:colcon.colcon_core.shell:create_environment_hook('dynamixel_hardware_interface', 'cmake_prefix_path')
[284.819s] INFO:colcon.colcon_core.shell:Creating environment hook '/home/jamiek/2026_ROS_manipulator/open_manipulator_ws/install/dynamixel_hardware_interface/share/dynamixel_hardware_interface/hook/cmake_prefix_path.ps1'
[284.820s] INFO:colcon.colcon_core.shell:Creating environment descriptor '/home/jamiek/2026_ROS_manipulator/open_manipulator_ws/install/dynamixel_hardware_interface/share/dynamixel_hardware_interface/hook/cmake_prefix_path.dsv'
[284.820s] INFO:colcon.colcon_core.shell:Creating environment hook '/home/jamiek/2026_ROS_manipulator/open_manipulator_ws/install/dynamixel_hardware_interface/share/dynamixel_hardware_interface/hook/cmake_prefix_path.sh'
[284.820s] Level 1:colcon.colcon_core.environment:checking '/home/jamiek/2026_ROS_manipulator/open_manipulator_ws/install/dynamixel_hardware_interface/lib'
[284.820s] Level 1:colcon.colcon_core.shell:create_environment_hook('dynamixel_hardware_interface', 'ld_library_path_lib')
[284.821s] INFO:colcon.colcon_core.shell:Creating environment hook '/home/jamiek/2026_ROS_manipulator/open_manipulator_ws/install/dynamixel_hardware_interface/share/dynamixel_hardware_interface/hook/ld_library_path_lib.ps1'
[284.821s] INFO:colcon.colcon_core.shell:Creating environment descriptor '/home/jamiek/2026_ROS_manipulator/open_manipulator_ws/install/dynamixel_hardware_interface/share/dynamixel_hardware_interface/hook/ld_library_path_lib.dsv'
[284.821s] INFO:colcon.colcon_core.shell:Creating environment hook '/home/jamiek/2026_ROS_manipulator/open_manipulator_ws/install/dynamixel_hardware_interface/share/dynamixel_hardware_interface/hook/ld_library_path_lib.sh'
[284.821s] Level 1:colcon.colcon_core.environment:checking '/home/jamiek/2026_ROS_manipulator/open_manipulator_ws/install/dynamixel_hardware_interface/bin'
[284.821s] Level 1:colcon.colcon_core.environment:checking '/home/jamiek/2026_ROS_manipulator/open_manipulator_ws/install/dynamixel_hardware_interface/lib/pkgconfig/dynamixel_hardware_interface.pc'
[284.822s] Level 1:colcon.colcon_core.environment:checking '/home/jamiek/2026_ROS_manipulator/open_manipulator_ws/install/dynamixel_hardware_interface/lib/python3.12/site-packages'
[284.822s] Level 1:colcon.colcon_core.environment:checking '/home/jamiek/2026_ROS_manipulator/open_manipulator_ws/install/dynamixel_hardware_interface/bin'
[284.822s] INFO:colcon.colcon_core.shell:Creating package script '/home/jamiek/2026_ROS_manipulator/open_manipulator_ws/install/dynamixel_hardware_interface/share/dynamixel_hardware_interface/package.ps1'
[284.823s] INFO:colcon.colcon_core.shell:Creating package descriptor '/home/jamiek/2026_ROS_manipulator/open_manipulator_ws/install/dynamixel_hardware_interface/share/dynamixel_hardware_interface/package.dsv'
[284.823s] INFO:colcon.colcon_core.shell:Creating package script '/home/jamiek/2026_ROS_manipulator/open_manipulator_ws/install/dynamixel_hardware_interface/share/dynamixel_hardware_interface/package.sh'
[284.827s] INFO:colcon.colcon_core.shell:Creating package script '/home/jamiek/2026_ROS_manipulator/open_manipulator_ws/install/dynamixel_hardware_interface/share/dynamixel_hardware_interface/package.bash'
[284.828s] INFO:colcon.colcon_core.shell:Creating package script '/home/jamiek/2026_ROS_manipulator/open_manipulator_ws/install/dynamixel_hardware_interface/share/dynamixel_hardware_interface/package.zsh'
[284.828s] Level 1:colcon.colcon_core.environment:create_file_with_runtime_dependencies(/home/jamiek/2026_ROS_manipulator/open_manipulator_ws/install/dynamixel_hardware_interface/share/colcon-core/packages/dynamixel_hardware_interface)
[284.828s] DEBUG:colcon.colcon_core.executor.sequential:run_until_complete 'dynamixel_hardware_interface' finished with '0'
[284.828s] DEBUG:colcon.colcon_core.executor.sequential:run_until_complete 'dynamixel_sdk_examples'
[284.828s] INFO:colcon.colcon_ros.task.ament_cmake.build:Building ROS package in '/home/jamiek/2026_ROS_manipulator/open_manipulator_ws/src/DynamixelSDK/ros/dynamixel_sdk_examples' with build type 'ament_cmake'
[284.828s] INFO:colcon.colcon_cmake.task.cmake.build:Building CMake package in '/home/jamiek/2026_ROS_manipulator/open_manipulator_ws/src/DynamixelSDK/ros/dynamixel_sdk_examples'
[284.829s] INFO:colcon.colcon_core.shell:Skip shell extension 'powershell' for command environment: Not usable outside of PowerShell
[284.829s] DEBUG:colcon.colcon_core.shell:Skip shell extension 'dsv' for command environment
[284.843s] DEBUG:colcon.colcon_core.event_handler.log_command:Invoking command in '/home/jamiek/2026_ROS_manipulator/open_manipulator_ws/build/dynamixel_sdk_examples': AMENT_PREFIX_PATH=/home/jamiek/2026_ROS_manipulator/open_manipulator_ws/install/dynamixel_sdk_custom_interfaces:/home/jamiek/2026_ROS_manipulator/open_manipulator_ws/install/dynamixel_sdk:${AMENT_PREFIX_PATH} CMAKE_PREFIX_PATH=/home/jamiek/2026_ROS_manipulator/open_manipulator_ws/install/dynamixel_sdk_custom_interfaces:/home/jamiek/2026_ROS_manipulator/open_manipulator_ws/install/dynamixel_sdk:/home/jamiek/2026_ROS_manipulator/ros_ws/install/user_interface:/opt/ros/jazzy/opt/gz_sim_vendor:/opt/ros/jazzy/opt/gz_sensors_vendor:/opt/ros/jazzy/opt/gz_physics_vendor:/opt/ros/jazzy/opt/sdformat_vendor:/opt/ros/jazzy/opt/gz_gui_vendor:/opt/ros/jazzy/opt/gz_transport_vendor:/opt/ros/jazzy/opt/gz_rendering_vendor:/opt/ros/jazzy/opt/gz_plugin_vendor:/opt/ros/jazzy/opt/gz_fuel_tools_vendor:/opt/ros/jazzy/opt/gz_msgs_vendor:/opt/ros/jazzy/opt/gz_common_vendor:/opt/ros/jazzy/opt/gz_math_vendor:/opt/ros/jazzy/opt/gz_utils_vendor:/opt/ros/jazzy/opt/gz_tools_vendor:/opt/ros/jazzy/opt/gz_ogre_next_vendor:/opt/ros/jazzy/opt/gz_dartsim_vendor:/opt/ros/jazzy/opt/gz_cmake_vendor:/home/jamiek/2026_ROS_manipulator/ros_ws/install/tf2_basic:/home/jamiek/2026_ROS_manipulator/ros_ws/install/ros_basic:/opt/ros/jazzy DEBUGINFOD_URLS=https://debuginfod.ubuntu.com LD_LIBRARY_PATH=/home/jamiek/2026_ROS_manipulator/open_manipulator_ws/install/dynamixel_sdk_custom_interfaces/lib:/home/jamiek/2026_ROS_manipulator/open_manipulator_ws/install/dynamixel_sdk/lib:${LD_LIBRARY_PATH} PYTHONPATH=/home/jamiek/2026_ROS_manipulator/open_manipulator_ws/install/dynamixel_sdk_custom_interfaces/lib/python3.12/site-packages:/home/jamiek/2026_ROS_manipulator/open_manipulator_ws/install/dynamixel_sdk/lib/python3.12/site-packages:${PYTHONPATH} /usr/bin/cmake /home/jamiek/2026_ROS_manipulator/open_manipulator_ws/src/DynamixelSDK/ros/dynamixel_sdk_examples -DCMAKE_BUILD_TYPE=Release -DAMENT_CMAKE_SYMLINK_INSTALL=1 -DCMAKE_INSTALL_PREFIX=/home/jamiek/2026_ROS_manipulator/open_manipulator_ws/install/dynamixel_sdk_examples
[285.440s] DEBUG:colcon.colcon_core.event_handler.log_command:Invoked command in '/home/jamiek/2026_ROS_manipulator/open_manipulator_ws/build/dynamixel_sdk_examples' returned '0': AMENT_PREFIX_PATH=/home/jamiek/2026_ROS_manipulator/open_manipulator_ws/install/dynamixel_sdk_custom_interfaces:/home/jamiek/2026_ROS_manipulator/open_manipulator_ws/install/dynamixel_sdk:${AMENT_PREFIX_PATH} CMAKE_PREFIX_PATH=/home/jamiek/2026_ROS_manipulator/open_manipulator_ws/install/dynamixel_sdk_custom_interfaces:/home/jamiek/2026_ROS_manipulator/open_manipulator_ws/install/dynamixel_sdk:/home/jamiek/2026_ROS_manipulator/ros_ws/install/user_interface:/opt/ros/jazzy/opt/gz_sim_vendor:/opt/ros/jazzy/opt/gz_sensors_vendor:/opt/ros/jazzy/opt/gz_physics_vendor:/opt/ros/jazzy/opt/sdformat_vendor:/opt/ros/jazzy/opt/gz_gui_vendor:/opt/ros/jazzy/opt/gz_transport_vendor:/opt/ros/jazzy/opt/gz_rendering_vendor:/opt/ros/jazzy/opt/gz_plugin_vendor:/opt/ros/jazzy/opt/gz_fuel_tools_vendor:/opt/ros/jazzy/opt/gz_msgs_vendor:/opt/ros/jazzy/opt/gz_common_vendor:/opt/ros/jazzy/opt/gz_math_vendor:/opt/ros/jazzy/opt/gz_utils_vendor:/opt/ros/jazzy/opt/gz_tools_vendor:/opt/ros/jazzy/opt/gz_ogre_next_vendor:/opt/ros/jazzy/opt/gz_dartsim_vendor:/opt/ros/jazzy/opt/gz_cmake_vendor:/home/jamiek/2026_ROS_manipulator/ros_ws/install/tf2_basic:/home/jamiek/2026_ROS_manipulator/ros_ws/install/ros_basic:/opt/ros/jazzy DEBUGINFOD_URLS=https://debuginfod.ubuntu.com LD_LIBRARY_PATH=/home/jamiek/2026_ROS_manipulator/open_manipulator_ws/install/dynamixel_sdk_custom_interfaces/lib:/home/jamiek/2026_ROS_manipulator/open_manipulator_ws/install/dynamixel_sdk/lib:${LD_LIBRARY_PATH} PYTHONPATH=/home/jamiek/2026_ROS_manipulator/open_manipulator_ws/install/dynamixel_sdk_custom_interfaces/lib/python3.12/site-packages:/home/jamiek/2026_ROS_manipulator/open_manipulator_ws/install/dynamixel_sdk/lib/python3.12/site-packages:${PYTHONPATH} /usr/bin/cmake /home/jamiek/2026_ROS_manipulator/open_manipulator_ws/src/DynamixelSDK/ros/dynamixel_sdk_examples -DCMAKE_BUILD_TYPE=Release -DAMENT_CMAKE_SYMLINK_INSTALL=1 -DCMAKE_INSTALL_PREFIX=/home/jamiek/2026_ROS_manipulator/open_manipulator_ws/install/dynamixel_sdk_examples
[285.441s] DEBUG:colcon.colcon_core.event_handler.log_command:Invoking command in '/home/jamiek/2026_ROS_manipulator/open_manipulator_ws/build/dynamixel_sdk_examples': AMENT_PREFIX_PATH=/home/jamiek/2026_ROS_manipulator/open_manipulator_ws/install/dynamixel_sdk_custom_interfaces:/home/jamiek/2026_ROS_manipulator/open_manipulator_ws/install/dynamixel_sdk:${AMENT_PREFIX_PATH} CMAKE_PREFIX_PATH=/home/jamiek/2026_ROS_manipulator/open_manipulator_ws/install/dynamixel_sdk_custom_interfaces:/home/jamiek/2026_ROS_manipulator/open_manipulator_ws/install/dynamixel_sdk:/home/jamiek/2026_ROS_manipulator/ros_ws/install/user_interface:/opt/ros/jazzy/opt/gz_sim_vendor:/opt/ros/jazzy/opt/gz_sensors_vendor:/opt/ros/jazzy/opt/gz_physics_vendor:/opt/ros/jazzy/opt/sdformat_vendor:/opt/ros/jazzy/opt/gz_gui_vendor:/opt/ros/jazzy/opt/gz_transport_vendor:/opt/ros/jazzy/opt/gz_rendering_vendor:/opt/ros/jazzy/opt/gz_plugin_vendor:/opt/ros/jazzy/opt/gz_fuel_tools_vendor:/opt/ros/jazzy/opt/gz_msgs_vendor:/opt/ros/jazzy/opt/gz_common_vendor:/opt/ros/jazzy/opt/gz_math_vendor:/opt/ros/jazzy/opt/gz_utils_vendor:/opt/ros/jazzy/opt/gz_tools_vendor:/opt/ros/jazzy/opt/gz_ogre_next_vendor:/opt/ros/jazzy/opt/gz_dartsim_vendor:/opt/ros/jazzy/opt/gz_cmake_vendor:/home/jamiek/2026_ROS_manipulator/ros_ws/install/tf2_basic:/home/jamiek/2026_ROS_manipulator/ros_ws/install/ros_basic:/opt/ros/jazzy DEBUGINFOD_URLS=https://debuginfod.ubuntu.com LD_LIBRARY_PATH=/home/jamiek/2026_ROS_manipulator/open_manipulator_ws/install/dynamixel_sdk_custom_interfaces/lib:/home/jamiek/2026_ROS_manipulator/open_manipulator_ws/install/dynamixel_sdk/lib:${LD_LIBRARY_PATH} PYTHONPATH=/home/jamiek/2026_ROS_manipulator/open_manipulator_ws/install/dynamixel_sdk_custom_interfaces/lib/python3.12/site-packages:/home/jamiek/2026_ROS_manipulator/open_manipulator_ws/install/dynamixel_sdk/lib/python3.12/site-packages:${PYTHONPATH} /usr/bin/cmake --build /home/jamiek/2026_ROS_manipulator/open_manipulator_ws/build/dynamixel_sdk_examples
[293.557s] DEBUG:colcon.colcon_core.event_handler.log_command:Invoked command in '/home/jamiek/2026_ROS_manipulator/open_manipulator_ws/build/dynamixel_sdk_examples' returned '0': AMENT_PREFIX_PATH=/home/jamiek/2026_ROS_manipulator/open_manipulator_ws/install/dynamixel_sdk_custom_interfaces:/home/jamiek/2026_ROS_manipulator/open_manipulator_ws/install/dynamixel_sdk:${AMENT_PREFIX_PATH} CMAKE_PREFIX_PATH=/home/jamiek/2026_ROS_manipulator/open_manipulator_ws/install/dynamixel_sdk_custom_interfaces:/home/jamiek/2026_ROS_manipulator/open_manipulator_ws/install/dynamixel_sdk:/home/jamiek/2026_ROS_manipulator/ros_ws/install/user_interface:/opt/ros/jazzy/opt/gz_sim_vendor:/opt/ros/jazzy/opt/gz_sensors_vendor:/opt/ros/jazzy/opt/gz_physics_vendor:/opt/ros/jazzy/opt/sdformat_vendor:/opt/ros/jazzy/opt/gz_gui_vendor:/opt/ros/jazzy/opt/gz_transport_vendor:/opt/ros/jazzy/opt/gz_rendering_vendor:/opt/ros/jazzy/opt/gz_plugin_vendor:/opt/ros/jazzy/opt/gz_fuel_tools_vendor:/opt/ros/jazzy/opt/gz_msgs_vendor:/opt/ros/jazzy/opt/gz_common_vendor:/opt/ros/jazzy/opt/gz_math_vendor:/opt/ros/jazzy/opt/gz_utils_vendor:/opt/ros/jazzy/opt/gz_tools_vendor:/opt/ros/jazzy/opt/gz_ogre_next_vendor:/opt/ros/jazzy/opt/gz_dartsim_vendor:/opt/ros/jazzy/opt/gz_cmake_vendor:/home/jamiek/2026_ROS_manipulator/ros_ws/install/tf2_basic:/home/jamiek/2026_ROS_manipulator/ros_ws/install/ros_basic:/opt/ros/jazzy DEBUGINFOD_URLS=https://debuginfod.ubuntu.com LD_LIBRARY_PATH=/home/jamiek/2026_ROS_manipulator/open_manipulator_ws/install/dynamixel_sdk_custom_interfaces/lib:/home/jamiek/2026_ROS_manipulator/open_manipulator_ws/install/dynamixel_sdk/lib:${LD_LIBRARY_PATH} PYTHONPATH=/home/jamiek/2026_ROS_manipulator/open_manipulator_ws/install/dynamixel_sdk_custom_interfaces/lib/python3.12/site-packages:/home/jamiek/2026_ROS_manipulator/open_manipulator_ws/install/dynamixel_sdk/lib/python3.12/site-packages:${PYTHONPATH} /usr/bin/cmake --build /home/jamiek/2026_ROS_manipulator/open_manipulator_ws/build/dynamixel_sdk_examples
[293.558s] DEBUG:colcon.colcon_core.event_handler.log_command:Invoking command in '/home/jamiek/2026_ROS_manipulator/open_manipulator_ws/build/dynamixel_sdk_examples': AMENT_PREFIX_PATH=/home/jamiek/2026_ROS_manipulator/open_manipulator_ws/install/dynamixel_sdk_custom_interfaces:/home/jamiek/2026_ROS_manipulator/open_manipulator_ws/install/dynamixel_sdk:${AMENT_PREFIX_PATH} CMAKE_PREFIX_PATH=/home/jamiek/2026_ROS_manipulator/open_manipulator_ws/install/dynamixel_sdk_custom_interfaces:/home/jamiek/2026_ROS_manipulator/open_manipulator_ws/install/dynamixel_sdk:/home/jamiek/2026_ROS_manipulator/ros_ws/install/user_interface:/opt/ros/jazzy/opt/gz_sim_vendor:/opt/ros/jazzy/opt/gz_sensors_vendor:/opt/ros/jazzy/opt/gz_physics_vendor:/opt/ros/jazzy/opt/sdformat_vendor:/opt/ros/jazzy/opt/gz_gui_vendor:/opt/ros/jazzy/opt/gz_transport_vendor:/opt/ros/jazzy/opt/gz_rendering_vendor:/opt/ros/jazzy/opt/gz_plugin_vendor:/opt/ros/jazzy/opt/gz_fuel_tools_vendor:/opt/ros/jazzy/opt/gz_msgs_vendor:/opt/ros/jazzy/opt/gz_common_vendor:/opt/ros/jazzy/opt/gz_math_vendor:/opt/ros/jazzy/opt/gz_utils_vendor:/opt/ros/jazzy/opt/gz_tools_vendor:/opt/ros/jazzy/opt/gz_ogre_next_vendor:/opt/ros/jazzy/opt/gz_dartsim_vendor:/opt/ros/jazzy/opt/gz_cmake_vendor:/home/jamiek/2026_ROS_manipulator/ros_ws/install/tf2_basic:/home/jamiek/2026_ROS_manipulator/ros_ws/install/ros_basic:/opt/ros/jazzy DEBUGINFOD_URLS=https://debuginfod.ubuntu.com LD_LIBRARY_PATH=/home/jamiek/2026_ROS_manipulator/open_manipulator_ws/install/dynamixel_sdk_custom_interfaces/lib:/home/jamiek/2026_ROS_manipulator/open_manipulator_ws/install/dynamixel_sdk/lib:${LD_LIBRARY_PATH} PYTHONPATH=/home/jamiek/2026_ROS_manipulator/open_manipulator_ws/install/dynamixel_sdk_custom_interfaces/lib/python3.12/site-packages:/home/jamiek/2026_ROS_manipulator/open_manipulator_ws/install/dynamixel_sdk/lib/python3.12/site-packages:${PYTHONPATH} /usr/bin/cmake --install /home/jamiek/2026_ROS_manipulator/open_manipulator_ws/build/dynamixel_sdk_examples
[293.774s] Level 1:colcon.colcon_core.environment:create_environment_scripts_only(dynamixel_sdk_examples)
[293.774s] Level 1:colcon.colcon_core.environment:checking '/home/jamiek/2026_ROS_manipulator/open_manipulator_ws/install/dynamixel_sdk_examples' for CMake module files
[293.774s] DEBUG:colcon.colcon_core.event_handler.log_command:Invoked command in '/home/jamiek/2026_ROS_manipulator/open_manipulator_ws/build/dynamixel_sdk_examples' returned '0': AMENT_PREFIX_PATH=/home/jamiek/2026_ROS_manipulator/open_manipulator_ws/install/dynamixel_sdk_custom_interfaces:/home/jamiek/2026_ROS_manipulator/open_manipulator_ws/install/dynamixel_sdk:${AMENT_PREFIX_PATH} CMAKE_PREFIX_PATH=/home/jamiek/2026_ROS_manipulator/open_manipulator_ws/install/dynamixel_sdk_custom_interfaces:/home/jamiek/2026_ROS_manipulator/open_manipulator_ws/install/dynamixel_sdk:/home/jamiek/2026_ROS_manipulator/ros_ws/install/user_interface:/opt/ros/jazzy/opt/gz_sim_vendor:/opt/ros/jazzy/opt/gz_sensors_vendor:/opt/ros/jazzy/opt/gz_physics_vendor:/opt/ros/jazzy/opt/sdformat_vendor:/opt/ros/jazzy/opt/gz_gui_vendor:/opt/ros/jazzy/opt/gz_transport_vendor:/opt/ros/jazzy/opt/gz_rendering_vendor:/opt/ros/jazzy/opt/gz_plugin_vendor:/opt/ros/jazzy/opt/gz_fuel_tools_vendor:/opt/ros/jazzy/opt/gz_msgs_vendor:/opt/ros/jazzy/opt/gz_common_vendor:/opt/ros/jazzy/opt/gz_math_vendor:/opt/ros/jazzy/opt/gz_utils_vendor:/opt/ros/jazzy/opt/gz_tools_vendor:/opt/ros/jazzy/opt/gz_ogre_next_vendor:/opt/ros/jazzy/opt/gz_dartsim_vendor:/opt/ros/jazzy/opt/gz_cmake_vendor:/home/jamiek/2026_ROS_manipulator/ros_ws/install/tf2_basic:/home/jamiek/2026_ROS_manipulator/ros_ws/install/ros_basic:/opt/ros/jazzy DEBUGINFOD_URLS=https://debuginfod.ubuntu.com LD_LIBRARY_PATH=/home/jamiek/2026_ROS_manipulator/open_manipulator_ws/install/dynamixel_sdk_custom_interfaces/lib:/home/jamiek/2026_ROS_manipulator/open_manipulator_ws/install/dynamixel_sdk/lib:${LD_LIBRARY_PATH} PYTHONPATH=/home/jamiek/2026_ROS_manipulator/open_manipulator_ws/install/dynamixel_sdk_custom_interfaces/lib/python3.12/site-packages:/home/jamiek/2026_ROS_manipulator/open_manipulator_ws/install/dynamixel_sdk/lib/python3.12/site-packages:${PYTHONPATH} /usr/bin/cmake --install /home/jamiek/2026_ROS_manipulator/open_manipulator_ws/build/dynamixel_sdk_examples
[293.775s] Level 1:colcon.colcon_core.environment:checking '/home/jamiek/2026_ROS_manipulator/open_manipulator_ws/install/dynamixel_sdk_examples' for CMake config files
[293.775s] Level 1:colcon.colcon_core.shell:create_environment_hook('dynamixel_sdk_examples', 'cmake_prefix_path')
[293.776s] INFO:colcon.colcon_core.shell:Creating environment hook '/home/jamiek/2026_ROS_manipulator/open_manipulator_ws/install/dynamixel_sdk_examples/share/dynamixel_sdk_examples/hook/cmake_prefix_path.ps1'
[293.776s] INFO:colcon.colcon_core.shell:Creating environment descriptor '/home/jamiek/2026_ROS_manipulator/open_manipulator_ws/install/dynamixel_sdk_examples/share/dynamixel_sdk_examples/hook/cmake_prefix_path.dsv'
[293.776s] INFO:colcon.colcon_core.shell:Creating environment hook '/home/jamiek/2026_ROS_manipulator/open_manipulator_ws/install/dynamixel_sdk_examples/share/dynamixel_sdk_examples/hook/cmake_prefix_path.sh'
[293.777s] Level 1:colcon.colcon_core.environment:checking '/home/jamiek/2026_ROS_manipulator/open_manipulator_ws/install/dynamixel_sdk_examples/lib'
[293.777s] Level 1:colcon.colcon_core.environment:checking '/home/jamiek/2026_ROS_manipulator/open_manipulator_ws/install/dynamixel_sdk_examples/bin'
[293.777s] Level 1:colcon.colcon_core.environment:checking '/home/jamiek/2026_ROS_manipulator/open_manipulator_ws/install/dynamixel_sdk_examples/lib/pkgconfig/dynamixel_sdk_examples.pc'
[293.777s] Level 1:colcon.colcon_core.environment:checking '/home/jamiek/2026_ROS_manipulator/open_manipulator_ws/install/dynamixel_sdk_examples/lib/python3.12/site-packages'
[293.777s] Level 1:colcon.colcon_core.environment:checking '/home/jamiek/2026_ROS_manipulator/open_manipulator_ws/install/dynamixel_sdk_examples/bin'
[293.778s] INFO:colcon.colcon_core.shell:Creating package script '/home/jamiek/2026_ROS_manipulator/open_manipulator_ws/install/dynamixel_sdk_examples/share/dynamixel_sdk_examples/package.ps1'
[293.778s] INFO:colcon.colcon_core.shell:Creating package descriptor '/home/jamiek/2026_ROS_manipulator/open_manipulator_ws/install/dynamixel_sdk_examples/share/dynamixel_sdk_examples/package.dsv'
[293.778s] INFO:colcon.colcon_core.shell:Creating package script '/home/jamiek/2026_ROS_manipulator/open_manipulator_ws/install/dynamixel_sdk_examples/share/dynamixel_sdk_examples/package.sh'
[293.779s] INFO:colcon.colcon_core.shell:Creating package script '/home/jamiek/2026_ROS_manipulator/open_manipulator_ws/install/dynamixel_sdk_examples/share/dynamixel_sdk_examples/package.bash'
[293.779s] INFO:colcon.colcon_core.shell:Creating package script '/home/jamiek/2026_ROS_manipulator/open_manipulator_ws/install/dynamixel_sdk_examples/share/dynamixel_sdk_examples/package.zsh'
[293.779s] Level 1:colcon.colcon_core.environment:create_file_with_runtime_dependencies(/home/jamiek/2026_ROS_manipulator/open_manipulator_ws/install/dynamixel_sdk_examples/share/colcon-core/packages/dynamixel_sdk_examples)
[293.779s] Level 1:colcon.colcon_core.environment:create_environment_scripts_only(dynamixel_sdk_examples)
[293.779s] Level 1:colcon.colcon_core.environment:checking '/home/jamiek/2026_ROS_manipulator/open_manipulator_ws/install/dynamixel_sdk_examples' for CMake module files
[293.780s] Level 1:colcon.colcon_core.environment:checking '/home/jamiek/2026_ROS_manipulator/open_manipulator_ws/install/dynamixel_sdk_examples' for CMake config files
[293.780s] Level 1:colcon.colcon_core.shell:create_environment_hook('dynamixel_sdk_examples', 'cmake_prefix_path')
[293.780s] INFO:colcon.colcon_core.shell:Creating environment hook '/home/jamiek/2026_ROS_manipulator/open_manipulator_ws/install/dynamixel_sdk_examples/share/dynamixel_sdk_examples/hook/cmake_prefix_path.ps1'
[293.781s] INFO:colcon.colcon_core.shell:Creating environment descriptor '/home/jamiek/2026_ROS_manipulator/open_manipulator_ws/install/dynamixel_sdk_examples/share/dynamixel_sdk_examples/hook/cmake_prefix_path.dsv'
[293.781s] INFO:colcon.colcon_core.shell:Creating environment hook '/home/jamiek/2026_ROS_manipulator/open_manipulator_ws/install/dynamixel_sdk_examples/share/dynamixel_sdk_examples/hook/cmake_prefix_path.sh'
[293.781s] Level 1:colcon.colcon_core.environment:checking '/home/jamiek/2026_ROS_manipulator/open_manipulator_ws/install/dynamixel_sdk_examples/lib'
[293.781s] Level 1:colcon.colcon_core.environment:checking '/home/jamiek/2026_ROS_manipulator/open_manipulator_ws/install/dynamixel_sdk_examples/bin'
[293.781s] Level 1:colcon.colcon_core.environment:checking '/home/jamiek/2026_ROS_manipulator/open_manipulator_ws/install/dynamixel_sdk_examples/lib/pkgconfig/dynamixel_sdk_examples.pc'
[293.782s] Level 1:colcon.colcon_core.environment:checking '/home/jamiek/2026_ROS_manipulator/open_manipulator_ws/install/dynamixel_sdk_examples/lib/python3.12/site-packages'
[293.782s] Level 1:colcon.colcon_core.environment:checking '/home/jamiek/2026_ROS_manipulator/open_manipulator_ws/install/dynamixel_sdk_examples/bin'
[293.782s] INFO:colcon.colcon_core.shell:Creating package script '/home/jamiek/2026_ROS_manipulator/open_manipulator_ws/install/dynamixel_sdk_examples/share/dynamixel_sdk_examples/package.ps1'
[293.782s] INFO:colcon.colcon_core.shell:Creating package descriptor '/home/jamiek/2026_ROS_manipulator/open_manipulator_ws/install/dynamixel_sdk_examples/share/dynamixel_sdk_examples/package.dsv'
[293.783s] INFO:colcon.colcon_core.shell:Creating package script '/home/jamiek/2026_ROS_manipulator/open_manipulator_ws/install/dynamixel_sdk_examples/share/dynamixel_sdk_examples/package.sh'
[293.783s] INFO:colcon.colcon_core.shell:Creating package script '/home/jamiek/2026_ROS_manipulator/open_manipulator_ws/install/dynamixel_sdk_examples/share/dynamixel_sdk_examples/package.bash'
[293.784s] INFO:colcon.colcon_core.shell:Creating package script '/home/jamiek/2026_ROS_manipulator/open_manipulator_ws/install/dynamixel_sdk_examples/share/dynamixel_sdk_examples/package.zsh'
[293.784s] Level 1:colcon.colcon_core.environment:create_file_with_runtime_dependencies(/home/jamiek/2026_ROS_manipulator/open_manipulator_ws/install/dynamixel_sdk_examples/share/colcon-core/packages/dynamixel_sdk_examples)
[293.784s] DEBUG:colcon.colcon_core.executor.sequential:run_until_complete 'dynamixel_sdk_examples' finished with '0'
[293.784s] DEBUG:colcon.colcon_core.executor.sequential:run_until_complete 'open_manipulator_moveit_config'
[293.784s] INFO:colcon.colcon_ros.task.ament_cmake.build:Building ROS package in '/home/jamiek/2026_ROS_manipulator/open_manipulator_ws/src/open_manipulator/open_manipulator_moveit_config' with build type 'ament_cmake'
[293.784s] INFO:colcon.colcon_cmake.task.cmake.build:Building CMake package in '/home/jamiek/2026_ROS_manipulator/open_manipulator_ws/src/open_manipulator/open_manipulator_moveit_config'
[293.784s] INFO:colcon.colcon_core.shell:Skip shell extension 'powershell' for command environment: Not usable outside of PowerShell
[293.785s] DEBUG:colcon.colcon_core.shell:Skip shell extension 'dsv' for command environment
[293.793s] DEBUG:colcon.colcon_core.event_handler.log_command:Invoking command in '/home/jamiek/2026_ROS_manipulator/open_manipulator_ws/build/open_manipulator_moveit_config': AMENT_PREFIX_PATH=/home/jamiek/2026_ROS_manipulator/open_manipulator_ws/install/open_manipulator_description:${AMENT_PREFIX_PATH} CMAKE_PREFIX_PATH=/home/jamiek/2026_ROS_manipulator/open_manipulator_ws/install/open_manipulator_description:/home/jamiek/2026_ROS_manipulator/ros_ws/install/user_interface:/opt/ros/jazzy/opt/gz_sim_vendor:/opt/ros/jazzy/opt/gz_sensors_vendor:/opt/ros/jazzy/opt/gz_physics_vendor:/opt/ros/jazzy/opt/sdformat_vendor:/opt/ros/jazzy/opt/gz_gui_vendor:/opt/ros/jazzy/opt/gz_transport_vendor:/opt/ros/jazzy/opt/gz_rendering_vendor:/opt/ros/jazzy/opt/gz_plugin_vendor:/opt/ros/jazzy/opt/gz_fuel_tools_vendor:/opt/ros/jazzy/opt/gz_msgs_vendor:/opt/ros/jazzy/opt/gz_common_vendor:/opt/ros/jazzy/opt/gz_math_vendor:/opt/ros/jazzy/opt/gz_utils_vendor:/opt/ros/jazzy/opt/gz_tools_vendor:/opt/ros/jazzy/opt/gz_ogre_next_vendor:/opt/ros/jazzy/opt/gz_dartsim_vendor:/opt/ros/jazzy/opt/gz_cmake_vendor:/home/jamiek/2026_ROS_manipulator/ros_ws/install/tf2_basic:/home/jamiek/2026_ROS_manipulator/ros_ws/install/ros_basic:/opt/ros/jazzy DEBUGINFOD_URLS=https://debuginfod.ubuntu.com /usr/bin/cmake /home/jamiek/2026_ROS_manipulator/open_manipulator_ws/src/open_manipulator/open_manipulator_moveit_config -DCMAKE_BUILD_TYPE=Release -DAMENT_CMAKE_SYMLINK_INSTALL=1 -DCMAKE_INSTALL_PREFIX=/home/jamiek/2026_ROS_manipulator/open_manipulator_ws/install/open_manipulator_moveit_config
[294.099s] DEBUG:colcon.colcon_core.event_handler.log_command:Invoked command in '/home/jamiek/2026_ROS_manipulator/open_manipulator_ws/build/open_manipulator_moveit_config' returned '0': AMENT_PREFIX_PATH=/home/jamiek/2026_ROS_manipulator/open_manipulator_ws/install/open_manipulator_description:${AMENT_PREFIX_PATH} CMAKE_PREFIX_PATH=/home/jamiek/2026_ROS_manipulator/open_manipulator_ws/install/open_manipulator_description:/home/jamiek/2026_ROS_manipulator/ros_ws/install/user_interface:/opt/ros/jazzy/opt/gz_sim_vendor:/opt/ros/jazzy/opt/gz_sensors_vendor:/opt/ros/jazzy/opt/gz_physics_vendor:/opt/ros/jazzy/opt/sdformat_vendor:/opt/ros/jazzy/opt/gz_gui_vendor:/opt/ros/jazzy/opt/gz_transport_vendor:/opt/ros/jazzy/opt/gz_rendering_vendor:/opt/ros/jazzy/opt/gz_plugin_vendor:/opt/ros/jazzy/opt/gz_fuel_tools_vendor:/opt/ros/jazzy/opt/gz_msgs_vendor:/opt/ros/jazzy/opt/gz_common_vendor:/opt/ros/jazzy/opt/gz_math_vendor:/opt/ros/jazzy/opt/gz_utils_vendor:/opt/ros/jazzy/opt/gz_tools_vendor:/opt/ros/jazzy/opt/gz_ogre_next_vendor:/opt/ros/jazzy/opt/gz_dartsim_vendor:/opt/ros/jazzy/opt/gz_cmake_vendor:/home/jamiek/2026_ROS_manipulator/ros_ws/install/tf2_basic:/home/jamiek/2026_ROS_manipulator/ros_ws/install/ros_basic:/opt/ros/jazzy DEBUGINFOD_URLS=https://debuginfod.ubuntu.com /usr/bin/cmake /home/jamiek/2026_ROS_manipulator/open_manipulator_ws/src/open_manipulator/open_manipulator_moveit_config -DCMAKE_BUILD_TYPE=Release -DAMENT_CMAKE_SYMLINK_INSTALL=1 -DCMAKE_INSTALL_PREFIX=/home/jamiek/2026_ROS_manipulator/open_manipulator_ws/install/open_manipulator_moveit_config
[294.100s] DEBUG:colcon.colcon_core.event_handler.log_command:Invoking command in '/home/jamiek/2026_ROS_manipulator/open_manipulator_ws/build/open_manipulator_moveit_config': AMENT_PREFIX_PATH=/home/jamiek/2026_ROS_manipulator/open_manipulator_ws/install/open_manipulator_description:${AMENT_PREFIX_PATH} CMAKE_PREFIX_PATH=/home/jamiek/2026_ROS_manipulator/open_manipulator_ws/install/open_manipulator_description:/home/jamiek/2026_ROS_manipulator/ros_ws/install/user_interface:/opt/ros/jazzy/opt/gz_sim_vendor:/opt/ros/jazzy/opt/gz_sensors_vendor:/opt/ros/jazzy/opt/gz_physics_vendor:/opt/ros/jazzy/opt/sdformat_vendor:/opt/ros/jazzy/opt/gz_gui_vendor:/opt/ros/jazzy/opt/gz_transport_vendor:/opt/ros/jazzy/opt/gz_rendering_vendor:/opt/ros/jazzy/opt/gz_plugin_vendor:/opt/ros/jazzy/opt/gz_fuel_tools_vendor:/opt/ros/jazzy/opt/gz_msgs_vendor:/opt/ros/jazzy/opt/gz_common_vendor:/opt/ros/jazzy/opt/gz_math_vendor:/opt/ros/jazzy/opt/gz_utils_vendor:/opt/ros/jazzy/opt/gz_tools_vendor:/opt/ros/jazzy/opt/gz_ogre_next_vendor:/opt/ros/jazzy/opt/gz_dartsim_vendor:/opt/ros/jazzy/opt/gz_cmake_vendor:/home/jamiek/2026_ROS_manipulator/ros_ws/install/tf2_basic:/home/jamiek/2026_ROS_manipulator/ros_ws/install/ros_basic:/opt/ros/jazzy DEBUGINFOD_URLS=https://debuginfod.ubuntu.com /usr/bin/cmake --build /home/jamiek/2026_ROS_manipulator/open_manipulator_ws/build/open_manipulator_moveit_config
[294.146s] DEBUG:colcon.colcon_core.event_handler.log_command:Invoked command in '/home/jamiek/2026_ROS_manipulator/open_manipulator_ws/build/open_manipulator_moveit_config' returned '0': AMENT_PREFIX_PATH=/home/jamiek/2026_ROS_manipulator/open_manipulator_ws/install/open_manipulator_description:${AMENT_PREFIX_PATH} CMAKE_PREFIX_PATH=/home/jamiek/2026_ROS_manipulator/open_manipulator_ws/install/open_manipulator_description:/home/jamiek/2026_ROS_manipulator/ros_ws/install/user_interface:/opt/ros/jazzy/opt/gz_sim_vendor:/opt/ros/jazzy/opt/gz_sensors_vendor:/opt/ros/jazzy/opt/gz_physics_vendor:/opt/ros/jazzy/opt/sdformat_vendor:/opt/ros/jazzy/opt/gz_gui_vendor:/opt/ros/jazzy/opt/gz_transport_vendor:/opt/ros/jazzy/opt/gz_rendering_vendor:/opt/ros/jazzy/opt/gz_plugin_vendor:/opt/ros/jazzy/opt/gz_fuel_tools_vendor:/opt/ros/jazzy/opt/gz_msgs_vendor:/opt/ros/jazzy/opt/gz_common_vendor:/opt/ros/jazzy/opt/gz_math_vendor:/opt/ros/jazzy/opt/gz_utils_vendor:/opt/ros/jazzy/opt/gz_tools_vendor:/opt/ros/jazzy/opt/gz_ogre_next_vendor:/opt/ros/jazzy/opt/gz_dartsim_vendor:/opt/ros/jazzy/opt/gz_cmake_vendor:/home/jamiek/2026_ROS_manipulator/ros_ws/install/tf2_basic:/home/jamiek/2026_ROS_manipulator/ros_ws/install/ros_basic:/opt/ros/jazzy DEBUGINFOD_URLS=https://debuginfod.ubuntu.com /usr/bin/cmake --build /home/jamiek/2026_ROS_manipulator/open_manipulator_ws/build/open_manipulator_moveit_config
[294.147s] DEBUG:colcon.colcon_core.event_handler.log_command:Invoking command in '/home/jamiek/2026_ROS_manipulator/open_manipulator_ws/build/open_manipulator_moveit_config': AMENT_PREFIX_PATH=/home/jamiek/2026_ROS_manipulator/open_manipulator_ws/install/open_manipulator_description:${AMENT_PREFIX_PATH} CMAKE_PREFIX_PATH=/home/jamiek/2026_ROS_manipulator/open_manipulator_ws/install/open_manipulator_description:/home/jamiek/2026_ROS_manipulator/ros_ws/install/user_interface:/opt/ros/jazzy/opt/gz_sim_vendor:/opt/ros/jazzy/opt/gz_sensors_vendor:/opt/ros/jazzy/opt/gz_physics_vendor:/opt/ros/jazzy/opt/sdformat_vendor:/opt/ros/jazzy/opt/gz_gui_vendor:/opt/ros/jazzy/opt/gz_transport_vendor:/opt/ros/jazzy/opt/gz_rendering_vendor:/opt/ros/jazzy/opt/gz_plugin_vendor:/opt/ros/jazzy/opt/gz_fuel_tools_vendor:/opt/ros/jazzy/opt/gz_msgs_vendor:/opt/ros/jazzy/opt/gz_common_vendor:/opt/ros/jazzy/opt/gz_math_vendor:/opt/ros/jazzy/opt/gz_utils_vendor:/opt/ros/jazzy/opt/gz_tools_vendor:/opt/ros/jazzy/opt/gz_ogre_next_vendor:/opt/ros/jazzy/opt/gz_dartsim_vendor:/opt/ros/jazzy/opt/gz_cmake_vendor:/home/jamiek/2026_ROS_manipulator/ros_ws/install/tf2_basic:/home/jamiek/2026_ROS_manipulator/ros_ws/install/ros_basic:/opt/ros/jazzy DEBUGINFOD_URLS=https://debuginfod.ubuntu.com /usr/bin/cmake --install /home/jamiek/2026_ROS_manipulator/open_manipulator_ws/build/open_manipulator_moveit_config
[294.174s] Level 1:colcon.colcon_core.environment:create_environment_scripts_only(open_manipulator_moveit_config)
[294.174s] Level 1:colcon.colcon_core.environment:checking '/home/jamiek/2026_ROS_manipulator/open_manipulator_ws/install/open_manipulator_moveit_config' for CMake module files
[294.175s] DEBUG:colcon.colcon_core.event_handler.log_command:Invoked command in '/home/jamiek/2026_ROS_manipulator/open_manipulator_ws/build/open_manipulator_moveit_config' returned '0': AMENT_PREFIX_PATH=/home/jamiek/2026_ROS_manipulator/open_manipulator_ws/install/open_manipulator_description:${AMENT_PREFIX_PATH} CMAKE_PREFIX_PATH=/home/jamiek/2026_ROS_manipulator/open_manipulator_ws/install/open_manipulator_description:/home/jamiek/2026_ROS_manipulator/ros_ws/install/user_interface:/opt/ros/jazzy/opt/gz_sim_vendor:/opt/ros/jazzy/opt/gz_sensors_vendor:/opt/ros/jazzy/opt/gz_physics_vendor:/opt/ros/jazzy/opt/sdformat_vendor:/opt/ros/jazzy/opt/gz_gui_vendor:/opt/ros/jazzy/opt/gz_transport_vendor:/opt/ros/jazzy/opt/gz_rendering_vendor:/opt/ros/jazzy/opt/gz_plugin_vendor:/opt/ros/jazzy/opt/gz_fuel_tools_vendor:/opt/ros/jazzy/opt/gz_msgs_vendor:/opt/ros/jazzy/opt/gz_common_vendor:/opt/ros/jazzy/opt/gz_math_vendor:/opt/ros/jazzy/opt/gz_utils_vendor:/opt/ros/jazzy/opt/gz_tools_vendor:/opt/ros/jazzy/opt/gz_ogre_next_vendor:/opt/ros/jazzy/opt/gz_dartsim_vendor:/opt/ros/jazzy/opt/gz_cmake_vendor:/home/jamiek/2026_ROS_manipulator/ros_ws/install/tf2_basic:/home/jamiek/2026_ROS_manipulator/ros_ws/install/ros_basic:/opt/ros/jazzy DEBUGINFOD_URLS=https://debuginfod.ubuntu.com /usr/bin/cmake --install /home/jamiek/2026_ROS_manipulator/open_manipulator_ws/build/open_manipulator_moveit_config
[294.175s] Level 1:colcon.colcon_core.environment:checking '/home/jamiek/2026_ROS_manipulator/open_manipulator_ws/install/open_manipulator_moveit_config' for CMake config files
[294.176s] Level 1:colcon.colcon_core.shell:create_environment_hook('open_manipulator_moveit_config', 'cmake_prefix_path')
[294.176s] INFO:colcon.colcon_core.shell:Creating environment hook '/home/jamiek/2026_ROS_manipulator/open_manipulator_ws/install/open_manipulator_moveit_config/share/open_manipulator_moveit_config/hook/cmake_prefix_path.ps1'
[294.176s] INFO:colcon.colcon_core.shell:Creating environment descriptor '/home/jamiek/2026_ROS_manipulator/open_manipulator_ws/install/open_manipulator_moveit_config/share/open_manipulator_moveit_config/hook/cmake_prefix_path.dsv'
[294.176s] INFO:colcon.colcon_core.shell:Creating environment hook '/home/jamiek/2026_ROS_manipulator/open_manipulator_ws/install/open_manipulator_moveit_config/share/open_manipulator_moveit_config/hook/cmake_prefix_path.sh'
[294.177s] Level 1:colcon.colcon_core.environment:checking '/home/jamiek/2026_ROS_manipulator/open_manipulator_ws/install/open_manipulator_moveit_config/bin'
[294.177s] Level 1:colcon.colcon_core.environment:checking '/home/jamiek/2026_ROS_manipulator/open_manipulator_ws/install/open_manipulator_moveit_config/lib/pkgconfig/open_manipulator_moveit_config.pc'
[294.177s] Level 1:colcon.colcon_core.environment:checking '/home/jamiek/2026_ROS_manipulator/open_manipulator_ws/install/open_manipulator_moveit_config/lib/python3.12/site-packages'
[294.177s] Level 1:colcon.colcon_core.environment:checking '/home/jamiek/2026_ROS_manipulator/open_manipulator_ws/install/open_manipulator_moveit_config/bin'
[294.177s] INFO:colcon.colcon_core.shell:Creating package script '/home/jamiek/2026_ROS_manipulator/open_manipulator_ws/install/open_manipulator_moveit_config/share/open_manipulator_moveit_config/package.ps1'
[294.178s] INFO:colcon.colcon_core.shell:Creating package descriptor '/home/jamiek/2026_ROS_manipulator/open_manipulator_ws/install/open_manipulator_moveit_config/share/open_manipulator_moveit_config/package.dsv'
[294.178s] INFO:colcon.colcon_core.shell:Creating package script '/home/jamiek/2026_ROS_manipulator/open_manipulator_ws/install/open_manipulator_moveit_config/share/open_manipulator_moveit_config/package.sh'
[294.179s] INFO:colcon.colcon_core.shell:Creating package script '/home/jamiek/2026_ROS_manipulator/open_manipulator_ws/install/open_manipulator_moveit_config/share/open_manipulator_moveit_config/package.bash'
[294.179s] INFO:colcon.colcon_core.shell:Creating package script '/home/jamiek/2026_ROS_manipulator/open_manipulator_ws/install/open_manipulator_moveit_config/share/open_manipulator_moveit_config/package.zsh'
[294.179s] Level 1:colcon.colcon_core.environment:create_file_with_runtime_dependencies(/home/jamiek/2026_ROS_manipulator/open_manipulator_ws/install/open_manipulator_moveit_config/share/colcon-core/packages/open_manipulator_moveit_config)
[294.180s] Level 1:colcon.colcon_core.environment:create_environment_scripts_only(open_manipulator_moveit_config)
[294.180s] Level 1:colcon.colcon_core.environment:checking '/home/jamiek/2026_ROS_manipulator/open_manipulator_ws/install/open_manipulator_moveit_config' for CMake module files
[294.180s] Level 1:colcon.colcon_core.environment:checking '/home/jamiek/2026_ROS_manipulator/open_manipulator_ws/install/open_manipulator_moveit_config' for CMake config files
[294.180s] Level 1:colcon.colcon_core.shell:create_environment_hook('open_manipulator_moveit_config', 'cmake_prefix_path')
[294.180s] INFO:colcon.colcon_core.shell:Creating environment hook '/home/jamiek/2026_ROS_manipulator/open_manipulator_ws/install/open_manipulator_moveit_config/share/open_manipulator_moveit_config/hook/cmake_prefix_path.ps1'
[294.181s] INFO:colcon.colcon_core.shell:Creating environment descriptor '/home/jamiek/2026_ROS_manipulator/open_manipulator_ws/install/open_manipulator_moveit_config/share/open_manipulator_moveit_config/hook/cmake_prefix_path.dsv'
[294.181s] INFO:colcon.colcon_core.shell:Creating environment hook '/home/jamiek/2026_ROS_manipulator/open_manipulator_ws/install/open_manipulator_moveit_config/share/open_manipulator_moveit_config/hook/cmake_prefix_path.sh'
[294.181s] Level 1:colcon.colcon_core.environment:checking '/home/jamiek/2026_ROS_manipulator/open_manipulator_ws/install/open_manipulator_moveit_config/bin'
[294.182s] Level 1:colcon.colcon_core.environment:checking '/home/jamiek/2026_ROS_manipulator/open_manipulator_ws/install/open_manipulator_moveit_config/lib/pkgconfig/open_manipulator_moveit_config.pc'
[294.182s] Level 1:colcon.colcon_core.environment:checking '/home/jamiek/2026_ROS_manipulator/open_manipulator_ws/install/open_manipulator_moveit_config/lib/python3.12/site-packages'
[294.182s] Level 1:colcon.colcon_core.environment:checking '/home/jamiek/2026_ROS_manipulator/open_manipulator_ws/install/open_manipulator_moveit_config/bin'
[294.182s] INFO:colcon.colcon_core.shell:Creating package script '/home/jamiek/2026_ROS_manipulator/open_manipulator_ws/install/open_manipulator_moveit_config/share/open_manipulator_moveit_config/package.ps1'
[294.182s] INFO:colcon.colcon_core.shell:Creating package descriptor '/home/jamiek/2026_ROS_manipulator/open_manipulator_ws/install/open_manipulator_moveit_config/share/open_manipulator_moveit_config/package.dsv'
[294.183s] INFO:colcon.colcon_core.shell:Creating package script '/home/jamiek/2026_ROS_manipulator/open_manipulator_ws/install/open_manipulator_moveit_config/share/open_manipulator_moveit_config/package.sh'
[294.183s] INFO:colcon.colcon_core.shell:Creating package script '/home/jamiek/2026_ROS_manipulator/open_manipulator_ws/install/open_manipulator_moveit_config/share/open_manipulator_moveit_config/package.bash'
[294.184s] INFO:colcon.colcon_core.shell:Creating package script '/home/jamiek/2026_ROS_manipulator/open_manipulator_ws/install/open_manipulator_moveit_config/share/open_manipulator_moveit_config/package.zsh'
[294.184s] Level 1:colcon.colcon_core.environment:create_file_with_runtime_dependencies(/home/jamiek/2026_ROS_manipulator/open_manipulator_ws/install/open_manipulator_moveit_config/share/colcon-core/packages/open_manipulator_moveit_config)
[294.184s] DEBUG:colcon.colcon_core.executor.sequential:run_until_complete 'open_manipulator_moveit_config' finished with '0'
[294.184s] DEBUG:colcon.colcon_core.executor.sequential:run_until_complete 'open_manipulator_playground'
[294.184s] INFO:colcon.colcon_ros.task.ament_cmake.build:Building ROS package in '/home/jamiek/2026_ROS_manipulator/open_manipulator_ws/src/open_manipulator/open_manipulator_playground' with build type 'ament_cmake'
[294.184s] INFO:colcon.colcon_cmake.task.cmake.build:Building CMake package in '/home/jamiek/2026_ROS_manipulator/open_manipulator_ws/src/open_manipulator/open_manipulator_playground'
[294.184s] INFO:colcon.colcon_core.shell:Skip shell extension 'powershell' for command environment: Not usable outside of PowerShell
[294.184s] DEBUG:colcon.colcon_core.shell:Skip shell extension 'dsv' for command environment
[294.196s] DEBUG:colcon.colcon_core.event_handler.log_command:Invoking command in '/home/jamiek/2026_ROS_manipulator/open_manipulator_ws/build/open_manipulator_playground': AMENT_PREFIX_PATH=/home/jamiek/2026_ROS_manipulator/open_manipulator_ws/install/robotis_interfaces:${AMENT_PREFIX_PATH} CMAKE_PREFIX_PATH=/home/jamiek/2026_ROS_manipulator/open_manipulator_ws/install/robotis_interfaces:/home/jamiek/2026_ROS_manipulator/ros_ws/install/user_interface:/opt/ros/jazzy/opt/gz_sim_vendor:/opt/ros/jazzy/opt/gz_sensors_vendor:/opt/ros/jazzy/opt/gz_physics_vendor:/opt/ros/jazzy/opt/sdformat_vendor:/opt/ros/jazzy/opt/gz_gui_vendor:/opt/ros/jazzy/opt/gz_transport_vendor:/opt/ros/jazzy/opt/gz_rendering_vendor:/opt/ros/jazzy/opt/gz_plugin_vendor:/opt/ros/jazzy/opt/gz_fuel_tools_vendor:/opt/ros/jazzy/opt/gz_msgs_vendor:/opt/ros/jazzy/opt/gz_common_vendor:/opt/ros/jazzy/opt/gz_math_vendor:/opt/ros/jazzy/opt/gz_utils_vendor:/opt/ros/jazzy/opt/gz_tools_vendor:/opt/ros/jazzy/opt/gz_ogre_next_vendor:/opt/ros/jazzy/opt/gz_dartsim_vendor:/opt/ros/jazzy/opt/gz_cmake_vendor:/home/jamiek/2026_ROS_manipulator/ros_ws/install/tf2_basic:/home/jamiek/2026_ROS_manipulator/ros_ws/install/ros_basic:/opt/ros/jazzy DEBUGINFOD_URLS=https://debuginfod.ubuntu.com LD_LIBRARY_PATH=/home/jamiek/2026_ROS_manipulator/open_manipulator_ws/install/robotis_interfaces/lib:${LD_LIBRARY_PATH} PYTHONPATH=/home/jamiek/2026_ROS_manipulator/open_manipulator_ws/install/robotis_interfaces/lib/python3.12/site-packages:${PYTHONPATH} /usr/bin/cmake /home/jamiek/2026_ROS_manipulator/open_manipulator_ws/src/open_manipulator/open_manipulator_playground -DCMAKE_BUILD_TYPE=Release -DAMENT_CMAKE_SYMLINK_INSTALL=1 -DCMAKE_INSTALL_PREFIX=/home/jamiek/2026_ROS_manipulator/open_manipulator_ws/install/open_manipulator_playground
[296.461s] DEBUG:colcon.colcon_core.event_handler.log_command:Invoked command in '/home/jamiek/2026_ROS_manipulator/open_manipulator_ws/build/open_manipulator_playground' returned '0': AMENT_PREFIX_PATH=/home/jamiek/2026_ROS_manipulator/open_manipulator_ws/install/robotis_interfaces:${AMENT_PREFIX_PATH} CMAKE_PREFIX_PATH=/home/jamiek/2026_ROS_manipulator/open_manipulator_ws/install/robotis_interfaces:/home/jamiek/2026_ROS_manipulator/ros_ws/install/user_interface:/opt/ros/jazzy/opt/gz_sim_vendor:/opt/ros/jazzy/opt/gz_sensors_vendor:/opt/ros/jazzy/opt/gz_physics_vendor:/opt/ros/jazzy/opt/sdformat_vendor:/opt/ros/jazzy/opt/gz_gui_vendor:/opt/ros/jazzy/opt/gz_transport_vendor:/opt/ros/jazzy/opt/gz_rendering_vendor:/opt/ros/jazzy/opt/gz_plugin_vendor:/opt/ros/jazzy/opt/gz_fuel_tools_vendor:/opt/ros/jazzy/opt/gz_msgs_vendor:/opt/ros/jazzy/opt/gz_common_vendor:/opt/ros/jazzy/opt/gz_math_vendor:/opt/ros/jazzy/opt/gz_utils_vendor:/opt/ros/jazzy/opt/gz_tools_vendor:/opt/ros/jazzy/opt/gz_ogre_next_vendor:/opt/ros/jazzy/opt/gz_dartsim_vendor:/opt/ros/jazzy/opt/gz_cmake_vendor:/home/jamiek/2026_ROS_manipulator/ros_ws/install/tf2_basic:/home/jamiek/2026_ROS_manipulator/ros_ws/install/ros_basic:/opt/ros/jazzy DEBUGINFOD_URLS=https://debuginfod.ubuntu.com LD_LIBRARY_PATH=/home/jamiek/2026_ROS_manipulator/open_manipulator_ws/install/robotis_interfaces/lib:${LD_LIBRARY_PATH} PYTHONPATH=/home/jamiek/2026_ROS_manipulator/open_manipulator_ws/install/robotis_interfaces/lib/python3.12/site-packages:${PYTHONPATH} /usr/bin/cmake /home/jamiek/2026_ROS_manipulator/open_manipulator_ws/src/open_manipulator/open_manipulator_playground -DCMAKE_BUILD_TYPE=Release -DAMENT_CMAKE_SYMLINK_INSTALL=1 -DCMAKE_INSTALL_PREFIX=/home/jamiek/2026_ROS_manipulator/open_manipulator_ws/install/open_manipulator_playground
[296.462s] DEBUG:colcon.colcon_core.event_handler.log_command:Invoking command in '/home/jamiek/2026_ROS_manipulator/open_manipulator_ws/build/open_manipulator_playground': AMENT_PREFIX_PATH=/home/jamiek/2026_ROS_manipulator/open_manipulator_ws/install/robotis_interfaces:${AMENT_PREFIX_PATH} CMAKE_PREFIX_PATH=/home/jamiek/2026_ROS_manipulator/open_manipulator_ws/install/robotis_interfaces:/home/jamiek/2026_ROS_manipulator/ros_ws/install/user_interface:/opt/ros/jazzy/opt/gz_sim_vendor:/opt/ros/jazzy/opt/gz_sensors_vendor:/opt/ros/jazzy/opt/gz_physics_vendor:/opt/ros/jazzy/opt/sdformat_vendor:/opt/ros/jazzy/opt/gz_gui_vendor:/opt/ros/jazzy/opt/gz_transport_vendor:/opt/ros/jazzy/opt/gz_rendering_vendor:/opt/ros/jazzy/opt/gz_plugin_vendor:/opt/ros/jazzy/opt/gz_fuel_tools_vendor:/opt/ros/jazzy/opt/gz_msgs_vendor:/opt/ros/jazzy/opt/gz_common_vendor:/opt/ros/jazzy/opt/gz_math_vendor:/opt/ros/jazzy/opt/gz_utils_vendor:/opt/ros/jazzy/opt/gz_tools_vendor:/opt/ros/jazzy/opt/gz_ogre_next_vendor:/opt/ros/jazzy/opt/gz_dartsim_vendor:/opt/ros/jazzy/opt/gz_cmake_vendor:/home/jamiek/2026_ROS_manipulator/ros_ws/install/tf2_basic:/home/jamiek/2026_ROS_manipulator/ros_ws/install/ros_basic:/opt/ros/jazzy DEBUGINFOD_URLS=https://debuginfod.ubuntu.com LD_LIBRARY_PATH=/home/jamiek/2026_ROS_manipulator/open_manipulator_ws/install/robotis_interfaces/lib:${LD_LIBRARY_PATH} PYTHONPATH=/home/jamiek/2026_ROS_manipulator/open_manipulator_ws/install/robotis_interfaces/lib/python3.12/site-packages:${PYTHONPATH} /usr/bin/cmake --build /home/jamiek/2026_ROS_manipulator/open_manipulator_ws/build/open_manipulator_playground
[316.114s] DEBUG:colcon.colcon_core.event_handler.log_command:Invoked command in '/home/jamiek/2026_ROS_manipulator/open_manipulator_ws/build/open_manipulator_playground' returned '0': AMENT_PREFIX_PATH=/home/jamiek/2026_ROS_manipulator/open_manipulator_ws/install/robotis_interfaces:${AMENT_PREFIX_PATH} CMAKE_PREFIX_PATH=/home/jamiek/2026_ROS_manipulator/open_manipulator_ws/install/robotis_interfaces:/home/jamiek/2026_ROS_manipulator/ros_ws/install/user_interface:/opt/ros/jazzy/opt/gz_sim_vendor:/opt/ros/jazzy/opt/gz_sensors_vendor:/opt/ros/jazzy/opt/gz_physics_vendor:/opt/ros/jazzy/opt/sdformat_vendor:/opt/ros/jazzy/opt/gz_gui_vendor:/opt/ros/jazzy/opt/gz_transport_vendor:/opt/ros/jazzy/opt/gz_rendering_vendor:/opt/ros/jazzy/opt/gz_plugin_vendor:/opt/ros/jazzy/opt/gz_fuel_tools_vendor:/opt/ros/jazzy/opt/gz_msgs_vendor:/opt/ros/jazzy/opt/gz_common_vendor:/opt/ros/jazzy/opt/gz_math_vendor:/opt/ros/jazzy/opt/gz_utils_vendor:/opt/ros/jazzy/opt/gz_tools_vendor:/opt/ros/jazzy/opt/gz_ogre_next_vendor:/opt/ros/jazzy/opt/gz_dartsim_vendor:/opt/ros/jazzy/opt/gz_cmake_vendor:/home/jamiek/2026_ROS_manipulator/ros_ws/install/tf2_basic:/home/jamiek/2026_ROS_manipulator/ros_ws/install/ros_basic:/opt/ros/jazzy DEBUGINFOD_URLS=https://debuginfod.ubuntu.com LD_LIBRARY_PATH=/home/jamiek/2026_ROS_manipulator/open_manipulator_ws/install/robotis_interfaces/lib:${LD_LIBRARY_PATH} PYTHONPATH=/home/jamiek/2026_ROS_manipulator/open_manipulator_ws/install/robotis_interfaces/lib/python3.12/site-packages:${PYTHONPATH} /usr/bin/cmake --build /home/jamiek/2026_ROS_manipulator/open_manipulator_ws/build/open_manipulator_playground
[316.115s] DEBUG:colcon.colcon_core.event_handler.log_command:Invoking command in '/home/jamiek/2026_ROS_manipulator/open_manipulator_ws/build/open_manipulator_playground': AMENT_PREFIX_PATH=/home/jamiek/2026_ROS_manipulator/open_manipulator_ws/install/robotis_interfaces:${AMENT_PREFIX_PATH} CMAKE_PREFIX_PATH=/home/jamiek/2026_ROS_manipulator/open_manipulator_ws/install/robotis_interfaces:/home/jamiek/2026_ROS_manipulator/ros_ws/install/user_interface:/opt/ros/jazzy/opt/gz_sim_vendor:/opt/ros/jazzy/opt/gz_sensors_vendor:/opt/ros/jazzy/opt/gz_physics_vendor:/opt/ros/jazzy/opt/sdformat_vendor:/opt/ros/jazzy/opt/gz_gui_vendor:/opt/ros/jazzy/opt/gz_transport_vendor:/opt/ros/jazzy/opt/gz_rendering_vendor:/opt/ros/jazzy/opt/gz_plugin_vendor:/opt/ros/jazzy/opt/gz_fuel_tools_vendor:/opt/ros/jazzy/opt/gz_msgs_vendor:/opt/ros/jazzy/opt/gz_common_vendor:/opt/ros/jazzy/opt/gz_math_vendor:/opt/ros/jazzy/opt/gz_utils_vendor:/opt/ros/jazzy/opt/gz_tools_vendor:/opt/ros/jazzy/opt/gz_ogre_next_vendor:/opt/ros/jazzy/opt/gz_dartsim_vendor:/opt/ros/jazzy/opt/gz_cmake_vendor:/home/jamiek/2026_ROS_manipulator/ros_ws/install/tf2_basic:/home/jamiek/2026_ROS_manipulator/ros_ws/install/ros_basic:/opt/ros/jazzy DEBUGINFOD_URLS=https://debuginfod.ubuntu.com LD_LIBRARY_PATH=/home/jamiek/2026_ROS_manipulator/open_manipulator_ws/install/robotis_interfaces/lib:${LD_LIBRARY_PATH} PYTHONPATH=/home/jamiek/2026_ROS_manipulator/open_manipulator_ws/install/robotis_interfaces/lib/python3.12/site-packages:${PYTHONPATH} /usr/bin/cmake --install /home/jamiek/2026_ROS_manipulator/open_manipulator_ws/build/open_manipulator_playground
[316.421s] Level 1:colcon.colcon_core.environment:create_environment_scripts_only(open_manipulator_playground)
[316.421s] Level 1:colcon.colcon_core.environment:checking '/home/jamiek/2026_ROS_manipulator/open_manipulator_ws/install/open_manipulator_playground' for CMake module files
[316.421s] DEBUG:colcon.colcon_core.event_handler.log_command:Invoked command in '/home/jamiek/2026_ROS_manipulator/open_manipulator_ws/build/open_manipulator_playground' returned '0': AMENT_PREFIX_PATH=/home/jamiek/2026_ROS_manipulator/open_manipulator_ws/install/robotis_interfaces:${AMENT_PREFIX_PATH} CMAKE_PREFIX_PATH=/home/jamiek/2026_ROS_manipulator/open_manipulator_ws/install/robotis_interfaces:/home/jamiek/2026_ROS_manipulator/ros_ws/install/user_interface:/opt/ros/jazzy/opt/gz_sim_vendor:/opt/ros/jazzy/opt/gz_sensors_vendor:/opt/ros/jazzy/opt/gz_physics_vendor:/opt/ros/jazzy/opt/sdformat_vendor:/opt/ros/jazzy/opt/gz_gui_vendor:/opt/ros/jazzy/opt/gz_transport_vendor:/opt/ros/jazzy/opt/gz_rendering_vendor:/opt/ros/jazzy/opt/gz_plugin_vendor:/opt/ros/jazzy/opt/gz_fuel_tools_vendor:/opt/ros/jazzy/opt/gz_msgs_vendor:/opt/ros/jazzy/opt/gz_common_vendor:/opt/ros/jazzy/opt/gz_math_vendor:/opt/ros/jazzy/opt/gz_utils_vendor:/opt/ros/jazzy/opt/gz_tools_vendor:/opt/ros/jazzy/opt/gz_ogre_next_vendor:/opt/ros/jazzy/opt/gz_dartsim_vendor:/opt/ros/jazzy/opt/gz_cmake_vendor:/home/jamiek/2026_ROS_manipulator/ros_ws/install/tf2_basic:/home/jamiek/2026_ROS_manipulator/ros_ws/install/ros_basic:/opt/ros/jazzy DEBUGINFOD_URLS=https://debuginfod.ubuntu.com LD_LIBRARY_PATH=/home/jamiek/2026_ROS_manipulator/open_manipulator_ws/install/robotis_interfaces/lib:${LD_LIBRARY_PATH} PYTHONPATH=/home/jamiek/2026_ROS_manipulator/open_manipulator_ws/install/robotis_interfaces/lib/python3.12/site-packages:${PYTHONPATH} /usr/bin/cmake --install /home/jamiek/2026_ROS_manipulator/open_manipulator_ws/build/open_manipulator_playground
[316.422s] Level 1:colcon.colcon_core.environment:checking '/home/jamiek/2026_ROS_manipulator/open_manipulator_ws/install/open_manipulator_playground' for CMake config files
[316.422s] Level 1:colcon.colcon_core.shell:create_environment_hook('open_manipulator_playground', 'cmake_prefix_path')
[316.422s] INFO:colcon.colcon_core.shell:Creating environment hook '/home/jamiek/2026_ROS_manipulator/open_manipulator_ws/install/open_manipulator_playground/share/open_manipulator_playground/hook/cmake_prefix_path.ps1'
[316.423s] INFO:colcon.colcon_core.shell:Creating environment descriptor '/home/jamiek/2026_ROS_manipulator/open_manipulator_ws/install/open_manipulator_playground/share/open_manipulator_playground/hook/cmake_prefix_path.dsv'
[316.423s] INFO:colcon.colcon_core.shell:Creating environment hook '/home/jamiek/2026_ROS_manipulator/open_manipulator_ws/install/open_manipulator_playground/share/open_manipulator_playground/hook/cmake_prefix_path.sh'
[316.423s] Level 1:colcon.colcon_core.environment:checking '/home/jamiek/2026_ROS_manipulator/open_manipulator_ws/install/open_manipulator_playground/lib'
[316.424s] Level 1:colcon.colcon_core.environment:checking '/home/jamiek/2026_ROS_manipulator/open_manipulator_ws/install/open_manipulator_playground/bin'
[316.424s] Level 1:colcon.colcon_core.environment:checking '/home/jamiek/2026_ROS_manipulator/open_manipulator_ws/install/open_manipulator_playground/lib/pkgconfig/open_manipulator_playground.pc'
[316.424s] Level 1:colcon.colcon_core.environment:checking '/home/jamiek/2026_ROS_manipulator/open_manipulator_ws/install/open_manipulator_playground/lib/python3.12/site-packages'
[316.424s] Level 1:colcon.colcon_core.environment:checking '/home/jamiek/2026_ROS_manipulator/open_manipulator_ws/install/open_manipulator_playground/bin'
[316.425s] INFO:colcon.colcon_core.shell:Creating package script '/home/jamiek/2026_ROS_manipulator/open_manipulator_ws/install/open_manipulator_playground/share/open_manipulator_playground/package.ps1'
[316.425s] INFO:colcon.colcon_core.shell:Creating package descriptor '/home/jamiek/2026_ROS_manipulator/open_manipulator_ws/install/open_manipulator_playground/share/open_manipulator_playground/package.dsv'
[316.425s] INFO:colcon.colcon_core.shell:Creating package script '/home/jamiek/2026_ROS_manipulator/open_manipulator_ws/install/open_manipulator_playground/share/open_manipulator_playground/package.sh'
[316.426s] INFO:colcon.colcon_core.shell:Creating package script '/home/jamiek/2026_ROS_manipulator/open_manipulator_ws/install/open_manipulator_playground/share/open_manipulator_playground/package.bash'
[316.426s] INFO:colcon.colcon_core.shell:Creating package script '/home/jamiek/2026_ROS_manipulator/open_manipulator_ws/install/open_manipulator_playground/share/open_manipulator_playground/package.zsh'
[316.426s] Level 1:colcon.colcon_core.environment:create_file_with_runtime_dependencies(/home/jamiek/2026_ROS_manipulator/open_manipulator_ws/install/open_manipulator_playground/share/colcon-core/packages/open_manipulator_playground)
[316.427s] Level 1:colcon.colcon_core.environment:create_environment_scripts_only(open_manipulator_playground)
[316.427s] Level 1:colcon.colcon_core.environment:checking '/home/jamiek/2026_ROS_manipulator/open_manipulator_ws/install/open_manipulator_playground' for CMake module files
[316.427s] Level 1:colcon.colcon_core.environment:checking '/home/jamiek/2026_ROS_manipulator/open_manipulator_ws/install/open_manipulator_playground' for CMake config files
[316.428s] Level 1:colcon.colcon_core.shell:create_environment_hook('open_manipulator_playground', 'cmake_prefix_path')
[316.428s] INFO:colcon.colcon_core.shell:Creating environment hook '/home/jamiek/2026_ROS_manipulator/open_manipulator_ws/install/open_manipulator_playground/share/open_manipulator_playground/hook/cmake_prefix_path.ps1'
[316.428s] INFO:colcon.colcon_core.shell:Creating environment descriptor '/home/jamiek/2026_ROS_manipulator/open_manipulator_ws/install/open_manipulator_playground/share/open_manipulator_playground/hook/cmake_prefix_path.dsv'
[316.428s] INFO:colcon.colcon_core.shell:Creating environment hook '/home/jamiek/2026_ROS_manipulator/open_manipulator_ws/install/open_manipulator_playground/share/open_manipulator_playground/hook/cmake_prefix_path.sh'
[316.429s] Level 1:colcon.colcon_core.environment:checking '/home/jamiek/2026_ROS_manipulator/open_manipulator_ws/install/open_manipulator_playground/lib'
[316.429s] Level 1:colcon.colcon_core.environment:checking '/home/jamiek/2026_ROS_manipulator/open_manipulator_ws/install/open_manipulator_playground/bin'
[316.429s] Level 1:colcon.colcon_core.environment:checking '/home/jamiek/2026_ROS_manipulator/open_manipulator_ws/install/open_manipulator_playground/lib/pkgconfig/open_manipulator_playground.pc'
[316.429s] Level 1:colcon.colcon_core.environment:checking '/home/jamiek/2026_ROS_manipulator/open_manipulator_ws/install/open_manipulator_playground/lib/python3.12/site-packages'
[316.429s] Level 1:colcon.colcon_core.environment:checking '/home/jamiek/2026_ROS_manipulator/open_manipulator_ws/install/open_manipulator_playground/bin'
[316.429s] INFO:colcon.colcon_core.shell:Creating package script '/home/jamiek/2026_ROS_manipulator/open_manipulator_ws/install/open_manipulator_playground/share/open_manipulator_playground/package.ps1'
[316.430s] INFO:colcon.colcon_core.shell:Creating package descriptor '/home/jamiek/2026_ROS_manipulator/open_manipulator_ws/install/open_manipulator_playground/share/open_manipulator_playground/package.dsv'
[316.430s] INFO:colcon.colcon_core.shell:Creating package script '/home/jamiek/2026_ROS_manipulator/open_manipulator_ws/install/open_manipulator_playground/share/open_manipulator_playground/package.sh'
[316.431s] INFO:colcon.colcon_core.shell:Creating package script '/home/jamiek/2026_ROS_manipulator/open_manipulator_ws/install/open_manipulator_playground/share/open_manipulator_playground/package.bash'
[316.431s] INFO:colcon.colcon_core.shell:Creating package script '/home/jamiek/2026_ROS_manipulator/open_manipulator_ws/install/open_manipulator_playground/share/open_manipulator_playground/package.zsh'
[316.432s] Level 1:colcon.colcon_core.environment:create_file_with_runtime_dependencies(/home/jamiek/2026_ROS_manipulator/open_manipulator_ws/install/open_manipulator_playground/share/colcon-core/packages/open_manipulator_playground)
[316.432s] DEBUG:colcon.colcon_core.executor.sequential:run_until_complete 'open_manipulator_playground' finished with '0'
[316.432s] DEBUG:colcon.colcon_core.executor.sequential:run_until_complete 'open_manipulator_bringup'
[316.432s] INFO:colcon.colcon_ros.task.ament_python.build:Building ROS package in '/home/jamiek/2026_ROS_manipulator/open_manipulator_ws/src/open_manipulator/open_manipulator_bringup' with build type 'ament_python'
[316.432s] Level 1:colcon.colcon_core.shell:create_environment_hook('open_manipulator_bringup', 'ament_prefix_path')
[316.432s] INFO:colcon.colcon_core.shell:Creating environment hook '/home/jamiek/2026_ROS_manipulator/open_manipulator_ws/install/open_manipulator_bringup/share/open_manipulator_bringup/hook/ament_prefix_path.ps1'
[316.433s] INFO:colcon.colcon_core.shell:Creating environment descriptor '/home/jamiek/2026_ROS_manipulator/open_manipulator_ws/install/open_manipulator_bringup/share/open_manipulator_bringup/hook/ament_prefix_path.dsv'
[316.433s] INFO:colcon.colcon_core.shell:Creating environment hook '/home/jamiek/2026_ROS_manipulator/open_manipulator_ws/install/open_manipulator_bringup/share/open_manipulator_bringup/hook/ament_prefix_path.sh'
[316.434s] INFO:colcon.colcon_core.shell:Skip shell extension 'powershell' for command environment: Not usable outside of PowerShell
[316.434s] DEBUG:colcon.colcon_core.shell:Skip shell extension 'dsv' for command environment
[316.642s] INFO:colcon.colcon_core.task.python.build:Building Python package in '/home/jamiek/2026_ROS_manipulator/open_manipulator_ws/src/open_manipulator/open_manipulator_bringup'
[316.642s] INFO:colcon.colcon_core.shell:Skip shell extension 'powershell' for command environment: Not usable outside of PowerShell
[316.642s] DEBUG:colcon.colcon_core.shell:Skip shell extension 'dsv' for command environment
[317.172s] DEBUG:colcon.colcon_core.task.python.build:Available setuptools commands: build_py, install_data, build_scripts, test, rotate, bdist_dumb, init_catalog, clean, symlink_data, build_clib, upload, develop, build_ext, bdist, install_headers, update_catalog, egg_info, alias, register, build, saveopts, install_egg_info, editable_wheel, bdist_egg, upload_docs, sdist, setopt, extract_messages, easy_install, bdist_rpm, dist_info, install_scripts, install_lib, check, compile_catalog, install
[317.470s] DEBUG:colcon.colcon_core.task.python.build:Available setuptools 'develop' options: --verbose, --no-deps, --find-links, --prefix, --exclude-scripts, --quiet, --help, --install-dir, --optimize, --editable, --user, --index-url, --version, --upgrade, --no-user-cfg, --build-directory, --site-dirs, --egg-path, --allow-hosts, --always-unzip, --install-layout, --always-copy, --local-snapshots-ok, --record, --uninstall, --dry-run, --script-dir, --zip-ok, --force-installation-into-system-dir, --no-find-links, --multi-version
[317.475s] DEBUG:colcon.colcon_core.event_handler.log_command:Invoking command in '/home/jamiek/2026_ROS_manipulator/open_manipulator_ws/build/open_manipulator_bringup': AMENT_PREFIX_PATH=/home/jamiek/2026_ROS_manipulator/open_manipulator_ws/install/dynamixel_hardware_interface:/home/jamiek/2026_ROS_manipulator/open_manipulator_ws/install/open_manipulator_description:/home/jamiek/2026_ROS_manipulator/open_manipulator_ws/install/dynamixel_sdk:/home/jamiek/2026_ROS_manipulator/open_manipulator_ws/install/dynamixel_interfaces:${AMENT_PREFIX_PATH} CMAKE_PREFIX_PATH=/home/jamiek/2026_ROS_manipulator/open_manipulator_ws/install/dynamixel_hardware_interface:/home/jamiek/2026_ROS_manipulator/open_manipulator_ws/install/open_manipulator_description:/home/jamiek/2026_ROS_manipulator/open_manipulator_ws/install/dynamixel_sdk:/home/jamiek/2026_ROS_manipulator/open_manipulator_ws/install/dynamixel_interfaces:${CMAKE_PREFIX_PATH} DEBUGINFOD_URLS=https://debuginfod.ubuntu.com LD_LIBRARY_PATH=/home/jamiek/2026_ROS_manipulator/open_manipulator_ws/install/dynamixel_hardware_interface/lib:/home/jamiek/2026_ROS_manipulator/open_manipulator_ws/install/dynamixel_sdk/lib:/home/jamiek/2026_ROS_manipulator/open_manipulator_ws/install/dynamixel_interfaces/lib:${LD_LIBRARY_PATH} PYTHONPATH=/home/jamiek/2026_ROS_manipulator/open_manipulator_ws/build/open_manipulator_bringup/prefix_override:/usr/lib/python3/dist-packages/colcon_core/task/python/colcon_distutils_commands:/home/jamiek/2026_ROS_manipulator/open_manipulator_ws/install/open_manipulator_bringup/lib/python3.12/site-packages:/home/jamiek/2026_ROS_manipulator/open_manipulator_ws/install/dynamixel_sdk/lib/python3.12/site-packages:/home/jamiek/2026_ROS_manipulator/open_manipulator_ws/install/dynamixel_interfaces/lib/python3.12/site-packages:${PYTHONPATH} /usr/bin/python3 -W ignore:setup.py install is deprecated -W ignore:easy_install command is deprecated setup.py develop --editable --build-directory /home/jamiek/2026_ROS_manipulator/open_manipulator_ws/build/open_manipulator_bringup/build --no-deps symlink_data
[318.085s] Level 1:colcon.colcon_core.shell:create_environment_hook('open_manipulator_bringup', 'pythonpath_develop')
[318.085s] INFO:colcon.colcon_core.shell:Creating environment hook '/home/jamiek/2026_ROS_manipulator/open_manipulator_ws/build/open_manipulator_bringup/share/open_manipulator_bringup/hook/pythonpath_develop.ps1'
[318.085s] DEBUG:colcon.colcon_core.event_handler.log_command:Invoked command in '/home/jamiek/2026_ROS_manipulator/open_manipulator_ws/build/open_manipulator_bringup' returned '0': AMENT_PREFIX_PATH=/home/jamiek/2026_ROS_manipulator/open_manipulator_ws/install/dynamixel_hardware_interface:/home/jamiek/2026_ROS_manipulator/open_manipulator_ws/install/open_manipulator_description:/home/jamiek/2026_ROS_manipulator/open_manipulator_ws/install/dynamixel_sdk:/home/jamiek/2026_ROS_manipulator/open_manipulator_ws/install/dynamixel_interfaces:${AMENT_PREFIX_PATH} CMAKE_PREFIX_PATH=/home/jamiek/2026_ROS_manipulator/open_manipulator_ws/install/dynamixel_hardware_interface:/home/jamiek/2026_ROS_manipulator/open_manipulator_ws/install/open_manipulator_description:/home/jamiek/2026_ROS_manipulator/open_manipulator_ws/install/dynamixel_sdk:/home/jamiek/2026_ROS_manipulator/open_manipulator_ws/install/dynamixel_interfaces:${CMAKE_PREFIX_PATH} DEBUGINFOD_URLS=https://debuginfod.ubuntu.com LD_LIBRARY_PATH=/home/jamiek/2026_ROS_manipulator/open_manipulator_ws/install/dynamixel_hardware_interface/lib:/home/jamiek/2026_ROS_manipulator/open_manipulator_ws/install/dynamixel_sdk/lib:/home/jamiek/2026_ROS_manipulator/open_manipulator_ws/install/dynamixel_interfaces/lib:${LD_LIBRARY_PATH} PYTHONPATH=/home/jamiek/2026_ROS_manipulator/open_manipulator_ws/build/open_manipulator_bringup/prefix_override:/usr/lib/python3/dist-packages/colcon_core/task/python/colcon_distutils_commands:/home/jamiek/2026_ROS_manipulator/open_manipulator_ws/install/open_manipulator_bringup/lib/python3.12/site-packages:/home/jamiek/2026_ROS_manipulator/open_manipulator_ws/install/dynamixel_sdk/lib/python3.12/site-packages:/home/jamiek/2026_ROS_manipulator/open_manipulator_ws/install/dynamixel_interfaces/lib/python3.12/site-packages:${PYTHONPATH} /usr/bin/python3 -W ignore:setup.py install is deprecated -W ignore:easy_install command is deprecated setup.py develop --editable --build-directory /home/jamiek/2026_ROS_manipulator/open_manipulator_ws/build/open_manipulator_bringup/build --no-deps symlink_data
[318.086s] INFO:colcon.colcon_core.shell:Creating environment descriptor '/home/jamiek/2026_ROS_manipulator/open_manipulator_ws/build/open_manipulator_bringup/share/open_manipulator_bringup/hook/pythonpath_develop.dsv'
[318.086s] INFO:colcon.colcon_core.shell:Creating environment hook '/home/jamiek/2026_ROS_manipulator/open_manipulator_ws/build/open_manipulator_bringup/share/open_manipulator_bringup/hook/pythonpath_develop.sh'
[318.086s] Level 1:colcon.colcon_core.environment:checking '/home/jamiek/2026_ROS_manipulator/open_manipulator_ws/install/open_manipulator_bringup' for CMake module files
[318.087s] Level 1:colcon.colcon_core.environment:checking '/home/jamiek/2026_ROS_manipulator/open_manipulator_ws/install/open_manipulator_bringup' for CMake config files
[318.088s] Level 1:colcon.colcon_core.environment:checking '/home/jamiek/2026_ROS_manipulator/open_manipulator_ws/install/open_manipulator_bringup/lib'
[318.088s] Level 1:colcon.colcon_core.environment:checking '/home/jamiek/2026_ROS_manipulator/open_manipulator_ws/install/open_manipulator_bringup/bin'
[318.088s] Level 1:colcon.colcon_core.environment:checking '/home/jamiek/2026_ROS_manipulator/open_manipulator_ws/install/open_manipulator_bringup/lib/pkgconfig/open_manipulator_bringup.pc'
[318.088s] Level 1:colcon.colcon_core.environment:checking '/home/jamiek/2026_ROS_manipulator/open_manipulator_ws/install/open_manipulator_bringup/lib/python3.12/site-packages'
[318.088s] Level 1:colcon.colcon_core.shell:create_environment_hook('open_manipulator_bringup', 'pythonpath')
[318.088s] INFO:colcon.colcon_core.shell:Creating environment hook '/home/jamiek/2026_ROS_manipulator/open_manipulator_ws/install/open_manipulator_bringup/share/open_manipulator_bringup/hook/pythonpath.ps1'
[318.089s] INFO:colcon.colcon_core.shell:Creating environment descriptor '/home/jamiek/2026_ROS_manipulator/open_manipulator_ws/install/open_manipulator_bringup/share/open_manipulator_bringup/hook/pythonpath.dsv'
[318.089s] INFO:colcon.colcon_core.shell:Creating environment hook '/home/jamiek/2026_ROS_manipulator/open_manipulator_ws/install/open_manipulator_bringup/share/open_manipulator_bringup/hook/pythonpath.sh'
[318.089s] Level 1:colcon.colcon_core.environment:checking '/home/jamiek/2026_ROS_manipulator/open_manipulator_ws/install/open_manipulator_bringup/bin'
[318.089s] Level 1:colcon.colcon_core.environment:create_environment_scripts_only(open_manipulator_bringup)
[318.089s] INFO:colcon.colcon_core.shell:Creating package script '/home/jamiek/2026_ROS_manipulator/open_manipulator_ws/install/open_manipulator_bringup/share/open_manipulator_bringup/package.ps1'
[318.090s] INFO:colcon.colcon_core.shell:Creating package descriptor '/home/jamiek/2026_ROS_manipulator/open_manipulator_ws/install/open_manipulator_bringup/share/open_manipulator_bringup/package.dsv'
[318.090s] INFO:colcon.colcon_core.shell:Creating package script '/home/jamiek/2026_ROS_manipulator/open_manipulator_ws/install/open_manipulator_bringup/share/open_manipulator_bringup/package.sh'
[318.090s] INFO:colcon.colcon_core.shell:Creating package script '/home/jamiek/2026_ROS_manipulator/open_manipulator_ws/install/open_manipulator_bringup/share/open_manipulator_bringup/package.bash'
[318.091s] INFO:colcon.colcon_core.shell:Creating package script '/home/jamiek/2026_ROS_manipulator/open_manipulator_ws/install/open_manipulator_bringup/share/open_manipulator_bringup/package.zsh'
[318.091s] Level 1:colcon.colcon_core.environment:create_file_with_runtime_dependencies(/home/jamiek/2026_ROS_manipulator/open_manipulator_ws/install/open_manipulator_bringup/share/colcon-core/packages/open_manipulator_bringup)
[318.091s] DEBUG:colcon.colcon_core.executor.sequential:run_until_complete 'open_manipulator_bringup' finished with '0'
[318.091s] DEBUG:colcon.colcon_core.executor.sequential:run_until_complete 'open_manipulator'
[318.091s] INFO:colcon.colcon_ros.task.ament_cmake.build:Building ROS package in '/home/jamiek/2026_ROS_manipulator/open_manipulator_ws/src/open_manipulator/open_manipulator' with build type 'ament_cmake'
[318.091s] INFO:colcon.colcon_cmake.task.cmake.build:Building CMake package in '/home/jamiek/2026_ROS_manipulator/open_manipulator_ws/src/open_manipulator/open_manipulator'
[318.091s] INFO:colcon.colcon_core.shell:Skip shell extension 'powershell' for command environment: Not usable outside of PowerShell
[318.091s] DEBUG:colcon.colcon_core.shell:Skip shell extension 'dsv' for command environment
[318.126s] DEBUG:colcon.colcon_core.event_handler.log_command:Invoking command in '/home/jamiek/2026_ROS_manipulator/open_manipulator_ws/build/open_manipulator': AMENT_PREFIX_PATH=/home/jamiek/2026_ROS_manipulator/open_manipulator_ws/install/open_manipulator_bringup:/home/jamiek/2026_ROS_manipulator/open_manipulator_ws/install/open_manipulator_playground:/home/jamiek/2026_ROS_manipulator/open_manipulator_ws/install/open_manipulator_moveit_config:/home/jamiek/2026_ROS_manipulator/open_manipulator_ws/install/dynamixel_hardware_interface:/home/jamiek/2026_ROS_manipulator/open_manipulator_ws/install/robotis_interfaces:/home/jamiek/2026_ROS_manipulator/open_manipulator_ws/install/open_manipulator_teleop:/home/jamiek/2026_ROS_manipulator/open_manipulator_ws/install/open_manipulator_gui:/home/jamiek/2026_ROS_manipulator/open_manipulator_ws/install/open_manipulator_description:/home/jamiek/2026_ROS_manipulator/open_manipulator_ws/install/open_manipulator_collision:/home/jamiek/2026_ROS_manipulator/open_manipulator_ws/install/om_spring_actuator_controller:/home/jamiek/2026_ROS_manipulator/open_manipulator_ws/install/om_joint_trajectory_command_broadcaster:/home/jamiek/2026_ROS_manipulator/open_manipulator_ws/install/om_gravity_compensation_controller:/home/jamiek/2026_ROS_manipulator/open_manipulator_ws/install/dynamixel_sdk:/home/jamiek/2026_ROS_manipulator/open_manipulator_ws/install/dynamixel_interfaces:${AMENT_PREFIX_PATH} CMAKE_PREFIX_PATH=/home/jamiek/2026_ROS_manipulator/open_manipulator_ws/install/open_manipulator_playground:/home/jamiek/2026_ROS_manipulator/open_manipulator_ws/install/open_manipulator_moveit_config:/home/jamiek/2026_ROS_manipulator/open_manipulator_ws/install/dynamixel_hardware_interface:/home/jamiek/2026_ROS_manipulator/open_manipulator_ws/install/robotis_interfaces:/home/jamiek/2026_ROS_manipulator/open_manipulator_ws/install/open_manipulator_gui:/home/jamiek/2026_ROS_manipulator/open_manipulator_ws/install/open_manipulator_description:/home/jamiek/2026_ROS_manipulator/open_manipulator_ws/install/open_manipulator_collision:/home/jamiek/2026_ROS_manipulator/open_manipulator_ws/install/om_spring_actuator_controller:/home/jamiek/2026_ROS_manipulator/open_manipulator_ws/install/om_joint_trajectory_command_broadcaster:/home/jamiek/2026_ROS_manipulator/open_manipulator_ws/install/om_gravity_compensation_controller:/home/jamiek/2026_ROS_manipulator/open_manipulator_ws/install/dynamixel_sdk:/home/jamiek/2026_ROS_manipulator/open_manipulator_ws/install/dynamixel_interfaces:/home/jamiek/2026_ROS_manipulator/ros_ws/install/user_interface:/opt/ros/jazzy/opt/gz_sim_vendor:/opt/ros/jazzy/opt/gz_sensors_vendor:/opt/ros/jazzy/opt/gz_physics_vendor:/opt/ros/jazzy/opt/sdformat_vendor:/opt/ros/jazzy/opt/gz_gui_vendor:/opt/ros/jazzy/opt/gz_transport_vendor:/opt/ros/jazzy/opt/gz_rendering_vendor:/opt/ros/jazzy/opt/gz_plugin_vendor:/opt/ros/jazzy/opt/gz_fuel_tools_vendor:/opt/ros/jazzy/opt/gz_msgs_vendor:/opt/ros/jazzy/opt/gz_common_vendor:/opt/ros/jazzy/opt/gz_math_vendor:/opt/ros/jazzy/opt/gz_utils_vendor:/opt/ros/jazzy/opt/gz_tools_vendor:/opt/ros/jazzy/opt/gz_ogre_next_vendor:/opt/ros/jazzy/opt/gz_dartsim_vendor:/opt/ros/jazzy/opt/gz_cmake_vendor:/home/jamiek/2026_ROS_manipulator/ros_ws/install/tf2_basic:/home/jamiek/2026_ROS_manipulator/ros_ws/install/ros_basic:/opt/ros/jazzy DEBUGINFOD_URLS=https://debuginfod.ubuntu.com LD_LIBRARY_PATH=/home/jamiek/2026_ROS_manipulator/open_manipulator_ws/install/dynamixel_hardware_interface/lib:/home/jamiek/2026_ROS_manipulator/open_manipulator_ws/install/robotis_interfaces/lib:/home/jamiek/2026_ROS_manipulator/open_manipulator_ws/install/open_manipulator_gui/lib:/home/jamiek/2026_ROS_manipulator/open_manipulator_ws/install/open_manipulator_collision/lib:/home/jamiek/2026_ROS_manipulator/open_manipulator_ws/install/om_spring_actuator_controller/lib:/home/jamiek/2026_ROS_manipulator/open_manipulator_ws/install/om_joint_trajectory_command_broadcaster/lib:/home/jamiek/2026_ROS_manipulator/open_manipulator_ws/install/om_gravity_compensation_controller/lib:/home/jamiek/2026_ROS_manipulator/open_manipulator_ws/install/dynamixel_sdk/lib:/home/jamiek/2026_ROS_manipulator/open_manipulator_ws/install/dynamixel_interfaces/lib:${LD_LIBRARY_PATH} PYTHONPATH=/home/jamiek/2026_ROS_manipulator/open_manipulator_ws/build/open_manipulator_bringup:/home/jamiek/2026_ROS_manipulator/open_manipulator_ws/install/open_manipulator_bringup/lib/python3.12/site-packages:/home/jamiek/2026_ROS_manipulator/open_manipulator_ws/install/robotis_interfaces/lib/python3.12/site-packages:/home/jamiek/2026_ROS_manipulator/open_manipulator_ws/build/open_manipulator_teleop:/home/jamiek/2026_ROS_manipulator/open_manipulator_ws/install/open_manipulator_teleop/lib/python3.12/site-packages:/home/jamiek/2026_ROS_manipulator/open_manipulator_ws/install/dynamixel_sdk/lib/python3.12/site-packages:/home/jamiek/2026_ROS_manipulator/open_manipulator_ws/install/dynamixel_interfaces/lib/python3.12/site-packages:${PYTHONPATH} /usr/bin/cmake /home/jamiek/2026_ROS_manipulator/open_manipulator_ws/src/open_manipulator/open_manipulator -DCMAKE_BUILD_TYPE=Release -DAMENT_CMAKE_SYMLINK_INSTALL=1 -DCMAKE_INSTALL_PREFIX=/home/jamiek/2026_ROS_manipulator/open_manipulator_ws/install/open_manipulator
[318.914s] DEBUG:colcon.colcon_core.event_handler.log_command:Invoked command in '/home/jamiek/2026_ROS_manipulator/open_manipulator_ws/build/open_manipulator' returned '0': AMENT_PREFIX_PATH=/home/jamiek/2026_ROS_manipulator/open_manipulator_ws/install/open_manipulator_bringup:/home/jamiek/2026_ROS_manipulator/open_manipulator_ws/install/open_manipulator_playground:/home/jamiek/2026_ROS_manipulator/open_manipulator_ws/install/open_manipulator_moveit_config:/home/jamiek/2026_ROS_manipulator/open_manipulator_ws/install/dynamixel_hardware_interface:/home/jamiek/2026_ROS_manipulator/open_manipulator_ws/install/robotis_interfaces:/home/jamiek/2026_ROS_manipulator/open_manipulator_ws/install/open_manipulator_teleop:/home/jamiek/2026_ROS_manipulator/open_manipulator_ws/install/open_manipulator_gui:/home/jamiek/2026_ROS_manipulator/open_manipulator_ws/install/open_manipulator_description:/home/jamiek/2026_ROS_manipulator/open_manipulator_ws/install/open_manipulator_collision:/home/jamiek/2026_ROS_manipulator/open_manipulator_ws/install/om_spring_actuator_controller:/home/jamiek/2026_ROS_manipulator/open_manipulator_ws/install/om_joint_trajectory_command_broadcaster:/home/jamiek/2026_ROS_manipulator/open_manipulator_ws/install/om_gravity_compensation_controller:/home/jamiek/2026_ROS_manipulator/open_manipulator_ws/install/dynamixel_sdk:/home/jamiek/2026_ROS_manipulator/open_manipulator_ws/install/dynamixel_interfaces:${AMENT_PREFIX_PATH} CMAKE_PREFIX_PATH=/home/jamiek/2026_ROS_manipulator/open_manipulator_ws/install/open_manipulator_playground:/home/jamiek/2026_ROS_manipulator/open_manipulator_ws/install/open_manipulator_moveit_config:/home/jamiek/2026_ROS_manipulator/open_manipulator_ws/install/dynamixel_hardware_interface:/home/jamiek/2026_ROS_manipulator/open_manipulator_ws/install/robotis_interfaces:/home/jamiek/2026_ROS_manipulator/open_manipulator_ws/install/open_manipulator_gui:/home/jamiek/2026_ROS_manipulator/open_manipulator_ws/install/open_manipulator_description:/home/jamiek/2026_ROS_manipulator/open_manipulator_ws/install/open_manipulator_collision:/home/jamiek/2026_ROS_manipulator/open_manipulator_ws/install/om_spring_actuator_controller:/home/jamiek/2026_ROS_manipulator/open_manipulator_ws/install/om_joint_trajectory_command_broadcaster:/home/jamiek/2026_ROS_manipulator/open_manipulator_ws/install/om_gravity_compensation_controller:/home/jamiek/2026_ROS_manipulator/open_manipulator_ws/install/dynamixel_sdk:/home/jamiek/2026_ROS_manipulator/open_manipulator_ws/install/dynamixel_interfaces:/home/jamiek/2026_ROS_manipulator/ros_ws/install/user_interface:/opt/ros/jazzy/opt/gz_sim_vendor:/opt/ros/jazzy/opt/gz_sensors_vendor:/opt/ros/jazzy/opt/gz_physics_vendor:/opt/ros/jazzy/opt/sdformat_vendor:/opt/ros/jazzy/opt/gz_gui_vendor:/opt/ros/jazzy/opt/gz_transport_vendor:/opt/ros/jazzy/opt/gz_rendering_vendor:/opt/ros/jazzy/opt/gz_plugin_vendor:/opt/ros/jazzy/opt/gz_fuel_tools_vendor:/opt/ros/jazzy/opt/gz_msgs_vendor:/opt/ros/jazzy/opt/gz_common_vendor:/opt/ros/jazzy/opt/gz_math_vendor:/opt/ros/jazzy/opt/gz_utils_vendor:/opt/ros/jazzy/opt/gz_tools_vendor:/opt/ros/jazzy/opt/gz_ogre_next_vendor:/opt/ros/jazzy/opt/gz_dartsim_vendor:/opt/ros/jazzy/opt/gz_cmake_vendor:/home/jamiek/2026_ROS_manipulator/ros_ws/install/tf2_basic:/home/jamiek/2026_ROS_manipulator/ros_ws/install/ros_basic:/opt/ros/jazzy DEBUGINFOD_URLS=https://debuginfod.ubuntu.com LD_LIBRARY_PATH=/home/jamiek/2026_ROS_manipulator/open_manipulator_ws/install/dynamixel_hardware_interface/lib:/home/jamiek/2026_ROS_manipulator/open_manipulator_ws/install/robotis_interfaces/lib:/home/jamiek/2026_ROS_manipulator/open_manipulator_ws/install/open_manipulator_gui/lib:/home/jamiek/2026_ROS_manipulator/open_manipulator_ws/install/open_manipulator_collision/lib:/home/jamiek/2026_ROS_manipulator/open_manipulator_ws/install/om_spring_actuator_controller/lib:/home/jamiek/2026_ROS_manipulator/open_manipulator_ws/install/om_joint_trajectory_command_broadcaster/lib:/home/jamiek/2026_ROS_manipulator/open_manipulator_ws/install/om_gravity_compensation_controller/lib:/home/jamiek/2026_ROS_manipulator/open_manipulator_ws/install/dynamixel_sdk/lib:/home/jamiek/2026_ROS_manipulator/open_manipulator_ws/install/dynamixel_interfaces/lib:${LD_LIBRARY_PATH} PYTHONPATH=/home/jamiek/2026_ROS_manipulator/open_manipulator_ws/build/open_manipulator_bringup:/home/jamiek/2026_ROS_manipulator/open_manipulator_ws/install/open_manipulator_bringup/lib/python3.12/site-packages:/home/jamiek/2026_ROS_manipulator/open_manipulator_ws/install/robotis_interfaces/lib/python3.12/site-packages:/home/jamiek/2026_ROS_manipulator/open_manipulator_ws/build/open_manipulator_teleop:/home/jamiek/2026_ROS_manipulator/open_manipulator_ws/install/open_manipulator_teleop/lib/python3.12/site-packages:/home/jamiek/2026_ROS_manipulator/open_manipulator_ws/install/dynamixel_sdk/lib/python3.12/site-packages:/home/jamiek/2026_ROS_manipulator/open_manipulator_ws/install/dynamixel_interfaces/lib/python3.12/site-packages:${PYTHONPATH} /usr/bin/cmake /home/jamiek/2026_ROS_manipulator/open_manipulator_ws/src/open_manipulator/open_manipulator -DCMAKE_BUILD_TYPE=Release -DAMENT_CMAKE_SYMLINK_INSTALL=1 -DCMAKE_INSTALL_PREFIX=/home/jamiek/2026_ROS_manipulator/open_manipulator_ws/install/open_manipulator
[318.915s] DEBUG:colcon.colcon_core.event_handler.log_command:Invoking command in '/home/jamiek/2026_ROS_manipulator/open_manipulator_ws/build/open_manipulator': AMENT_PREFIX_PATH=/home/jamiek/2026_ROS_manipulator/open_manipulator_ws/install/open_manipulator_bringup:/home/jamiek/2026_ROS_manipulator/open_manipulator_ws/install/open_manipulator_playground:/home/jamiek/2026_ROS_manipulator/open_manipulator_ws/install/open_manipulator_moveit_config:/home/jamiek/2026_ROS_manipulator/open_manipulator_ws/install/dynamixel_hardware_interface:/home/jamiek/2026_ROS_manipulator/open_manipulator_ws/install/robotis_interfaces:/home/jamiek/2026_ROS_manipulator/open_manipulator_ws/install/open_manipulator_teleop:/home/jamiek/2026_ROS_manipulator/open_manipulator_ws/install/open_manipulator_gui:/home/jamiek/2026_ROS_manipulator/open_manipulator_ws/install/open_manipulator_description:/home/jamiek/2026_ROS_manipulator/open_manipulator_ws/install/open_manipulator_collision:/home/jamiek/2026_ROS_manipulator/open_manipulator_ws/install/om_spring_actuator_controller:/home/jamiek/2026_ROS_manipulator/open_manipulator_ws/install/om_joint_trajectory_command_broadcaster:/home/jamiek/2026_ROS_manipulator/open_manipulator_ws/install/om_gravity_compensation_controller:/home/jamiek/2026_ROS_manipulator/open_manipulator_ws/install/dynamixel_sdk:/home/jamiek/2026_ROS_manipulator/open_manipulator_ws/install/dynamixel_interfaces:${AMENT_PREFIX_PATH} CMAKE_PREFIX_PATH=/home/jamiek/2026_ROS_manipulator/open_manipulator_ws/install/open_manipulator_playground:/home/jamiek/2026_ROS_manipulator/open_manipulator_ws/install/open_manipulator_moveit_config:/home/jamiek/2026_ROS_manipulator/open_manipulator_ws/install/dynamixel_hardware_interface:/home/jamiek/2026_ROS_manipulator/open_manipulator_ws/install/robotis_interfaces:/home/jamiek/2026_ROS_manipulator/open_manipulator_ws/install/open_manipulator_gui:/home/jamiek/2026_ROS_manipulator/open_manipulator_ws/install/open_manipulator_description:/home/jamiek/2026_ROS_manipulator/open_manipulator_ws/install/open_manipulator_collision:/home/jamiek/2026_ROS_manipulator/open_manipulator_ws/install/om_spring_actuator_controller:/home/jamiek/2026_ROS_manipulator/open_manipulator_ws/install/om_joint_trajectory_command_broadcaster:/home/jamiek/2026_ROS_manipulator/open_manipulator_ws/install/om_gravity_compensation_controller:/home/jamiek/2026_ROS_manipulator/open_manipulator_ws/install/dynamixel_sdk:/home/jamiek/2026_ROS_manipulator/open_manipulator_ws/install/dynamixel_interfaces:/home/jamiek/2026_ROS_manipulator/ros_ws/install/user_interface:/opt/ros/jazzy/opt/gz_sim_vendor:/opt/ros/jazzy/opt/gz_sensors_vendor:/opt/ros/jazzy/opt/gz_physics_vendor:/opt/ros/jazzy/opt/sdformat_vendor:/opt/ros/jazzy/opt/gz_gui_vendor:/opt/ros/jazzy/opt/gz_transport_vendor:/opt/ros/jazzy/opt/gz_rendering_vendor:/opt/ros/jazzy/opt/gz_plugin_vendor:/opt/ros/jazzy/opt/gz_fuel_tools_vendor:/opt/ros/jazzy/opt/gz_msgs_vendor:/opt/ros/jazzy/opt/gz_common_vendor:/opt/ros/jazzy/opt/gz_math_vendor:/opt/ros/jazzy/opt/gz_utils_vendor:/opt/ros/jazzy/opt/gz_tools_vendor:/opt/ros/jazzy/opt/gz_ogre_next_vendor:/opt/ros/jazzy/opt/gz_dartsim_vendor:/opt/ros/jazzy/opt/gz_cmake_vendor:/home/jamiek/2026_ROS_manipulator/ros_ws/install/tf2_basic:/home/jamiek/2026_ROS_manipulator/ros_ws/install/ros_basic:/opt/ros/jazzy DEBUGINFOD_URLS=https://debuginfod.ubuntu.com LD_LIBRARY_PATH=/home/jamiek/2026_ROS_manipulator/open_manipulator_ws/install/dynamixel_hardware_interface/lib:/home/jamiek/2026_ROS_manipulator/open_manipulator_ws/install/robotis_interfaces/lib:/home/jamiek/2026_ROS_manipulator/open_manipulator_ws/install/open_manipulator_gui/lib:/home/jamiek/2026_ROS_manipulator/open_manipulator_ws/install/open_manipulator_collision/lib:/home/jamiek/2026_ROS_manipulator/open_manipulator_ws/install/om_spring_actuator_controller/lib:/home/jamiek/2026_ROS_manipulator/open_manipulator_ws/install/om_joint_trajectory_command_broadcaster/lib:/home/jamiek/2026_ROS_manipulator/open_manipulator_ws/install/om_gravity_compensation_controller/lib:/home/jamiek/2026_ROS_manipulator/open_manipulator_ws/install/dynamixel_sdk/lib:/home/jamiek/2026_ROS_manipulator/open_manipulator_ws/install/dynamixel_interfaces/lib:${LD_LIBRARY_PATH} PYTHONPATH=/home/jamiek/2026_ROS_manipulator/open_manipulator_ws/build/open_manipulator_bringup:/home/jamiek/2026_ROS_manipulator/open_manipulator_ws/install/open_manipulator_bringup/lib/python3.12/site-packages:/home/jamiek/2026_ROS_manipulator/open_manipulator_ws/install/robotis_interfaces/lib/python3.12/site-packages:/home/jamiek/2026_ROS_manipulator/open_manipulator_ws/build/open_manipulator_teleop:/home/jamiek/2026_ROS_manipulator/open_manipulator_ws/install/open_manipulator_teleop/lib/python3.12/site-packages:/home/jamiek/2026_ROS_manipulator/open_manipulator_ws/install/dynamixel_sdk/lib/python3.12/site-packages:/home/jamiek/2026_ROS_manipulator/open_manipulator_ws/install/dynamixel_interfaces/lib/python3.12/site-packages:${PYTHONPATH} /usr/bin/cmake --build /home/jamiek/2026_ROS_manipulator/open_manipulator_ws/build/open_manipulator
[318.963s] DEBUG:colcon.colcon_core.event_handler.log_command:Invoked command in '/home/jamiek/2026_ROS_manipulator/open_manipulator_ws/build/open_manipulator' returned '0': AMENT_PREFIX_PATH=/home/jamiek/2026_ROS_manipulator/open_manipulator_ws/install/open_manipulator_bringup:/home/jamiek/2026_ROS_manipulator/open_manipulator_ws/install/open_manipulator_playground:/home/jamiek/2026_ROS_manipulator/open_manipulator_ws/install/open_manipulator_moveit_config:/home/jamiek/2026_ROS_manipulator/open_manipulator_ws/install/dynamixel_hardware_interface:/home/jamiek/2026_ROS_manipulator/open_manipulator_ws/install/robotis_interfaces:/home/jamiek/2026_ROS_manipulator/open_manipulator_ws/install/open_manipulator_teleop:/home/jamiek/2026_ROS_manipulator/open_manipulator_ws/install/open_manipulator_gui:/home/jamiek/2026_ROS_manipulator/open_manipulator_ws/install/open_manipulator_description:/home/jamiek/2026_ROS_manipulator/open_manipulator_ws/install/open_manipulator_collision:/home/jamiek/2026_ROS_manipulator/open_manipulator_ws/install/om_spring_actuator_controller:/home/jamiek/2026_ROS_manipulator/open_manipulator_ws/install/om_joint_trajectory_command_broadcaster:/home/jamiek/2026_ROS_manipulator/open_manipulator_ws/install/om_gravity_compensation_controller:/home/jamiek/2026_ROS_manipulator/open_manipulator_ws/install/dynamixel_sdk:/home/jamiek/2026_ROS_manipulator/open_manipulator_ws/install/dynamixel_interfaces:${AMENT_PREFIX_PATH} CMAKE_PREFIX_PATH=/home/jamiek/2026_ROS_manipulator/open_manipulator_ws/install/open_manipulator_playground:/home/jamiek/2026_ROS_manipulator/open_manipulator_ws/install/open_manipulator_moveit_config:/home/jamiek/2026_ROS_manipulator/open_manipulator_ws/install/dynamixel_hardware_interface:/home/jamiek/2026_ROS_manipulator/open_manipulator_ws/install/robotis_interfaces:/home/jamiek/2026_ROS_manipulator/open_manipulator_ws/install/open_manipulator_gui:/home/jamiek/2026_ROS_manipulator/open_manipulator_ws/install/open_manipulator_description:/home/jamiek/2026_ROS_manipulator/open_manipulator_ws/install/open_manipulator_collision:/home/jamiek/2026_ROS_manipulator/open_manipulator_ws/install/om_spring_actuator_controller:/home/jamiek/2026_ROS_manipulator/open_manipulator_ws/install/om_joint_trajectory_command_broadcaster:/home/jamiek/2026_ROS_manipulator/open_manipulator_ws/install/om_gravity_compensation_controller:/home/jamiek/2026_ROS_manipulator/open_manipulator_ws/install/dynamixel_sdk:/home/jamiek/2026_ROS_manipulator/open_manipulator_ws/install/dynamixel_interfaces:/home/jamiek/2026_ROS_manipulator/ros_ws/install/user_interface:/opt/ros/jazzy/opt/gz_sim_vendor:/opt/ros/jazzy/opt/gz_sensors_vendor:/opt/ros/jazzy/opt/gz_physics_vendor:/opt/ros/jazzy/opt/sdformat_vendor:/opt/ros/jazzy/opt/gz_gui_vendor:/opt/ros/jazzy/opt/gz_transport_vendor:/opt/ros/jazzy/opt/gz_rendering_vendor:/opt/ros/jazzy/opt/gz_plugin_vendor:/opt/ros/jazzy/opt/gz_fuel_tools_vendor:/opt/ros/jazzy/opt/gz_msgs_vendor:/opt/ros/jazzy/opt/gz_common_vendor:/opt/ros/jazzy/opt/gz_math_vendor:/opt/ros/jazzy/opt/gz_utils_vendor:/opt/ros/jazzy/opt/gz_tools_vendor:/opt/ros/jazzy/opt/gz_ogre_next_vendor:/opt/ros/jazzy/opt/gz_dartsim_vendor:/opt/ros/jazzy/opt/gz_cmake_vendor:/home/jamiek/2026_ROS_manipulator/ros_ws/install/tf2_basic:/home/jamiek/2026_ROS_manipulator/ros_ws/install/ros_basic:/opt/ros/jazzy DEBUGINFOD_URLS=https://debuginfod.ubuntu.com LD_LIBRARY_PATH=/home/jamiek/2026_ROS_manipulator/open_manipulator_ws/install/dynamixel_hardware_interface/lib:/home/jamiek/2026_ROS_manipulator/open_manipulator_ws/install/robotis_interfaces/lib:/home/jamiek/2026_ROS_manipulator/open_manipulator_ws/install/open_manipulator_gui/lib:/home/jamiek/2026_ROS_manipulator/open_manipulator_ws/install/open_manipulator_collision/lib:/home/jamiek/2026_ROS_manipulator/open_manipulator_ws/install/om_spring_actuator_controller/lib:/home/jamiek/2026_ROS_manipulator/open_manipulator_ws/install/om_joint_trajectory_command_broadcaster/lib:/home/jamiek/2026_ROS_manipulator/open_manipulator_ws/install/om_gravity_compensation_controller/lib:/home/jamiek/2026_ROS_manipulator/open_manipulator_ws/install/dynamixel_sdk/lib:/home/jamiek/2026_ROS_manipulator/open_manipulator_ws/install/dynamixel_interfaces/lib:${LD_LIBRARY_PATH} PYTHONPATH=/home/jamiek/2026_ROS_manipulator/open_manipulator_ws/build/open_manipulator_bringup:/home/jamiek/2026_ROS_manipulator/open_manipulator_ws/install/open_manipulator_bringup/lib/python3.12/site-packages:/home/jamiek/2026_ROS_manipulator/open_manipulator_ws/install/robotis_interfaces/lib/python3.12/site-packages:/home/jamiek/2026_ROS_manipulator/open_manipulator_ws/build/open_manipulator_teleop:/home/jamiek/2026_ROS_manipulator/open_manipulator_ws/install/open_manipulator_teleop/lib/python3.12/site-packages:/home/jamiek/2026_ROS_manipulator/open_manipulator_ws/install/dynamixel_sdk/lib/python3.12/site-packages:/home/jamiek/2026_ROS_manipulator/open_manipulator_ws/install/dynamixel_interfaces/lib/python3.12/site-packages:${PYTHONPATH} /usr/bin/cmake --build /home/jamiek/2026_ROS_manipulator/open_manipulator_ws/build/open_manipulator
[318.964s] DEBUG:colcon.colcon_core.event_handler.log_command:Invoking command in '/home/jamiek/2026_ROS_manipulator/open_manipulator_ws/build/open_manipulator': AMENT_PREFIX_PATH=/home/jamiek/2026_ROS_manipulator/open_manipulator_ws/install/open_manipulator_bringup:/home/jamiek/2026_ROS_manipulator/open_manipulator_ws/install/open_manipulator_playground:/home/jamiek/2026_ROS_manipulator/open_manipulator_ws/install/open_manipulator_moveit_config:/home/jamiek/2026_ROS_manipulator/open_manipulator_ws/install/dynamixel_hardware_interface:/home/jamiek/2026_ROS_manipulator/open_manipulator_ws/install/robotis_interfaces:/home/jamiek/2026_ROS_manipulator/open_manipulator_ws/install/open_manipulator_teleop:/home/jamiek/2026_ROS_manipulator/open_manipulator_ws/install/open_manipulator_gui:/home/jamiek/2026_ROS_manipulator/open_manipulator_ws/install/open_manipulator_description:/home/jamiek/2026_ROS_manipulator/open_manipulator_ws/install/open_manipulator_collision:/home/jamiek/2026_ROS_manipulator/open_manipulator_ws/install/om_spring_actuator_controller:/home/jamiek/2026_ROS_manipulator/open_manipulator_ws/install/om_joint_trajectory_command_broadcaster:/home/jamiek/2026_ROS_manipulator/open_manipulator_ws/install/om_gravity_compensation_controller:/home/jamiek/2026_ROS_manipulator/open_manipulator_ws/install/dynamixel_sdk:/home/jamiek/2026_ROS_manipulator/open_manipulator_ws/install/dynamixel_interfaces:${AMENT_PREFIX_PATH} CMAKE_PREFIX_PATH=/home/jamiek/2026_ROS_manipulator/open_manipulator_ws/install/open_manipulator_playground:/home/jamiek/2026_ROS_manipulator/open_manipulator_ws/install/open_manipulator_moveit_config:/home/jamiek/2026_ROS_manipulator/open_manipulator_ws/install/dynamixel_hardware_interface:/home/jamiek/2026_ROS_manipulator/open_manipulator_ws/install/robotis_interfaces:/home/jamiek/2026_ROS_manipulator/open_manipulator_ws/install/open_manipulator_gui:/home/jamiek/2026_ROS_manipulator/open_manipulator_ws/install/open_manipulator_description:/home/jamiek/2026_ROS_manipulator/open_manipulator_ws/install/open_manipulator_collision:/home/jamiek/2026_ROS_manipulator/open_manipulator_ws/install/om_spring_actuator_controller:/home/jamiek/2026_ROS_manipulator/open_manipulator_ws/install/om_joint_trajectory_command_broadcaster:/home/jamiek/2026_ROS_manipulator/open_manipulator_ws/install/om_gravity_compensation_controller:/home/jamiek/2026_ROS_manipulator/open_manipulator_ws/install/dynamixel_sdk:/home/jamiek/2026_ROS_manipulator/open_manipulator_ws/install/dynamixel_interfaces:/home/jamiek/2026_ROS_manipulator/ros_ws/install/user_interface:/opt/ros/jazzy/opt/gz_sim_vendor:/opt/ros/jazzy/opt/gz_sensors_vendor:/opt/ros/jazzy/opt/gz_physics_vendor:/opt/ros/jazzy/opt/sdformat_vendor:/opt/ros/jazzy/opt/gz_gui_vendor:/opt/ros/jazzy/opt/gz_transport_vendor:/opt/ros/jazzy/opt/gz_rendering_vendor:/opt/ros/jazzy/opt/gz_plugin_vendor:/opt/ros/jazzy/opt/gz_fuel_tools_vendor:/opt/ros/jazzy/opt/gz_msgs_vendor:/opt/ros/jazzy/opt/gz_common_vendor:/opt/ros/jazzy/opt/gz_math_vendor:/opt/ros/jazzy/opt/gz_utils_vendor:/opt/ros/jazzy/opt/gz_tools_vendor:/opt/ros/jazzy/opt/gz_ogre_next_vendor:/opt/ros/jazzy/opt/gz_dartsim_vendor:/opt/ros/jazzy/opt/gz_cmake_vendor:/home/jamiek/2026_ROS_manipulator/ros_ws/install/tf2_basic:/home/jamiek/2026_ROS_manipulator/ros_ws/install/ros_basic:/opt/ros/jazzy DEBUGINFOD_URLS=https://debuginfod.ubuntu.com LD_LIBRARY_PATH=/home/jamiek/2026_ROS_manipulator/open_manipulator_ws/install/dynamixel_hardware_interface/lib:/home/jamiek/2026_ROS_manipulator/open_manipulator_ws/install/robotis_interfaces/lib:/home/jamiek/2026_ROS_manipulator/open_manipulator_ws/install/open_manipulator_gui/lib:/home/jamiek/2026_ROS_manipulator/open_manipulator_ws/install/open_manipulator_collision/lib:/home/jamiek/2026_ROS_manipulator/open_manipulator_ws/install/om_spring_actuator_controller/lib:/home/jamiek/2026_ROS_manipulator/open_manipulator_ws/install/om_joint_trajectory_command_broadcaster/lib:/home/jamiek/2026_ROS_manipulator/open_manipulator_ws/install/om_gravity_compensation_controller/lib:/home/jamiek/2026_ROS_manipulator/open_manipulator_ws/install/dynamixel_sdk/lib:/home/jamiek/2026_ROS_manipulator/open_manipulator_ws/install/dynamixel_interfaces/lib:${LD_LIBRARY_PATH} PYTHONPATH=/home/jamiek/2026_ROS_manipulator/open_manipulator_ws/build/open_manipulator_bringup:/home/jamiek/2026_ROS_manipulator/open_manipulator_ws/install/open_manipulator_bringup/lib/python3.12/site-packages:/home/jamiek/2026_ROS_manipulator/open_manipulator_ws/install/robotis_interfaces/lib/python3.12/site-packages:/home/jamiek/2026_ROS_manipulator/open_manipulator_ws/build/open_manipulator_teleop:/home/jamiek/2026_ROS_manipulator/open_manipulator_ws/install/open_manipulator_teleop/lib/python3.12/site-packages:/home/jamiek/2026_ROS_manipulator/open_manipulator_ws/install/dynamixel_sdk/lib/python3.12/site-packages:/home/jamiek/2026_ROS_manipulator/open_manipulator_ws/install/dynamixel_interfaces/lib/python3.12/site-packages:${PYTHONPATH} /usr/bin/cmake --install /home/jamiek/2026_ROS_manipulator/open_manipulator_ws/build/open_manipulator
[319.167s] Level 1:colcon.colcon_core.environment:create_environment_scripts_only(open_manipulator)
[319.167s] Level 1:colcon.colcon_core.environment:checking '/home/jamiek/2026_ROS_manipulator/open_manipulator_ws/install/open_manipulator' for CMake module files
[319.168s] DEBUG:colcon.colcon_core.event_handler.log_command:Invoked command in '/home/jamiek/2026_ROS_manipulator/open_manipulator_ws/build/open_manipulator' returned '0': AMENT_PREFIX_PATH=/home/jamiek/2026_ROS_manipulator/open_manipulator_ws/install/open_manipulator_bringup:/home/jamiek/2026_ROS_manipulator/open_manipulator_ws/install/open_manipulator_playground:/home/jamiek/2026_ROS_manipulator/open_manipulator_ws/install/open_manipulator_moveit_config:/home/jamiek/2026_ROS_manipulator/open_manipulator_ws/install/dynamixel_hardware_interface:/home/jamiek/2026_ROS_manipulator/open_manipulator_ws/install/robotis_interfaces:/home/jamiek/2026_ROS_manipulator/open_manipulator_ws/install/open_manipulator_teleop:/home/jamiek/2026_ROS_manipulator/open_manipulator_ws/install/open_manipulator_gui:/home/jamiek/2026_ROS_manipulator/open_manipulator_ws/install/open_manipulator_description:/home/jamiek/2026_ROS_manipulator/open_manipulator_ws/install/open_manipulator_collision:/home/jamiek/2026_ROS_manipulator/open_manipulator_ws/install/om_spring_actuator_controller:/home/jamiek/2026_ROS_manipulator/open_manipulator_ws/install/om_joint_trajectory_command_broadcaster:/home/jamiek/2026_ROS_manipulator/open_manipulator_ws/install/om_gravity_compensation_controller:/home/jamiek/2026_ROS_manipulator/open_manipulator_ws/install/dynamixel_sdk:/home/jamiek/2026_ROS_manipulator/open_manipulator_ws/install/dynamixel_interfaces:${AMENT_PREFIX_PATH} CMAKE_PREFIX_PATH=/home/jamiek/2026_ROS_manipulator/open_manipulator_ws/install/open_manipulator_playground:/home/jamiek/2026_ROS_manipulator/open_manipulator_ws/install/open_manipulator_moveit_config:/home/jamiek/2026_ROS_manipulator/open_manipulator_ws/install/dynamixel_hardware_interface:/home/jamiek/2026_ROS_manipulator/open_manipulator_ws/install/robotis_interfaces:/home/jamiek/2026_ROS_manipulator/open_manipulator_ws/install/open_manipulator_gui:/home/jamiek/2026_ROS_manipulator/open_manipulator_ws/install/open_manipulator_description:/home/jamiek/2026_ROS_manipulator/open_manipulator_ws/install/open_manipulator_collision:/home/jamiek/2026_ROS_manipulator/open_manipulator_ws/install/om_spring_actuator_controller:/home/jamiek/2026_ROS_manipulator/open_manipulator_ws/install/om_joint_trajectory_command_broadcaster:/home/jamiek/2026_ROS_manipulator/open_manipulator_ws/install/om_gravity_compensation_controller:/home/jamiek/2026_ROS_manipulator/open_manipulator_ws/install/dynamixel_sdk:/home/jamiek/2026_ROS_manipulator/open_manipulator_ws/install/dynamixel_interfaces:/home/jamiek/2026_ROS_manipulator/ros_ws/install/user_interface:/opt/ros/jazzy/opt/gz_sim_vendor:/opt/ros/jazzy/opt/gz_sensors_vendor:/opt/ros/jazzy/opt/gz_physics_vendor:/opt/ros/jazzy/opt/sdformat_vendor:/opt/ros/jazzy/opt/gz_gui_vendor:/opt/ros/jazzy/opt/gz_transport_vendor:/opt/ros/jazzy/opt/gz_rendering_vendor:/opt/ros/jazzy/opt/gz_plugin_vendor:/opt/ros/jazzy/opt/gz_fuel_tools_vendor:/opt/ros/jazzy/opt/gz_msgs_vendor:/opt/ros/jazzy/opt/gz_common_vendor:/opt/ros/jazzy/opt/gz_math_vendor:/opt/ros/jazzy/opt/gz_utils_vendor:/opt/ros/jazzy/opt/gz_tools_vendor:/opt/ros/jazzy/opt/gz_ogre_next_vendor:/opt/ros/jazzy/opt/gz_dartsim_vendor:/opt/ros/jazzy/opt/gz_cmake_vendor:/home/jamiek/2026_ROS_manipulator/ros_ws/install/tf2_basic:/home/jamiek/2026_ROS_manipulator/ros_ws/install/ros_basic:/opt/ros/jazzy DEBUGINFOD_URLS=https://debuginfod.ubuntu.com LD_LIBRARY_PATH=/home/jamiek/2026_ROS_manipulator/open_manipulator_ws/install/dynamixel_hardware_interface/lib:/home/jamiek/2026_ROS_manipulator/open_manipulator_ws/install/robotis_interfaces/lib:/home/jamiek/2026_ROS_manipulator/open_manipulator_ws/install/open_manipulator_gui/lib:/home/jamiek/2026_ROS_manipulator/open_manipulator_ws/install/open_manipulator_collision/lib:/home/jamiek/2026_ROS_manipulator/open_manipulator_ws/install/om_spring_actuator_controller/lib:/home/jamiek/2026_ROS_manipulator/open_manipulator_ws/install/om_joint_trajectory_command_broadcaster/lib:/home/jamiek/2026_ROS_manipulator/open_manipulator_ws/install/om_gravity_compensation_controller/lib:/home/jamiek/2026_ROS_manipulator/open_manipulator_ws/install/dynamixel_sdk/lib:/home/jamiek/2026_ROS_manipulator/open_manipulator_ws/install/dynamixel_interfaces/lib:${LD_LIBRARY_PATH} PYTHONPATH=/home/jamiek/2026_ROS_manipulator/open_manipulator_ws/build/open_manipulator_bringup:/home/jamiek/2026_ROS_manipulator/open_manipulator_ws/install/open_manipulator_bringup/lib/python3.12/site-packages:/home/jamiek/2026_ROS_manipulator/open_manipulator_ws/install/robotis_interfaces/lib/python3.12/site-packages:/home/jamiek/2026_ROS_manipulator/open_manipulator_ws/build/open_manipulator_teleop:/home/jamiek/2026_ROS_manipulator/open_manipulator_ws/install/open_manipulator_teleop/lib/python3.12/site-packages:/home/jamiek/2026_ROS_manipulator/open_manipulator_ws/install/dynamixel_sdk/lib/python3.12/site-packages:/home/jamiek/2026_ROS_manipulator/open_manipulator_ws/install/dynamixel_interfaces/lib/python3.12/site-packages:${PYTHONPATH} /usr/bin/cmake --install /home/jamiek/2026_ROS_manipulator/open_manipulator_ws/build/open_manipulator
[319.168s] Level 1:colcon.colcon_core.environment:checking '/home/jamiek/2026_ROS_manipulator/open_manipulator_ws/install/open_manipulator' for CMake config files
[319.168s] Level 1:colcon.colcon_core.shell:create_environment_hook('open_manipulator', 'cmake_prefix_path')
[319.168s] INFO:colcon.colcon_core.shell:Creating environment hook '/home/jamiek/2026_ROS_manipulator/open_manipulator_ws/install/open_manipulator/share/open_manipulator/hook/cmake_prefix_path.ps1'
[319.169s] INFO:colcon.colcon_core.shell:Creating environment descriptor '/home/jamiek/2026_ROS_manipulator/open_manipulator_ws/install/open_manipulator/share/open_manipulator/hook/cmake_prefix_path.dsv'
[319.169s] INFO:colcon.colcon_core.shell:Creating environment hook '/home/jamiek/2026_ROS_manipulator/open_manipulator_ws/install/open_manipulator/share/open_manipulator/hook/cmake_prefix_path.sh'
[319.169s] Level 1:colcon.colcon_core.environment:checking '/home/jamiek/2026_ROS_manipulator/open_manipulator_ws/install/open_manipulator/bin'
[319.169s] Level 1:colcon.colcon_core.environment:checking '/home/jamiek/2026_ROS_manipulator/open_manipulator_ws/install/open_manipulator/lib/pkgconfig/open_manipulator.pc'
[319.170s] Level 1:colcon.colcon_core.environment:checking '/home/jamiek/2026_ROS_manipulator/open_manipulator_ws/install/open_manipulator/lib/python3.12/site-packages'
[319.170s] Level 1:colcon.colcon_core.environment:checking '/home/jamiek/2026_ROS_manipulator/open_manipulator_ws/install/open_manipulator/bin'
[319.170s] INFO:colcon.colcon_core.shell:Creating package script '/home/jamiek/2026_ROS_manipulator/open_manipulator_ws/install/open_manipulator/share/open_manipulator/package.ps1'
[319.170s] INFO:colcon.colcon_core.shell:Creating package descriptor '/home/jamiek/2026_ROS_manipulator/open_manipulator_ws/install/open_manipulator/share/open_manipulator/package.dsv'
[319.171s] INFO:colcon.colcon_core.shell:Creating package script '/home/jamiek/2026_ROS_manipulator/open_manipulator_ws/install/open_manipulator/share/open_manipulator/package.sh'
[319.171s] INFO:colcon.colcon_core.shell:Creating package script '/home/jamiek/2026_ROS_manipulator/open_manipulator_ws/install/open_manipulator/share/open_manipulator/package.bash'
[319.171s] INFO:colcon.colcon_core.shell:Creating package script '/home/jamiek/2026_ROS_manipulator/open_manipulator_ws/install/open_manipulator/share/open_manipulator/package.zsh'
[319.171s] Level 1:colcon.colcon_core.environment:create_file_with_runtime_dependencies(/home/jamiek/2026_ROS_manipulator/open_manipulator_ws/install/open_manipulator/share/colcon-core/packages/open_manipulator)
[319.172s] Level 1:colcon.colcon_core.environment:create_environment_scripts_only(open_manipulator)
[319.172s] Level 1:colcon.colcon_core.environment:checking '/home/jamiek/2026_ROS_manipulator/open_manipulator_ws/install/open_manipulator' for CMake module files
[319.172s] Level 1:colcon.colcon_core.environment:checking '/home/jamiek/2026_ROS_manipulator/open_manipulator_ws/install/open_manipulator' for CMake config files
[319.172s] Level 1:colcon.colcon_core.shell:create_environment_hook('open_manipulator', 'cmake_prefix_path')
[319.173s] INFO:colcon.colcon_core.shell:Creating environment hook '/home/jamiek/2026_ROS_manipulator/open_manipulator_ws/install/open_manipulator/share/open_manipulator/hook/cmake_prefix_path.ps1'
[319.173s] INFO:colcon.colcon_core.shell:Creating environment descriptor '/home/jamiek/2026_ROS_manipulator/open_manipulator_ws/install/open_manipulator/share/open_manipulator/hook/cmake_prefix_path.dsv'
[319.173s] INFO:colcon.colcon_core.shell:Creating environment hook '/home/jamiek/2026_ROS_manipulator/open_manipulator_ws/install/open_manipulator/share/open_manipulator/hook/cmake_prefix_path.sh'
[319.174s] Level 1:colcon.colcon_core.environment:checking '/home/jamiek/2026_ROS_manipulator/open_manipulator_ws/install/open_manipulator/bin'
[319.174s] Level 1:colcon.colcon_core.environment:checking '/home/jamiek/2026_ROS_manipulator/open_manipulator_ws/install/open_manipulator/lib/pkgconfig/open_manipulator.pc'
[319.174s] Level 1:colcon.colcon_core.environment:checking '/home/jamiek/2026_ROS_manipulator/open_manipulator_ws/install/open_manipulator/lib/python3.12/site-packages'
[319.174s] Level 1:colcon.colcon_core.environment:checking '/home/jamiek/2026_ROS_manipulator/open_manipulator_ws/install/open_manipulator/bin'
[319.174s] INFO:colcon.colcon_core.shell:Creating package script '/home/jamiek/2026_ROS_manipulator/open_manipulator_ws/install/open_manipulator/share/open_manipulator/package.ps1'
[319.175s] INFO:colcon.colcon_core.shell:Creating package descriptor '/home/jamiek/2026_ROS_manipulator/open_manipulator_ws/install/open_manipulator/share/open_manipulator/package.dsv'
[319.175s] INFO:colcon.colcon_core.shell:Creating package script '/home/jamiek/2026_ROS_manipulator/open_manipulator_ws/install/open_manipulator/share/open_manipulator/package.sh'
[319.175s] INFO:colcon.colcon_core.shell:Creating package script '/home/jamiek/2026_ROS_manipulator/open_manipulator_ws/install/open_manipulator/share/open_manipulator/package.bash'
[319.176s] INFO:colcon.colcon_core.shell:Creating package script '/home/jamiek/2026_ROS_manipulator/open_manipulator_ws/install/open_manipulator/share/open_manipulator/package.zsh'
[319.176s] Level 1:colcon.colcon_core.environment:create_file_with_runtime_dependencies(/home/jamiek/2026_ROS_manipulator/open_manipulator_ws/install/open_manipulator/share/colcon-core/packages/open_manipulator)
[319.176s] DEBUG:colcon.colcon_core.executor.sequential:run_until_complete 'open_manipulator' finished with '0'
[319.176s] DEBUG:colcon.colcon_core.executor.sequential:closing loop
[319.176s] DEBUG:colcon.colcon_core.executor.sequential:loop closed
[319.176s] DEBUG:colcon.colcon_core.event_reactor:joining thread
[319.195s] INFO:colcon.colcon_core.plugin_system:Skipping extension 'colcon_notification.desktop_notification.terminal_notifier': Not used on non-Darwin systems
[319.195s] INFO:colcon.colcon_core.plugin_system:Skipping extension 'colcon_notification.desktop_notification.win32': Not used on non-Windows systems
[319.195s] INFO:colcon.colcon_notification.desktop_notification:Sending desktop notification using 'notify2'
[319.209s] DEBUG:colcon.colcon_core.event_reactor:joined thread
[319.209s] INFO:colcon.colcon_core.shell:Creating prefix script '/home/jamiek/2026_ROS_manipulator/open_manipulator_ws/install/local_setup.ps1'
[319.210s] INFO:colcon.colcon_core.shell:Creating prefix util module '/home/jamiek/2026_ROS_manipulator/open_manipulator_ws/install/_local_setup_util_ps1.py'
[319.211s] INFO:colcon.colcon_core.shell:Creating prefix chain script '/home/jamiek/2026_ROS_manipulator/open_manipulator_ws/install/setup.ps1'
[319.212s] INFO:colcon.colcon_core.shell:Creating prefix script '/home/jamiek/2026_ROS_manipulator/open_manipulator_ws/install/local_setup.sh'
[319.212s] INFO:colcon.colcon_core.shell:Creating prefix util module '/home/jamiek/2026_ROS_manipulator/open_manipulator_ws/install/_local_setup_util_sh.py'
[319.213s] INFO:colcon.colcon_core.shell:Creating prefix chain script '/home/jamiek/2026_ROS_manipulator/open_manipulator_ws/install/setup.sh'
[319.214s] INFO:colcon.colcon_core.shell:Creating prefix script '/home/jamiek/2026_ROS_manipulator/open_manipulator_ws/install/local_setup.bash'
[319.214s] INFO:colcon.colcon_core.shell:Creating prefix chain script '/home/jamiek/2026_ROS_manipulator/open_manipulator_ws/install/setup.bash'
[319.216s] INFO:colcon.colcon_core.shell:Creating prefix script '/home/jamiek/2026_ROS_manipulator/open_manipulator_ws/install/local_setup.zsh'
[319.216s] INFO:colcon.colcon_core.shell:Creating prefix chain script '/home/jamiek/2026_ROS_manipulator/open_manipulator_ws/install/setup.zsh'
