[0.102s] DEBUG:colcon:Command line arguments: ['/usr/bin/colcon', 'build', '--event-handlers', 'console_direct+']
[0.102s] DEBUG:colcon:Parsed command line arguments: Namespace(log_base=None, log_level=None, verb_name='build', build_base='build', install_base='install', merge_install=False, symlink_install=False, test_result_base=None, continue_on_error=False, executor='parallel', parallel_workers=16, event_handlers=['console_direct+'], ignore_user_meta=False, metas=['./colcon.meta'], base_paths=['.'], packages_ignore=None, packages_ignore_regex=None, paths=None, packages_up_to=None, packages_up_to_regex=None, packages_above=None, packages_above_and_dependencies=None, packages_above_depth=None, packages_select_by_dep=None, packages_skip_by_dep=None, packages_skip_up_to=None, packages_select_build_failed=False, packages_skip_build_finished=False, packages_select_test_failures=False, packages_skip_test_passed=False, packages_select=None, packages_skip=None, packages_select_regex=None, packages_skip_regex=None, packages_start=None, packages_end=None, allow_overriding=[], cmake_args=None, cmake_target=None, cmake_target_skip_unavailable=False, cmake_clean_cache=False, cmake_clean_first=False, cmake_force_configure=False, ament_cmake_args=None, catkin_cmake_args=None, catkin_skip_building_tests=False, mixin_files=None, mixin=None, verb_parser=<colcon_mixin.mixin.mixin_argument.MixinArgumentDecorator object at 0x750998b8f5f0>, verb_extension=<colcon_core.verb.build.BuildVerb object at 0x750998b8f170>, main=<bound method BuildVerb.main of <colcon_core.verb.build.BuildVerb object at 0x750998b8f170>>, mixin_verb=('build',))
[0.146s] Level 1:colcon.colcon_core.package_discovery:discover_packages(colcon_meta) check parameters
[0.146s] Level 1:colcon.colcon_core.package_discovery:discover_packages(recursive) check parameters
[0.146s] Level 1:colcon.colcon_core.package_discovery:discover_packages(ignore) check parameters
[0.146s] Level 1:colcon.colcon_core.package_discovery:discover_packages(path) check parameters
[0.146s] Level 1:colcon.colcon_core.package_discovery:discover_packages(colcon_meta) discover
[0.147s] Level 1:colcon.colcon_core.package_discovery:discover_packages(recursive) discover
[0.147s] INFO:colcon.colcon_core.package_discovery:Crawling recursively for packages in '/home/jamiek/2026_ROS_manipulator/open_manipulator_ws'
[0.147s] Level 1:colcon.colcon_core.package_identification:_identify(.) by extensions ['ignore', 'ignore_ament_install']
[0.147s] Level 1:colcon.colcon_core.package_identification:_identify(.) by extension 'ignore'
[0.147s] Level 1:colcon.colcon_core.package_identification:_identify(.) by extension 'ignore_ament_install'
[0.147s] Level 1:colcon.colcon_core.package_identification:_identify(.) by extensions ['colcon_pkg']
[0.147s] Level 1:colcon.colcon_core.package_identification:_identify(.) by extension 'colcon_pkg'
[0.147s] Level 1:colcon.colcon_core.package_identification:_identify(.) by extensions ['colcon_meta']
[0.147s] Level 1:colcon.colcon_core.package_identification:_identify(.) by extension 'colcon_meta'
[0.147s] Level 1:colcon.colcon_core.package_identification:_identify(.) by extensions ['ros']
[0.147s] Level 1:colcon.colcon_core.package_identification:_identify(.) by extension 'ros'
[0.177s] Level 1:colcon.colcon_core.package_identification:_identify(.) by extensions ['cmake', 'python']
[0.177s] Level 1:colcon.colcon_core.package_identification:_identify(.) by extension 'cmake'
[0.177s] Level 1:colcon.colcon_core.package_identification:_identify(.) by extension 'python'
[0.177s] Level 1:colcon.colcon_core.package_identification:_identify(.) by extensions ['python_setup_py']
[0.177s] Level 1:colcon.colcon_core.package_identification:_identify(.) by extension 'python_setup_py'
[0.177s] Level 1:colcon.colcon_core.package_identification:_identify(build) by extensions ['ignore', 'ignore_ament_install']
[0.177s] Level 1:colcon.colcon_core.package_identification:_identify(build) by extension 'ignore'
[0.177s] Level 1:colcon.colcon_core.package_identification:_identify(build) ignored
[0.177s] Level 1:colcon.colcon_core.package_identification:_identify(install) by extensions ['ignore', 'ignore_ament_install']
[0.177s] Level 1:colcon.colcon_core.package_identification:_identify(install) by extension 'ignore'
[0.177s] Level 1:colcon.colcon_core.package_identification:_identify(install) ignored
[0.178s] Level 1:colcon.colcon_core.package_identification:_identify(log) by extensions ['ignore', 'ignore_ament_install']
[0.178s] Level 1:colcon.colcon_core.package_identification:_identify(log) by extension 'ignore'
[0.178s] Level 1:colcon.colcon_core.package_identification:_identify(log) ignored
[0.178s] Level 1:colcon.colcon_core.package_identification:_identify(src) by extensions ['ignore', 'ignore_ament_install']
[0.178s] Level 1:colcon.colcon_core.package_identification:_identify(src) by extension 'ignore'
[0.178s] Level 1:colcon.colcon_core.package_identification:_identify(src) by extension 'ignore_ament_install'
[0.178s] Level 1:colcon.colcon_core.package_identification:_identify(src) by extensions ['colcon_pkg']
[0.178s] Level 1:colcon.colcon_core.package_identification:_identify(src) by extension 'colcon_pkg'
[0.178s] Level 1:colcon.colcon_core.package_identification:_identify(src) by extensions ['colcon_meta']
[0.178s] Level 1:colcon.colcon_core.package_identification:_identify(src) by extension 'colcon_meta'
[0.178s] Level 1:colcon.colcon_core.package_identification:_identify(src) by extensions ['ros']
[0.178s] Level 1:colcon.colcon_core.package_identification:_identify(src) by extension 'ros'
[0.178s] Level 1:colcon.colcon_core.package_identification:_identify(src) by extensions ['cmake', 'python']
[0.178s] Level 1:colcon.colcon_core.package_identification:_identify(src) by extension 'cmake'
[0.178s] Level 1:colcon.colcon_core.package_identification:_identify(src) by extension 'python'
[0.178s] Level 1:colcon.colcon_core.package_identification:_identify(src) by extensions ['python_setup_py']
[0.179s] Level 1:colcon.colcon_core.package_identification:_identify(src) by extension 'python_setup_py'
[0.179s] Level 1:colcon.colcon_core.package_identification:_identify(src/DynamixelSDK) by extensions ['ignore', 'ignore_ament_install']
[0.179s] Level 1:colcon.colcon_core.package_identification:_identify(src/DynamixelSDK) by extension 'ignore'
[0.179s] Level 1:colcon.colcon_core.package_identification:_identify(src/DynamixelSDK) by extension 'ignore_ament_install'
[0.179s] Level 1:colcon.colcon_core.package_identification:_identify(src/DynamixelSDK) by extensions ['colcon_pkg']
[0.179s] Level 1:colcon.colcon_core.package_identification:_identify(src/DynamixelSDK) by extension 'colcon_pkg'
[0.179s] Level 1:colcon.colcon_core.package_identification:_identify(src/DynamixelSDK) by extensions ['colcon_meta']
[0.179s] Level 1:colcon.colcon_core.package_identification:_identify(src/DynamixelSDK) by extension 'colcon_meta'
[0.179s] Level 1:colcon.colcon_core.package_identification:_identify(src/DynamixelSDK) by extensions ['ros']
[0.179s] Level 1:colcon.colcon_core.package_identification:_identify(src/DynamixelSDK) by extension 'ros'
[0.179s] Level 1:colcon.colcon_core.package_identification:_identify(src/DynamixelSDK) by extensions ['cmake', 'python']
[0.179s] Level 1:colcon.colcon_core.package_identification:_identify(src/DynamixelSDK) by extension 'cmake'
[0.179s] Level 1:colcon.colcon_core.package_identification:_identify(src/DynamixelSDK) by extension 'python'
[0.179s] Level 1:colcon.colcon_core.package_identification:_identify(src/DynamixelSDK) by extensions ['python_setup_py']
[0.179s] Level 1:colcon.colcon_core.package_identification:_identify(src/DynamixelSDK) by extension 'python_setup_py'
[0.179s] Level 1:colcon.colcon_core.package_identification:_identify(src/DynamixelSDK/c) by extensions ['ignore', 'ignore_ament_install']
[0.180s] Level 1:colcon.colcon_core.package_identification:_identify(src/DynamixelSDK/c) by extension 'ignore'
[0.180s] Level 1:colcon.colcon_core.package_identification:_identify(src/DynamixelSDK/c) ignored
[0.180s] Level 1:colcon.colcon_core.package_identification:_identify(src/DynamixelSDK/c#) by extensions ['ignore', 'ignore_ament_install']
[0.180s] Level 1:colcon.colcon_core.package_identification:_identify(src/DynamixelSDK/c#) by extension 'ignore'
[0.180s] Level 1:colcon.colcon_core.package_identification:_identify(src/DynamixelSDK/c#) by extension 'ignore_ament_install'
[0.180s] Level 1:colcon.colcon_core.package_identification:_identify(src/DynamixelSDK/c#) by extensions ['colcon_pkg']
[0.180s] Level 1:colcon.colcon_core.package_identification:_identify(src/DynamixelSDK/c#) by extension 'colcon_pkg'
[0.180s] Level 1:colcon.colcon_core.package_identification:_identify(src/DynamixelSDK/c#) by extensions ['colcon_meta']
[0.180s] Level 1:colcon.colcon_core.package_identification:_identify(src/DynamixelSDK/c#) by extension 'colcon_meta'
[0.180s] Level 1:colcon.colcon_core.package_identification:_identify(src/DynamixelSDK/c#) by extensions ['ros']
[0.180s] Level 1:colcon.colcon_core.package_identification:_identify(src/DynamixelSDK/c#) by extension 'ros'
[0.180s] Level 1:colcon.colcon_core.package_identification:_identify(src/DynamixelSDK/c#) by extensions ['cmake', 'python']
[0.180s] Level 1:colcon.colcon_core.package_identification:_identify(src/DynamixelSDK/c#) by extension 'cmake'
[0.180s] Level 1:colcon.colcon_core.package_identification:_identify(src/DynamixelSDK/c#) by extension 'python'
[0.180s] Level 1:colcon.colcon_core.package_identification:_identify(src/DynamixelSDK/c#) by extensions ['python_setup_py']
[0.180s] Level 1:colcon.colcon_core.package_identification:_identify(src/DynamixelSDK/c#) by extension 'python_setup_py'
[0.180s] Level 1:colcon.colcon_core.package_identification:_identify(src/DynamixelSDK/c#/dynamixel_functions_csharp) by extensions ['ignore', 'ignore_ament_install']
[0.180s] Level 1:colcon.colcon_core.package_identification:_identify(src/DynamixelSDK/c#/dynamixel_functions_csharp) by extension 'ignore'
[0.180s] Level 1:colcon.colcon_core.package_identification:_identify(src/DynamixelSDK/c#/dynamixel_functions_csharp) by extension 'ignore_ament_install'
[0.180s] Level 1:colcon.colcon_core.package_identification:_identify(src/DynamixelSDK/c#/dynamixel_functions_csharp) by extensions ['colcon_pkg']
[0.180s] Level 1:colcon.colcon_core.package_identification:_identify(src/DynamixelSDK/c#/dynamixel_functions_csharp) by extension 'colcon_pkg'
[0.181s] Level 1:colcon.colcon_core.package_identification:_identify(src/DynamixelSDK/c#/dynamixel_functions_csharp) by extensions ['colcon_meta']
[0.181s] Level 1:colcon.colcon_core.package_identification:_identify(src/DynamixelSDK/c#/dynamixel_functions_csharp) by extension 'colcon_meta'
[0.181s] Level 1:colcon.colcon_core.package_identification:_identify(src/DynamixelSDK/c#/dynamixel_functions_csharp) by extensions ['ros']
[0.181s] Level 1:colcon.colcon_core.package_identification:_identify(src/DynamixelSDK/c#/dynamixel_functions_csharp) by extension 'ros'
[0.181s] Level 1:colcon.colcon_core.package_identification:_identify(src/DynamixelSDK/c#/dynamixel_functions_csharp) by extensions ['cmake', 'python']
[0.181s] Level 1:colcon.colcon_core.package_identification:_identify(src/DynamixelSDK/c#/dynamixel_functions_csharp) by extension 'cmake'
[0.181s] Level 1:colcon.colcon_core.package_identification:_identify(src/DynamixelSDK/c#/dynamixel_functions_csharp) by extension 'python'
[0.181s] Level 1:colcon.colcon_core.package_identification:_identify(src/DynamixelSDK/c#/dynamixel_functions_csharp) by extensions ['python_setup_py']
[0.181s] Level 1:colcon.colcon_core.package_identification:_identify(src/DynamixelSDK/c#/dynamixel_functions_csharp) by extension 'python_setup_py'
[0.181s] Level 1:colcon.colcon_core.package_identification:_identify(src/DynamixelSDK/c#/dynamixel_functions_csharp/win32) by extensions ['ignore', 'ignore_ament_install']
[0.181s] Level 1:colcon.colcon_core.package_identification:_identify(src/DynamixelSDK/c#/dynamixel_functions_csharp/win32) by extension 'ignore'
[0.181s] Level 1:colcon.colcon_core.package_identification:_identify(src/DynamixelSDK/c#/dynamixel_functions_csharp/win32) by extension 'ignore_ament_install'
[0.181s] Level 1:colcon.colcon_core.package_identification:_identify(src/DynamixelSDK/c#/dynamixel_functions_csharp/win32) by extensions ['colcon_pkg']
[0.181s] Level 1:colcon.colcon_core.package_identification:_identify(src/DynamixelSDK/c#/dynamixel_functions_csharp/win32) by extension 'colcon_pkg'
[0.181s] Level 1:colcon.colcon_core.package_identification:_identify(src/DynamixelSDK/c#/dynamixel_functions_csharp/win32) by extensions ['colcon_meta']
[0.181s] Level 1:colcon.colcon_core.package_identification:_identify(src/DynamixelSDK/c#/dynamixel_functions_csharp/win32) by extension 'colcon_meta'
[0.181s] Level 1:colcon.colcon_core.package_identification:_identify(src/DynamixelSDK/c#/dynamixel_functions_csharp/win32) by extensions ['ros']
[0.181s] Level 1:colcon.colcon_core.package_identification:_identify(src/DynamixelSDK/c#/dynamixel_functions_csharp/win32) by extension 'ros'
[0.182s] Level 1:colcon.colcon_core.package_identification:_identify(src/DynamixelSDK/c#/dynamixel_functions_csharp/win32) by extensions ['cmake', 'python']
[0.182s] Level 1:colcon.colcon_core.package_identification:_identify(src/DynamixelSDK/c#/dynamixel_functions_csharp/win32) by extension 'cmake'
[0.182s] Level 1:colcon.colcon_core.package_identification:_identify(src/DynamixelSDK/c#/dynamixel_functions_csharp/win32) by extension 'python'
[0.182s] Level 1:colcon.colcon_core.package_identification:_identify(src/DynamixelSDK/c#/dynamixel_functions_csharp/win32) by extensions ['python_setup_py']
[0.182s] Level 1:colcon.colcon_core.package_identification:_identify(src/DynamixelSDK/c#/dynamixel_functions_csharp/win32) by extension 'python_setup_py'
[0.182s] Level 1:colcon.colcon_core.package_identification:_identify(src/DynamixelSDK/c#/dynamixel_functions_csharp/win64) by extensions ['ignore', 'ignore_ament_install']
[0.182s] Level 1:colcon.colcon_core.package_identification:_identify(src/DynamixelSDK/c#/dynamixel_functions_csharp/win64) by extension 'ignore'
[0.182s] Level 1:colcon.colcon_core.package_identification:_identify(src/DynamixelSDK/c#/dynamixel_functions_csharp/win64) by extension 'ignore_ament_install'
[0.182s] Level 1:colcon.colcon_core.package_identification:_identify(src/DynamixelSDK/c#/dynamixel_functions_csharp/win64) by extensions ['colcon_pkg']
[0.182s] Level 1:colcon.colcon_core.package_identification:_identify(src/DynamixelSDK/c#/dynamixel_functions_csharp/win64) by extension 'colcon_pkg'
[0.182s] Level 1:colcon.colcon_core.package_identification:_identify(src/DynamixelSDK/c#/dynamixel_functions_csharp/win64) by extensions ['colcon_meta']
[0.182s] Level 1:colcon.colcon_core.package_identification:_identify(src/DynamixelSDK/c#/dynamixel_functions_csharp/win64) by extension 'colcon_meta'
[0.182s] Level 1:colcon.colcon_core.package_identification:_identify(src/DynamixelSDK/c#/dynamixel_functions_csharp/win64) by extensions ['ros']
[0.182s] Level 1:colcon.colcon_core.package_identification:_identify(src/DynamixelSDK/c#/dynamixel_functions_csharp/win64) by extension 'ros'
[0.182s] Level 1:colcon.colcon_core.package_identification:_identify(src/DynamixelSDK/c#/dynamixel_functions_csharp/win64) by extensions ['cmake', 'python']
[0.182s] Level 1:colcon.colcon_core.package_identification:_identify(src/DynamixelSDK/c#/dynamixel_functions_csharp/win64) by extension 'cmake'
[0.182s] Level 1:colcon.colcon_core.package_identification:_identify(src/DynamixelSDK/c#/dynamixel_functions_csharp/win64) by extension 'python'
[0.182s] Level 1:colcon.colcon_core.package_identification:_identify(src/DynamixelSDK/c#/dynamixel_functions_csharp/win64) by extensions ['python_setup_py']
[0.182s] Level 1:colcon.colcon_core.package_identification:_identify(src/DynamixelSDK/c#/dynamixel_functions_csharp/win64) by extension 'python_setup_py'
[0.183s] Level 1:colcon.colcon_core.package_identification:_identify(src/DynamixelSDK/c#/protocol1.0) by extensions ['ignore', 'ignore_ament_install']
[0.183s] Level 1:colcon.colcon_core.package_identification:_identify(src/DynamixelSDK/c#/protocol1.0) by extension 'ignore'
[0.183s] Level 1:colcon.colcon_core.package_identification:_identify(src/DynamixelSDK/c#/protocol1.0) by extension 'ignore_ament_install'
[0.183s] Level 1:colcon.colcon_core.package_identification:_identify(src/DynamixelSDK/c#/protocol1.0) by extensions ['colcon_pkg']
[0.183s] Level 1:colcon.colcon_core.package_identification:_identify(src/DynamixelSDK/c#/protocol1.0) by extension 'colcon_pkg'
[0.183s] Level 1:colcon.colcon_core.package_identification:_identify(src/DynamixelSDK/c#/protocol1.0) by extensions ['colcon_meta']
[0.183s] Level 1:colcon.colcon_core.package_identification:_identify(src/DynamixelSDK/c#/protocol1.0) by extension 'colcon_meta'
[0.183s] Level 1:colcon.colcon_core.package_identification:_identify(src/DynamixelSDK/c#/protocol1.0) by extensions ['ros']
[0.183s] Level 1:colcon.colcon_core.package_identification:_identify(src/DynamixelSDK/c#/protocol1.0) by extension 'ros'
[0.183s] Level 1:colcon.colcon_core.package_identification:_identify(src/DynamixelSDK/c#/protocol1.0) by extensions ['cmake', 'python']
[0.183s] Level 1:colcon.colcon_core.package_identification:_identify(src/DynamixelSDK/c#/protocol1.0) by extension 'cmake'
[0.183s] Level 1:colcon.colcon_core.package_identification:_identify(src/DynamixelSDK/c#/protocol1.0) by extension 'python'
[0.183s] Level 1:colcon.colcon_core.package_identification:_identify(src/DynamixelSDK/c#/protocol1.0) by extensions ['python_setup_py']
[0.183s] Level 1:colcon.colcon_core.package_identification:_identify(src/DynamixelSDK/c#/protocol1.0) by extension 'python_setup_py'
[0.183s] Level 1:colcon.colcon_core.package_identification:_identify(src/DynamixelSDK/c#/protocol1.0/bulk_read) by extensions ['ignore', 'ignore_ament_install']
[0.183s] Level 1:colcon.colcon_core.package_identification:_identify(src/DynamixelSDK/c#/protocol1.0/bulk_read) by extension 'ignore'
[0.183s] Level 1:colcon.colcon_core.package_identification:_identify(src/DynamixelSDK/c#/protocol1.0/bulk_read) by extension 'ignore_ament_install'
[0.183s] Level 1:colcon.colcon_core.package_identification:_identify(src/DynamixelSDK/c#/protocol1.0/bulk_read) by extensions ['colcon_pkg']
[0.183s] Level 1:colcon.colcon_core.package_identification:_identify(src/DynamixelSDK/c#/protocol1.0/bulk_read) by extension 'colcon_pkg'
[0.183s] Level 1:colcon.colcon_core.package_identification:_identify(src/DynamixelSDK/c#/protocol1.0/bulk_read) by extensions ['colcon_meta']
[0.183s] Level 1:colcon.colcon_core.package_identification:_identify(src/DynamixelSDK/c#/protocol1.0/bulk_read) by extension 'colcon_meta'
[0.184s] Level 1:colcon.colcon_core.package_identification:_identify(src/DynamixelSDK/c#/protocol1.0/bulk_read) by extensions ['ros']
[0.184s] Level 1:colcon.colcon_core.package_identification:_identify(src/DynamixelSDK/c#/protocol1.0/bulk_read) by extension 'ros'
[0.184s] Level 1:colcon.colcon_core.package_identification:_identify(src/DynamixelSDK/c#/protocol1.0/bulk_read) by extensions ['cmake', 'python']
[0.184s] Level 1:colcon.colcon_core.package_identification:_identify(src/DynamixelSDK/c#/protocol1.0/bulk_read) by extension 'cmake'
[0.184s] Level 1:colcon.colcon_core.package_identification:_identify(src/DynamixelSDK/c#/protocol1.0/bulk_read) by extension 'python'
[0.184s] Level 1:colcon.colcon_core.package_identification:_identify(src/DynamixelSDK/c#/protocol1.0/bulk_read) by extensions ['python_setup_py']
[0.184s] Level 1:colcon.colcon_core.package_identification:_identify(src/DynamixelSDK/c#/protocol1.0/bulk_read) by extension 'python_setup_py'
[0.184s] Level 1:colcon.colcon_core.package_identification:_identify(src/DynamixelSDK/c#/protocol1.0/bulk_read/win32) by extensions ['ignore', 'ignore_ament_install']
[0.184s] Level 1:colcon.colcon_core.package_identification:_identify(src/DynamixelSDK/c#/protocol1.0/bulk_read/win32) by extension 'ignore'
[0.184s] Level 1:colcon.colcon_core.package_identification:_identify(src/DynamixelSDK/c#/protocol1.0/bulk_read/win32) by extension 'ignore_ament_install'
[0.184s] Level 1:colcon.colcon_core.package_identification:_identify(src/DynamixelSDK/c#/protocol1.0/bulk_read/win32) by extensions ['colcon_pkg']
[0.184s] Level 1:colcon.colcon_core.package_identification:_identify(src/DynamixelSDK/c#/protocol1.0/bulk_read/win32) by extension 'colcon_pkg'
[0.184s] Level 1:colcon.colcon_core.package_identification:_identify(src/DynamixelSDK/c#/protocol1.0/bulk_read/win32) by extensions ['colcon_meta']
[0.184s] Level 1:colcon.colcon_core.package_identification:_identify(src/DynamixelSDK/c#/protocol1.0/bulk_read/win32) by extension 'colcon_meta'
[0.184s] Level 1:colcon.colcon_core.package_identification:_identify(src/DynamixelSDK/c#/protocol1.0/bulk_read/win32) by extensions ['ros']
[0.184s] Level 1:colcon.colcon_core.package_identification:_identify(src/DynamixelSDK/c#/protocol1.0/bulk_read/win32) by extension 'ros'
[0.184s] Level 1:colcon.colcon_core.package_identification:_identify(src/DynamixelSDK/c#/protocol1.0/bulk_read/win32) by extensions ['cmake', 'python']
[0.184s] Level 1:colcon.colcon_core.package_identification:_identify(src/DynamixelSDK/c#/protocol1.0/bulk_read/win32) by extension 'cmake'
[0.184s] Level 1:colcon.colcon_core.package_identification:_identify(src/DynamixelSDK/c#/protocol1.0/bulk_read/win32) by extension 'python'
[0.184s] Level 1:colcon.colcon_core.package_identification:_identify(src/DynamixelSDK/c#/protocol1.0/bulk_read/win32) by extensions ['python_setup_py']
[0.184s] Level 1:colcon.colcon_core.package_identification:_identify(src/DynamixelSDK/c#/protocol1.0/bulk_read/win32) by extension 'python_setup_py'
[0.185s] Level 1:colcon.colcon_core.package_identification:_identify(src/DynamixelSDK/c#/protocol1.0/bulk_read/win32/bulk_read) by extensions ['ignore', 'ignore_ament_install']
[0.185s] Level 1:colcon.colcon_core.package_identification:_identify(src/DynamixelSDK/c#/protocol1.0/bulk_read/win32/bulk_read) by extension 'ignore'
[0.185s] Level 1:colcon.colcon_core.package_identification:_identify(src/DynamixelSDK/c#/protocol1.0/bulk_read/win32/bulk_read) by extension 'ignore_ament_install'
[0.185s] Level 1:colcon.colcon_core.package_identification:_identify(src/DynamixelSDK/c#/protocol1.0/bulk_read/win32/bulk_read) by extensions ['colcon_pkg']
[0.185s] Level 1:colcon.colcon_core.package_identification:_identify(src/DynamixelSDK/c#/protocol1.0/bulk_read/win32/bulk_read) by extension 'colcon_pkg'
[0.185s] Level 1:colcon.colcon_core.package_identification:_identify(src/DynamixelSDK/c#/protocol1.0/bulk_read/win32/bulk_read) by extensions ['colcon_meta']
[0.185s] Level 1:colcon.colcon_core.package_identification:_identify(src/DynamixelSDK/c#/protocol1.0/bulk_read/win32/bulk_read) by extension 'colcon_meta'
[0.185s] Level 1:colcon.colcon_core.package_identification:_identify(src/DynamixelSDK/c#/protocol1.0/bulk_read/win32/bulk_read) by extensions ['ros']
[0.185s] Level 1:colcon.colcon_core.package_identification:_identify(src/DynamixelSDK/c#/protocol1.0/bulk_read/win32/bulk_read) by extension 'ros'
[0.185s] Level 1:colcon.colcon_core.package_identification:_identify(src/DynamixelSDK/c#/protocol1.0/bulk_read/win32/bulk_read) by extensions ['cmake', 'python']
[0.185s] Level 1:colcon.colcon_core.package_identification:_identify(src/DynamixelSDK/c#/protocol1.0/bulk_read/win32/bulk_read) by extension 'cmake'
[0.185s] Level 1:colcon.colcon_core.package_identification:_identify(src/DynamixelSDK/c#/protocol1.0/bulk_read/win32/bulk_read) by extension 'python'
[0.185s] Level 1:colcon.colcon_core.package_identification:_identify(src/DynamixelSDK/c#/protocol1.0/bulk_read/win32/bulk_read) by extensions ['python_setup_py']
[0.185s] Level 1:colcon.colcon_core.package_identification:_identify(src/DynamixelSDK/c#/protocol1.0/bulk_read/win32/bulk_read) by extension 'python_setup_py'
[0.185s] Level 1:colcon.colcon_core.package_identification:_identify(src/DynamixelSDK/c#/protocol1.0/bulk_read/win32/bulk_read/Properties) by extensions ['ignore', 'ignore_ament_install']
[0.185s] Level 1:colcon.colcon_core.package_identification:_identify(src/DynamixelSDK/c#/protocol1.0/bulk_read/win32/bulk_read/Properties) by extension 'ignore'
[0.185s] Level 1:colcon.colcon_core.package_identification:_identify(src/DynamixelSDK/c#/protocol1.0/bulk_read/win32/bulk_read/Properties) by extension 'ignore_ament_install'
[0.185s] Level 1:colcon.colcon_core.package_identification:_identify(src/DynamixelSDK/c#/protocol1.0/bulk_read/win32/bulk_read/Properties) by extensions ['colcon_pkg']
[0.185s] Level 1:colcon.colcon_core.package_identification:_identify(src/DynamixelSDK/c#/protocol1.0/bulk_read/win32/bulk_read/Properties) by extension 'colcon_pkg'
[0.185s] Level 1:colcon.colcon_core.package_identification:_identify(src/DynamixelSDK/c#/protocol1.0/bulk_read/win32/bulk_read/Properties) by extensions ['colcon_meta']
[0.185s] Level 1:colcon.colcon_core.package_identification:_identify(src/DynamixelSDK/c#/protocol1.0/bulk_read/win32/bulk_read/Properties) by extension 'colcon_meta'
[0.186s] Level 1:colcon.colcon_core.package_identification:_identify(src/DynamixelSDK/c#/protocol1.0/bulk_read/win32/bulk_read/Properties) by extensions ['ros']
[0.186s] Level 1:colcon.colcon_core.package_identification:_identify(src/DynamixelSDK/c#/protocol1.0/bulk_read/win32/bulk_read/Properties) by extension 'ros'
[0.186s] Level 1:colcon.colcon_core.package_identification:_identify(src/DynamixelSDK/c#/protocol1.0/bulk_read/win32/bulk_read/Properties) by extensions ['cmake', 'python']
[0.186s] Level 1:colcon.colcon_core.package_identification:_identify(src/DynamixelSDK/c#/protocol1.0/bulk_read/win32/bulk_read/Properties) by extension 'cmake'
[0.186s] Level 1:colcon.colcon_core.package_identification:_identify(src/DynamixelSDK/c#/protocol1.0/bulk_read/win32/bulk_read/Properties) by extension 'python'
[0.186s] Level 1:colcon.colcon_core.package_identification:_identify(src/DynamixelSDK/c#/protocol1.0/bulk_read/win32/bulk_read/Properties) by extensions ['python_setup_py']
[0.186s] Level 1:colcon.colcon_core.package_identification:_identify(src/DynamixelSDK/c#/protocol1.0/bulk_read/win32/bulk_read/Properties) by extension 'python_setup_py'
[0.186s] Level 1:colcon.colcon_core.package_identification:_identify(src/DynamixelSDK/c#/protocol1.0/bulk_read/win64) by extensions ['ignore', 'ignore_ament_install']
[0.186s] Level 1:colcon.colcon_core.package_identification:_identify(src/DynamixelSDK/c#/protocol1.0/bulk_read/win64) by extension 'ignore'
[0.186s] Level 1:colcon.colcon_core.package_identification:_identify(src/DynamixelSDK/c#/protocol1.0/bulk_read/win64) by extension 'ignore_ament_install'
[0.186s] Level 1:colcon.colcon_core.package_identification:_identify(src/DynamixelSDK/c#/protocol1.0/bulk_read/win64) by extensions ['colcon_pkg']
[0.186s] Level 1:colcon.colcon_core.package_identification:_identify(src/DynamixelSDK/c#/protocol1.0/bulk_read/win64) by extension 'colcon_pkg'
[0.186s] Level 1:colcon.colcon_core.package_identification:_identify(src/DynamixelSDK/c#/protocol1.0/bulk_read/win64) by extensions ['colcon_meta']
[0.186s] Level 1:colcon.colcon_core.package_identification:_identify(src/DynamixelSDK/c#/protocol1.0/bulk_read/win64) by extension 'colcon_meta'
[0.186s] Level 1:colcon.colcon_core.package_identification:_identify(src/DynamixelSDK/c#/protocol1.0/bulk_read/win64) by extensions ['ros']
[0.186s] Level 1:colcon.colcon_core.package_identification:_identify(src/DynamixelSDK/c#/protocol1.0/bulk_read/win64) by extension 'ros'
[0.186s] Level 1:colcon.colcon_core.package_identification:_identify(src/DynamixelSDK/c#/protocol1.0/bulk_read/win64) by extensions ['cmake', 'python']
[0.186s] Level 1:colcon.colcon_core.package_identification:_identify(src/DynamixelSDK/c#/protocol1.0/bulk_read/win64) by extension 'cmake'
[0.186s] Level 1:colcon.colcon_core.package_identification:_identify(src/DynamixelSDK/c#/protocol1.0/bulk_read/win64) by extension 'python'
[0.186s] Level 1:colcon.colcon_core.package_identification:_identify(src/DynamixelSDK/c#/protocol1.0/bulk_read/win64) by extensions ['python_setup_py']
[0.186s] Level 1:colcon.colcon_core.package_identification:_identify(src/DynamixelSDK/c#/protocol1.0/bulk_read/win64) by extension 'python_setup_py'
[0.186s] Level 1:colcon.colcon_core.package_identification:_identify(src/DynamixelSDK/c#/protocol1.0/bulk_read/win64/bulk_read) by extensions ['ignore', 'ignore_ament_install']
[0.187s] Level 1:colcon.colcon_core.package_identification:_identify(src/DynamixelSDK/c#/protocol1.0/bulk_read/win64/bulk_read) by extension 'ignore'
[0.187s] Level 1:colcon.colcon_core.package_identification:_identify(src/DynamixelSDK/c#/protocol1.0/bulk_read/win64/bulk_read) by extension 'ignore_ament_install'
[0.187s] Level 1:colcon.colcon_core.package_identification:_identify(src/DynamixelSDK/c#/protocol1.0/bulk_read/win64/bulk_read) by extensions ['colcon_pkg']
[0.187s] Level 1:colcon.colcon_core.package_identification:_identify(src/DynamixelSDK/c#/protocol1.0/bulk_read/win64/bulk_read) by extension 'colcon_pkg'
[0.187s] Level 1:colcon.colcon_core.package_identification:_identify(src/DynamixelSDK/c#/protocol1.0/bulk_read/win64/bulk_read) by extensions ['colcon_meta']
[0.187s] Level 1:colcon.colcon_core.package_identification:_identify(src/DynamixelSDK/c#/protocol1.0/bulk_read/win64/bulk_read) by extension 'colcon_meta'
[0.187s] Level 1:colcon.colcon_core.package_identification:_identify(src/DynamixelSDK/c#/protocol1.0/bulk_read/win64/bulk_read) by extensions ['ros']
[0.187s] Level 1:colcon.colcon_core.package_identification:_identify(src/DynamixelSDK/c#/protocol1.0/bulk_read/win64/bulk_read) by extension 'ros'
[0.187s] Level 1:colcon.colcon_core.package_identification:_identify(src/DynamixelSDK/c#/protocol1.0/bulk_read/win64/bulk_read) by extensions ['cmake', 'python']
[0.187s] Level 1:colcon.colcon_core.package_identification:_identify(src/DynamixelSDK/c#/protocol1.0/bulk_read/win64/bulk_read) by extension 'cmake'
[0.187s] Level 1:colcon.colcon_core.package_identification:_identify(src/DynamixelSDK/c#/protocol1.0/bulk_read/win64/bulk_read) by extension 'python'
[0.187s] Level 1:colcon.colcon_core.package_identification:_identify(src/DynamixelSDK/c#/protocol1.0/bulk_read/win64/bulk_read) by extensions ['python_setup_py']
[0.187s] Level 1:colcon.colcon_core.package_identification:_identify(src/DynamixelSDK/c#/protocol1.0/bulk_read/win64/bulk_read) by extension 'python_setup_py'
[0.187s] Level 1:colcon.colcon_core.package_identification:_identify(src/DynamixelSDK/c#/protocol1.0/bulk_read/win64/bulk_read/Properties) by extensions ['ignore', 'ignore_ament_install']
[0.187s] Level 1:colcon.colcon_core.package_identification:_identify(src/DynamixelSDK/c#/protocol1.0/bulk_read/win64/bulk_read/Properties) by extension 'ignore'
[0.187s] Level 1:colcon.colcon_core.package_identification:_identify(src/DynamixelSDK/c#/protocol1.0/bulk_read/win64/bulk_read/Properties) by extension 'ignore_ament_install'
[0.187s] Level 1:colcon.colcon_core.package_identification:_identify(src/DynamixelSDK/c#/protocol1.0/bulk_read/win64/bulk_read/Properties) by extensions ['colcon_pkg']
[0.187s] Level 1:colcon.colcon_core.package_identification:_identify(src/DynamixelSDK/c#/protocol1.0/bulk_read/win64/bulk_read/Properties) by extension 'colcon_pkg'
[0.187s] Level 1:colcon.colcon_core.package_identification:_identify(src/DynamixelSDK/c#/protocol1.0/bulk_read/win64/bulk_read/Properties) by extensions ['colcon_meta']
[0.187s] Level 1:colcon.colcon_core.package_identification:_identify(src/DynamixelSDK/c#/protocol1.0/bulk_read/win64/bulk_read/Properties) by extension 'colcon_meta'
[0.187s] Level 1:colcon.colcon_core.package_identification:_identify(src/DynamixelSDK/c#/protocol1.0/bulk_read/win64/bulk_read/Properties) by extensions ['ros']
[0.187s] Level 1:colcon.colcon_core.package_identification:_identify(src/DynamixelSDK/c#/protocol1.0/bulk_read/win64/bulk_read/Properties) by extension 'ros'
[0.188s] Level 1:colcon.colcon_core.package_identification:_identify(src/DynamixelSDK/c#/protocol1.0/bulk_read/win64/bulk_read/Properties) by extensions ['cmake', 'python']
[0.188s] Level 1:colcon.colcon_core.package_identification:_identify(src/DynamixelSDK/c#/protocol1.0/bulk_read/win64/bulk_read/Properties) by extension 'cmake'
[0.188s] Level 1:colcon.colcon_core.package_identification:_identify(src/DynamixelSDK/c#/protocol1.0/bulk_read/win64/bulk_read/Properties) by extension 'python'
[0.188s] Level 1:colcon.colcon_core.package_identification:_identify(src/DynamixelSDK/c#/protocol1.0/bulk_read/win64/bulk_read/Properties) by extensions ['python_setup_py']
[0.188s] Level 1:colcon.colcon_core.package_identification:_identify(src/DynamixelSDK/c#/protocol1.0/bulk_read/win64/bulk_read/Properties) by extension 'python_setup_py'
[0.188s] Level 1:colcon.colcon_core.package_identification:_identify(src/DynamixelSDK/c#/protocol1.0/multi_port) by extensions ['ignore', 'ignore_ament_install']
[0.188s] Level 1:colcon.colcon_core.package_identification:_identify(src/DynamixelSDK/c#/protocol1.0/multi_port) by extension 'ignore'
[0.188s] Level 1:colcon.colcon_core.package_identification:_identify(src/DynamixelSDK/c#/protocol1.0/multi_port) by extension 'ignore_ament_install'
[0.188s] Level 1:colcon.colcon_core.package_identification:_identify(src/DynamixelSDK/c#/protocol1.0/multi_port) by extensions ['colcon_pkg']
[0.188s] Level 1:colcon.colcon_core.package_identification:_identify(src/DynamixelSDK/c#/protocol1.0/multi_port) by extension 'colcon_pkg'
[0.188s] Level 1:colcon.colcon_core.package_identification:_identify(src/DynamixelSDK/c#/protocol1.0/multi_port) by extensions ['colcon_meta']
[0.188s] Level 1:colcon.colcon_core.package_identification:_identify(src/DynamixelSDK/c#/protocol1.0/multi_port) by extension 'colcon_meta'
[0.188s] Level 1:colcon.colcon_core.package_identification:_identify(src/DynamixelSDK/c#/protocol1.0/multi_port) by extensions ['ros']
[0.188s] Level 1:colcon.colcon_core.package_identification:_identify(src/DynamixelSDK/c#/protocol1.0/multi_port) by extension 'ros'
[0.188s] Level 1:colcon.colcon_core.package_identification:_identify(src/DynamixelSDK/c#/protocol1.0/multi_port) by extensions ['cmake', 'python']
[0.188s] Level 1:colcon.colcon_core.package_identification:_identify(src/DynamixelSDK/c#/protocol1.0/multi_port) by extension 'cmake'
[0.188s] Level 1:colcon.colcon_core.package_identification:_identify(src/DynamixelSDK/c#/protocol1.0/multi_port) by extension 'python'
[0.188s] Level 1:colcon.colcon_core.package_identification:_identify(src/DynamixelSDK/c#/protocol1.0/multi_port) by extensions ['python_setup_py']
[0.188s] Level 1:colcon.colcon_core.package_identification:_identify(src/DynamixelSDK/c#/protocol1.0/multi_port) by extension 'python_setup_py'
[0.188s] Level 1:colcon.colcon_core.package_identification:_identify(src/DynamixelSDK/c#/protocol1.0/multi_port/win32) by extensions ['ignore', 'ignore_ament_install']
[0.188s] Level 1:colcon.colcon_core.package_identification:_identify(src/DynamixelSDK/c#/protocol1.0/multi_port/win32) by extension 'ignore'
[0.189s] Level 1:colcon.colcon_core.package_identification:_identify(src/DynamixelSDK/c#/protocol1.0/multi_port/win32) by extension 'ignore_ament_install'
[0.189s] Level 1:colcon.colcon_core.package_identification:_identify(src/DynamixelSDK/c#/protocol1.0/multi_port/win32) by extensions ['colcon_pkg']
[0.189s] Level 1:colcon.colcon_core.package_identification:_identify(src/DynamixelSDK/c#/protocol1.0/multi_port/win32) by extension 'colcon_pkg'
[0.189s] Level 1:colcon.colcon_core.package_identification:_identify(src/DynamixelSDK/c#/protocol1.0/multi_port/win32) by extensions ['colcon_meta']
[0.189s] Level 1:colcon.colcon_core.package_identification:_identify(src/DynamixelSDK/c#/protocol1.0/multi_port/win32) by extension 'colcon_meta'
[0.189s] Level 1:colcon.colcon_core.package_identification:_identify(src/DynamixelSDK/c#/protocol1.0/multi_port/win32) by extensions ['ros']
[0.189s] Level 1:colcon.colcon_core.package_identification:_identify(src/DynamixelSDK/c#/protocol1.0/multi_port/win32) by extension 'ros'
[0.189s] Level 1:colcon.colcon_core.package_identification:_identify(src/DynamixelSDK/c#/protocol1.0/multi_port/win32) by extensions ['cmake', 'python']
[0.189s] Level 1:colcon.colcon_core.package_identification:_identify(src/DynamixelSDK/c#/protocol1.0/multi_port/win32) by extension 'cmake'
[0.189s] Level 1:colcon.colcon_core.package_identification:_identify(src/DynamixelSDK/c#/protocol1.0/multi_port/win32) by extension 'python'
[0.189s] Level 1:colcon.colcon_core.package_identification:_identify(src/DynamixelSDK/c#/protocol1.0/multi_port/win32) by extensions ['python_setup_py']
[0.189s] Level 1:colcon.colcon_core.package_identification:_identify(src/DynamixelSDK/c#/protocol1.0/multi_port/win32) by extension 'python_setup_py'
[0.189s] Level 1:colcon.colcon_core.package_identification:_identify(src/DynamixelSDK/c#/protocol1.0/multi_port/win32/multi_port) by extensions ['ignore', 'ignore_ament_install']
[0.189s] Level 1:colcon.colcon_core.package_identification:_identify(src/DynamixelSDK/c#/protocol1.0/multi_port/win32/multi_port) by extension 'ignore'
[0.189s] Level 1:colcon.colcon_core.package_identification:_identify(src/DynamixelSDK/c#/protocol1.0/multi_port/win32/multi_port) by extension 'ignore_ament_install'
[0.189s] Level 1:colcon.colcon_core.package_identification:_identify(src/DynamixelSDK/c#/protocol1.0/multi_port/win32/multi_port) by extensions ['colcon_pkg']
[0.189s] Level 1:colcon.colcon_core.package_identification:_identify(src/DynamixelSDK/c#/protocol1.0/multi_port/win32/multi_port) by extension 'colcon_pkg'
[0.189s] Level 1:colcon.colcon_core.package_identification:_identify(src/DynamixelSDK/c#/protocol1.0/multi_port/win32/multi_port) by extensions ['colcon_meta']
[0.189s] Level 1:colcon.colcon_core.package_identification:_identify(src/DynamixelSDK/c#/protocol1.0/multi_port/win32/multi_port) by extension 'colcon_meta'
[0.189s] Level 1:colcon.colcon_core.package_identification:_identify(src/DynamixelSDK/c#/protocol1.0/multi_port/win32/multi_port) by extensions ['ros']
[0.189s] Level 1:colcon.colcon_core.package_identification:_identify(src/DynamixelSDK/c#/protocol1.0/multi_port/win32/multi_port) by extension 'ros'
[0.189s] Level 1:colcon.colcon_core.package_identification:_identify(src/DynamixelSDK/c#/protocol1.0/multi_port/win32/multi_port) by extensions ['cmake', 'python']
[0.189s] Level 1:colcon.colcon_core.package_identification:_identify(src/DynamixelSDK/c#/protocol1.0/multi_port/win32/multi_port) by extension 'cmake'
[0.189s] Level 1:colcon.colcon_core.package_identification:_identify(src/DynamixelSDK/c#/protocol1.0/multi_port/win32/multi_port) by extension 'python'
[0.190s] Level 1:colcon.colcon_core.package_identification:_identify(src/DynamixelSDK/c#/protocol1.0/multi_port/win32/multi_port) by extensions ['python_setup_py']
[0.190s] Level 1:colcon.colcon_core.package_identification:_identify(src/DynamixelSDK/c#/protocol1.0/multi_port/win32/multi_port) by extension 'python_setup_py'
[0.190s] Level 1:colcon.colcon_core.package_identification:_identify(src/DynamixelSDK/c#/protocol1.0/multi_port/win32/multi_port/Properties) by extensions ['ignore', 'ignore_ament_install']
[0.190s] Level 1:colcon.colcon_core.package_identification:_identify(src/DynamixelSDK/c#/protocol1.0/multi_port/win32/multi_port/Properties) by extension 'ignore'
[0.190s] Level 1:colcon.colcon_core.package_identification:_identify(src/DynamixelSDK/c#/protocol1.0/multi_port/win32/multi_port/Properties) by extension 'ignore_ament_install'
[0.190s] Level 1:colcon.colcon_core.package_identification:_identify(src/DynamixelSDK/c#/protocol1.0/multi_port/win32/multi_port/Properties) by extensions ['colcon_pkg']
[0.190s] Level 1:colcon.colcon_core.package_identification:_identify(src/DynamixelSDK/c#/protocol1.0/multi_port/win32/multi_port/Properties) by extension 'colcon_pkg'
[0.190s] Level 1:colcon.colcon_core.package_identification:_identify(src/DynamixelSDK/c#/protocol1.0/multi_port/win32/multi_port/Properties) by extensions ['colcon_meta']
[0.190s] Level 1:colcon.colcon_core.package_identification:_identify(src/DynamixelSDK/c#/protocol1.0/multi_port/win32/multi_port/Properties) by extension 'colcon_meta'
[0.190s] Level 1:colcon.colcon_core.package_identification:_identify(src/DynamixelSDK/c#/protocol1.0/multi_port/win32/multi_port/Properties) by extensions ['ros']
[0.190s] Level 1:colcon.colcon_core.package_identification:_identify(src/DynamixelSDK/c#/protocol1.0/multi_port/win32/multi_port/Properties) by extension 'ros'
[0.190s] Level 1:colcon.colcon_core.package_identification:_identify(src/DynamixelSDK/c#/protocol1.0/multi_port/win32/multi_port/Properties) by extensions ['cmake', 'python']
[0.190s] Level 1:colcon.colcon_core.package_identification:_identify(src/DynamixelSDK/c#/protocol1.0/multi_port/win32/multi_port/Properties) by extension 'cmake'
[0.190s] Level 1:colcon.colcon_core.package_identification:_identify(src/DynamixelSDK/c#/protocol1.0/multi_port/win32/multi_port/Properties) by extension 'python'
[0.190s] Level 1:colcon.colcon_core.package_identification:_identify(src/DynamixelSDK/c#/protocol1.0/multi_port/win32/multi_port/Properties) by extensions ['python_setup_py']
[0.190s] Level 1:colcon.colcon_core.package_identification:_identify(src/DynamixelSDK/c#/protocol1.0/multi_port/win32/multi_port/Properties) by extension 'python_setup_py'
[0.190s] Level 1:colcon.colcon_core.package_identification:_identify(src/DynamixelSDK/c#/protocol1.0/multi_port/win64) by extensions ['ignore', 'ignore_ament_install']
[0.190s] Level 1:colcon.colcon_core.package_identification:_identify(src/DynamixelSDK/c#/protocol1.0/multi_port/win64) by extension 'ignore'
[0.190s] Level 1:colcon.colcon_core.package_identification:_identify(src/DynamixelSDK/c#/protocol1.0/multi_port/win64) by extension 'ignore_ament_install'
[0.190s] Level 1:colcon.colcon_core.package_identification:_identify(src/DynamixelSDK/c#/protocol1.0/multi_port/win64) by extensions ['colcon_pkg']
[0.190s] Level 1:colcon.colcon_core.package_identification:_identify(src/DynamixelSDK/c#/protocol1.0/multi_port/win64) by extension 'colcon_pkg'
[0.191s] Level 1:colcon.colcon_core.package_identification:_identify(src/DynamixelSDK/c#/protocol1.0/multi_port/win64) by extensions ['colcon_meta']
[0.191s] Level 1:colcon.colcon_core.package_identification:_identify(src/DynamixelSDK/c#/protocol1.0/multi_port/win64) by extension 'colcon_meta'
[0.191s] Level 1:colcon.colcon_core.package_identification:_identify(src/DynamixelSDK/c#/protocol1.0/multi_port/win64) by extensions ['ros']
[0.191s] Level 1:colcon.colcon_core.package_identification:_identify(src/DynamixelSDK/c#/protocol1.0/multi_port/win64) by extension 'ros'
[0.191s] Level 1:colcon.colcon_core.package_identification:_identify(src/DynamixelSDK/c#/protocol1.0/multi_port/win64) by extensions ['cmake', 'python']
[0.191s] Level 1:colcon.colcon_core.package_identification:_identify(src/DynamixelSDK/c#/protocol1.0/multi_port/win64) by extension 'cmake'
[0.191s] Level 1:colcon.colcon_core.package_identification:_identify(src/DynamixelSDK/c#/protocol1.0/multi_port/win64) by extension 'python'
[0.191s] Level 1:colcon.colcon_core.package_identification:_identify(src/DynamixelSDK/c#/protocol1.0/multi_port/win64) by extensions ['python_setup_py']
[0.191s] Level 1:colcon.colcon_core.package_identification:_identify(src/DynamixelSDK/c#/protocol1.0/multi_port/win64) by extension 'python_setup_py'
[0.191s] Level 1:colcon.colcon_core.package_identification:_identify(src/DynamixelSDK/c#/protocol1.0/multi_port/win64/multi_port) by extensions ['ignore', 'ignore_ament_install']
[0.191s] Level 1:colcon.colcon_core.package_identification:_identify(src/DynamixelSDK/c#/protocol1.0/multi_port/win64/multi_port) by extension 'ignore'
[0.191s] Level 1:colcon.colcon_core.package_identification:_identify(src/DynamixelSDK/c#/protocol1.0/multi_port/win64/multi_port) by extension 'ignore_ament_install'
[0.191s] Level 1:colcon.colcon_core.package_identification:_identify(src/DynamixelSDK/c#/protocol1.0/multi_port/win64/multi_port) by extensions ['colcon_pkg']
[0.191s] Level 1:colcon.colcon_core.package_identification:_identify(src/DynamixelSDK/c#/protocol1.0/multi_port/win64/multi_port) by extension 'colcon_pkg'
[0.191s] Level 1:colcon.colcon_core.package_identification:_identify(src/DynamixelSDK/c#/protocol1.0/multi_port/win64/multi_port) by extensions ['colcon_meta']
[0.191s] Level 1:colcon.colcon_core.package_identification:_identify(src/DynamixelSDK/c#/protocol1.0/multi_port/win64/multi_port) by extension 'colcon_meta'
[0.191s] Level 1:colcon.colcon_core.package_identification:_identify(src/DynamixelSDK/c#/protocol1.0/multi_port/win64/multi_port) by extensions ['ros']
[0.191s] Level 1:colcon.colcon_core.package_identification:_identify(src/DynamixelSDK/c#/protocol1.0/multi_port/win64/multi_port) by extension 'ros'
[0.191s] Level 1:colcon.colcon_core.package_identification:_identify(src/DynamixelSDK/c#/protocol1.0/multi_port/win64/multi_port) by extensions ['cmake', 'python']
[0.191s] Level 1:colcon.colcon_core.package_identification:_identify(src/DynamixelSDK/c#/protocol1.0/multi_port/win64/multi_port) by extension 'cmake'
[0.191s] Level 1:colcon.colcon_core.package_identification:_identify(src/DynamixelSDK/c#/protocol1.0/multi_port/win64/multi_port) by extension 'python'
[0.191s] Level 1:colcon.colcon_core.package_identification:_identify(src/DynamixelSDK/c#/protocol1.0/multi_port/win64/multi_port) by extensions ['python_setup_py']
[0.191s] Level 1:colcon.colcon_core.package_identification:_identify(src/DynamixelSDK/c#/protocol1.0/multi_port/win64/multi_port) by extension 'python_setup_py'
[0.192s] Level 1:colcon.colcon_core.package_identification:_identify(src/DynamixelSDK/c#/protocol1.0/multi_port/win64/multi_port/Properties) by extensions ['ignore', 'ignore_ament_install']
[0.192s] Level 1:colcon.colcon_core.package_identification:_identify(src/DynamixelSDK/c#/protocol1.0/multi_port/win64/multi_port/Properties) by extension 'ignore'
[0.192s] Level 1:colcon.colcon_core.package_identification:_identify(src/DynamixelSDK/c#/protocol1.0/multi_port/win64/multi_port/Properties) by extension 'ignore_ament_install'
[0.192s] Level 1:colcon.colcon_core.package_identification:_identify(src/DynamixelSDK/c#/protocol1.0/multi_port/win64/multi_port/Properties) by extensions ['colcon_pkg']
[0.192s] Level 1:colcon.colcon_core.package_identification:_identify(src/DynamixelSDK/c#/protocol1.0/multi_port/win64/multi_port/Properties) by extension 'colcon_pkg'
[0.192s] Level 1:colcon.colcon_core.package_identification:_identify(src/DynamixelSDK/c#/protocol1.0/multi_port/win64/multi_port/Properties) by extensions ['colcon_meta']
[0.192s] Level 1:colcon.colcon_core.package_identification:_identify(src/DynamixelSDK/c#/protocol1.0/multi_port/win64/multi_port/Properties) by extension 'colcon_meta'
[0.192s] Level 1:colcon.colcon_core.package_identification:_identify(src/DynamixelSDK/c#/protocol1.0/multi_port/win64/multi_port/Properties) by extensions ['ros']
[0.192s] Level 1:colcon.colcon_core.package_identification:_identify(src/DynamixelSDK/c#/protocol1.0/multi_port/win64/multi_port/Properties) by extension 'ros'
[0.192s] Level 1:colcon.colcon_core.package_identification:_identify(src/DynamixelSDK/c#/protocol1.0/multi_port/win64/multi_port/Properties) by extensions ['cmake', 'python']
[0.192s] Level 1:colcon.colcon_core.package_identification:_identify(src/DynamixelSDK/c#/protocol1.0/multi_port/win64/multi_port/Properties) by extension 'cmake'
[0.192s] Level 1:colcon.colcon_core.package_identification:_identify(src/DynamixelSDK/c#/protocol1.0/multi_port/win64/multi_port/Properties) by extension 'python'
[0.192s] Level 1:colcon.colcon_core.package_identification:_identify(src/DynamixelSDK/c#/protocol1.0/multi_port/win64/multi_port/Properties) by extensions ['python_setup_py']
[0.192s] Level 1:colcon.colcon_core.package_identification:_identify(src/DynamixelSDK/c#/protocol1.0/multi_port/win64/multi_port/Properties) by extension 'python_setup_py'
[0.192s] Level 1:colcon.colcon_core.package_identification:_identify(src/DynamixelSDK/c#/protocol1.0/ping) by extensions ['ignore', 'ignore_ament_install']
[0.192s] Level 1:colcon.colcon_core.package_identification:_identify(src/DynamixelSDK/c#/protocol1.0/ping) by extension 'ignore'
[0.192s] Level 1:colcon.colcon_core.package_identification:_identify(src/DynamixelSDK/c#/protocol1.0/ping) by extension 'ignore_ament_install'
[0.192s] Level 1:colcon.colcon_core.package_identification:_identify(src/DynamixelSDK/c#/protocol1.0/ping) by extensions ['colcon_pkg']
[0.192s] Level 1:colcon.colcon_core.package_identification:_identify(src/DynamixelSDK/c#/protocol1.0/ping) by extension 'colcon_pkg'
[0.192s] Level 1:colcon.colcon_core.package_identification:_identify(src/DynamixelSDK/c#/protocol1.0/ping) by extensions ['colcon_meta']
[0.192s] Level 1:colcon.colcon_core.package_identification:_identify(src/DynamixelSDK/c#/protocol1.0/ping) by extension 'colcon_meta'
[0.192s] Level 1:colcon.colcon_core.package_identification:_identify(src/DynamixelSDK/c#/protocol1.0/ping) by extensions ['ros']
[0.192s] Level 1:colcon.colcon_core.package_identification:_identify(src/DynamixelSDK/c#/protocol1.0/ping) by extension 'ros'
[0.193s] Level 1:colcon.colcon_core.package_identification:_identify(src/DynamixelSDK/c#/protocol1.0/ping) by extensions ['cmake', 'python']
[0.193s] Level 1:colcon.colcon_core.package_identification:_identify(src/DynamixelSDK/c#/protocol1.0/ping) by extension 'cmake'
[0.193s] Level 1:colcon.colcon_core.package_identification:_identify(src/DynamixelSDK/c#/protocol1.0/ping) by extension 'python'
[0.193s] Level 1:colcon.colcon_core.package_identification:_identify(src/DynamixelSDK/c#/protocol1.0/ping) by extensions ['python_setup_py']
[0.193s] Level 1:colcon.colcon_core.package_identification:_identify(src/DynamixelSDK/c#/protocol1.0/ping) by extension 'python_setup_py'
[0.193s] Level 1:colcon.colcon_core.package_identification:_identify(src/DynamixelSDK/c#/protocol1.0/ping/win32) by extensions ['ignore', 'ignore_ament_install']
[0.193s] Level 1:colcon.colcon_core.package_identification:_identify(src/DynamixelSDK/c#/protocol1.0/ping/win32) by extension 'ignore'
[0.193s] Level 1:colcon.colcon_core.package_identification:_identify(src/DynamixelSDK/c#/protocol1.0/ping/win32) by extension 'ignore_ament_install'
[0.193s] Level 1:colcon.colcon_core.package_identification:_identify(src/DynamixelSDK/c#/protocol1.0/ping/win32) by extensions ['colcon_pkg']
[0.193s] Level 1:colcon.colcon_core.package_identification:_identify(src/DynamixelSDK/c#/protocol1.0/ping/win32) by extension 'colcon_pkg'
[0.193s] Level 1:colcon.colcon_core.package_identification:_identify(src/DynamixelSDK/c#/protocol1.0/ping/win32) by extensions ['colcon_meta']
[0.193s] Level 1:colcon.colcon_core.package_identification:_identify(src/DynamixelSDK/c#/protocol1.0/ping/win32) by extension 'colcon_meta'
[0.193s] Level 1:colcon.colcon_core.package_identification:_identify(src/DynamixelSDK/c#/protocol1.0/ping/win32) by extensions ['ros']
[0.193s] Level 1:colcon.colcon_core.package_identification:_identify(src/DynamixelSDK/c#/protocol1.0/ping/win32) by extension 'ros'
[0.193s] Level 1:colcon.colcon_core.package_identification:_identify(src/DynamixelSDK/c#/protocol1.0/ping/win32) by extensions ['cmake', 'python']
[0.193s] Level 1:colcon.colcon_core.package_identification:_identify(src/DynamixelSDK/c#/protocol1.0/ping/win32) by extension 'cmake'
[0.193s] Level 1:colcon.colcon_core.package_identification:_identify(src/DynamixelSDK/c#/protocol1.0/ping/win32) by extension 'python'
[0.193s] Level 1:colcon.colcon_core.package_identification:_identify(src/DynamixelSDK/c#/protocol1.0/ping/win32) by extensions ['python_setup_py']
[0.193s] Level 1:colcon.colcon_core.package_identification:_identify(src/DynamixelSDK/c#/protocol1.0/ping/win32) by extension 'python_setup_py'
[0.193s] Level 1:colcon.colcon_core.package_identification:_identify(src/DynamixelSDK/c#/protocol1.0/ping/win32/ping) by extensions ['ignore', 'ignore_ament_install']
[0.193s] Level 1:colcon.colcon_core.package_identification:_identify(src/DynamixelSDK/c#/protocol1.0/ping/win32/ping) by extension 'ignore'
[0.194s] Level 1:colcon.colcon_core.package_identification:_identify(src/DynamixelSDK/c#/protocol1.0/ping/win32/ping) by extension 'ignore_ament_install'
[0.194s] Level 1:colcon.colcon_core.package_identification:_identify(src/DynamixelSDK/c#/protocol1.0/ping/win32/ping) by extensions ['colcon_pkg']
[0.194s] Level 1:colcon.colcon_core.package_identification:_identify(src/DynamixelSDK/c#/protocol1.0/ping/win32/ping) by extension 'colcon_pkg'
[0.194s] Level 1:colcon.colcon_core.package_identification:_identify(src/DynamixelSDK/c#/protocol1.0/ping/win32/ping) by extensions ['colcon_meta']
[0.194s] Level 1:colcon.colcon_core.package_identification:_identify(src/DynamixelSDK/c#/protocol1.0/ping/win32/ping) by extension 'colcon_meta'
[0.194s] Level 1:colcon.colcon_core.package_identification:_identify(src/DynamixelSDK/c#/protocol1.0/ping/win32/ping) by extensions ['ros']
[0.194s] Level 1:colcon.colcon_core.package_identification:_identify(src/DynamixelSDK/c#/protocol1.0/ping/win32/ping) by extension 'ros'
[0.194s] Level 1:colcon.colcon_core.package_identification:_identify(src/DynamixelSDK/c#/protocol1.0/ping/win32/ping) by extensions ['cmake', 'python']
[0.194s] Level 1:colcon.colcon_core.package_identification:_identify(src/DynamixelSDK/c#/protocol1.0/ping/win32/ping) by extension 'cmake'
[0.194s] Level 1:colcon.colcon_core.package_identification:_identify(src/DynamixelSDK/c#/protocol1.0/ping/win32/ping) by extension 'python'
[0.194s] Level 1:colcon.colcon_core.package_identification:_identify(src/DynamixelSDK/c#/protocol1.0/ping/win32/ping) by extensions ['python_setup_py']
[0.194s] Level 1:colcon.colcon_core.package_identification:_identify(src/DynamixelSDK/c#/protocol1.0/ping/win32/ping) by extension 'python_setup_py'
[0.194s] Level 1:colcon.colcon_core.package_identification:_identify(src/DynamixelSDK/c#/protocol1.0/ping/win32/ping/Properties) by extensions ['ignore', 'ignore_ament_install']
[0.194s] Level 1:colcon.colcon_core.package_identification:_identify(src/DynamixelSDK/c#/protocol1.0/ping/win32/ping/Properties) by extension 'ignore'
[0.194s] Level 1:colcon.colcon_core.package_identification:_identify(src/DynamixelSDK/c#/protocol1.0/ping/win32/ping/Properties) by extension 'ignore_ament_install'
[0.194s] Level 1:colcon.colcon_core.package_identification:_identify(src/DynamixelSDK/c#/protocol1.0/ping/win32/ping/Properties) by extensions ['colcon_pkg']
[0.194s] Level 1:colcon.colcon_core.package_identification:_identify(src/DynamixelSDK/c#/protocol1.0/ping/win32/ping/Properties) by extension 'colcon_pkg'
[0.194s] Level 1:colcon.colcon_core.package_identification:_identify(src/DynamixelSDK/c#/protocol1.0/ping/win32/ping/Properties) by extensions ['colcon_meta']
[0.194s] Level 1:colcon.colcon_core.package_identification:_identify(src/DynamixelSDK/c#/protocol1.0/ping/win32/ping/Properties) by extension 'colcon_meta'
[0.194s] Level 1:colcon.colcon_core.package_identification:_identify(src/DynamixelSDK/c#/protocol1.0/ping/win32/ping/Properties) by extensions ['ros']
[0.194s] Level 1:colcon.colcon_core.package_identification:_identify(src/DynamixelSDK/c#/protocol1.0/ping/win32/ping/Properties) by extension 'ros'
[0.194s] Level 1:colcon.colcon_core.package_identification:_identify(src/DynamixelSDK/c#/protocol1.0/ping/win32/ping/Properties) by extensions ['cmake', 'python']
[0.195s] Level 1:colcon.colcon_core.package_identification:_identify(src/DynamixelSDK/c#/protocol1.0/ping/win32/ping/Properties) by extension 'cmake'
[0.195s] Level 1:colcon.colcon_core.package_identification:_identify(src/DynamixelSDK/c#/protocol1.0/ping/win32/ping/Properties) by extension 'python'
[0.195s] Level 1:colcon.colcon_core.package_identification:_identify(src/DynamixelSDK/c#/protocol1.0/ping/win32/ping/Properties) by extensions ['python_setup_py']
[0.195s] Level 1:colcon.colcon_core.package_identification:_identify(src/DynamixelSDK/c#/protocol1.0/ping/win32/ping/Properties) by extension 'python_setup_py'
[0.195s] Level 1:colcon.colcon_core.package_identification:_identify(src/DynamixelSDK/c#/protocol1.0/ping/win64) by extensions ['ignore', 'ignore_ament_install']
[0.195s] Level 1:colcon.colcon_core.package_identification:_identify(src/DynamixelSDK/c#/protocol1.0/ping/win64) by extension 'ignore'
[0.195s] Level 1:colcon.colcon_core.package_identification:_identify(src/DynamixelSDK/c#/protocol1.0/ping/win64) by extension 'ignore_ament_install'
[0.195s] Level 1:colcon.colcon_core.package_identification:_identify(src/DynamixelSDK/c#/protocol1.0/ping/win64) by extensions ['colcon_pkg']
[0.195s] Level 1:colcon.colcon_core.package_identification:_identify(src/DynamixelSDK/c#/protocol1.0/ping/win64) by extension 'colcon_pkg'
[0.195s] Level 1:colcon.colcon_core.package_identification:_identify(src/DynamixelSDK/c#/protocol1.0/ping/win64) by extensions ['colcon_meta']
[0.195s] Level 1:colcon.colcon_core.package_identification:_identify(src/DynamixelSDK/c#/protocol1.0/ping/win64) by extension 'colcon_meta'
[0.195s] Level 1:colcon.colcon_core.package_identification:_identify(src/DynamixelSDK/c#/protocol1.0/ping/win64) by extensions ['ros']
[0.195s] Level 1:colcon.colcon_core.package_identification:_identify(src/DynamixelSDK/c#/protocol1.0/ping/win64) by extension 'ros'
[0.195s] Level 1:colcon.colcon_core.package_identification:_identify(src/DynamixelSDK/c#/protocol1.0/ping/win64) by extensions ['cmake', 'python']
[0.195s] Level 1:colcon.colcon_core.package_identification:_identify(src/DynamixelSDK/c#/protocol1.0/ping/win64) by extension 'cmake'
[0.195s] Level 1:colcon.colcon_core.package_identification:_identify(src/DynamixelSDK/c#/protocol1.0/ping/win64) by extension 'python'
[0.195s] Level 1:colcon.colcon_core.package_identification:_identify(src/DynamixelSDK/c#/protocol1.0/ping/win64) by extensions ['python_setup_py']
[0.195s] Level 1:colcon.colcon_core.package_identification:_identify(src/DynamixelSDK/c#/protocol1.0/ping/win64) by extension 'python_setup_py'
[0.195s] Level 1:colcon.colcon_core.package_identification:_identify(src/DynamixelSDK/c#/protocol1.0/ping/win64/ping) by extensions ['ignore', 'ignore_ament_install']
[0.195s] Level 1:colcon.colcon_core.package_identification:_identify(src/DynamixelSDK/c#/protocol1.0/ping/win64/ping) by extension 'ignore'
[0.195s] Level 1:colcon.colcon_core.package_identification:_identify(src/DynamixelSDK/c#/protocol1.0/ping/win64/ping) by extension 'ignore_ament_install'
[0.195s] Level 1:colcon.colcon_core.package_identification:_identify(src/DynamixelSDK/c#/protocol1.0/ping/win64/ping) by extensions ['colcon_pkg']
[0.196s] Level 1:colcon.colcon_core.package_identification:_identify(src/DynamixelSDK/c#/protocol1.0/ping/win64/ping) by extension 'colcon_pkg'
[0.196s] Level 1:colcon.colcon_core.package_identification:_identify(src/DynamixelSDK/c#/protocol1.0/ping/win64/ping) by extensions ['colcon_meta']
[0.196s] Level 1:colcon.colcon_core.package_identification:_identify(src/DynamixelSDK/c#/protocol1.0/ping/win64/ping) by extension 'colcon_meta'
[0.196s] Level 1:colcon.colcon_core.package_identification:_identify(src/DynamixelSDK/c#/protocol1.0/ping/win64/ping) by extensions ['ros']
[0.196s] Level 1:colcon.colcon_core.package_identification:_identify(src/DynamixelSDK/c#/protocol1.0/ping/win64/ping) by extension 'ros'
[0.196s] Level 1:colcon.colcon_core.package_identification:_identify(src/DynamixelSDK/c#/protocol1.0/ping/win64/ping) by extensions ['cmake', 'python']
[0.196s] Level 1:colcon.colcon_core.package_identification:_identify(src/DynamixelSDK/c#/protocol1.0/ping/win64/ping) by extension 'cmake'
[0.196s] Level 1:colcon.colcon_core.package_identification:_identify(src/DynamixelSDK/c#/protocol1.0/ping/win64/ping) by extension 'python'
[0.196s] Level 1:colcon.colcon_core.package_identification:_identify(src/DynamixelSDK/c#/protocol1.0/ping/win64/ping) by extensions ['python_setup_py']
[0.196s] Level 1:colcon.colcon_core.package_identification:_identify(src/DynamixelSDK/c#/protocol1.0/ping/win64/ping) by extension 'python_setup_py'
[0.196s] Level 1:colcon.colcon_core.package_identification:_identify(src/DynamixelSDK/c#/protocol1.0/ping/win64/ping/Properties) by extensions ['ignore', 'ignore_ament_install']
[0.196s] Level 1:colcon.colcon_core.package_identification:_identify(src/DynamixelSDK/c#/protocol1.0/ping/win64/ping/Properties) by extension 'ignore'
[0.196s] Level 1:colcon.colcon_core.package_identification:_identify(src/DynamixelSDK/c#/protocol1.0/ping/win64/ping/Properties) by extension 'ignore_ament_install'
[0.196s] Level 1:colcon.colcon_core.package_identification:_identify(src/DynamixelSDK/c#/protocol1.0/ping/win64/ping/Properties) by extensions ['colcon_pkg']
[0.196s] Level 1:colcon.colcon_core.package_identification:_identify(src/DynamixelSDK/c#/protocol1.0/ping/win64/ping/Properties) by extension 'colcon_pkg'
[0.196s] Level 1:colcon.colcon_core.package_identification:_identify(src/DynamixelSDK/c#/protocol1.0/ping/win64/ping/Properties) by extensions ['colcon_meta']
[0.196s] Level 1:colcon.colcon_core.package_identification:_identify(src/DynamixelSDK/c#/protocol1.0/ping/win64/ping/Properties) by extension 'colcon_meta'
[0.196s] Level 1:colcon.colcon_core.package_identification:_identify(src/DynamixelSDK/c#/protocol1.0/ping/win64/ping/Properties) by extensions ['ros']
[0.196s] Level 1:colcon.colcon_core.package_identification:_identify(src/DynamixelSDK/c#/protocol1.0/ping/win64/ping/Properties) by extension 'ros'
[0.196s] Level 1:colcon.colcon_core.package_identification:_identify(src/DynamixelSDK/c#/protocol1.0/ping/win64/ping/Properties) by extensions ['cmake', 'python']
[0.196s] Level 1:colcon.colcon_core.package_identification:_identify(src/DynamixelSDK/c#/protocol1.0/ping/win64/ping/Properties) by extension 'cmake'
[0.196s] Level 1:colcon.colcon_core.package_identification:_identify(src/DynamixelSDK/c#/protocol1.0/ping/win64/ping/Properties) by extension 'python'
[0.196s] Level 1:colcon.colcon_core.package_identification:_identify(src/DynamixelSDK/c#/protocol1.0/ping/win64/ping/Properties) by extensions ['python_setup_py']
[0.196s] Level 1:colcon.colcon_core.package_identification:_identify(src/DynamixelSDK/c#/protocol1.0/ping/win64/ping/Properties) by extension 'python_setup_py'
[0.197s] Level 1:colcon.colcon_core.package_identification:_identify(src/DynamixelSDK/c#/protocol1.0/read_write) by extensions ['ignore', 'ignore_ament_install']
[0.197s] Level 1:colcon.colcon_core.package_identification:_identify(src/DynamixelSDK/c#/protocol1.0/read_write) by extension 'ignore'
[0.197s] Level 1:colcon.colcon_core.package_identification:_identify(src/DynamixelSDK/c#/protocol1.0/read_write) by extension 'ignore_ament_install'
[0.197s] Level 1:colcon.colcon_core.package_identification:_identify(src/DynamixelSDK/c#/protocol1.0/read_write) by extensions ['colcon_pkg']
[0.197s] Level 1:colcon.colcon_core.package_identification:_identify(src/DynamixelSDK/c#/protocol1.0/read_write) by extension 'colcon_pkg'
[0.197s] Level 1:colcon.colcon_core.package_identification:_identify(src/DynamixelSDK/c#/protocol1.0/read_write) by extensions ['colcon_meta']
[0.197s] Level 1:colcon.colcon_core.package_identification:_identify(src/DynamixelSDK/c#/protocol1.0/read_write) by extension 'colcon_meta'
[0.197s] Level 1:colcon.colcon_core.package_identification:_identify(src/DynamixelSDK/c#/protocol1.0/read_write) by extensions ['ros']
[0.197s] Level 1:colcon.colcon_core.package_identification:_identify(src/DynamixelSDK/c#/protocol1.0/read_write) by extension 'ros'
[0.197s] Level 1:colcon.colcon_core.package_identification:_identify(src/DynamixelSDK/c#/protocol1.0/read_write) by extensions ['cmake', 'python']
[0.197s] Level 1:colcon.colcon_core.package_identification:_identify(src/DynamixelSDK/c#/protocol1.0/read_write) by extension 'cmake'
[0.197s] Level 1:colcon.colcon_core.package_identification:_identify(src/DynamixelSDK/c#/protocol1.0/read_write) by extension 'python'
[0.197s] Level 1:colcon.colcon_core.package_identification:_identify(src/DynamixelSDK/c#/protocol1.0/read_write) by extensions ['python_setup_py']
[0.197s] Level 1:colcon.colcon_core.package_identification:_identify(src/DynamixelSDK/c#/protocol1.0/read_write) by extension 'python_setup_py'
[0.197s] Level 1:colcon.colcon_core.package_identification:_identify(src/DynamixelSDK/c#/protocol1.0/read_write/win32) by extensions ['ignore', 'ignore_ament_install']
[0.197s] Level 1:colcon.colcon_core.package_identification:_identify(src/DynamixelSDK/c#/protocol1.0/read_write/win32) by extension 'ignore'
[0.197s] Level 1:colcon.colcon_core.package_identification:_identify(src/DynamixelSDK/c#/protocol1.0/read_write/win32) by extension 'ignore_ament_install'
[0.197s] Level 1:colcon.colcon_core.package_identification:_identify(src/DynamixelSDK/c#/protocol1.0/read_write/win32) by extensions ['colcon_pkg']
[0.197s] Level 1:colcon.colcon_core.package_identification:_identify(src/DynamixelSDK/c#/protocol1.0/read_write/win32) by extension 'colcon_pkg'
[0.197s] Level 1:colcon.colcon_core.package_identification:_identify(src/DynamixelSDK/c#/protocol1.0/read_write/win32) by extensions ['colcon_meta']
[0.197s] Level 1:colcon.colcon_core.package_identification:_identify(src/DynamixelSDK/c#/protocol1.0/read_write/win32) by extension 'colcon_meta'
[0.197s] Level 1:colcon.colcon_core.package_identification:_identify(src/DynamixelSDK/c#/protocol1.0/read_write/win32) by extensions ['ros']
[0.197s] Level 1:colcon.colcon_core.package_identification:_identify(src/DynamixelSDK/c#/protocol1.0/read_write/win32) by extension 'ros'
[0.198s] Level 1:colcon.colcon_core.package_identification:_identify(src/DynamixelSDK/c#/protocol1.0/read_write/win32) by extensions ['cmake', 'python']
[0.198s] Level 1:colcon.colcon_core.package_identification:_identify(src/DynamixelSDK/c#/protocol1.0/read_write/win32) by extension 'cmake'
[0.198s] Level 1:colcon.colcon_core.package_identification:_identify(src/DynamixelSDK/c#/protocol1.0/read_write/win32) by extension 'python'
[0.198s] Level 1:colcon.colcon_core.package_identification:_identify(src/DynamixelSDK/c#/protocol1.0/read_write/win32) by extensions ['python_setup_py']
[0.198s] Level 1:colcon.colcon_core.package_identification:_identify(src/DynamixelSDK/c#/protocol1.0/read_write/win32) by extension 'python_setup_py'
[0.198s] Level 1:colcon.colcon_core.package_identification:_identify(src/DynamixelSDK/c#/protocol1.0/read_write/win32/read_write) by extensions ['ignore', 'ignore_ament_install']
[0.198s] Level 1:colcon.colcon_core.package_identification:_identify(src/DynamixelSDK/c#/protocol1.0/read_write/win32/read_write) by extension 'ignore'
[0.198s] Level 1:colcon.colcon_core.package_identification:_identify(src/DynamixelSDK/c#/protocol1.0/read_write/win32/read_write) by extension 'ignore_ament_install'
[0.198s] Level 1:colcon.colcon_core.package_identification:_identify(src/DynamixelSDK/c#/protocol1.0/read_write/win32/read_write) by extensions ['colcon_pkg']
[0.198s] Level 1:colcon.colcon_core.package_identification:_identify(src/DynamixelSDK/c#/protocol1.0/read_write/win32/read_write) by extension 'colcon_pkg'
[0.198s] Level 1:colcon.colcon_core.package_identification:_identify(src/DynamixelSDK/c#/protocol1.0/read_write/win32/read_write) by extensions ['colcon_meta']
[0.198s] Level 1:colcon.colcon_core.package_identification:_identify(src/DynamixelSDK/c#/protocol1.0/read_write/win32/read_write) by extension 'colcon_meta'
[0.198s] Level 1:colcon.colcon_core.package_identification:_identify(src/DynamixelSDK/c#/protocol1.0/read_write/win32/read_write) by extensions ['ros']
[0.198s] Level 1:colcon.colcon_core.package_identification:_identify(src/DynamixelSDK/c#/protocol1.0/read_write/win32/read_write) by extension 'ros'
[0.198s] Level 1:colcon.colcon_core.package_identification:_identify(src/DynamixelSDK/c#/protocol1.0/read_write/win32/read_write) by extensions ['cmake', 'python']
[0.198s] Level 1:colcon.colcon_core.package_identification:_identify(src/DynamixelSDK/c#/protocol1.0/read_write/win32/read_write) by extension 'cmake'
[0.198s] Level 1:colcon.colcon_core.package_identification:_identify(src/DynamixelSDK/c#/protocol1.0/read_write/win32/read_write) by extension 'python'
[0.198s] Level 1:colcon.colcon_core.package_identification:_identify(src/DynamixelSDK/c#/protocol1.0/read_write/win32/read_write) by extensions ['python_setup_py']
[0.198s] Level 1:colcon.colcon_core.package_identification:_identify(src/DynamixelSDK/c#/protocol1.0/read_write/win32/read_write) by extension 'python_setup_py'
[0.198s] Level 1:colcon.colcon_core.package_identification:_identify(src/DynamixelSDK/c#/protocol1.0/read_write/win32/read_write/Properties) by extensions ['ignore', 'ignore_ament_install']
[0.198s] Level 1:colcon.colcon_core.package_identification:_identify(src/DynamixelSDK/c#/protocol1.0/read_write/win32/read_write/Properties) by extension 'ignore'
[0.198s] Level 1:colcon.colcon_core.package_identification:_identify(src/DynamixelSDK/c#/protocol1.0/read_write/win32/read_write/Properties) by extension 'ignore_ament_install'
[0.199s] Level 1:colcon.colcon_core.package_identification:_identify(src/DynamixelSDK/c#/protocol1.0/read_write/win32/read_write/Properties) by extensions ['colcon_pkg']
[0.199s] Level 1:colcon.colcon_core.package_identification:_identify(src/DynamixelSDK/c#/protocol1.0/read_write/win32/read_write/Properties) by extension 'colcon_pkg'
[0.199s] Level 1:colcon.colcon_core.package_identification:_identify(src/DynamixelSDK/c#/protocol1.0/read_write/win32/read_write/Properties) by extensions ['colcon_meta']
[0.199s] Level 1:colcon.colcon_core.package_identification:_identify(src/DynamixelSDK/c#/protocol1.0/read_write/win32/read_write/Properties) by extension 'colcon_meta'
[0.199s] Level 1:colcon.colcon_core.package_identification:_identify(src/DynamixelSDK/c#/protocol1.0/read_write/win32/read_write/Properties) by extensions ['ros']
[0.199s] Level 1:colcon.colcon_core.package_identification:_identify(src/DynamixelSDK/c#/protocol1.0/read_write/win32/read_write/Properties) by extension 'ros'
[0.199s] Level 1:colcon.colcon_core.package_identification:_identify(src/DynamixelSDK/c#/protocol1.0/read_write/win32/read_write/Properties) by extensions ['cmake', 'python']
[0.199s] Level 1:colcon.colcon_core.package_identification:_identify(src/DynamixelSDK/c#/protocol1.0/read_write/win32/read_write/Properties) by extension 'cmake'
[0.199s] Level 1:colcon.colcon_core.package_identification:_identify(src/DynamixelSDK/c#/protocol1.0/read_write/win32/read_write/Properties) by extension 'python'
[0.199s] Level 1:colcon.colcon_core.package_identification:_identify(src/DynamixelSDK/c#/protocol1.0/read_write/win32/read_write/Properties) by extensions ['python_setup_py']
[0.199s] Level 1:colcon.colcon_core.package_identification:_identify(src/DynamixelSDK/c#/protocol1.0/read_write/win32/read_write/Properties) by extension 'python_setup_py'
[0.199s] Level 1:colcon.colcon_core.package_identification:_identify(src/DynamixelSDK/c#/protocol1.0/read_write/win64) by extensions ['ignore', 'ignore_ament_install']
[0.199s] Level 1:colcon.colcon_core.package_identification:_identify(src/DynamixelSDK/c#/protocol1.0/read_write/win64) by extension 'ignore'
[0.199s] Level 1:colcon.colcon_core.package_identification:_identify(src/DynamixelSDK/c#/protocol1.0/read_write/win64) by extension 'ignore_ament_install'
[0.199s] Level 1:colcon.colcon_core.package_identification:_identify(src/DynamixelSDK/c#/protocol1.0/read_write/win64) by extensions ['colcon_pkg']
[0.199s] Level 1:colcon.colcon_core.package_identification:_identify(src/DynamixelSDK/c#/protocol1.0/read_write/win64) by extension 'colcon_pkg'
[0.199s] Level 1:colcon.colcon_core.package_identification:_identify(src/DynamixelSDK/c#/protocol1.0/read_write/win64) by extensions ['colcon_meta']
[0.199s] Level 1:colcon.colcon_core.package_identification:_identify(src/DynamixelSDK/c#/protocol1.0/read_write/win64) by extension 'colcon_meta'
[0.199s] Level 1:colcon.colcon_core.package_identification:_identify(src/DynamixelSDK/c#/protocol1.0/read_write/win64) by extensions ['ros']
[0.199s] Level 1:colcon.colcon_core.package_identification:_identify(src/DynamixelSDK/c#/protocol1.0/read_write/win64) by extension 'ros'
[0.199s] Level 1:colcon.colcon_core.package_identification:_identify(src/DynamixelSDK/c#/protocol1.0/read_write/win64) by extensions ['cmake', 'python']
[0.199s] Level 1:colcon.colcon_core.package_identification:_identify(src/DynamixelSDK/c#/protocol1.0/read_write/win64) by extension 'cmake'
[0.199s] Level 1:colcon.colcon_core.package_identification:_identify(src/DynamixelSDK/c#/protocol1.0/read_write/win64) by extension 'python'
[0.200s] Level 1:colcon.colcon_core.package_identification:_identify(src/DynamixelSDK/c#/protocol1.0/read_write/win64) by extensions ['python_setup_py']
[0.200s] Level 1:colcon.colcon_core.package_identification:_identify(src/DynamixelSDK/c#/protocol1.0/read_write/win64) by extension 'python_setup_py'
[0.200s] Level 1:colcon.colcon_core.package_identification:_identify(src/DynamixelSDK/c#/protocol1.0/read_write/win64/read_write) by extensions ['ignore', 'ignore_ament_install']
[0.200s] Level 1:colcon.colcon_core.package_identification:_identify(src/DynamixelSDK/c#/protocol1.0/read_write/win64/read_write) by extension 'ignore'
[0.200s] Level 1:colcon.colcon_core.package_identification:_identify(src/DynamixelSDK/c#/protocol1.0/read_write/win64/read_write) by extension 'ignore_ament_install'
[0.200s] Level 1:colcon.colcon_core.package_identification:_identify(src/DynamixelSDK/c#/protocol1.0/read_write/win64/read_write) by extensions ['colcon_pkg']
[0.200s] Level 1:colcon.colcon_core.package_identification:_identify(src/DynamixelSDK/c#/protocol1.0/read_write/win64/read_write) by extension 'colcon_pkg'
[0.200s] Level 1:colcon.colcon_core.package_identification:_identify(src/DynamixelSDK/c#/protocol1.0/read_write/win64/read_write) by extensions ['colcon_meta']
[0.200s] Level 1:colcon.colcon_core.package_identification:_identify(src/DynamixelSDK/c#/protocol1.0/read_write/win64/read_write) by extension 'colcon_meta'
[0.200s] Level 1:colcon.colcon_core.package_identification:_identify(src/DynamixelSDK/c#/protocol1.0/read_write/win64/read_write) by extensions ['ros']
[0.200s] Level 1:colcon.colcon_core.package_identification:_identify(src/DynamixelSDK/c#/protocol1.0/read_write/win64/read_write) by extension 'ros'
[0.200s] Level 1:colcon.colcon_core.package_identification:_identify(src/DynamixelSDK/c#/protocol1.0/read_write/win64/read_write) by extensions ['cmake', 'python']
[0.200s] Level 1:colcon.colcon_core.package_identification:_identify(src/DynamixelSDK/c#/protocol1.0/read_write/win64/read_write) by extension 'cmake'
[0.200s] Level 1:colcon.colcon_core.package_identification:_identify(src/DynamixelSDK/c#/protocol1.0/read_write/win64/read_write) by extension 'python'
[0.200s] Level 1:colcon.colcon_core.package_identification:_identify(src/DynamixelSDK/c#/protocol1.0/read_write/win64/read_write) by extensions ['python_setup_py']
[0.200s] Level 1:colcon.colcon_core.package_identification:_identify(src/DynamixelSDK/c#/protocol1.0/read_write/win64/read_write) by extension 'python_setup_py'
[0.200s] Level 1:colcon.colcon_core.package_identification:_identify(src/DynamixelSDK/c#/protocol1.0/read_write/win64/read_write/Properties) by extensions ['ignore', 'ignore_ament_install']
[0.200s] Level 1:colcon.colcon_core.package_identification:_identify(src/DynamixelSDK/c#/protocol1.0/read_write/win64/read_write/Properties) by extension 'ignore'
[0.200s] Level 1:colcon.colcon_core.package_identification:_identify(src/DynamixelSDK/c#/protocol1.0/read_write/win64/read_write/Properties) by extension 'ignore_ament_install'
[0.200s] Level 1:colcon.colcon_core.package_identification:_identify(src/DynamixelSDK/c#/protocol1.0/read_write/win64/read_write/Properties) by extensions ['colcon_pkg']
[0.200s] Level 1:colcon.colcon_core.package_identification:_identify(src/DynamixelSDK/c#/protocol1.0/read_write/win64/read_write/Properties) by extension 'colcon_pkg'
[0.200s] Level 1:colcon.colcon_core.package_identification:_identify(src/DynamixelSDK/c#/protocol1.0/read_write/win64/read_write/Properties) by extensions ['colcon_meta']
[0.200s] Level 1:colcon.colcon_core.package_identification:_identify(src/DynamixelSDK/c#/protocol1.0/read_write/win64/read_write/Properties) by extension 'colcon_meta'
[0.201s] Level 1:colcon.colcon_core.package_identification:_identify(src/DynamixelSDK/c#/protocol1.0/read_write/win64/read_write/Properties) by extensions ['ros']
[0.201s] Level 1:colcon.colcon_core.package_identification:_identify(src/DynamixelSDK/c#/protocol1.0/read_write/win64/read_write/Properties) by extension 'ros'
[0.201s] Level 1:colcon.colcon_core.package_identification:_identify(src/DynamixelSDK/c#/protocol1.0/read_write/win64/read_write/Properties) by extensions ['cmake', 'python']
[0.201s] Level 1:colcon.colcon_core.package_identification:_identify(src/DynamixelSDK/c#/protocol1.0/read_write/win64/read_write/Properties) by extension 'cmake'
[0.201s] Level 1:colcon.colcon_core.package_identification:_identify(src/DynamixelSDK/c#/protocol1.0/read_write/win64/read_write/Properties) by extension 'python'
[0.201s] Level 1:colcon.colcon_core.package_identification:_identify(src/DynamixelSDK/c#/protocol1.0/read_write/win64/read_write/Properties) by extensions ['python_setup_py']
[0.201s] Level 1:colcon.colcon_core.package_identification:_identify(src/DynamixelSDK/c#/protocol1.0/read_write/win64/read_write/Properties) by extension 'python_setup_py'
[0.201s] Level 1:colcon.colcon_core.package_identification:_identify(src/DynamixelSDK/c#/protocol1.0/reset) by extensions ['ignore', 'ignore_ament_install']
[0.201s] Level 1:colcon.colcon_core.package_identification:_identify(src/DynamixelSDK/c#/protocol1.0/reset) by extension 'ignore'
[0.201s] Level 1:colcon.colcon_core.package_identification:_identify(src/DynamixelSDK/c#/protocol1.0/reset) by extension 'ignore_ament_install'
[0.201s] Level 1:colcon.colcon_core.package_identification:_identify(src/DynamixelSDK/c#/protocol1.0/reset) by extensions ['colcon_pkg']
[0.201s] Level 1:colcon.colcon_core.package_identification:_identify(src/DynamixelSDK/c#/protocol1.0/reset) by extension 'colcon_pkg'
[0.201s] Level 1:colcon.colcon_core.package_identification:_identify(src/DynamixelSDK/c#/protocol1.0/reset) by extensions ['colcon_meta']
[0.201s] Level 1:colcon.colcon_core.package_identification:_identify(src/DynamixelSDK/c#/protocol1.0/reset) by extension 'colcon_meta'
[0.201s] Level 1:colcon.colcon_core.package_identification:_identify(src/DynamixelSDK/c#/protocol1.0/reset) by extensions ['ros']
[0.201s] Level 1:colcon.colcon_core.package_identification:_identify(src/DynamixelSDK/c#/protocol1.0/reset) by extension 'ros'
[0.201s] Level 1:colcon.colcon_core.package_identification:_identify(src/DynamixelSDK/c#/protocol1.0/reset) by extensions ['cmake', 'python']
[0.201s] Level 1:colcon.colcon_core.package_identification:_identify(src/DynamixelSDK/c#/protocol1.0/reset) by extension 'cmake'
[0.201s] Level 1:colcon.colcon_core.package_identification:_identify(src/DynamixelSDK/c#/protocol1.0/reset) by extension 'python'
[0.201s] Level 1:colcon.colcon_core.package_identification:_identify(src/DynamixelSDK/c#/protocol1.0/reset) by extensions ['python_setup_py']
[0.201s] Level 1:colcon.colcon_core.package_identification:_identify(src/DynamixelSDK/c#/protocol1.0/reset) by extension 'python_setup_py'
[0.201s] Level 1:colcon.colcon_core.package_identification:_identify(src/DynamixelSDK/c#/protocol1.0/reset/win32) by extensions ['ignore', 'ignore_ament_install']
[0.202s] Level 1:colcon.colcon_core.package_identification:_identify(src/DynamixelSDK/c#/protocol1.0/reset/win32) by extension 'ignore'
[0.202s] Level 1:colcon.colcon_core.package_identification:_identify(src/DynamixelSDK/c#/protocol1.0/reset/win32) by extension 'ignore_ament_install'
[0.202s] Level 1:colcon.colcon_core.package_identification:_identify(src/DynamixelSDK/c#/protocol1.0/reset/win32) by extensions ['colcon_pkg']
[0.202s] Level 1:colcon.colcon_core.package_identification:_identify(src/DynamixelSDK/c#/protocol1.0/reset/win32) by extension 'colcon_pkg'
[0.202s] Level 1:colcon.colcon_core.package_identification:_identify(src/DynamixelSDK/c#/protocol1.0/reset/win32) by extensions ['colcon_meta']
[0.202s] Level 1:colcon.colcon_core.package_identification:_identify(src/DynamixelSDK/c#/protocol1.0/reset/win32) by extension 'colcon_meta'
[0.202s] Level 1:colcon.colcon_core.package_identification:_identify(src/DynamixelSDK/c#/protocol1.0/reset/win32) by extensions ['ros']
[0.202s] Level 1:colcon.colcon_core.package_identification:_identify(src/DynamixelSDK/c#/protocol1.0/reset/win32) by extension 'ros'
[0.202s] Level 1:colcon.colcon_core.package_identification:_identify(src/DynamixelSDK/c#/protocol1.0/reset/win32) by extensions ['cmake', 'python']
[0.202s] Level 1:colcon.colcon_core.package_identification:_identify(src/DynamixelSDK/c#/protocol1.0/reset/win32) by extension 'cmake'
[0.202s] Level 1:colcon.colcon_core.package_identification:_identify(src/DynamixelSDK/c#/protocol1.0/reset/win32) by extension 'python'
[0.202s] Level 1:colcon.colcon_core.package_identification:_identify(src/DynamixelSDK/c#/protocol1.0/reset/win32) by extensions ['python_setup_py']
[0.202s] Level 1:colcon.colcon_core.package_identification:_identify(src/DynamixelSDK/c#/protocol1.0/reset/win32) by extension 'python_setup_py'
[0.202s] Level 1:colcon.colcon_core.package_identification:_identify(src/DynamixelSDK/c#/protocol1.0/reset/win32/reset) by extensions ['ignore', 'ignore_ament_install']
[0.202s] Level 1:colcon.colcon_core.package_identification:_identify(src/DynamixelSDK/c#/protocol1.0/reset/win32/reset) by extension 'ignore'
[0.202s] Level 1:colcon.colcon_core.package_identification:_identify(src/DynamixelSDK/c#/protocol1.0/reset/win32/reset) by extension 'ignore_ament_install'
[0.202s] Level 1:colcon.colcon_core.package_identification:_identify(src/DynamixelSDK/c#/protocol1.0/reset/win32/reset) by extensions ['colcon_pkg']
[0.202s] Level 1:colcon.colcon_core.package_identification:_identify(src/DynamixelSDK/c#/protocol1.0/reset/win32/reset) by extension 'colcon_pkg'
[0.202s] Level 1:colcon.colcon_core.package_identification:_identify(src/DynamixelSDK/c#/protocol1.0/reset/win32/reset) by extensions ['colcon_meta']
[0.202s] Level 1:colcon.colcon_core.package_identification:_identify(src/DynamixelSDK/c#/protocol1.0/reset/win32/reset) by extension 'colcon_meta'
[0.202s] Level 1:colcon.colcon_core.package_identification:_identify(src/DynamixelSDK/c#/protocol1.0/reset/win32/reset) by extensions ['ros']
[0.202s] Level 1:colcon.colcon_core.package_identification:_identify(src/DynamixelSDK/c#/protocol1.0/reset/win32/reset) by extension 'ros'
[0.202s] Level 1:colcon.colcon_core.package_identification:_identify(src/DynamixelSDK/c#/protocol1.0/reset/win32/reset) by extensions ['cmake', 'python']
[0.203s] Level 1:colcon.colcon_core.package_identification:_identify(src/DynamixelSDK/c#/protocol1.0/reset/win32/reset) by extension 'cmake'
[0.203s] Level 1:colcon.colcon_core.package_identification:_identify(src/DynamixelSDK/c#/protocol1.0/reset/win32/reset) by extension 'python'
[0.203s] Level 1:colcon.colcon_core.package_identification:_identify(src/DynamixelSDK/c#/protocol1.0/reset/win32/reset) by extensions ['python_setup_py']
[0.203s] Level 1:colcon.colcon_core.package_identification:_identify(src/DynamixelSDK/c#/protocol1.0/reset/win32/reset) by extension 'python_setup_py'
[0.203s] Level 1:colcon.colcon_core.package_identification:_identify(src/DynamixelSDK/c#/protocol1.0/reset/win32/reset/Properties) by extensions ['ignore', 'ignore_ament_install']
[0.203s] Level 1:colcon.colcon_core.package_identification:_identify(src/DynamixelSDK/c#/protocol1.0/reset/win32/reset/Properties) by extension 'ignore'
[0.203s] Level 1:colcon.colcon_core.package_identification:_identify(src/DynamixelSDK/c#/protocol1.0/reset/win32/reset/Properties) by extension 'ignore_ament_install'
[0.203s] Level 1:colcon.colcon_core.package_identification:_identify(src/DynamixelSDK/c#/protocol1.0/reset/win32/reset/Properties) by extensions ['colcon_pkg']
[0.203s] Level 1:colcon.colcon_core.package_identification:_identify(src/DynamixelSDK/c#/protocol1.0/reset/win32/reset/Properties) by extension 'colcon_pkg'
[0.203s] Level 1:colcon.colcon_core.package_identification:_identify(src/DynamixelSDK/c#/protocol1.0/reset/win32/reset/Properties) by extensions ['colcon_meta']
[0.203s] Level 1:colcon.colcon_core.package_identification:_identify(src/DynamixelSDK/c#/protocol1.0/reset/win32/reset/Properties) by extension 'colcon_meta'
[0.203s] Level 1:colcon.colcon_core.package_identification:_identify(src/DynamixelSDK/c#/protocol1.0/reset/win32/reset/Properties) by extensions ['ros']
[0.203s] Level 1:colcon.colcon_core.package_identification:_identify(src/DynamixelSDK/c#/protocol1.0/reset/win32/reset/Properties) by extension 'ros'
[0.203s] Level 1:colcon.colcon_core.package_identification:_identify(src/DynamixelSDK/c#/protocol1.0/reset/win32/reset/Properties) by extensions ['cmake', 'python']
[0.203s] Level 1:colcon.colcon_core.package_identification:_identify(src/DynamixelSDK/c#/protocol1.0/reset/win32/reset/Properties) by extension 'cmake'
[0.203s] Level 1:colcon.colcon_core.package_identification:_identify(src/DynamixelSDK/c#/protocol1.0/reset/win32/reset/Properties) by extension 'python'
[0.203s] Level 1:colcon.colcon_core.package_identification:_identify(src/DynamixelSDK/c#/protocol1.0/reset/win32/reset/Properties) by extensions ['python_setup_py']
[0.203s] Level 1:colcon.colcon_core.package_identification:_identify(src/DynamixelSDK/c#/protocol1.0/reset/win32/reset/Properties) by extension 'python_setup_py'
[0.203s] Level 1:colcon.colcon_core.package_identification:_identify(src/DynamixelSDK/c#/protocol1.0/reset/win64) by extensions ['ignore', 'ignore_ament_install']
[0.203s] Level 1:colcon.colcon_core.package_identification:_identify(src/DynamixelSDK/c#/protocol1.0/reset/win64) by extension 'ignore'
[0.203s] Level 1:colcon.colcon_core.package_identification:_identify(src/DynamixelSDK/c#/protocol1.0/reset/win64) by extension 'ignore_ament_install'
[0.203s] Level 1:colcon.colcon_core.package_identification:_identify(src/DynamixelSDK/c#/protocol1.0/reset/win64) by extensions ['colcon_pkg']
[0.204s] Level 1:colcon.colcon_core.package_identification:_identify(src/DynamixelSDK/c#/protocol1.0/reset/win64) by extension 'colcon_pkg'
[0.204s] Level 1:colcon.colcon_core.package_identification:_identify(src/DynamixelSDK/c#/protocol1.0/reset/win64) by extensions ['colcon_meta']
[0.204s] Level 1:colcon.colcon_core.package_identification:_identify(src/DynamixelSDK/c#/protocol1.0/reset/win64) by extension 'colcon_meta'
[0.204s] Level 1:colcon.colcon_core.package_identification:_identify(src/DynamixelSDK/c#/protocol1.0/reset/win64) by extensions ['ros']
[0.204s] Level 1:colcon.colcon_core.package_identification:_identify(src/DynamixelSDK/c#/protocol1.0/reset/win64) by extension 'ros'
[0.204s] Level 1:colcon.colcon_core.package_identification:_identify(src/DynamixelSDK/c#/protocol1.0/reset/win64) by extensions ['cmake', 'python']
[0.204s] Level 1:colcon.colcon_core.package_identification:_identify(src/DynamixelSDK/c#/protocol1.0/reset/win64) by extension 'cmake'
[0.204s] Level 1:colcon.colcon_core.package_identification:_identify(src/DynamixelSDK/c#/protocol1.0/reset/win64) by extension 'python'
[0.204s] Level 1:colcon.colcon_core.package_identification:_identify(src/DynamixelSDK/c#/protocol1.0/reset/win64) by extensions ['python_setup_py']
[0.204s] Level 1:colcon.colcon_core.package_identification:_identify(src/DynamixelSDK/c#/protocol1.0/reset/win64) by extension 'python_setup_py'
[0.204s] Level 1:colcon.colcon_core.package_identification:_identify(src/DynamixelSDK/c#/protocol1.0/reset/win64/reset) by extensions ['ignore', 'ignore_ament_install']
[0.204s] Level 1:colcon.colcon_core.package_identification:_identify(src/DynamixelSDK/c#/protocol1.0/reset/win64/reset) by extension 'ignore'
[0.204s] Level 1:colcon.colcon_core.package_identification:_identify(src/DynamixelSDK/c#/protocol1.0/reset/win64/reset) by extension 'ignore_ament_install'
[0.204s] Level 1:colcon.colcon_core.package_identification:_identify(src/DynamixelSDK/c#/protocol1.0/reset/win64/reset) by extensions ['colcon_pkg']
[0.204s] Level 1:colcon.colcon_core.package_identification:_identify(src/DynamixelSDK/c#/protocol1.0/reset/win64/reset) by extension 'colcon_pkg'
[0.204s] Level 1:colcon.colcon_core.package_identification:_identify(src/DynamixelSDK/c#/protocol1.0/reset/win64/reset) by extensions ['colcon_meta']
[0.204s] Level 1:colcon.colcon_core.package_identification:_identify(src/DynamixelSDK/c#/protocol1.0/reset/win64/reset) by extension 'colcon_meta'
[0.204s] Level 1:colcon.colcon_core.package_identification:_identify(src/DynamixelSDK/c#/protocol1.0/reset/win64/reset) by extensions ['ros']
[0.204s] Level 1:colcon.colcon_core.package_identification:_identify(src/DynamixelSDK/c#/protocol1.0/reset/win64/reset) by extension 'ros'
[0.204s] Level 1:colcon.colcon_core.package_identification:_identify(src/DynamixelSDK/c#/protocol1.0/reset/win64/reset) by extensions ['cmake', 'python']
[0.204s] Level 1:colcon.colcon_core.package_identification:_identify(src/DynamixelSDK/c#/protocol1.0/reset/win64/reset) by extension 'cmake'
[0.204s] Level 1:colcon.colcon_core.package_identification:_identify(src/DynamixelSDK/c#/protocol1.0/reset/win64/reset) by extension 'python'
[0.204s] Level 1:colcon.colcon_core.package_identification:_identify(src/DynamixelSDK/c#/protocol1.0/reset/win64/reset) by extensions ['python_setup_py']
[0.204s] Level 1:colcon.colcon_core.package_identification:_identify(src/DynamixelSDK/c#/protocol1.0/reset/win64/reset) by extension 'python_setup_py'
[0.205s] Level 1:colcon.colcon_core.package_identification:_identify(src/DynamixelSDK/c#/protocol1.0/reset/win64/reset/Properties) by extensions ['ignore', 'ignore_ament_install']
[0.205s] Level 1:colcon.colcon_core.package_identification:_identify(src/DynamixelSDK/c#/protocol1.0/reset/win64/reset/Properties) by extension 'ignore'
[0.205s] Level 1:colcon.colcon_core.package_identification:_identify(src/DynamixelSDK/c#/protocol1.0/reset/win64/reset/Properties) by extension 'ignore_ament_install'
[0.205s] Level 1:colcon.colcon_core.package_identification:_identify(src/DynamixelSDK/c#/protocol1.0/reset/win64/reset/Properties) by extensions ['colcon_pkg']
[0.205s] Level 1:colcon.colcon_core.package_identification:_identify(src/DynamixelSDK/c#/protocol1.0/reset/win64/reset/Properties) by extension 'colcon_pkg'
[0.205s] Level 1:colcon.colcon_core.package_identification:_identify(src/DynamixelSDK/c#/protocol1.0/reset/win64/reset/Properties) by extensions ['colcon_meta']
[0.205s] Level 1:colcon.colcon_core.package_identification:_identify(src/DynamixelSDK/c#/protocol1.0/reset/win64/reset/Properties) by extension 'colcon_meta'
[0.205s] Level 1:colcon.colcon_core.package_identification:_identify(src/DynamixelSDK/c#/protocol1.0/reset/win64/reset/Properties) by extensions ['ros']
[0.205s] Level 1:colcon.colcon_core.package_identification:_identify(src/DynamixelSDK/c#/protocol1.0/reset/win64/reset/Properties) by extension 'ros'
[0.205s] Level 1:colcon.colcon_core.package_identification:_identify(src/DynamixelSDK/c#/protocol1.0/reset/win64/reset/Properties) by extensions ['cmake', 'python']
[0.205s] Level 1:colcon.colcon_core.package_identification:_identify(src/DynamixelSDK/c#/protocol1.0/reset/win64/reset/Properties) by extension 'cmake'
[0.205s] Level 1:colcon.colcon_core.package_identification:_identify(src/DynamixelSDK/c#/protocol1.0/reset/win64/reset/Properties) by extension 'python'
[0.205s] Level 1:colcon.colcon_core.package_identification:_identify(src/DynamixelSDK/c#/protocol1.0/reset/win64/reset/Properties) by extensions ['python_setup_py']
[0.205s] Level 1:colcon.colcon_core.package_identification:_identify(src/DynamixelSDK/c#/protocol1.0/reset/win64/reset/Properties) by extension 'python_setup_py'
[0.205s] Level 1:colcon.colcon_core.package_identification:_identify(src/DynamixelSDK/c#/protocol1.0/sync_write) by extensions ['ignore', 'ignore_ament_install']
[0.205s] Level 1:colcon.colcon_core.package_identification:_identify(src/DynamixelSDK/c#/protocol1.0/sync_write) by extension 'ignore'
[0.205s] Level 1:colcon.colcon_core.package_identification:_identify(src/DynamixelSDK/c#/protocol1.0/sync_write) by extension 'ignore_ament_install'
[0.205s] Level 1:colcon.colcon_core.package_identification:_identify(src/DynamixelSDK/c#/protocol1.0/sync_write) by extensions ['colcon_pkg']
[0.205s] Level 1:colcon.colcon_core.package_identification:_identify(src/DynamixelSDK/c#/protocol1.0/sync_write) by extension 'colcon_pkg'
[0.205s] Level 1:colcon.colcon_core.package_identification:_identify(src/DynamixelSDK/c#/protocol1.0/sync_write) by extensions ['colcon_meta']
[0.205s] Level 1:colcon.colcon_core.package_identification:_identify(src/DynamixelSDK/c#/protocol1.0/sync_write) by extension 'colcon_meta'
[0.205s] Level 1:colcon.colcon_core.package_identification:_identify(src/DynamixelSDK/c#/protocol1.0/sync_write) by extensions ['ros']
[0.205s] Level 1:colcon.colcon_core.package_identification:_identify(src/DynamixelSDK/c#/protocol1.0/sync_write) by extension 'ros'
[0.206s] Level 1:colcon.colcon_core.package_identification:_identify(src/DynamixelSDK/c#/protocol1.0/sync_write) by extensions ['cmake', 'python']
[0.206s] Level 1:colcon.colcon_core.package_identification:_identify(src/DynamixelSDK/c#/protocol1.0/sync_write) by extension 'cmake'
[0.206s] Level 1:colcon.colcon_core.package_identification:_identify(src/DynamixelSDK/c#/protocol1.0/sync_write) by extension 'python'
[0.206s] Level 1:colcon.colcon_core.package_identification:_identify(src/DynamixelSDK/c#/protocol1.0/sync_write) by extensions ['python_setup_py']
[0.206s] Level 1:colcon.colcon_core.package_identification:_identify(src/DynamixelSDK/c#/protocol1.0/sync_write) by extension 'python_setup_py'
[0.206s] Level 1:colcon.colcon_core.package_identification:_identify(src/DynamixelSDK/c#/protocol1.0/sync_write/win32) by extensions ['ignore', 'ignore_ament_install']
[0.206s] Level 1:colcon.colcon_core.package_identification:_identify(src/DynamixelSDK/c#/protocol1.0/sync_write/win32) by extension 'ignore'
[0.206s] Level 1:colcon.colcon_core.package_identification:_identify(src/DynamixelSDK/c#/protocol1.0/sync_write/win32) by extension 'ignore_ament_install'
[0.206s] Level 1:colcon.colcon_core.package_identification:_identify(src/DynamixelSDK/c#/protocol1.0/sync_write/win32) by extensions ['colcon_pkg']
[0.206s] Level 1:colcon.colcon_core.package_identification:_identify(src/DynamixelSDK/c#/protocol1.0/sync_write/win32) by extension 'colcon_pkg'
[0.206s] Level 1:colcon.colcon_core.package_identification:_identify(src/DynamixelSDK/c#/protocol1.0/sync_write/win32) by extensions ['colcon_meta']
[0.206s] Level 1:colcon.colcon_core.package_identification:_identify(src/DynamixelSDK/c#/protocol1.0/sync_write/win32) by extension 'colcon_meta'
[0.206s] Level 1:colcon.colcon_core.package_identification:_identify(src/DynamixelSDK/c#/protocol1.0/sync_write/win32) by extensions ['ros']
[0.206s] Level 1:colcon.colcon_core.package_identification:_identify(src/DynamixelSDK/c#/protocol1.0/sync_write/win32) by extension 'ros'
[0.206s] Level 1:colcon.colcon_core.package_identification:_identify(src/DynamixelSDK/c#/protocol1.0/sync_write/win32) by extensions ['cmake', 'python']
[0.206s] Level 1:colcon.colcon_core.package_identification:_identify(src/DynamixelSDK/c#/protocol1.0/sync_write/win32) by extension 'cmake'
[0.206s] Level 1:colcon.colcon_core.package_identification:_identify(src/DynamixelSDK/c#/protocol1.0/sync_write/win32) by extension 'python'
[0.206s] Level 1:colcon.colcon_core.package_identification:_identify(src/DynamixelSDK/c#/protocol1.0/sync_write/win32) by extensions ['python_setup_py']
[0.206s] Level 1:colcon.colcon_core.package_identification:_identify(src/DynamixelSDK/c#/protocol1.0/sync_write/win32) by extension 'python_setup_py'
[0.206s] Level 1:colcon.colcon_core.package_identification:_identify(src/DynamixelSDK/c#/protocol1.0/sync_write/win32/sync_write) by extensions ['ignore', 'ignore_ament_install']
[0.206s] Level 1:colcon.colcon_core.package_identification:_identify(src/DynamixelSDK/c#/protocol1.0/sync_write/win32/sync_write) by extension 'ignore'
[0.207s] Level 1:colcon.colcon_core.package_identification:_identify(src/DynamixelSDK/c#/protocol1.0/sync_write/win32/sync_write) by extension 'ignore_ament_install'
[0.207s] Level 1:colcon.colcon_core.package_identification:_identify(src/DynamixelSDK/c#/protocol1.0/sync_write/win32/sync_write) by extensions ['colcon_pkg']
[0.207s] Level 1:colcon.colcon_core.package_identification:_identify(src/DynamixelSDK/c#/protocol1.0/sync_write/win32/sync_write) by extension 'colcon_pkg'
[0.207s] Level 1:colcon.colcon_core.package_identification:_identify(src/DynamixelSDK/c#/protocol1.0/sync_write/win32/sync_write) by extensions ['colcon_meta']
[0.207s] Level 1:colcon.colcon_core.package_identification:_identify(src/DynamixelSDK/c#/protocol1.0/sync_write/win32/sync_write) by extension 'colcon_meta'
[0.207s] Level 1:colcon.colcon_core.package_identification:_identify(src/DynamixelSDK/c#/protocol1.0/sync_write/win32/sync_write) by extensions ['ros']
[0.207s] Level 1:colcon.colcon_core.package_identification:_identify(src/DynamixelSDK/c#/protocol1.0/sync_write/win32/sync_write) by extension 'ros'
[0.207s] Level 1:colcon.colcon_core.package_identification:_identify(src/DynamixelSDK/c#/protocol1.0/sync_write/win32/sync_write) by extensions ['cmake', 'python']
[0.207s] Level 1:colcon.colcon_core.package_identification:_identify(src/DynamixelSDK/c#/protocol1.0/sync_write/win32/sync_write) by extension 'cmake'
[0.207s] Level 1:colcon.colcon_core.package_identification:_identify(src/DynamixelSDK/c#/protocol1.0/sync_write/win32/sync_write) by extension 'python'
[0.207s] Level 1:colcon.colcon_core.package_identification:_identify(src/DynamixelSDK/c#/protocol1.0/sync_write/win32/sync_write) by extensions ['python_setup_py']
[0.207s] Level 1:colcon.colcon_core.package_identification:_identify(src/DynamixelSDK/c#/protocol1.0/sync_write/win32/sync_write) by extension 'python_setup_py'
[0.207s] Level 1:colcon.colcon_core.package_identification:_identify(src/DynamixelSDK/c#/protocol1.0/sync_write/win32/sync_write/Properties) by extensions ['ignore', 'ignore_ament_install']
[0.207s] Level 1:colcon.colcon_core.package_identification:_identify(src/DynamixelSDK/c#/protocol1.0/sync_write/win32/sync_write/Properties) by extension 'ignore'
[0.207s] Level 1:colcon.colcon_core.package_identification:_identify(src/DynamixelSDK/c#/protocol1.0/sync_write/win32/sync_write/Properties) by extension 'ignore_ament_install'
[0.207s] Level 1:colcon.colcon_core.package_identification:_identify(src/DynamixelSDK/c#/protocol1.0/sync_write/win32/sync_write/Properties) by extensions ['colcon_pkg']
[0.207s] Level 1:colcon.colcon_core.package_identification:_identify(src/DynamixelSDK/c#/protocol1.0/sync_write/win32/sync_write/Properties) by extension 'colcon_pkg'
[0.207s] Level 1:colcon.colcon_core.package_identification:_identify(src/DynamixelSDK/c#/protocol1.0/sync_write/win32/sync_write/Properties) by extensions ['colcon_meta']
[0.207s] Level 1:colcon.colcon_core.package_identification:_identify(src/DynamixelSDK/c#/protocol1.0/sync_write/win32/sync_write/Properties) by extension 'colcon_meta'
[0.207s] Level 1:colcon.colcon_core.package_identification:_identify(src/DynamixelSDK/c#/protocol1.0/sync_write/win32/sync_write/Properties) by extensions ['ros']
[0.207s] Level 1:colcon.colcon_core.package_identification:_identify(src/DynamixelSDK/c#/protocol1.0/sync_write/win32/sync_write/Properties) by extension 'ros'
[0.207s] Level 1:colcon.colcon_core.package_identification:_identify(src/DynamixelSDK/c#/protocol1.0/sync_write/win32/sync_write/Properties) by extensions ['cmake', 'python']
[0.207s] Level 1:colcon.colcon_core.package_identification:_identify(src/DynamixelSDK/c#/protocol1.0/sync_write/win32/sync_write/Properties) by extension 'cmake'
[0.208s] Level 1:colcon.colcon_core.package_identification:_identify(src/DynamixelSDK/c#/protocol1.0/sync_write/win32/sync_write/Properties) by extension 'python'
[0.208s] Level 1:colcon.colcon_core.package_identification:_identify(src/DynamixelSDK/c#/protocol1.0/sync_write/win32/sync_write/Properties) by extensions ['python_setup_py']
[0.208s] Level 1:colcon.colcon_core.package_identification:_identify(src/DynamixelSDK/c#/protocol1.0/sync_write/win32/sync_write/Properties) by extension 'python_setup_py'
[0.208s] Level 1:colcon.colcon_core.package_identification:_identify(src/DynamixelSDK/c#/protocol1.0/sync_write/win64) by extensions ['ignore', 'ignore_ament_install']
[0.208s] Level 1:colcon.colcon_core.package_identification:_identify(src/DynamixelSDK/c#/protocol1.0/sync_write/win64) by extension 'ignore'
[0.208s] Level 1:colcon.colcon_core.package_identification:_identify(src/DynamixelSDK/c#/protocol1.0/sync_write/win64) by extension 'ignore_ament_install'
[0.208s] Level 1:colcon.colcon_core.package_identification:_identify(src/DynamixelSDK/c#/protocol1.0/sync_write/win64) by extensions ['colcon_pkg']
[0.208s] Level 1:colcon.colcon_core.package_identification:_identify(src/DynamixelSDK/c#/protocol1.0/sync_write/win64) by extension 'colcon_pkg'
[0.208s] Level 1:colcon.colcon_core.package_identification:_identify(src/DynamixelSDK/c#/protocol1.0/sync_write/win64) by extensions ['colcon_meta']
[0.208s] Level 1:colcon.colcon_core.package_identification:_identify(src/DynamixelSDK/c#/protocol1.0/sync_write/win64) by extension 'colcon_meta'
[0.208s] Level 1:colcon.colcon_core.package_identification:_identify(src/DynamixelSDK/c#/protocol1.0/sync_write/win64) by extensions ['ros']
[0.208s] Level 1:colcon.colcon_core.package_identification:_identify(src/DynamixelSDK/c#/protocol1.0/sync_write/win64) by extension 'ros'
[0.208s] Level 1:colcon.colcon_core.package_identification:_identify(src/DynamixelSDK/c#/protocol1.0/sync_write/win64) by extensions ['cmake', 'python']
[0.208s] Level 1:colcon.colcon_core.package_identification:_identify(src/DynamixelSDK/c#/protocol1.0/sync_write/win64) by extension 'cmake'
[0.208s] Level 1:colcon.colcon_core.package_identification:_identify(src/DynamixelSDK/c#/protocol1.0/sync_write/win64) by extension 'python'
[0.208s] Level 1:colcon.colcon_core.package_identification:_identify(src/DynamixelSDK/c#/protocol1.0/sync_write/win64) by extensions ['python_setup_py']
[0.208s] Level 1:colcon.colcon_core.package_identification:_identify(src/DynamixelSDK/c#/protocol1.0/sync_write/win64) by extension 'python_setup_py'
[0.208s] Level 1:colcon.colcon_core.package_identification:_identify(src/DynamixelSDK/c#/protocol1.0/sync_write/win64/sync_write) by extensions ['ignore', 'ignore_ament_install']
[0.208s] Level 1:colcon.colcon_core.package_identification:_identify(src/DynamixelSDK/c#/protocol1.0/sync_write/win64/sync_write) by extension 'ignore'
[0.208s] Level 1:colcon.colcon_core.package_identification:_identify(src/DynamixelSDK/c#/protocol1.0/sync_write/win64/sync_write) by extension 'ignore_ament_install'
[0.209s] Level 1:colcon.colcon_core.package_identification:_identify(src/DynamixelSDK/c#/protocol1.0/sync_write/win64/sync_write) by extensions ['colcon_pkg']
[0.209s] Level 1:colcon.colcon_core.package_identification:_identify(src/DynamixelSDK/c#/protocol1.0/sync_write/win64/sync_write) by extension 'colcon_pkg'
[0.209s] Level 1:colcon.colcon_core.package_identification:_identify(src/DynamixelSDK/c#/protocol1.0/sync_write/win64/sync_write) by extensions ['colcon_meta']
[0.209s] Level 1:colcon.colcon_core.package_identification:_identify(src/DynamixelSDK/c#/protocol1.0/sync_write/win64/sync_write) by extension 'colcon_meta'
[0.209s] Level 1:colcon.colcon_core.package_identification:_identify(src/DynamixelSDK/c#/protocol1.0/sync_write/win64/sync_write) by extensions ['ros']
[0.209s] Level 1:colcon.colcon_core.package_identification:_identify(src/DynamixelSDK/c#/protocol1.0/sync_write/win64/sync_write) by extension 'ros'
[0.209s] Level 1:colcon.colcon_core.package_identification:_identify(src/DynamixelSDK/c#/protocol1.0/sync_write/win64/sync_write) by extensions ['cmake', 'python']
[0.209s] Level 1:colcon.colcon_core.package_identification:_identify(src/DynamixelSDK/c#/protocol1.0/sync_write/win64/sync_write) by extension 'cmake'
[0.209s] Level 1:colcon.colcon_core.package_identification:_identify(src/DynamixelSDK/c#/protocol1.0/sync_write/win64/sync_write) by extension 'python'
[0.209s] Level 1:colcon.colcon_core.package_identification:_identify(src/DynamixelSDK/c#/protocol1.0/sync_write/win64/sync_write) by extensions ['python_setup_py']
[0.209s] Level 1:colcon.colcon_core.package_identification:_identify(src/DynamixelSDK/c#/protocol1.0/sync_write/win64/sync_write) by extension 'python_setup_py'
[0.209s] Level 1:colcon.colcon_core.package_identification:_identify(src/DynamixelSDK/c#/protocol1.0/sync_write/win64/sync_write/Properties) by extensions ['ignore', 'ignore_ament_install']
[0.209s] Level 1:colcon.colcon_core.package_identification:_identify(src/DynamixelSDK/c#/protocol1.0/sync_write/win64/sync_write/Properties) by extension 'ignore'
[0.209s] Level 1:colcon.colcon_core.package_identification:_identify(src/DynamixelSDK/c#/protocol1.0/sync_write/win64/sync_write/Properties) by extension 'ignore_ament_install'
[0.209s] Level 1:colcon.colcon_core.package_identification:_identify(src/DynamixelSDK/c#/protocol1.0/sync_write/win64/sync_write/Properties) by extensions ['colcon_pkg']
[0.209s] Level 1:colcon.colcon_core.package_identification:_identify(src/DynamixelSDK/c#/protocol1.0/sync_write/win64/sync_write/Properties) by extension 'colcon_pkg'
[0.209s] Level 1:colcon.colcon_core.package_identification:_identify(src/DynamixelSDK/c#/protocol1.0/sync_write/win64/sync_write/Properties) by extensions ['colcon_meta']
[0.210s] Level 1:colcon.colcon_core.package_identification:_identify(src/DynamixelSDK/c#/protocol1.0/sync_write/win64/sync_write/Properties) by extension 'colcon_meta'
[0.210s] Level 1:colcon.colcon_core.package_identification:_identify(src/DynamixelSDK/c#/protocol1.0/sync_write/win64/sync_write/Properties) by extensions ['ros']
[0.210s] Level 1:colcon.colcon_core.package_identification:_identify(src/DynamixelSDK/c#/protocol1.0/sync_write/win64/sync_write/Properties) by extension 'ros'
[0.210s] Level 1:colcon.colcon_core.package_identification:_identify(src/DynamixelSDK/c#/protocol1.0/sync_write/win64/sync_write/Properties) by extensions ['cmake', 'python']
[0.210s] Level 1:colcon.colcon_core.package_identification:_identify(src/DynamixelSDK/c#/protocol1.0/sync_write/win64/sync_write/Properties) by extension 'cmake'
[0.210s] Level 1:colcon.colcon_core.package_identification:_identify(src/DynamixelSDK/c#/protocol1.0/sync_write/win64/sync_write/Properties) by extension 'python'
[0.210s] Level 1:colcon.colcon_core.package_identification:_identify(src/DynamixelSDK/c#/protocol1.0/sync_write/win64/sync_write/Properties) by extensions ['python_setup_py']
[0.210s] Level 1:colcon.colcon_core.package_identification:_identify(src/DynamixelSDK/c#/protocol1.0/sync_write/win64/sync_write/Properties) by extension 'python_setup_py'
[0.210s] Level 1:colcon.colcon_core.package_identification:_identify(src/DynamixelSDK/c#/protocol2.0) by extensions ['ignore', 'ignore_ament_install']
[0.210s] Level 1:colcon.colcon_core.package_identification:_identify(src/DynamixelSDK/c#/protocol2.0) by extension 'ignore'
[0.210s] Level 1:colcon.colcon_core.package_identification:_identify(src/DynamixelSDK/c#/protocol2.0) by extension 'ignore_ament_install'
[0.210s] Level 1:colcon.colcon_core.package_identification:_identify(src/DynamixelSDK/c#/protocol2.0) by extensions ['colcon_pkg']
[0.210s] Level 1:colcon.colcon_core.package_identification:_identify(src/DynamixelSDK/c#/protocol2.0) by extension 'colcon_pkg'
[0.210s] Level 1:colcon.colcon_core.package_identification:_identify(src/DynamixelSDK/c#/protocol2.0) by extensions ['colcon_meta']
[0.210s] Level 1:colcon.colcon_core.package_identification:_identify(src/DynamixelSDK/c#/protocol2.0) by extension 'colcon_meta'
[0.210s] Level 1:colcon.colcon_core.package_identification:_identify(src/DynamixelSDK/c#/protocol2.0) by extensions ['ros']
[0.210s] Level 1:colcon.colcon_core.package_identification:_identify(src/DynamixelSDK/c#/protocol2.0) by extension 'ros'
[0.210s] Level 1:colcon.colcon_core.package_identification:_identify(src/DynamixelSDK/c#/protocol2.0) by extensions ['cmake', 'python']
[0.210s] Level 1:colcon.colcon_core.package_identification:_identify(src/DynamixelSDK/c#/protocol2.0) by extension 'cmake'
[0.210s] Level 1:colcon.colcon_core.package_identification:_identify(src/DynamixelSDK/c#/protocol2.0) by extension 'python'
[0.210s] Level 1:colcon.colcon_core.package_identification:_identify(src/DynamixelSDK/c#/protocol2.0) by extensions ['python_setup_py']
[0.210s] Level 1:colcon.colcon_core.package_identification:_identify(src/DynamixelSDK/c#/protocol2.0) by extension 'python_setup_py'
[0.211s] Level 1:colcon.colcon_core.package_identification:_identify(src/DynamixelSDK/c#/protocol2.0/broadcast_ping) by extensions ['ignore', 'ignore_ament_install']
[0.211s] Level 1:colcon.colcon_core.package_identification:_identify(src/DynamixelSDK/c#/protocol2.0/broadcast_ping) by extension 'ignore'
[0.211s] Level 1:colcon.colcon_core.package_identification:_identify(src/DynamixelSDK/c#/protocol2.0/broadcast_ping) by extension 'ignore_ament_install'
[0.211s] Level 1:colcon.colcon_core.package_identification:_identify(src/DynamixelSDK/c#/protocol2.0/broadcast_ping) by extensions ['colcon_pkg']
[0.211s] Level 1:colcon.colcon_core.package_identification:_identify(src/DynamixelSDK/c#/protocol2.0/broadcast_ping) by extension 'colcon_pkg'
[0.211s] Level 1:colcon.colcon_core.package_identification:_identify(src/DynamixelSDK/c#/protocol2.0/broadcast_ping) by extensions ['colcon_meta']
[0.211s] Level 1:colcon.colcon_core.package_identification:_identify(src/DynamixelSDK/c#/protocol2.0/broadcast_ping) by extension 'colcon_meta'
[0.211s] Level 1:colcon.colcon_core.package_identification:_identify(src/DynamixelSDK/c#/protocol2.0/broadcast_ping) by extensions ['ros']
[0.211s] Level 1:colcon.colcon_core.package_identification:_identify(src/DynamixelSDK/c#/protocol2.0/broadcast_ping) by extension 'ros'
[0.211s] Level 1:colcon.colcon_core.package_identification:_identify(src/DynamixelSDK/c#/protocol2.0/broadcast_ping) by extensions ['cmake', 'python']
[0.211s] Level 1:colcon.colcon_core.package_identification:_identify(src/DynamixelSDK/c#/protocol2.0/broadcast_ping) by extension 'cmake'
[0.211s] Level 1:colcon.colcon_core.package_identification:_identify(src/DynamixelSDK/c#/protocol2.0/broadcast_ping) by extension 'python'
[0.211s] Level 1:colcon.colcon_core.package_identification:_identify(src/DynamixelSDK/c#/protocol2.0/broadcast_ping) by extensions ['python_setup_py']
[0.211s] Level 1:colcon.colcon_core.package_identification:_identify(src/DynamixelSDK/c#/protocol2.0/broadcast_ping) by extension 'python_setup_py'
[0.211s] Level 1:colcon.colcon_core.package_identification:_identify(src/DynamixelSDK/c#/protocol2.0/broadcast_ping/win32) by extensions ['ignore', 'ignore_ament_install']
[0.211s] Level 1:colcon.colcon_core.package_identification:_identify(src/DynamixelSDK/c#/protocol2.0/broadcast_ping/win32) by extension 'ignore'
[0.211s] Level 1:colcon.colcon_core.package_identification:_identify(src/DynamixelSDK/c#/protocol2.0/broadcast_ping/win32) by extension 'ignore_ament_install'
[0.211s] Level 1:colcon.colcon_core.package_identification:_identify(src/DynamixelSDK/c#/protocol2.0/broadcast_ping/win32) by extensions ['colcon_pkg']
[0.211s] Level 1:colcon.colcon_core.package_identification:_identify(src/DynamixelSDK/c#/protocol2.0/broadcast_ping/win32) by extension 'colcon_pkg'
[0.211s] Level 1:colcon.colcon_core.package_identification:_identify(src/DynamixelSDK/c#/protocol2.0/broadcast_ping/win32) by extensions ['colcon_meta']
[0.211s] Level 1:colcon.colcon_core.package_identification:_identify(src/DynamixelSDK/c#/protocol2.0/broadcast_ping/win32) by extension 'colcon_meta'
[0.211s] Level 1:colcon.colcon_core.package_identification:_identify(src/DynamixelSDK/c#/protocol2.0/broadcast_ping/win32) by extensions ['ros']
[0.211s] Level 1:colcon.colcon_core.package_identification:_identify(src/DynamixelSDK/c#/protocol2.0/broadcast_ping/win32) by extension 'ros'
[0.212s] Level 1:colcon.colcon_core.package_identification:_identify(src/DynamixelSDK/c#/protocol2.0/broadcast_ping/win32) by extensions ['cmake', 'python']
[0.212s] Level 1:colcon.colcon_core.package_identification:_identify(src/DynamixelSDK/c#/protocol2.0/broadcast_ping/win32) by extension 'cmake'
[0.212s] Level 1:colcon.colcon_core.package_identification:_identify(src/DynamixelSDK/c#/protocol2.0/broadcast_ping/win32) by extension 'python'
[0.212s] Level 1:colcon.colcon_core.package_identification:_identify(src/DynamixelSDK/c#/protocol2.0/broadcast_ping/win32) by extensions ['python_setup_py']
[0.212s] Level 1:colcon.colcon_core.package_identification:_identify(src/DynamixelSDK/c#/protocol2.0/broadcast_ping/win32) by extension 'python_setup_py'
[0.212s] Level 1:colcon.colcon_core.package_identification:_identify(src/DynamixelSDK/c#/protocol2.0/broadcast_ping/win32/broadcast_ping) by extensions ['ignore', 'ignore_ament_install']
[0.212s] Level 1:colcon.colcon_core.package_identification:_identify(src/DynamixelSDK/c#/protocol2.0/broadcast_ping/win32/broadcast_ping) by extension 'ignore'
[0.212s] Level 1:colcon.colcon_core.package_identification:_identify(src/DynamixelSDK/c#/protocol2.0/broadcast_ping/win32/broadcast_ping) by extension 'ignore_ament_install'
[0.212s] Level 1:colcon.colcon_core.package_identification:_identify(src/DynamixelSDK/c#/protocol2.0/broadcast_ping/win32/broadcast_ping) by extensions ['colcon_pkg']
[0.212s] Level 1:colcon.colcon_core.package_identification:_identify(src/DynamixelSDK/c#/protocol2.0/broadcast_ping/win32/broadcast_ping) by extension 'colcon_pkg'
[0.212s] Level 1:colcon.colcon_core.package_identification:_identify(src/DynamixelSDK/c#/protocol2.0/broadcast_ping/win32/broadcast_ping) by extensions ['colcon_meta']
[0.212s] Level 1:colcon.colcon_core.package_identification:_identify(src/DynamixelSDK/c#/protocol2.0/broadcast_ping/win32/broadcast_ping) by extension 'colcon_meta'
[0.212s] Level 1:colcon.colcon_core.package_identification:_identify(src/DynamixelSDK/c#/protocol2.0/broadcast_ping/win32/broadcast_ping) by extensions ['ros']
[0.212s] Level 1:colcon.colcon_core.package_identification:_identify(src/DynamixelSDK/c#/protocol2.0/broadcast_ping/win32/broadcast_ping) by extension 'ros'
[0.212s] Level 1:colcon.colcon_core.package_identification:_identify(src/DynamixelSDK/c#/protocol2.0/broadcast_ping/win32/broadcast_ping) by extensions ['cmake', 'python']
[0.212s] Level 1:colcon.colcon_core.package_identification:_identify(src/DynamixelSDK/c#/protocol2.0/broadcast_ping/win32/broadcast_ping) by extension 'cmake'
[0.212s] Level 1:colcon.colcon_core.package_identification:_identify(src/DynamixelSDK/c#/protocol2.0/broadcast_ping/win32/broadcast_ping) by extension 'python'
[0.212s] Level 1:colcon.colcon_core.package_identification:_identify(src/DynamixelSDK/c#/protocol2.0/broadcast_ping/win32/broadcast_ping) by extensions ['python_setup_py']
[0.212s] Level 1:colcon.colcon_core.package_identification:_identify(src/DynamixelSDK/c#/protocol2.0/broadcast_ping/win32/broadcast_ping) by extension 'python_setup_py'
[0.212s] Level 1:colcon.colcon_core.package_identification:_identify(src/DynamixelSDK/c#/protocol2.0/broadcast_ping/win32/broadcast_ping/Properties) by extensions ['ignore', 'ignore_ament_install']
[0.212s] Level 1:colcon.colcon_core.package_identification:_identify(src/DynamixelSDK/c#/protocol2.0/broadcast_ping/win32/broadcast_ping/Properties) by extension 'ignore'
[0.212s] Level 1:colcon.colcon_core.package_identification:_identify(src/DynamixelSDK/c#/protocol2.0/broadcast_ping/win32/broadcast_ping/Properties) by extension 'ignore_ament_install'
[0.213s] Level 1:colcon.colcon_core.package_identification:_identify(src/DynamixelSDK/c#/protocol2.0/broadcast_ping/win32/broadcast_ping/Properties) by extensions ['colcon_pkg']
[0.213s] Level 1:colcon.colcon_core.package_identification:_identify(src/DynamixelSDK/c#/protocol2.0/broadcast_ping/win32/broadcast_ping/Properties) by extension 'colcon_pkg'
[0.213s] Level 1:colcon.colcon_core.package_identification:_identify(src/DynamixelSDK/c#/protocol2.0/broadcast_ping/win32/broadcast_ping/Properties) by extensions ['colcon_meta']
[0.213s] Level 1:colcon.colcon_core.package_identification:_identify(src/DynamixelSDK/c#/protocol2.0/broadcast_ping/win32/broadcast_ping/Properties) by extension 'colcon_meta'
[0.213s] Level 1:colcon.colcon_core.package_identification:_identify(src/DynamixelSDK/c#/protocol2.0/broadcast_ping/win32/broadcast_ping/Properties) by extensions ['ros']
[0.213s] Level 1:colcon.colcon_core.package_identification:_identify(src/DynamixelSDK/c#/protocol2.0/broadcast_ping/win32/broadcast_ping/Properties) by extension 'ros'
[0.213s] Level 1:colcon.colcon_core.package_identification:_identify(src/DynamixelSDK/c#/protocol2.0/broadcast_ping/win32/broadcast_ping/Properties) by extensions ['cmake', 'python']
[0.213s] Level 1:colcon.colcon_core.package_identification:_identify(src/DynamixelSDK/c#/protocol2.0/broadcast_ping/win32/broadcast_ping/Properties) by extension 'cmake'
[0.213s] Level 1:colcon.colcon_core.package_identification:_identify(src/DynamixelSDK/c#/protocol2.0/broadcast_ping/win32/broadcast_ping/Properties) by extension 'python'
[0.213s] Level 1:colcon.colcon_core.package_identification:_identify(src/DynamixelSDK/c#/protocol2.0/broadcast_ping/win32/broadcast_ping/Properties) by extensions ['python_setup_py']
[0.213s] Level 1:colcon.colcon_core.package_identification:_identify(src/DynamixelSDK/c#/protocol2.0/broadcast_ping/win32/broadcast_ping/Properties) by extension 'python_setup_py'
[0.213s] Level 1:colcon.colcon_core.package_identification:_identify(src/DynamixelSDK/c#/protocol2.0/broadcast_ping/win64) by extensions ['ignore', 'ignore_ament_install']
[0.213s] Level 1:colcon.colcon_core.package_identification:_identify(src/DynamixelSDK/c#/protocol2.0/broadcast_ping/win64) by extension 'ignore'
[0.213s] Level 1:colcon.colcon_core.package_identification:_identify(src/DynamixelSDK/c#/protocol2.0/broadcast_ping/win64) by extension 'ignore_ament_install'
[0.213s] Level 1:colcon.colcon_core.package_identification:_identify(src/DynamixelSDK/c#/protocol2.0/broadcast_ping/win64) by extensions ['colcon_pkg']
[0.213s] Level 1:colcon.colcon_core.package_identification:_identify(src/DynamixelSDK/c#/protocol2.0/broadcast_ping/win64) by extension 'colcon_pkg'
[0.213s] Level 1:colcon.colcon_core.package_identification:_identify(src/DynamixelSDK/c#/protocol2.0/broadcast_ping/win64) by extensions ['colcon_meta']
[0.213s] Level 1:colcon.colcon_core.package_identification:_identify(src/DynamixelSDK/c#/protocol2.0/broadcast_ping/win64) by extension 'colcon_meta'
[0.213s] Level 1:colcon.colcon_core.package_identification:_identify(src/DynamixelSDK/c#/protocol2.0/broadcast_ping/win64) by extensions ['ros']
[0.213s] Level 1:colcon.colcon_core.package_identification:_identify(src/DynamixelSDK/c#/protocol2.0/broadcast_ping/win64) by extension 'ros'
[0.213s] Level 1:colcon.colcon_core.package_identification:_identify(src/DynamixelSDK/c#/protocol2.0/broadcast_ping/win64) by extensions ['cmake', 'python']
[0.213s] Level 1:colcon.colcon_core.package_identification:_identify(src/DynamixelSDK/c#/protocol2.0/broadcast_ping/win64) by extension 'cmake'
[0.213s] Level 1:colcon.colcon_core.package_identification:_identify(src/DynamixelSDK/c#/protocol2.0/broadcast_ping/win64) by extension 'python'
[0.213s] Level 1:colcon.colcon_core.package_identification:_identify(src/DynamixelSDK/c#/protocol2.0/broadcast_ping/win64) by extensions ['python_setup_py']
[0.214s] Level 1:colcon.colcon_core.package_identification:_identify(src/DynamixelSDK/c#/protocol2.0/broadcast_ping/win64) by extension 'python_setup_py'
[0.214s] Level 1:colcon.colcon_core.package_identification:_identify(src/DynamixelSDK/c#/protocol2.0/broadcast_ping/win64/broadcast_ping) by extensions ['ignore', 'ignore_ament_install']
[0.214s] Level 1:colcon.colcon_core.package_identification:_identify(src/DynamixelSDK/c#/protocol2.0/broadcast_ping/win64/broadcast_ping) by extension 'ignore'
[0.214s] Level 1:colcon.colcon_core.package_identification:_identify(src/DynamixelSDK/c#/protocol2.0/broadcast_ping/win64/broadcast_ping) by extension 'ignore_ament_install'
[0.214s] Level 1:colcon.colcon_core.package_identification:_identify(src/DynamixelSDK/c#/protocol2.0/broadcast_ping/win64/broadcast_ping) by extensions ['colcon_pkg']
[0.214s] Level 1:colcon.colcon_core.package_identification:_identify(src/DynamixelSDK/c#/protocol2.0/broadcast_ping/win64/broadcast_ping) by extension 'colcon_pkg'
[0.214s] Level 1:colcon.colcon_core.package_identification:_identify(src/DynamixelSDK/c#/protocol2.0/broadcast_ping/win64/broadcast_ping) by extensions ['colcon_meta']
[0.214s] Level 1:colcon.colcon_core.package_identification:_identify(src/DynamixelSDK/c#/protocol2.0/broadcast_ping/win64/broadcast_ping) by extension 'colcon_meta'
[0.214s] Level 1:colcon.colcon_core.package_identification:_identify(src/DynamixelSDK/c#/protocol2.0/broadcast_ping/win64/broadcast_ping) by extensions ['ros']
[0.214s] Level 1:colcon.colcon_core.package_identification:_identify(src/DynamixelSDK/c#/protocol2.0/broadcast_ping/win64/broadcast_ping) by extension 'ros'
[0.214s] Level 1:colcon.colcon_core.package_identification:_identify(src/DynamixelSDK/c#/protocol2.0/broadcast_ping/win64/broadcast_ping) by extensions ['cmake', 'python']
[0.214s] Level 1:colcon.colcon_core.package_identification:_identify(src/DynamixelSDK/c#/protocol2.0/broadcast_ping/win64/broadcast_ping) by extension 'cmake'
[0.214s] Level 1:colcon.colcon_core.package_identification:_identify(src/DynamixelSDK/c#/protocol2.0/broadcast_ping/win64/broadcast_ping) by extension 'python'
[0.214s] Level 1:colcon.colcon_core.package_identification:_identify(src/DynamixelSDK/c#/protocol2.0/broadcast_ping/win64/broadcast_ping) by extensions ['python_setup_py']
[0.214s] Level 1:colcon.colcon_core.package_identification:_identify(src/DynamixelSDK/c#/protocol2.0/broadcast_ping/win64/broadcast_ping) by extension 'python_setup_py'
[0.214s] Level 1:colcon.colcon_core.package_identification:_identify(src/DynamixelSDK/c#/protocol2.0/broadcast_ping/win64/broadcast_ping/Properties) by extensions ['ignore', 'ignore_ament_install']
[0.214s] Level 1:colcon.colcon_core.package_identification:_identify(src/DynamixelSDK/c#/protocol2.0/broadcast_ping/win64/broadcast_ping/Properties) by extension 'ignore'
[0.214s] Level 1:colcon.colcon_core.package_identification:_identify(src/DynamixelSDK/c#/protocol2.0/broadcast_ping/win64/broadcast_ping/Properties) by extension 'ignore_ament_install'
[0.214s] Level 1:colcon.colcon_core.package_identification:_identify(src/DynamixelSDK/c#/protocol2.0/broadcast_ping/win64/broadcast_ping/Properties) by extensions ['colcon_pkg']
[0.214s] Level 1:colcon.colcon_core.package_identification:_identify(src/DynamixelSDK/c#/protocol2.0/broadcast_ping/win64/broadcast_ping/Properties) by extension 'colcon_pkg'
[0.214s] Level 1:colcon.colcon_core.package_identification:_identify(src/DynamixelSDK/c#/protocol2.0/broadcast_ping/win64/broadcast_ping/Properties) by extensions ['colcon_meta']
[0.214s] Level 1:colcon.colcon_core.package_identification:_identify(src/DynamixelSDK/c#/protocol2.0/broadcast_ping/win64/broadcast_ping/Properties) by extension 'colcon_meta'
[0.215s] Level 1:colcon.colcon_core.package_identification:_identify(src/DynamixelSDK/c#/protocol2.0/broadcast_ping/win64/broadcast_ping/Properties) by extensions ['ros']
[0.215s] Level 1:colcon.colcon_core.package_identification:_identify(src/DynamixelSDK/c#/protocol2.0/broadcast_ping/win64/broadcast_ping/Properties) by extension 'ros'
[0.215s] Level 1:colcon.colcon_core.package_identification:_identify(src/DynamixelSDK/c#/protocol2.0/broadcast_ping/win64/broadcast_ping/Properties) by extensions ['cmake', 'python']
[0.215s] Level 1:colcon.colcon_core.package_identification:_identify(src/DynamixelSDK/c#/protocol2.0/broadcast_ping/win64/broadcast_ping/Properties) by extension 'cmake'
[0.215s] Level 1:colcon.colcon_core.package_identification:_identify(src/DynamixelSDK/c#/protocol2.0/broadcast_ping/win64/broadcast_ping/Properties) by extension 'python'
[0.215s] Level 1:colcon.colcon_core.package_identification:_identify(src/DynamixelSDK/c#/protocol2.0/broadcast_ping/win64/broadcast_ping/Properties) by extensions ['python_setup_py']
[0.215s] Level 1:colcon.colcon_core.package_identification:_identify(src/DynamixelSDK/c#/protocol2.0/broadcast_ping/win64/broadcast_ping/Properties) by extension 'python_setup_py'
[0.215s] Level 1:colcon.colcon_core.package_identification:_identify(src/DynamixelSDK/c#/protocol2.0/bulk_read_write) by extensions ['ignore', 'ignore_ament_install']
[0.215s] Level 1:colcon.colcon_core.package_identification:_identify(src/DynamixelSDK/c#/protocol2.0/bulk_read_write) by extension 'ignore'
[0.215s] Level 1:colcon.colcon_core.package_identification:_identify(src/DynamixelSDK/c#/protocol2.0/bulk_read_write) by extension 'ignore_ament_install'
[0.215s] Level 1:colcon.colcon_core.package_identification:_identify(src/DynamixelSDK/c#/protocol2.0/bulk_read_write) by extensions ['colcon_pkg']
[0.215s] Level 1:colcon.colcon_core.package_identification:_identify(src/DynamixelSDK/c#/protocol2.0/bulk_read_write) by extension 'colcon_pkg'
[0.215s] Level 1:colcon.colcon_core.package_identification:_identify(src/DynamixelSDK/c#/protocol2.0/bulk_read_write) by extensions ['colcon_meta']
[0.215s] Level 1:colcon.colcon_core.package_identification:_identify(src/DynamixelSDK/c#/protocol2.0/bulk_read_write) by extension 'colcon_meta'
[0.215s] Level 1:colcon.colcon_core.package_identification:_identify(src/DynamixelSDK/c#/protocol2.0/bulk_read_write) by extensions ['ros']
[0.215s] Level 1:colcon.colcon_core.package_identification:_identify(src/DynamixelSDK/c#/protocol2.0/bulk_read_write) by extension 'ros'
[0.215s] Level 1:colcon.colcon_core.package_identification:_identify(src/DynamixelSDK/c#/protocol2.0/bulk_read_write) by extensions ['cmake', 'python']
[0.215s] Level 1:colcon.colcon_core.package_identification:_identify(src/DynamixelSDK/c#/protocol2.0/bulk_read_write) by extension 'cmake'
[0.215s] Level 1:colcon.colcon_core.package_identification:_identify(src/DynamixelSDK/c#/protocol2.0/bulk_read_write) by extension 'python'
[0.215s] Level 1:colcon.colcon_core.package_identification:_identify(src/DynamixelSDK/c#/protocol2.0/bulk_read_write) by extensions ['python_setup_py']
[0.215s] Level 1:colcon.colcon_core.package_identification:_identify(src/DynamixelSDK/c#/protocol2.0/bulk_read_write) by extension 'python_setup_py'
[0.215s] Level 1:colcon.colcon_core.package_identification:_identify(src/DynamixelSDK/c#/protocol2.0/bulk_read_write/win32) by extensions ['ignore', 'ignore_ament_install']
[0.216s] Level 1:colcon.colcon_core.package_identification:_identify(src/DynamixelSDK/c#/protocol2.0/bulk_read_write/win32) by extension 'ignore'
[0.216s] Level 1:colcon.colcon_core.package_identification:_identify(src/DynamixelSDK/c#/protocol2.0/bulk_read_write/win32) by extension 'ignore_ament_install'
[0.216s] Level 1:colcon.colcon_core.package_identification:_identify(src/DynamixelSDK/c#/protocol2.0/bulk_read_write/win32) by extensions ['colcon_pkg']
[0.216s] Level 1:colcon.colcon_core.package_identification:_identify(src/DynamixelSDK/c#/protocol2.0/bulk_read_write/win32) by extension 'colcon_pkg'
[0.216s] Level 1:colcon.colcon_core.package_identification:_identify(src/DynamixelSDK/c#/protocol2.0/bulk_read_write/win32) by extensions ['colcon_meta']
[0.216s] Level 1:colcon.colcon_core.package_identification:_identify(src/DynamixelSDK/c#/protocol2.0/bulk_read_write/win32) by extension 'colcon_meta'
[0.216s] Level 1:colcon.colcon_core.package_identification:_identify(src/DynamixelSDK/c#/protocol2.0/bulk_read_write/win32) by extensions ['ros']
[0.216s] Level 1:colcon.colcon_core.package_identification:_identify(src/DynamixelSDK/c#/protocol2.0/bulk_read_write/win32) by extension 'ros'
[0.216s] Level 1:colcon.colcon_core.package_identification:_identify(src/DynamixelSDK/c#/protocol2.0/bulk_read_write/win32) by extensions ['cmake', 'python']
[0.216s] Level 1:colcon.colcon_core.package_identification:_identify(src/DynamixelSDK/c#/protocol2.0/bulk_read_write/win32) by extension 'cmake'
[0.216s] Level 1:colcon.colcon_core.package_identification:_identify(src/DynamixelSDK/c#/protocol2.0/bulk_read_write/win32) by extension 'python'
[0.216s] Level 1:colcon.colcon_core.package_identification:_identify(src/DynamixelSDK/c#/protocol2.0/bulk_read_write/win32) by extensions ['python_setup_py']
[0.216s] Level 1:colcon.colcon_core.package_identification:_identify(src/DynamixelSDK/c#/protocol2.0/bulk_read_write/win32) by extension 'python_setup_py'
[0.216s] Level 1:colcon.colcon_core.package_identification:_identify(src/DynamixelSDK/c#/protocol2.0/bulk_read_write/win32/bulk_read_write) by extensions ['ignore', 'ignore_ament_install']
[0.216s] Level 1:colcon.colcon_core.package_identification:_identify(src/DynamixelSDK/c#/protocol2.0/bulk_read_write/win32/bulk_read_write) by extension 'ignore'
[0.216s] Level 1:colcon.colcon_core.package_identification:_identify(src/DynamixelSDK/c#/protocol2.0/bulk_read_write/win32/bulk_read_write) by extension 'ignore_ament_install'
[0.216s] Level 1:colcon.colcon_core.package_identification:_identify(src/DynamixelSDK/c#/protocol2.0/bulk_read_write/win32/bulk_read_write) by extensions ['colcon_pkg']
[0.216s] Level 1:colcon.colcon_core.package_identification:_identify(src/DynamixelSDK/c#/protocol2.0/bulk_read_write/win32/bulk_read_write) by extension 'colcon_pkg'
[0.216s] Level 1:colcon.colcon_core.package_identification:_identify(src/DynamixelSDK/c#/protocol2.0/bulk_read_write/win32/bulk_read_write) by extensions ['colcon_meta']
[0.216s] Level 1:colcon.colcon_core.package_identification:_identify(src/DynamixelSDK/c#/protocol2.0/bulk_read_write/win32/bulk_read_write) by extension 'colcon_meta'
[0.216s] Level 1:colcon.colcon_core.package_identification:_identify(src/DynamixelSDK/c#/protocol2.0/bulk_read_write/win32/bulk_read_write) by extensions ['ros']
[0.216s] Level 1:colcon.colcon_core.package_identification:_identify(src/DynamixelSDK/c#/protocol2.0/bulk_read_write/win32/bulk_read_write) by extension 'ros'
[0.217s] Level 1:colcon.colcon_core.package_identification:_identify(src/DynamixelSDK/c#/protocol2.0/bulk_read_write/win32/bulk_read_write) by extensions ['cmake', 'python']
[0.217s] Level 1:colcon.colcon_core.package_identification:_identify(src/DynamixelSDK/c#/protocol2.0/bulk_read_write/win32/bulk_read_write) by extension 'cmake'
[0.217s] Level 1:colcon.colcon_core.package_identification:_identify(src/DynamixelSDK/c#/protocol2.0/bulk_read_write/win32/bulk_read_write) by extension 'python'
[0.217s] Level 1:colcon.colcon_core.package_identification:_identify(src/DynamixelSDK/c#/protocol2.0/bulk_read_write/win32/bulk_read_write) by extensions ['python_setup_py']
[0.217s] Level 1:colcon.colcon_core.package_identification:_identify(src/DynamixelSDK/c#/protocol2.0/bulk_read_write/win32/bulk_read_write) by extension 'python_setup_py'
[0.217s] Level 1:colcon.colcon_core.package_identification:_identify(src/DynamixelSDK/c#/protocol2.0/bulk_read_write/win32/bulk_read_write/Properties) by extensions ['ignore', 'ignore_ament_install']
[0.217s] Level 1:colcon.colcon_core.package_identification:_identify(src/DynamixelSDK/c#/protocol2.0/bulk_read_write/win32/bulk_read_write/Properties) by extension 'ignore'
[0.217s] Level 1:colcon.colcon_core.package_identification:_identify(src/DynamixelSDK/c#/protocol2.0/bulk_read_write/win32/bulk_read_write/Properties) by extension 'ignore_ament_install'
[0.217s] Level 1:colcon.colcon_core.package_identification:_identify(src/DynamixelSDK/c#/protocol2.0/bulk_read_write/win32/bulk_read_write/Properties) by extensions ['colcon_pkg']
[0.217s] Level 1:colcon.colcon_core.package_identification:_identify(src/DynamixelSDK/c#/protocol2.0/bulk_read_write/win32/bulk_read_write/Properties) by extension 'colcon_pkg'
[0.217s] Level 1:colcon.colcon_core.package_identification:_identify(src/DynamixelSDK/c#/protocol2.0/bulk_read_write/win32/bulk_read_write/Properties) by extensions ['colcon_meta']
[0.217s] Level 1:colcon.colcon_core.package_identification:_identify(src/DynamixelSDK/c#/protocol2.0/bulk_read_write/win32/bulk_read_write/Properties) by extension 'colcon_meta'
[0.217s] Level 1:colcon.colcon_core.package_identification:_identify(src/DynamixelSDK/c#/protocol2.0/bulk_read_write/win32/bulk_read_write/Properties) by extensions ['ros']
[0.217s] Level 1:colcon.colcon_core.package_identification:_identify(src/DynamixelSDK/c#/protocol2.0/bulk_read_write/win32/bulk_read_write/Properties) by extension 'ros'
[0.217s] Level 1:colcon.colcon_core.package_identification:_identify(src/DynamixelSDK/c#/protocol2.0/bulk_read_write/win32/bulk_read_write/Properties) by extensions ['cmake', 'python']
[0.217s] Level 1:colcon.colcon_core.package_identification:_identify(src/DynamixelSDK/c#/protocol2.0/bulk_read_write/win32/bulk_read_write/Properties) by extension 'cmake'
[0.217s] Level 1:colcon.colcon_core.package_identification:_identify(src/DynamixelSDK/c#/protocol2.0/bulk_read_write/win32/bulk_read_write/Properties) by extension 'python'
[0.217s] Level 1:colcon.colcon_core.package_identification:_identify(src/DynamixelSDK/c#/protocol2.0/bulk_read_write/win32/bulk_read_write/Properties) by extensions ['python_setup_py']
[0.217s] Level 1:colcon.colcon_core.package_identification:_identify(src/DynamixelSDK/c#/protocol2.0/bulk_read_write/win32/bulk_read_write/Properties) by extension 'python_setup_py'
[0.217s] Level 1:colcon.colcon_core.package_identification:_identify(src/DynamixelSDK/c#/protocol2.0/bulk_read_write/win64) by extensions ['ignore', 'ignore_ament_install']
[0.217s] Level 1:colcon.colcon_core.package_identification:_identify(src/DynamixelSDK/c#/protocol2.0/bulk_read_write/win64) by extension 'ignore'
[0.218s] Level 1:colcon.colcon_core.package_identification:_identify(src/DynamixelSDK/c#/protocol2.0/bulk_read_write/win64) by extension 'ignore_ament_install'
[0.218s] Level 1:colcon.colcon_core.package_identification:_identify(src/DynamixelSDK/c#/protocol2.0/bulk_read_write/win64) by extensions ['colcon_pkg']
[0.218s] Level 1:colcon.colcon_core.package_identification:_identify(src/DynamixelSDK/c#/protocol2.0/bulk_read_write/win64) by extension 'colcon_pkg'
[0.218s] Level 1:colcon.colcon_core.package_identification:_identify(src/DynamixelSDK/c#/protocol2.0/bulk_read_write/win64) by extensions ['colcon_meta']
[0.218s] Level 1:colcon.colcon_core.package_identification:_identify(src/DynamixelSDK/c#/protocol2.0/bulk_read_write/win64) by extension 'colcon_meta'
[0.218s] Level 1:colcon.colcon_core.package_identification:_identify(src/DynamixelSDK/c#/protocol2.0/bulk_read_write/win64) by extensions ['ros']
[0.218s] Level 1:colcon.colcon_core.package_identification:_identify(src/DynamixelSDK/c#/protocol2.0/bulk_read_write/win64) by extension 'ros'
[0.218s] Level 1:colcon.colcon_core.package_identification:_identify(src/DynamixelSDK/c#/protocol2.0/bulk_read_write/win64) by extensions ['cmake', 'python']
[0.218s] Level 1:colcon.colcon_core.package_identification:_identify(src/DynamixelSDK/c#/protocol2.0/bulk_read_write/win64) by extension 'cmake'
[0.218s] Level 1:colcon.colcon_core.package_identification:_identify(src/DynamixelSDK/c#/protocol2.0/bulk_read_write/win64) by extension 'python'
[0.218s] Level 1:colcon.colcon_core.package_identification:_identify(src/DynamixelSDK/c#/protocol2.0/bulk_read_write/win64) by extensions ['python_setup_py']
[0.218s] Level 1:colcon.colcon_core.package_identification:_identify(src/DynamixelSDK/c#/protocol2.0/bulk_read_write/win64) by extension 'python_setup_py'
[0.218s] Level 1:colcon.colcon_core.package_identification:_identify(src/DynamixelSDK/c#/protocol2.0/bulk_read_write/win64/bulk_read_write) by extensions ['ignore', 'ignore_ament_install']
[0.218s] Level 1:colcon.colcon_core.package_identification:_identify(src/DynamixelSDK/c#/protocol2.0/bulk_read_write/win64/bulk_read_write) by extension 'ignore'
[0.218s] Level 1:colcon.colcon_core.package_identification:_identify(src/DynamixelSDK/c#/protocol2.0/bulk_read_write/win64/bulk_read_write) by extension 'ignore_ament_install'
[0.218s] Level 1:colcon.colcon_core.package_identification:_identify(src/DynamixelSDK/c#/protocol2.0/bulk_read_write/win64/bulk_read_write) by extensions ['colcon_pkg']
[0.218s] Level 1:colcon.colcon_core.package_identification:_identify(src/DynamixelSDK/c#/protocol2.0/bulk_read_write/win64/bulk_read_write) by extension 'colcon_pkg'
[0.218s] Level 1:colcon.colcon_core.package_identification:_identify(src/DynamixelSDK/c#/protocol2.0/bulk_read_write/win64/bulk_read_write) by extensions ['colcon_meta']
[0.218s] Level 1:colcon.colcon_core.package_identification:_identify(src/DynamixelSDK/c#/protocol2.0/bulk_read_write/win64/bulk_read_write) by extension 'colcon_meta'
[0.218s] Level 1:colcon.colcon_core.package_identification:_identify(src/DynamixelSDK/c#/protocol2.0/bulk_read_write/win64/bulk_read_write) by extensions ['ros']
[0.218s] Level 1:colcon.colcon_core.package_identification:_identify(src/DynamixelSDK/c#/protocol2.0/bulk_read_write/win64/bulk_read_write) by extension 'ros'
[0.218s] Level 1:colcon.colcon_core.package_identification:_identify(src/DynamixelSDK/c#/protocol2.0/bulk_read_write/win64/bulk_read_write) by extensions ['cmake', 'python']
[0.218s] Level 1:colcon.colcon_core.package_identification:_identify(src/DynamixelSDK/c#/protocol2.0/bulk_read_write/win64/bulk_read_write) by extension 'cmake'
[0.219s] Level 1:colcon.colcon_core.package_identification:_identify(src/DynamixelSDK/c#/protocol2.0/bulk_read_write/win64/bulk_read_write) by extension 'python'
[0.219s] Level 1:colcon.colcon_core.package_identification:_identify(src/DynamixelSDK/c#/protocol2.0/bulk_read_write/win64/bulk_read_write) by extensions ['python_setup_py']
[0.219s] Level 1:colcon.colcon_core.package_identification:_identify(src/DynamixelSDK/c#/protocol2.0/bulk_read_write/win64/bulk_read_write) by extension 'python_setup_py'
[0.219s] Level 1:colcon.colcon_core.package_identification:_identify(src/DynamixelSDK/c#/protocol2.0/bulk_read_write/win64/bulk_read_write/Properties) by extensions ['ignore', 'ignore_ament_install']
[0.219s] Level 1:colcon.colcon_core.package_identification:_identify(src/DynamixelSDK/c#/protocol2.0/bulk_read_write/win64/bulk_read_write/Properties) by extension 'ignore'
[0.219s] Level 1:colcon.colcon_core.package_identification:_identify(src/DynamixelSDK/c#/protocol2.0/bulk_read_write/win64/bulk_read_write/Properties) by extension 'ignore_ament_install'
[0.219s] Level 1:colcon.colcon_core.package_identification:_identify(src/DynamixelSDK/c#/protocol2.0/bulk_read_write/win64/bulk_read_write/Properties) by extensions ['colcon_pkg']
[0.219s] Level 1:colcon.colcon_core.package_identification:_identify(src/DynamixelSDK/c#/protocol2.0/bulk_read_write/win64/bulk_read_write/Properties) by extension 'colcon_pkg'
[0.219s] Level 1:colcon.colcon_core.package_identification:_identify(src/DynamixelSDK/c#/protocol2.0/bulk_read_write/win64/bulk_read_write/Properties) by extensions ['colcon_meta']
[0.219s] Level 1:colcon.colcon_core.package_identification:_identify(src/DynamixelSDK/c#/protocol2.0/bulk_read_write/win64/bulk_read_write/Properties) by extension 'colcon_meta'
[0.219s] Level 1:colcon.colcon_core.package_identification:_identify(src/DynamixelSDK/c#/protocol2.0/bulk_read_write/win64/bulk_read_write/Properties) by extensions ['ros']
[0.219s] Level 1:colcon.colcon_core.package_identification:_identify(src/DynamixelSDK/c#/protocol2.0/bulk_read_write/win64/bulk_read_write/Properties) by extension 'ros'
[0.219s] Level 1:colcon.colcon_core.package_identification:_identify(src/DynamixelSDK/c#/protocol2.0/bulk_read_write/win64/bulk_read_write/Properties) by extensions ['cmake', 'python']
[0.219s] Level 1:colcon.colcon_core.package_identification:_identify(src/DynamixelSDK/c#/protocol2.0/bulk_read_write/win64/bulk_read_write/Properties) by extension 'cmake'
[0.219s] Level 1:colcon.colcon_core.package_identification:_identify(src/DynamixelSDK/c#/protocol2.0/bulk_read_write/win64/bulk_read_write/Properties) by extension 'python'
[0.219s] Level 1:colcon.colcon_core.package_identification:_identify(src/DynamixelSDK/c#/protocol2.0/bulk_read_write/win64/bulk_read_write/Properties) by extensions ['python_setup_py']
[0.219s] Level 1:colcon.colcon_core.package_identification:_identify(src/DynamixelSDK/c#/protocol2.0/bulk_read_write/win64/bulk_read_write/Properties) by extension 'python_setup_py'
[0.219s] Level 1:colcon.colcon_core.package_identification:_identify(src/DynamixelSDK/c#/protocol2.0/clear_multi_turn) by extensions ['ignore', 'ignore_ament_install']
[0.219s] Level 1:colcon.colcon_core.package_identification:_identify(src/DynamixelSDK/c#/protocol2.0/clear_multi_turn) by extension 'ignore'
[0.219s] Level 1:colcon.colcon_core.package_identification:_identify(src/DynamixelSDK/c#/protocol2.0/clear_multi_turn) by extension 'ignore_ament_install'
[0.219s] Level 1:colcon.colcon_core.package_identification:_identify(src/DynamixelSDK/c#/protocol2.0/clear_multi_turn) by extensions ['colcon_pkg']
[0.219s] Level 1:colcon.colcon_core.package_identification:_identify(src/DynamixelSDK/c#/protocol2.0/clear_multi_turn) by extension 'colcon_pkg'
[0.220s] Level 1:colcon.colcon_core.package_identification:_identify(src/DynamixelSDK/c#/protocol2.0/clear_multi_turn) by extensions ['colcon_meta']
[0.220s] Level 1:colcon.colcon_core.package_identification:_identify(src/DynamixelSDK/c#/protocol2.0/clear_multi_turn) by extension 'colcon_meta'
[0.220s] Level 1:colcon.colcon_core.package_identification:_identify(src/DynamixelSDK/c#/protocol2.0/clear_multi_turn) by extensions ['ros']
[0.220s] Level 1:colcon.colcon_core.package_identification:_identify(src/DynamixelSDK/c#/protocol2.0/clear_multi_turn) by extension 'ros'
[0.220s] Level 1:colcon.colcon_core.package_identification:_identify(src/DynamixelSDK/c#/protocol2.0/clear_multi_turn) by extensions ['cmake', 'python']
[0.220s] Level 1:colcon.colcon_core.package_identification:_identify(src/DynamixelSDK/c#/protocol2.0/clear_multi_turn) by extension 'cmake'
[0.220s] Level 1:colcon.colcon_core.package_identification:_identify(src/DynamixelSDK/c#/protocol2.0/clear_multi_turn) by extension 'python'
[0.220s] Level 1:colcon.colcon_core.package_identification:_identify(src/DynamixelSDK/c#/protocol2.0/clear_multi_turn) by extensions ['python_setup_py']
[0.220s] Level 1:colcon.colcon_core.package_identification:_identify(src/DynamixelSDK/c#/protocol2.0/clear_multi_turn) by extension 'python_setup_py'
[0.220s] Level 1:colcon.colcon_core.package_identification:_identify(src/DynamixelSDK/c#/protocol2.0/clear_multi_turn/win32) by extensions ['ignore', 'ignore_ament_install']
[0.220s] Level 1:colcon.colcon_core.package_identification:_identify(src/DynamixelSDK/c#/protocol2.0/clear_multi_turn/win32) by extension 'ignore'
[0.220s] Level 1:colcon.colcon_core.package_identification:_identify(src/DynamixelSDK/c#/protocol2.0/clear_multi_turn/win32) by extension 'ignore_ament_install'
[0.220s] Level 1:colcon.colcon_core.package_identification:_identify(src/DynamixelSDK/c#/protocol2.0/clear_multi_turn/win32) by extensions ['colcon_pkg']
[0.220s] Level 1:colcon.colcon_core.package_identification:_identify(src/DynamixelSDK/c#/protocol2.0/clear_multi_turn/win32) by extension 'colcon_pkg'
[0.220s] Level 1:colcon.colcon_core.package_identification:_identify(src/DynamixelSDK/c#/protocol2.0/clear_multi_turn/win32) by extensions ['colcon_meta']
[0.220s] Level 1:colcon.colcon_core.package_identification:_identify(src/DynamixelSDK/c#/protocol2.0/clear_multi_turn/win32) by extension 'colcon_meta'
[0.220s] Level 1:colcon.colcon_core.package_identification:_identify(src/DynamixelSDK/c#/protocol2.0/clear_multi_turn/win32) by extensions ['ros']
[0.220s] Level 1:colcon.colcon_core.package_identification:_identify(src/DynamixelSDK/c#/protocol2.0/clear_multi_turn/win32) by extension 'ros'
[0.220s] Level 1:colcon.colcon_core.package_identification:_identify(src/DynamixelSDK/c#/protocol2.0/clear_multi_turn/win32) by extensions ['cmake', 'python']
[0.220s] Level 1:colcon.colcon_core.package_identification:_identify(src/DynamixelSDK/c#/protocol2.0/clear_multi_turn/win32) by extension 'cmake'
[0.220s] Level 1:colcon.colcon_core.package_identification:_identify(src/DynamixelSDK/c#/protocol2.0/clear_multi_turn/win32) by extension 'python'
[0.220s] Level 1:colcon.colcon_core.package_identification:_identify(src/DynamixelSDK/c#/protocol2.0/clear_multi_turn/win32) by extensions ['python_setup_py']
[0.220s] Level 1:colcon.colcon_core.package_identification:_identify(src/DynamixelSDK/c#/protocol2.0/clear_multi_turn/win32) by extension 'python_setup_py'
[0.220s] Level 1:colcon.colcon_core.package_identification:_identify(src/DynamixelSDK/c#/protocol2.0/clear_multi_turn/win32/clear_multi_turn) by extensions ['ignore', 'ignore_ament_install']
[0.221s] Level 1:colcon.colcon_core.package_identification:_identify(src/DynamixelSDK/c#/protocol2.0/clear_multi_turn/win32/clear_multi_turn) by extension 'ignore'
[0.221s] Level 1:colcon.colcon_core.package_identification:_identify(src/DynamixelSDK/c#/protocol2.0/clear_multi_turn/win32/clear_multi_turn) by extension 'ignore_ament_install'
[0.221s] Level 1:colcon.colcon_core.package_identification:_identify(src/DynamixelSDK/c#/protocol2.0/clear_multi_turn/win32/clear_multi_turn) by extensions ['colcon_pkg']
[0.221s] Level 1:colcon.colcon_core.package_identification:_identify(src/DynamixelSDK/c#/protocol2.0/clear_multi_turn/win32/clear_multi_turn) by extension 'colcon_pkg'
[0.221s] Level 1:colcon.colcon_core.package_identification:_identify(src/DynamixelSDK/c#/protocol2.0/clear_multi_turn/win32/clear_multi_turn) by extensions ['colcon_meta']
[0.221s] Level 1:colcon.colcon_core.package_identification:_identify(src/DynamixelSDK/c#/protocol2.0/clear_multi_turn/win32/clear_multi_turn) by extension 'colcon_meta'
[0.221s] Level 1:colcon.colcon_core.package_identification:_identify(src/DynamixelSDK/c#/protocol2.0/clear_multi_turn/win32/clear_multi_turn) by extensions ['ros']
[0.221s] Level 1:colcon.colcon_core.package_identification:_identify(src/DynamixelSDK/c#/protocol2.0/clear_multi_turn/win32/clear_multi_turn) by extension 'ros'
[0.221s] Level 1:colcon.colcon_core.package_identification:_identify(src/DynamixelSDK/c#/protocol2.0/clear_multi_turn/win32/clear_multi_turn) by extensions ['cmake', 'python']
[0.221s] Level 1:colcon.colcon_core.package_identification:_identify(src/DynamixelSDK/c#/protocol2.0/clear_multi_turn/win32/clear_multi_turn) by extension 'cmake'
[0.221s] Level 1:colcon.colcon_core.package_identification:_identify(src/DynamixelSDK/c#/protocol2.0/clear_multi_turn/win32/clear_multi_turn) by extension 'python'
[0.221s] Level 1:colcon.colcon_core.package_identification:_identify(src/DynamixelSDK/c#/protocol2.0/clear_multi_turn/win32/clear_multi_turn) by extensions ['python_setup_py']
[0.221s] Level 1:colcon.colcon_core.package_identification:_identify(src/DynamixelSDK/c#/protocol2.0/clear_multi_turn/win32/clear_multi_turn) by extension 'python_setup_py'
[0.221s] Level 1:colcon.colcon_core.package_identification:_identify(src/DynamixelSDK/c#/protocol2.0/clear_multi_turn/win32/clear_multi_turn/Properties) by extensions ['ignore', 'ignore_ament_install']
[0.221s] Level 1:colcon.colcon_core.package_identification:_identify(src/DynamixelSDK/c#/protocol2.0/clear_multi_turn/win32/clear_multi_turn/Properties) by extension 'ignore'
[0.221s] Level 1:colcon.colcon_core.package_identification:_identify(src/DynamixelSDK/c#/protocol2.0/clear_multi_turn/win32/clear_multi_turn/Properties) by extension 'ignore_ament_install'
[0.221s] Level 1:colcon.colcon_core.package_identification:_identify(src/DynamixelSDK/c#/protocol2.0/clear_multi_turn/win32/clear_multi_turn/Properties) by extensions ['colcon_pkg']
[0.221s] Level 1:colcon.colcon_core.package_identification:_identify(src/DynamixelSDK/c#/protocol2.0/clear_multi_turn/win32/clear_multi_turn/Properties) by extension 'colcon_pkg'
[0.221s] Level 1:colcon.colcon_core.package_identification:_identify(src/DynamixelSDK/c#/protocol2.0/clear_multi_turn/win32/clear_multi_turn/Properties) by extensions ['colcon_meta']
[0.221s] Level 1:colcon.colcon_core.package_identification:_identify(src/DynamixelSDK/c#/protocol2.0/clear_multi_turn/win32/clear_multi_turn/Properties) by extension 'colcon_meta'
[0.221s] Level 1:colcon.colcon_core.package_identification:_identify(src/DynamixelSDK/c#/protocol2.0/clear_multi_turn/win32/clear_multi_turn/Properties) by extensions ['ros']
[0.221s] Level 1:colcon.colcon_core.package_identification:_identify(src/DynamixelSDK/c#/protocol2.0/clear_multi_turn/win32/clear_multi_turn/Properties) by extension 'ros'
[0.222s] Level 1:colcon.colcon_core.package_identification:_identify(src/DynamixelSDK/c#/protocol2.0/clear_multi_turn/win32/clear_multi_turn/Properties) by extensions ['cmake', 'python']
[0.222s] Level 1:colcon.colcon_core.package_identification:_identify(src/DynamixelSDK/c#/protocol2.0/clear_multi_turn/win32/clear_multi_turn/Properties) by extension 'cmake'
[0.222s] Level 1:colcon.colcon_core.package_identification:_identify(src/DynamixelSDK/c#/protocol2.0/clear_multi_turn/win32/clear_multi_turn/Properties) by extension 'python'
[0.222s] Level 1:colcon.colcon_core.package_identification:_identify(src/DynamixelSDK/c#/protocol2.0/clear_multi_turn/win32/clear_multi_turn/Properties) by extensions ['python_setup_py']
[0.222s] Level 1:colcon.colcon_core.package_identification:_identify(src/DynamixelSDK/c#/protocol2.0/clear_multi_turn/win32/clear_multi_turn/Properties) by extension 'python_setup_py'
[0.222s] Level 1:colcon.colcon_core.package_identification:_identify(src/DynamixelSDK/c#/protocol2.0/clear_multi_turn/win64) by extensions ['ignore', 'ignore_ament_install']
[0.222s] Level 1:colcon.colcon_core.package_identification:_identify(src/DynamixelSDK/c#/protocol2.0/clear_multi_turn/win64) by extension 'ignore'
[0.222s] Level 1:colcon.colcon_core.package_identification:_identify(src/DynamixelSDK/c#/protocol2.0/clear_multi_turn/win64) by extension 'ignore_ament_install'
[0.222s] Level 1:colcon.colcon_core.package_identification:_identify(src/DynamixelSDK/c#/protocol2.0/clear_multi_turn/win64) by extensions ['colcon_pkg']
[0.222s] Level 1:colcon.colcon_core.package_identification:_identify(src/DynamixelSDK/c#/protocol2.0/clear_multi_turn/win64) by extension 'colcon_pkg'
[0.222s] Level 1:colcon.colcon_core.package_identification:_identify(src/DynamixelSDK/c#/protocol2.0/clear_multi_turn/win64) by extensions ['colcon_meta']
[0.222s] Level 1:colcon.colcon_core.package_identification:_identify(src/DynamixelSDK/c#/protocol2.0/clear_multi_turn/win64) by extension 'colcon_meta'
[0.222s] Level 1:colcon.colcon_core.package_identification:_identify(src/DynamixelSDK/c#/protocol2.0/clear_multi_turn/win64) by extensions ['ros']
[0.222s] Level 1:colcon.colcon_core.package_identification:_identify(src/DynamixelSDK/c#/protocol2.0/clear_multi_turn/win64) by extension 'ros'
[0.222s] Level 1:colcon.colcon_core.package_identification:_identify(src/DynamixelSDK/c#/protocol2.0/clear_multi_turn/win64) by extensions ['cmake', 'python']
[0.222s] Level 1:colcon.colcon_core.package_identification:_identify(src/DynamixelSDK/c#/protocol2.0/clear_multi_turn/win64) by extension 'cmake'
[0.222s] Level 1:colcon.colcon_core.package_identification:_identify(src/DynamixelSDK/c#/protocol2.0/clear_multi_turn/win64) by extension 'python'
[0.222s] Level 1:colcon.colcon_core.package_identification:_identify(src/DynamixelSDK/c#/protocol2.0/clear_multi_turn/win64) by extensions ['python_setup_py']
[0.222s] Level 1:colcon.colcon_core.package_identification:_identify(src/DynamixelSDK/c#/protocol2.0/clear_multi_turn/win64) by extension 'python_setup_py'
[0.222s] Level 1:colcon.colcon_core.package_identification:_identify(src/DynamixelSDK/c#/protocol2.0/clear_multi_turn/win64/clear_multi_turn) by extensions ['ignore', 'ignore_ament_install']
[0.222s] Level 1:colcon.colcon_core.package_identification:_identify(src/DynamixelSDK/c#/protocol2.0/clear_multi_turn/win64/clear_multi_turn) by extension 'ignore'
[0.223s] Level 1:colcon.colcon_core.package_identification:_identify(src/DynamixelSDK/c#/protocol2.0/clear_multi_turn/win64/clear_multi_turn) by extension 'ignore_ament_install'
[0.223s] Level 1:colcon.colcon_core.package_identification:_identify(src/DynamixelSDK/c#/protocol2.0/clear_multi_turn/win64/clear_multi_turn) by extensions ['colcon_pkg']
[0.223s] Level 1:colcon.colcon_core.package_identification:_identify(src/DynamixelSDK/c#/protocol2.0/clear_multi_turn/win64/clear_multi_turn) by extension 'colcon_pkg'
[0.223s] Level 1:colcon.colcon_core.package_identification:_identify(src/DynamixelSDK/c#/protocol2.0/clear_multi_turn/win64/clear_multi_turn) by extensions ['colcon_meta']
[0.223s] Level 1:colcon.colcon_core.package_identification:_identify(src/DynamixelSDK/c#/protocol2.0/clear_multi_turn/win64/clear_multi_turn) by extension 'colcon_meta'
[0.223s] Level 1:colcon.colcon_core.package_identification:_identify(src/DynamixelSDK/c#/protocol2.0/clear_multi_turn/win64/clear_multi_turn) by extensions ['ros']
[0.223s] Level 1:colcon.colcon_core.package_identification:_identify(src/DynamixelSDK/c#/protocol2.0/clear_multi_turn/win64/clear_multi_turn) by extension 'ros'
[0.223s] Level 1:colcon.colcon_core.package_identification:_identify(src/DynamixelSDK/c#/protocol2.0/clear_multi_turn/win64/clear_multi_turn) by extensions ['cmake', 'python']
[0.223s] Level 1:colcon.colcon_core.package_identification:_identify(src/DynamixelSDK/c#/protocol2.0/clear_multi_turn/win64/clear_multi_turn) by extension 'cmake'
[0.223s] Level 1:colcon.colcon_core.package_identification:_identify(src/DynamixelSDK/c#/protocol2.0/clear_multi_turn/win64/clear_multi_turn) by extension 'python'
[0.223s] Level 1:colcon.colcon_core.package_identification:_identify(src/DynamixelSDK/c#/protocol2.0/clear_multi_turn/win64/clear_multi_turn) by extensions ['python_setup_py']
[0.223s] Level 1:colcon.colcon_core.package_identification:_identify(src/DynamixelSDK/c#/protocol2.0/clear_multi_turn/win64/clear_multi_turn) by extension 'python_setup_py'
[0.223s] Level 1:colcon.colcon_core.package_identification:_identify(src/DynamixelSDK/c#/protocol2.0/clear_multi_turn/win64/clear_multi_turn/Properties) by extensions ['ignore', 'ignore_ament_install']
[0.223s] Level 1:colcon.colcon_core.package_identification:_identify(src/DynamixelSDK/c#/protocol2.0/clear_multi_turn/win64/clear_multi_turn/Properties) by extension 'ignore'
[0.223s] Level 1:colcon.colcon_core.package_identification:_identify(src/DynamixelSDK/c#/protocol2.0/clear_multi_turn/win64/clear_multi_turn/Properties) by extension 'ignore_ament_install'
[0.223s] Level 1:colcon.colcon_core.package_identification:_identify(src/DynamixelSDK/c#/protocol2.0/clear_multi_turn/win64/clear_multi_turn/Properties) by extensions ['colcon_pkg']
[0.223s] Level 1:colcon.colcon_core.package_identification:_identify(src/DynamixelSDK/c#/protocol2.0/clear_multi_turn/win64/clear_multi_turn/Properties) by extension 'colcon_pkg'
[0.223s] Level 1:colcon.colcon_core.package_identification:_identify(src/DynamixelSDK/c#/protocol2.0/clear_multi_turn/win64/clear_multi_turn/Properties) by extensions ['colcon_meta']
[0.223s] Level 1:colcon.colcon_core.package_identification:_identify(src/DynamixelSDK/c#/protocol2.0/clear_multi_turn/win64/clear_multi_turn/Properties) by extension 'colcon_meta'
[0.223s] Level 1:colcon.colcon_core.package_identification:_identify(src/DynamixelSDK/c#/protocol2.0/clear_multi_turn/win64/clear_multi_turn/Properties) by extensions ['ros']
[0.223s] Level 1:colcon.colcon_core.package_identification:_identify(src/DynamixelSDK/c#/protocol2.0/clear_multi_turn/win64/clear_multi_turn/Properties) by extension 'ros'
[0.223s] Level 1:colcon.colcon_core.package_identification:_identify(src/DynamixelSDK/c#/protocol2.0/clear_multi_turn/win64/clear_multi_turn/Properties) by extensions ['cmake', 'python']
[0.223s] Level 1:colcon.colcon_core.package_identification:_identify(src/DynamixelSDK/c#/protocol2.0/clear_multi_turn/win64/clear_multi_turn/Properties) by extension 'cmake'
[0.224s] Level 1:colcon.colcon_core.package_identification:_identify(src/DynamixelSDK/c#/protocol2.0/clear_multi_turn/win64/clear_multi_turn/Properties) by extension 'python'
[0.224s] Level 1:colcon.colcon_core.package_identification:_identify(src/DynamixelSDK/c#/protocol2.0/clear_multi_turn/win64/clear_multi_turn/Properties) by extensions ['python_setup_py']
[0.224s] Level 1:colcon.colcon_core.package_identification:_identify(src/DynamixelSDK/c#/protocol2.0/clear_multi_turn/win64/clear_multi_turn/Properties) by extension 'python_setup_py'
[0.224s] Level 1:colcon.colcon_core.package_identification:_identify(src/DynamixelSDK/c#/protocol2.0/factory_reset) by extensions ['ignore', 'ignore_ament_install']
[0.224s] Level 1:colcon.colcon_core.package_identification:_identify(src/DynamixelSDK/c#/protocol2.0/factory_reset) by extension 'ignore'
[0.224s] Level 1:colcon.colcon_core.package_identification:_identify(src/DynamixelSDK/c#/protocol2.0/factory_reset) by extension 'ignore_ament_install'
[0.224s] Level 1:colcon.colcon_core.package_identification:_identify(src/DynamixelSDK/c#/protocol2.0/factory_reset) by extensions ['colcon_pkg']
[0.224s] Level 1:colcon.colcon_core.package_identification:_identify(src/DynamixelSDK/c#/protocol2.0/factory_reset) by extension 'colcon_pkg'
[0.224s] Level 1:colcon.colcon_core.package_identification:_identify(src/DynamixelSDK/c#/protocol2.0/factory_reset) by extensions ['colcon_meta']
[0.224s] Level 1:colcon.colcon_core.package_identification:_identify(src/DynamixelSDK/c#/protocol2.0/factory_reset) by extension 'colcon_meta'
[0.224s] Level 1:colcon.colcon_core.package_identification:_identify(src/DynamixelSDK/c#/protocol2.0/factory_reset) by extensions ['ros']
[0.224s] Level 1:colcon.colcon_core.package_identification:_identify(src/DynamixelSDK/c#/protocol2.0/factory_reset) by extension 'ros'
[0.224s] Level 1:colcon.colcon_core.package_identification:_identify(src/DynamixelSDK/c#/protocol2.0/factory_reset) by extensions ['cmake', 'python']
[0.224s] Level 1:colcon.colcon_core.package_identification:_identify(src/DynamixelSDK/c#/protocol2.0/factory_reset) by extension 'cmake'
[0.224s] Level 1:colcon.colcon_core.package_identification:_identify(src/DynamixelSDK/c#/protocol2.0/factory_reset) by extension 'python'
[0.224s] Level 1:colcon.colcon_core.package_identification:_identify(src/DynamixelSDK/c#/protocol2.0/factory_reset) by extensions ['python_setup_py']
[0.224s] Level 1:colcon.colcon_core.package_identification:_identify(src/DynamixelSDK/c#/protocol2.0/factory_reset) by extension 'python_setup_py'
[0.224s] Level 1:colcon.colcon_core.package_identification:_identify(src/DynamixelSDK/c#/protocol2.0/factory_reset/win32) by extensions ['ignore', 'ignore_ament_install']
[0.224s] Level 1:colcon.colcon_core.package_identification:_identify(src/DynamixelSDK/c#/protocol2.0/factory_reset/win32) by extension 'ignore'
[0.224s] Level 1:colcon.colcon_core.package_identification:_identify(src/DynamixelSDK/c#/protocol2.0/factory_reset/win32) by extension 'ignore_ament_install'
[0.224s] Level 1:colcon.colcon_core.package_identification:_identify(src/DynamixelSDK/c#/protocol2.0/factory_reset/win32) by extensions ['colcon_pkg']
[0.225s] Level 1:colcon.colcon_core.package_identification:_identify(src/DynamixelSDK/c#/protocol2.0/factory_reset/win32) by extension 'colcon_pkg'
[0.225s] Level 1:colcon.colcon_core.package_identification:_identify(src/DynamixelSDK/c#/protocol2.0/factory_reset/win32) by extensions ['colcon_meta']
[0.225s] Level 1:colcon.colcon_core.package_identification:_identify(src/DynamixelSDK/c#/protocol2.0/factory_reset/win32) by extension 'colcon_meta'
[0.225s] Level 1:colcon.colcon_core.package_identification:_identify(src/DynamixelSDK/c#/protocol2.0/factory_reset/win32) by extensions ['ros']
[0.225s] Level 1:colcon.colcon_core.package_identification:_identify(src/DynamixelSDK/c#/protocol2.0/factory_reset/win32) by extension 'ros'
[0.225s] Level 1:colcon.colcon_core.package_identification:_identify(src/DynamixelSDK/c#/protocol2.0/factory_reset/win32) by extensions ['cmake', 'python']
[0.225s] Level 1:colcon.colcon_core.package_identification:_identify(src/DynamixelSDK/c#/protocol2.0/factory_reset/win32) by extension 'cmake'
[0.225s] Level 1:colcon.colcon_core.package_identification:_identify(src/DynamixelSDK/c#/protocol2.0/factory_reset/win32) by extension 'python'
[0.225s] Level 1:colcon.colcon_core.package_identification:_identify(src/DynamixelSDK/c#/protocol2.0/factory_reset/win32) by extensions ['python_setup_py']
[0.225s] Level 1:colcon.colcon_core.package_identification:_identify(src/DynamixelSDK/c#/protocol2.0/factory_reset/win32) by extension 'python_setup_py'
[0.225s] Level 1:colcon.colcon_core.package_identification:_identify(src/DynamixelSDK/c#/protocol2.0/factory_reset/win32/factory_reset) by extensions ['ignore', 'ignore_ament_install']
[0.225s] Level 1:colcon.colcon_core.package_identification:_identify(src/DynamixelSDK/c#/protocol2.0/factory_reset/win32/factory_reset) by extension 'ignore'
[0.225s] Level 1:colcon.colcon_core.package_identification:_identify(src/DynamixelSDK/c#/protocol2.0/factory_reset/win32/factory_reset) by extension 'ignore_ament_install'
[0.225s] Level 1:colcon.colcon_core.package_identification:_identify(src/DynamixelSDK/c#/protocol2.0/factory_reset/win32/factory_reset) by extensions ['colcon_pkg']
[0.225s] Level 1:colcon.colcon_core.package_identification:_identify(src/DynamixelSDK/c#/protocol2.0/factory_reset/win32/factory_reset) by extension 'colcon_pkg'
[0.225s] Level 1:colcon.colcon_core.package_identification:_identify(src/DynamixelSDK/c#/protocol2.0/factory_reset/win32/factory_reset) by extensions ['colcon_meta']
[0.225s] Level 1:colcon.colcon_core.package_identification:_identify(src/DynamixelSDK/c#/protocol2.0/factory_reset/win32/factory_reset) by extension 'colcon_meta'
[0.225s] Level 1:colcon.colcon_core.package_identification:_identify(src/DynamixelSDK/c#/protocol2.0/factory_reset/win32/factory_reset) by extensions ['ros']
[0.225s] Level 1:colcon.colcon_core.package_identification:_identify(src/DynamixelSDK/c#/protocol2.0/factory_reset/win32/factory_reset) by extension 'ros'
[0.225s] Level 1:colcon.colcon_core.package_identification:_identify(src/DynamixelSDK/c#/protocol2.0/factory_reset/win32/factory_reset) by extensions ['cmake', 'python']
[0.225s] Level 1:colcon.colcon_core.package_identification:_identify(src/DynamixelSDK/c#/protocol2.0/factory_reset/win32/factory_reset) by extension 'cmake'
[0.225s] Level 1:colcon.colcon_core.package_identification:_identify(src/DynamixelSDK/c#/protocol2.0/factory_reset/win32/factory_reset) by extension 'python'
[0.225s] Level 1:colcon.colcon_core.package_identification:_identify(src/DynamixelSDK/c#/protocol2.0/factory_reset/win32/factory_reset) by extensions ['python_setup_py']
[0.225s] Level 1:colcon.colcon_core.package_identification:_identify(src/DynamixelSDK/c#/protocol2.0/factory_reset/win32/factory_reset) by extension 'python_setup_py'
[0.226s] Level 1:colcon.colcon_core.package_identification:_identify(src/DynamixelSDK/c#/protocol2.0/factory_reset/win32/factory_reset/Properties) by extensions ['ignore', 'ignore_ament_install']
[0.226s] Level 1:colcon.colcon_core.package_identification:_identify(src/DynamixelSDK/c#/protocol2.0/factory_reset/win32/factory_reset/Properties) by extension 'ignore'
[0.226s] Level 1:colcon.colcon_core.package_identification:_identify(src/DynamixelSDK/c#/protocol2.0/factory_reset/win32/factory_reset/Properties) by extension 'ignore_ament_install'
[0.226s] Level 1:colcon.colcon_core.package_identification:_identify(src/DynamixelSDK/c#/protocol2.0/factory_reset/win32/factory_reset/Properties) by extensions ['colcon_pkg']
[0.226s] Level 1:colcon.colcon_core.package_identification:_identify(src/DynamixelSDK/c#/protocol2.0/factory_reset/win32/factory_reset/Properties) by extension 'colcon_pkg'
[0.226s] Level 1:colcon.colcon_core.package_identification:_identify(src/DynamixelSDK/c#/protocol2.0/factory_reset/win32/factory_reset/Properties) by extensions ['colcon_meta']
[0.226s] Level 1:colcon.colcon_core.package_identification:_identify(src/DynamixelSDK/c#/protocol2.0/factory_reset/win32/factory_reset/Properties) by extension 'colcon_meta'
[0.226s] Level 1:colcon.colcon_core.package_identification:_identify(src/DynamixelSDK/c#/protocol2.0/factory_reset/win32/factory_reset/Properties) by extensions ['ros']
[0.226s] Level 1:colcon.colcon_core.package_identification:_identify(src/DynamixelSDK/c#/protocol2.0/factory_reset/win32/factory_reset/Properties) by extension 'ros'
[0.226s] Level 1:colcon.colcon_core.package_identification:_identify(src/DynamixelSDK/c#/protocol2.0/factory_reset/win32/factory_reset/Properties) by extensions ['cmake', 'python']
[0.226s] Level 1:colcon.colcon_core.package_identification:_identify(src/DynamixelSDK/c#/protocol2.0/factory_reset/win32/factory_reset/Properties) by extension 'cmake'
[0.226s] Level 1:colcon.colcon_core.package_identification:_identify(src/DynamixelSDK/c#/protocol2.0/factory_reset/win32/factory_reset/Properties) by extension 'python'
[0.226s] Level 1:colcon.colcon_core.package_identification:_identify(src/DynamixelSDK/c#/protocol2.0/factory_reset/win32/factory_reset/Properties) by extensions ['python_setup_py']
[0.226s] Level 1:colcon.colcon_core.package_identification:_identify(src/DynamixelSDK/c#/protocol2.0/factory_reset/win32/factory_reset/Properties) by extension 'python_setup_py'
[0.226s] Level 1:colcon.colcon_core.package_identification:_identify(src/DynamixelSDK/c#/protocol2.0/factory_reset/win64) by extensions ['ignore', 'ignore_ament_install']
[0.226s] Level 1:colcon.colcon_core.package_identification:_identify(src/DynamixelSDK/c#/protocol2.0/factory_reset/win64) by extension 'ignore'
[0.226s] Level 1:colcon.colcon_core.package_identification:_identify(src/DynamixelSDK/c#/protocol2.0/factory_reset/win64) by extension 'ignore_ament_install'
[0.226s] Level 1:colcon.colcon_core.package_identification:_identify(src/DynamixelSDK/c#/protocol2.0/factory_reset/win64) by extensions ['colcon_pkg']
[0.226s] Level 1:colcon.colcon_core.package_identification:_identify(src/DynamixelSDK/c#/protocol2.0/factory_reset/win64) by extension 'colcon_pkg'
[0.226s] Level 1:colcon.colcon_core.package_identification:_identify(src/DynamixelSDK/c#/protocol2.0/factory_reset/win64) by extensions ['colcon_meta']
[0.226s] Level 1:colcon.colcon_core.package_identification:_identify(src/DynamixelSDK/c#/protocol2.0/factory_reset/win64) by extension 'colcon_meta'
[0.226s] Level 1:colcon.colcon_core.package_identification:_identify(src/DynamixelSDK/c#/protocol2.0/factory_reset/win64) by extensions ['ros']
[0.226s] Level 1:colcon.colcon_core.package_identification:_identify(src/DynamixelSDK/c#/protocol2.0/factory_reset/win64) by extension 'ros'
[0.227s] Level 1:colcon.colcon_core.package_identification:_identify(src/DynamixelSDK/c#/protocol2.0/factory_reset/win64) by extensions ['cmake', 'python']
[0.227s] Level 1:colcon.colcon_core.package_identification:_identify(src/DynamixelSDK/c#/protocol2.0/factory_reset/win64) by extension 'cmake'
[0.227s] Level 1:colcon.colcon_core.package_identification:_identify(src/DynamixelSDK/c#/protocol2.0/factory_reset/win64) by extension 'python'
[0.227s] Level 1:colcon.colcon_core.package_identification:_identify(src/DynamixelSDK/c#/protocol2.0/factory_reset/win64) by extensions ['python_setup_py']
[0.227s] Level 1:colcon.colcon_core.package_identification:_identify(src/DynamixelSDK/c#/protocol2.0/factory_reset/win64) by extension 'python_setup_py'
[0.227s] Level 1:colcon.colcon_core.package_identification:_identify(src/DynamixelSDK/c#/protocol2.0/factory_reset/win64/factory_reset) by extensions ['ignore', 'ignore_ament_install']
[0.227s] Level 1:colcon.colcon_core.package_identification:_identify(src/DynamixelSDK/c#/protocol2.0/factory_reset/win64/factory_reset) by extension 'ignore'
[0.227s] Level 1:colcon.colcon_core.package_identification:_identify(src/DynamixelSDK/c#/protocol2.0/factory_reset/win64/factory_reset) by extension 'ignore_ament_install'
[0.227s] Level 1:colcon.colcon_core.package_identification:_identify(src/DynamixelSDK/c#/protocol2.0/factory_reset/win64/factory_reset) by extensions ['colcon_pkg']
[0.227s] Level 1:colcon.colcon_core.package_identification:_identify(src/DynamixelSDK/c#/protocol2.0/factory_reset/win64/factory_reset) by extension 'colcon_pkg'
[0.227s] Level 1:colcon.colcon_core.package_identification:_identify(src/DynamixelSDK/c#/protocol2.0/factory_reset/win64/factory_reset) by extensions ['colcon_meta']
[0.227s] Level 1:colcon.colcon_core.package_identification:_identify(src/DynamixelSDK/c#/protocol2.0/factory_reset/win64/factory_reset) by extension 'colcon_meta'
[0.227s] Level 1:colcon.colcon_core.package_identification:_identify(src/DynamixelSDK/c#/protocol2.0/factory_reset/win64/factory_reset) by extensions ['ros']
[0.227s] Level 1:colcon.colcon_core.package_identification:_identify(src/DynamixelSDK/c#/protocol2.0/factory_reset/win64/factory_reset) by extension 'ros'
[0.227s] Level 1:colcon.colcon_core.package_identification:_identify(src/DynamixelSDK/c#/protocol2.0/factory_reset/win64/factory_reset) by extensions ['cmake', 'python']
[0.227s] Level 1:colcon.colcon_core.package_identification:_identify(src/DynamixelSDK/c#/protocol2.0/factory_reset/win64/factory_reset) by extension 'cmake'
[0.227s] Level 1:colcon.colcon_core.package_identification:_identify(src/DynamixelSDK/c#/protocol2.0/factory_reset/win64/factory_reset) by extension 'python'
[0.227s] Level 1:colcon.colcon_core.package_identification:_identify(src/DynamixelSDK/c#/protocol2.0/factory_reset/win64/factory_reset) by extensions ['python_setup_py']
[0.227s] Level 1:colcon.colcon_core.package_identification:_identify(src/DynamixelSDK/c#/protocol2.0/factory_reset/win64/factory_reset) by extension 'python_setup_py'
[0.227s] Level 1:colcon.colcon_core.package_identification:_identify(src/DynamixelSDK/c#/protocol2.0/factory_reset/win64/factory_reset/Properties) by extensions ['ignore', 'ignore_ament_install']
[0.227s] Level 1:colcon.colcon_core.package_identification:_identify(src/DynamixelSDK/c#/protocol2.0/factory_reset/win64/factory_reset/Properties) by extension 'ignore'
[0.227s] Level 1:colcon.colcon_core.package_identification:_identify(src/DynamixelSDK/c#/protocol2.0/factory_reset/win64/factory_reset/Properties) by extension 'ignore_ament_install'
[0.228s] Level 1:colcon.colcon_core.package_identification:_identify(src/DynamixelSDK/c#/protocol2.0/factory_reset/win64/factory_reset/Properties) by extensions ['colcon_pkg']
[0.228s] Level 1:colcon.colcon_core.package_identification:_identify(src/DynamixelSDK/c#/protocol2.0/factory_reset/win64/factory_reset/Properties) by extension 'colcon_pkg'
[0.228s] Level 1:colcon.colcon_core.package_identification:_identify(src/DynamixelSDK/c#/protocol2.0/factory_reset/win64/factory_reset/Properties) by extensions ['colcon_meta']
[0.228s] Level 1:colcon.colcon_core.package_identification:_identify(src/DynamixelSDK/c#/protocol2.0/factory_reset/win64/factory_reset/Properties) by extension 'colcon_meta'
[0.228s] Level 1:colcon.colcon_core.package_identification:_identify(src/DynamixelSDK/c#/protocol2.0/factory_reset/win64/factory_reset/Properties) by extensions ['ros']
[0.228s] Level 1:colcon.colcon_core.package_identification:_identify(src/DynamixelSDK/c#/protocol2.0/factory_reset/win64/factory_reset/Properties) by extension 'ros'
[0.228s] Level 1:colcon.colcon_core.package_identification:_identify(src/DynamixelSDK/c#/protocol2.0/factory_reset/win64/factory_reset/Properties) by extensions ['cmake', 'python']
[0.228s] Level 1:colcon.colcon_core.package_identification:_identify(src/DynamixelSDK/c#/protocol2.0/factory_reset/win64/factory_reset/Properties) by extension 'cmake'
[0.228s] Level 1:colcon.colcon_core.package_identification:_identify(src/DynamixelSDK/c#/protocol2.0/factory_reset/win64/factory_reset/Properties) by extension 'python'
[0.228s] Level 1:colcon.colcon_core.package_identification:_identify(src/DynamixelSDK/c#/protocol2.0/factory_reset/win64/factory_reset/Properties) by extensions ['python_setup_py']
[0.228s] Level 1:colcon.colcon_core.package_identification:_identify(src/DynamixelSDK/c#/protocol2.0/factory_reset/win64/factory_reset/Properties) by extension 'python_setup_py'
[0.228s] Level 1:colcon.colcon_core.package_identification:_identify(src/DynamixelSDK/c#/protocol2.0/indirect_address) by extensions ['ignore', 'ignore_ament_install']
[0.228s] Level 1:colcon.colcon_core.package_identification:_identify(src/DynamixelSDK/c#/protocol2.0/indirect_address) by extension 'ignore'
[0.228s] Level 1:colcon.colcon_core.package_identification:_identify(src/DynamixelSDK/c#/protocol2.0/indirect_address) by extension 'ignore_ament_install'
[0.228s] Level 1:colcon.colcon_core.package_identification:_identify(src/DynamixelSDK/c#/protocol2.0/indirect_address) by extensions ['colcon_pkg']
[0.228s] Level 1:colcon.colcon_core.package_identification:_identify(src/DynamixelSDK/c#/protocol2.0/indirect_address) by extension 'colcon_pkg'
[0.228s] Level 1:colcon.colcon_core.package_identification:_identify(src/DynamixelSDK/c#/protocol2.0/indirect_address) by extensions ['colcon_meta']
[0.228s] Level 1:colcon.colcon_core.package_identification:_identify(src/DynamixelSDK/c#/protocol2.0/indirect_address) by extension 'colcon_meta'
[0.228s] Level 1:colcon.colcon_core.package_identification:_identify(src/DynamixelSDK/c#/protocol2.0/indirect_address) by extensions ['ros']
[0.228s] Level 1:colcon.colcon_core.package_identification:_identify(src/DynamixelSDK/c#/protocol2.0/indirect_address) by extension 'ros'
[0.228s] Level 1:colcon.colcon_core.package_identification:_identify(src/DynamixelSDK/c#/protocol2.0/indirect_address) by extensions ['cmake', 'python']
[0.228s] Level 1:colcon.colcon_core.package_identification:_identify(src/DynamixelSDK/c#/protocol2.0/indirect_address) by extension 'cmake'
[0.228s] Level 1:colcon.colcon_core.package_identification:_identify(src/DynamixelSDK/c#/protocol2.0/indirect_address) by extension 'python'
[0.228s] Level 1:colcon.colcon_core.package_identification:_identify(src/DynamixelSDK/c#/protocol2.0/indirect_address) by extensions ['python_setup_py']
[0.229s] Level 1:colcon.colcon_core.package_identification:_identify(src/DynamixelSDK/c#/protocol2.0/indirect_address) by extension 'python_setup_py'
[0.229s] Level 1:colcon.colcon_core.package_identification:_identify(src/DynamixelSDK/c#/protocol2.0/indirect_address/win32) by extensions ['ignore', 'ignore_ament_install']
[0.229s] Level 1:colcon.colcon_core.package_identification:_identify(src/DynamixelSDK/c#/protocol2.0/indirect_address/win32) by extension 'ignore'
[0.229s] Level 1:colcon.colcon_core.package_identification:_identify(src/DynamixelSDK/c#/protocol2.0/indirect_address/win32) by extension 'ignore_ament_install'
[0.229s] Level 1:colcon.colcon_core.package_identification:_identify(src/DynamixelSDK/c#/protocol2.0/indirect_address/win32) by extensions ['colcon_pkg']
[0.229s] Level 1:colcon.colcon_core.package_identification:_identify(src/DynamixelSDK/c#/protocol2.0/indirect_address/win32) by extension 'colcon_pkg'
[0.229s] Level 1:colcon.colcon_core.package_identification:_identify(src/DynamixelSDK/c#/protocol2.0/indirect_address/win32) by extensions ['colcon_meta']
[0.229s] Level 1:colcon.colcon_core.package_identification:_identify(src/DynamixelSDK/c#/protocol2.0/indirect_address/win32) by extension 'colcon_meta'
[0.229s] Level 1:colcon.colcon_core.package_identification:_identify(src/DynamixelSDK/c#/protocol2.0/indirect_address/win32) by extensions ['ros']
[0.229s] Level 1:colcon.colcon_core.package_identification:_identify(src/DynamixelSDK/c#/protocol2.0/indirect_address/win32) by extension 'ros'
[0.229s] Level 1:colcon.colcon_core.package_identification:_identify(src/DynamixelSDK/c#/protocol2.0/indirect_address/win32) by extensions ['cmake', 'python']
[0.229s] Level 1:colcon.colcon_core.package_identification:_identify(src/DynamixelSDK/c#/protocol2.0/indirect_address/win32) by extension 'cmake'
[0.229s] Level 1:colcon.colcon_core.package_identification:_identify(src/DynamixelSDK/c#/protocol2.0/indirect_address/win32) by extension 'python'
[0.229s] Level 1:colcon.colcon_core.package_identification:_identify(src/DynamixelSDK/c#/protocol2.0/indirect_address/win32) by extensions ['python_setup_py']
[0.229s] Level 1:colcon.colcon_core.package_identification:_identify(src/DynamixelSDK/c#/protocol2.0/indirect_address/win32) by extension 'python_setup_py'
[0.229s] Level 1:colcon.colcon_core.package_identification:_identify(src/DynamixelSDK/c#/protocol2.0/indirect_address/win32/indirect_address) by extensions ['ignore', 'ignore_ament_install']
[0.229s] Level 1:colcon.colcon_core.package_identification:_identify(src/DynamixelSDK/c#/protocol2.0/indirect_address/win32/indirect_address) by extension 'ignore'
[0.229s] Level 1:colcon.colcon_core.package_identification:_identify(src/DynamixelSDK/c#/protocol2.0/indirect_address/win32/indirect_address) by extension 'ignore_ament_install'
[0.229s] Level 1:colcon.colcon_core.package_identification:_identify(src/DynamixelSDK/c#/protocol2.0/indirect_address/win32/indirect_address) by extensions ['colcon_pkg']
[0.229s] Level 1:colcon.colcon_core.package_identification:_identify(src/DynamixelSDK/c#/protocol2.0/indirect_address/win32/indirect_address) by extension 'colcon_pkg'
[0.229s] Level 1:colcon.colcon_core.package_identification:_identify(src/DynamixelSDK/c#/protocol2.0/indirect_address/win32/indirect_address) by extensions ['colcon_meta']
[0.229s] Level 1:colcon.colcon_core.package_identification:_identify(src/DynamixelSDK/c#/protocol2.0/indirect_address/win32/indirect_address) by extension 'colcon_meta'
[0.230s] Level 1:colcon.colcon_core.package_identification:_identify(src/DynamixelSDK/c#/protocol2.0/indirect_address/win32/indirect_address) by extensions ['ros']
[0.230s] Level 1:colcon.colcon_core.package_identification:_identify(src/DynamixelSDK/c#/protocol2.0/indirect_address/win32/indirect_address) by extension 'ros'
[0.230s] Level 1:colcon.colcon_core.package_identification:_identify(src/DynamixelSDK/c#/protocol2.0/indirect_address/win32/indirect_address) by extensions ['cmake', 'python']
[0.230s] Level 1:colcon.colcon_core.package_identification:_identify(src/DynamixelSDK/c#/protocol2.0/indirect_address/win32/indirect_address) by extension 'cmake'
[0.230s] Level 1:colcon.colcon_core.package_identification:_identify(src/DynamixelSDK/c#/protocol2.0/indirect_address/win32/indirect_address) by extension 'python'
[0.230s] Level 1:colcon.colcon_core.package_identification:_identify(src/DynamixelSDK/c#/protocol2.0/indirect_address/win32/indirect_address) by extensions ['python_setup_py']
[0.230s] Level 1:colcon.colcon_core.package_identification:_identify(src/DynamixelSDK/c#/protocol2.0/indirect_address/win32/indirect_address) by extension 'python_setup_py'
[0.230s] Level 1:colcon.colcon_core.package_identification:_identify(src/DynamixelSDK/c#/protocol2.0/indirect_address/win32/indirect_address/Properties) by extensions ['ignore', 'ignore_ament_install']
[0.230s] Level 1:colcon.colcon_core.package_identification:_identify(src/DynamixelSDK/c#/protocol2.0/indirect_address/win32/indirect_address/Properties) by extension 'ignore'
[0.230s] Level 1:colcon.colcon_core.package_identification:_identify(src/DynamixelSDK/c#/protocol2.0/indirect_address/win32/indirect_address/Properties) by extension 'ignore_ament_install'
[0.230s] Level 1:colcon.colcon_core.package_identification:_identify(src/DynamixelSDK/c#/protocol2.0/indirect_address/win32/indirect_address/Properties) by extensions ['colcon_pkg']
[0.230s] Level 1:colcon.colcon_core.package_identification:_identify(src/DynamixelSDK/c#/protocol2.0/indirect_address/win32/indirect_address/Properties) by extension 'colcon_pkg'
[0.230s] Level 1:colcon.colcon_core.package_identification:_identify(src/DynamixelSDK/c#/protocol2.0/indirect_address/win32/indirect_address/Properties) by extensions ['colcon_meta']
[0.230s] Level 1:colcon.colcon_core.package_identification:_identify(src/DynamixelSDK/c#/protocol2.0/indirect_address/win32/indirect_address/Properties) by extension 'colcon_meta'
[0.230s] Level 1:colcon.colcon_core.package_identification:_identify(src/DynamixelSDK/c#/protocol2.0/indirect_address/win32/indirect_address/Properties) by extensions ['ros']
[0.230s] Level 1:colcon.colcon_core.package_identification:_identify(src/DynamixelSDK/c#/protocol2.0/indirect_address/win32/indirect_address/Properties) by extension 'ros'
[0.230s] Level 1:colcon.colcon_core.package_identification:_identify(src/DynamixelSDK/c#/protocol2.0/indirect_address/win32/indirect_address/Properties) by extensions ['cmake', 'python']
[0.230s] Level 1:colcon.colcon_core.package_identification:_identify(src/DynamixelSDK/c#/protocol2.0/indirect_address/win32/indirect_address/Properties) by extension 'cmake'
[0.230s] Level 1:colcon.colcon_core.package_identification:_identify(src/DynamixelSDK/c#/protocol2.0/indirect_address/win32/indirect_address/Properties) by extension 'python'
[0.230s] Level 1:colcon.colcon_core.package_identification:_identify(src/DynamixelSDK/c#/protocol2.0/indirect_address/win32/indirect_address/Properties) by extensions ['python_setup_py']
[0.230s] Level 1:colcon.colcon_core.package_identification:_identify(src/DynamixelSDK/c#/protocol2.0/indirect_address/win32/indirect_address/Properties) by extension 'python_setup_py'
[0.230s] Level 1:colcon.colcon_core.package_identification:_identify(src/DynamixelSDK/c#/protocol2.0/indirect_address/win64) by extensions ['ignore', 'ignore_ament_install']
[0.231s] Level 1:colcon.colcon_core.package_identification:_identify(src/DynamixelSDK/c#/protocol2.0/indirect_address/win64) by extension 'ignore'
[0.231s] Level 1:colcon.colcon_core.package_identification:_identify(src/DynamixelSDK/c#/protocol2.0/indirect_address/win64) by extension 'ignore_ament_install'
[0.231s] Level 1:colcon.colcon_core.package_identification:_identify(src/DynamixelSDK/c#/protocol2.0/indirect_address/win64) by extensions ['colcon_pkg']
[0.231s] Level 1:colcon.colcon_core.package_identification:_identify(src/DynamixelSDK/c#/protocol2.0/indirect_address/win64) by extension 'colcon_pkg'
[0.231s] Level 1:colcon.colcon_core.package_identification:_identify(src/DynamixelSDK/c#/protocol2.0/indirect_address/win64) by extensions ['colcon_meta']
[0.231s] Level 1:colcon.colcon_core.package_identification:_identify(src/DynamixelSDK/c#/protocol2.0/indirect_address/win64) by extension 'colcon_meta'
[0.231s] Level 1:colcon.colcon_core.package_identification:_identify(src/DynamixelSDK/c#/protocol2.0/indirect_address/win64) by extensions ['ros']
[0.231s] Level 1:colcon.colcon_core.package_identification:_identify(src/DynamixelSDK/c#/protocol2.0/indirect_address/win64) by extension 'ros'
[0.231s] Level 1:colcon.colcon_core.package_identification:_identify(src/DynamixelSDK/c#/protocol2.0/indirect_address/win64) by extensions ['cmake', 'python']
[0.231s] Level 1:colcon.colcon_core.package_identification:_identify(src/DynamixelSDK/c#/protocol2.0/indirect_address/win64) by extension 'cmake'
[0.231s] Level 1:colcon.colcon_core.package_identification:_identify(src/DynamixelSDK/c#/protocol2.0/indirect_address/win64) by extension 'python'
[0.231s] Level 1:colcon.colcon_core.package_identification:_identify(src/DynamixelSDK/c#/protocol2.0/indirect_address/win64) by extensions ['python_setup_py']
[0.231s] Level 1:colcon.colcon_core.package_identification:_identify(src/DynamixelSDK/c#/protocol2.0/indirect_address/win64) by extension 'python_setup_py'
[0.231s] Level 1:colcon.colcon_core.package_identification:_identify(src/DynamixelSDK/c#/protocol2.0/indirect_address/win64/indirect_address) by extensions ['ignore', 'ignore_ament_install']
[0.231s] Level 1:colcon.colcon_core.package_identification:_identify(src/DynamixelSDK/c#/protocol2.0/indirect_address/win64/indirect_address) by extension 'ignore'
[0.231s] Level 1:colcon.colcon_core.package_identification:_identify(src/DynamixelSDK/c#/protocol2.0/indirect_address/win64/indirect_address) by extension 'ignore_ament_install'
[0.231s] Level 1:colcon.colcon_core.package_identification:_identify(src/DynamixelSDK/c#/protocol2.0/indirect_address/win64/indirect_address) by extensions ['colcon_pkg']
[0.231s] Level 1:colcon.colcon_core.package_identification:_identify(src/DynamixelSDK/c#/protocol2.0/indirect_address/win64/indirect_address) by extension 'colcon_pkg'
[0.231s] Level 1:colcon.colcon_core.package_identification:_identify(src/DynamixelSDK/c#/protocol2.0/indirect_address/win64/indirect_address) by extensions ['colcon_meta']
[0.231s] Level 1:colcon.colcon_core.package_identification:_identify(src/DynamixelSDK/c#/protocol2.0/indirect_address/win64/indirect_address) by extension 'colcon_meta'
[0.231s] Level 1:colcon.colcon_core.package_identification:_identify(src/DynamixelSDK/c#/protocol2.0/indirect_address/win64/indirect_address) by extensions ['ros']
[0.231s] Level 1:colcon.colcon_core.package_identification:_identify(src/DynamixelSDK/c#/protocol2.0/indirect_address/win64/indirect_address) by extension 'ros'
[0.232s] Level 1:colcon.colcon_core.package_identification:_identify(src/DynamixelSDK/c#/protocol2.0/indirect_address/win64/indirect_address) by extensions ['cmake', 'python']
[0.232s] Level 1:colcon.colcon_core.package_identification:_identify(src/DynamixelSDK/c#/protocol2.0/indirect_address/win64/indirect_address) by extension 'cmake'
[0.232s] Level 1:colcon.colcon_core.package_identification:_identify(src/DynamixelSDK/c#/protocol2.0/indirect_address/win64/indirect_address) by extension 'python'
[0.232s] Level 1:colcon.colcon_core.package_identification:_identify(src/DynamixelSDK/c#/protocol2.0/indirect_address/win64/indirect_address) by extensions ['python_setup_py']
[0.232s] Level 1:colcon.colcon_core.package_identification:_identify(src/DynamixelSDK/c#/protocol2.0/indirect_address/win64/indirect_address) by extension 'python_setup_py'
[0.232s] Level 1:colcon.colcon_core.package_identification:_identify(src/DynamixelSDK/c#/protocol2.0/indirect_address/win64/indirect_address/Properties) by extensions ['ignore', 'ignore_ament_install']
[0.232s] Level 1:colcon.colcon_core.package_identification:_identify(src/DynamixelSDK/c#/protocol2.0/indirect_address/win64/indirect_address/Properties) by extension 'ignore'
[0.232s] Level 1:colcon.colcon_core.package_identification:_identify(src/DynamixelSDK/c#/protocol2.0/indirect_address/win64/indirect_address/Properties) by extension 'ignore_ament_install'
[0.232s] Level 1:colcon.colcon_core.package_identification:_identify(src/DynamixelSDK/c#/protocol2.0/indirect_address/win64/indirect_address/Properties) by extensions ['colcon_pkg']
[0.232s] Level 1:colcon.colcon_core.package_identification:_identify(src/DynamixelSDK/c#/protocol2.0/indirect_address/win64/indirect_address/Properties) by extension 'colcon_pkg'
[0.232s] Level 1:colcon.colcon_core.package_identification:_identify(src/DynamixelSDK/c#/protocol2.0/indirect_address/win64/indirect_address/Properties) by extensions ['colcon_meta']
[0.232s] Level 1:colcon.colcon_core.package_identification:_identify(src/DynamixelSDK/c#/protocol2.0/indirect_address/win64/indirect_address/Properties) by extension 'colcon_meta'
[0.232s] Level 1:colcon.colcon_core.package_identification:_identify(src/DynamixelSDK/c#/protocol2.0/indirect_address/win64/indirect_address/Properties) by extensions ['ros']
[0.232s] Level 1:colcon.colcon_core.package_identification:_identify(src/DynamixelSDK/c#/protocol2.0/indirect_address/win64/indirect_address/Properties) by extension 'ros'
[0.232s] Level 1:colcon.colcon_core.package_identification:_identify(src/DynamixelSDK/c#/protocol2.0/indirect_address/win64/indirect_address/Properties) by extensions ['cmake', 'python']
[0.232s] Level 1:colcon.colcon_core.package_identification:_identify(src/DynamixelSDK/c#/protocol2.0/indirect_address/win64/indirect_address/Properties) by extension 'cmake'
[0.232s] Level 1:colcon.colcon_core.package_identification:_identify(src/DynamixelSDK/c#/protocol2.0/indirect_address/win64/indirect_address/Properties) by extension 'python'
[0.232s] Level 1:colcon.colcon_core.package_identification:_identify(src/DynamixelSDK/c#/protocol2.0/indirect_address/win64/indirect_address/Properties) by extensions ['python_setup_py']
[0.232s] Level 1:colcon.colcon_core.package_identification:_identify(src/DynamixelSDK/c#/protocol2.0/indirect_address/win64/indirect_address/Properties) by extension 'python_setup_py'
[0.232s] Level 1:colcon.colcon_core.package_identification:_identify(src/DynamixelSDK/c#/protocol2.0/multi_port) by extensions ['ignore', 'ignore_ament_install']
[0.232s] Level 1:colcon.colcon_core.package_identification:_identify(src/DynamixelSDK/c#/protocol2.0/multi_port) by extension 'ignore'
[0.232s] Level 1:colcon.colcon_core.package_identification:_identify(src/DynamixelSDK/c#/protocol2.0/multi_port) by extension 'ignore_ament_install'
[0.233s] Level 1:colcon.colcon_core.package_identification:_identify(src/DynamixelSDK/c#/protocol2.0/multi_port) by extensions ['colcon_pkg']
[0.233s] Level 1:colcon.colcon_core.package_identification:_identify(src/DynamixelSDK/c#/protocol2.0/multi_port) by extension 'colcon_pkg'
[0.233s] Level 1:colcon.colcon_core.package_identification:_identify(src/DynamixelSDK/c#/protocol2.0/multi_port) by extensions ['colcon_meta']
[0.233s] Level 1:colcon.colcon_core.package_identification:_identify(src/DynamixelSDK/c#/protocol2.0/multi_port) by extension 'colcon_meta'
[0.233s] Level 1:colcon.colcon_core.package_identification:_identify(src/DynamixelSDK/c#/protocol2.0/multi_port) by extensions ['ros']
[0.233s] Level 1:colcon.colcon_core.package_identification:_identify(src/DynamixelSDK/c#/protocol2.0/multi_port) by extension 'ros'
[0.233s] Level 1:colcon.colcon_core.package_identification:_identify(src/DynamixelSDK/c#/protocol2.0/multi_port) by extensions ['cmake', 'python']
[0.233s] Level 1:colcon.colcon_core.package_identification:_identify(src/DynamixelSDK/c#/protocol2.0/multi_port) by extension 'cmake'
[0.233s] Level 1:colcon.colcon_core.package_identification:_identify(src/DynamixelSDK/c#/protocol2.0/multi_port) by extension 'python'
[0.233s] Level 1:colcon.colcon_core.package_identification:_identify(src/DynamixelSDK/c#/protocol2.0/multi_port) by extensions ['python_setup_py']
[0.233s] Level 1:colcon.colcon_core.package_identification:_identify(src/DynamixelSDK/c#/protocol2.0/multi_port) by extension 'python_setup_py'
[0.233s] Level 1:colcon.colcon_core.package_identification:_identify(src/DynamixelSDK/c#/protocol2.0/multi_port/win32) by extensions ['ignore', 'ignore_ament_install']
[0.233s] Level 1:colcon.colcon_core.package_identification:_identify(src/DynamixelSDK/c#/protocol2.0/multi_port/win32) by extension 'ignore'
[0.233s] Level 1:colcon.colcon_core.package_identification:_identify(src/DynamixelSDK/c#/protocol2.0/multi_port/win32) by extension 'ignore_ament_install'
[0.233s] Level 1:colcon.colcon_core.package_identification:_identify(src/DynamixelSDK/c#/protocol2.0/multi_port/win32) by extensions ['colcon_pkg']
[0.233s] Level 1:colcon.colcon_core.package_identification:_identify(src/DynamixelSDK/c#/protocol2.0/multi_port/win32) by extension 'colcon_pkg'
[0.233s] Level 1:colcon.colcon_core.package_identification:_identify(src/DynamixelSDK/c#/protocol2.0/multi_port/win32) by extensions ['colcon_meta']
[0.233s] Level 1:colcon.colcon_core.package_identification:_identify(src/DynamixelSDK/c#/protocol2.0/multi_port/win32) by extension 'colcon_meta'
[0.233s] Level 1:colcon.colcon_core.package_identification:_identify(src/DynamixelSDK/c#/protocol2.0/multi_port/win32) by extensions ['ros']
[0.233s] Level 1:colcon.colcon_core.package_identification:_identify(src/DynamixelSDK/c#/protocol2.0/multi_port/win32) by extension 'ros'
[0.233s] Level 1:colcon.colcon_core.package_identification:_identify(src/DynamixelSDK/c#/protocol2.0/multi_port/win32) by extensions ['cmake', 'python']
[0.233s] Level 1:colcon.colcon_core.package_identification:_identify(src/DynamixelSDK/c#/protocol2.0/multi_port/win32) by extension 'cmake'
[0.233s] Level 1:colcon.colcon_core.package_identification:_identify(src/DynamixelSDK/c#/protocol2.0/multi_port/win32) by extension 'python'
[0.233s] Level 1:colcon.colcon_core.package_identification:_identify(src/DynamixelSDK/c#/protocol2.0/multi_port/win32) by extensions ['python_setup_py']
[0.233s] Level 1:colcon.colcon_core.package_identification:_identify(src/DynamixelSDK/c#/protocol2.0/multi_port/win32) by extension 'python_setup_py'
[0.234s] Level 1:colcon.colcon_core.package_identification:_identify(src/DynamixelSDK/c#/protocol2.0/multi_port/win32/multi_port) by extensions ['ignore', 'ignore_ament_install']
[0.234s] Level 1:colcon.colcon_core.package_identification:_identify(src/DynamixelSDK/c#/protocol2.0/multi_port/win32/multi_port) by extension 'ignore'
[0.234s] Level 1:colcon.colcon_core.package_identification:_identify(src/DynamixelSDK/c#/protocol2.0/multi_port/win32/multi_port) by extension 'ignore_ament_install'
[0.234s] Level 1:colcon.colcon_core.package_identification:_identify(src/DynamixelSDK/c#/protocol2.0/multi_port/win32/multi_port) by extensions ['colcon_pkg']
[0.234s] Level 1:colcon.colcon_core.package_identification:_identify(src/DynamixelSDK/c#/protocol2.0/multi_port/win32/multi_port) by extension 'colcon_pkg'
[0.234s] Level 1:colcon.colcon_core.package_identification:_identify(src/DynamixelSDK/c#/protocol2.0/multi_port/win32/multi_port) by extensions ['colcon_meta']
[0.234s] Level 1:colcon.colcon_core.package_identification:_identify(src/DynamixelSDK/c#/protocol2.0/multi_port/win32/multi_port) by extension 'colcon_meta'
[0.234s] Level 1:colcon.colcon_core.package_identification:_identify(src/DynamixelSDK/c#/protocol2.0/multi_port/win32/multi_port) by extensions ['ros']
[0.234s] Level 1:colcon.colcon_core.package_identification:_identify(src/DynamixelSDK/c#/protocol2.0/multi_port/win32/multi_port) by extension 'ros'
[0.234s] Level 1:colcon.colcon_core.package_identification:_identify(src/DynamixelSDK/c#/protocol2.0/multi_port/win32/multi_port) by extensions ['cmake', 'python']
[0.234s] Level 1:colcon.colcon_core.package_identification:_identify(src/DynamixelSDK/c#/protocol2.0/multi_port/win32/multi_port) by extension 'cmake'
[0.234s] Level 1:colcon.colcon_core.package_identification:_identify(src/DynamixelSDK/c#/protocol2.0/multi_port/win32/multi_port) by extension 'python'
[0.234s] Level 1:colcon.colcon_core.package_identification:_identify(src/DynamixelSDK/c#/protocol2.0/multi_port/win32/multi_port) by extensions ['python_setup_py']
[0.234s] Level 1:colcon.colcon_core.package_identification:_identify(src/DynamixelSDK/c#/protocol2.0/multi_port/win32/multi_port) by extension 'python_setup_py'
[0.234s] Level 1:colcon.colcon_core.package_identification:_identify(src/DynamixelSDK/c#/protocol2.0/multi_port/win32/multi_port/Properties) by extensions ['ignore', 'ignore_ament_install']
[0.234s] Level 1:colcon.colcon_core.package_identification:_identify(src/DynamixelSDK/c#/protocol2.0/multi_port/win32/multi_port/Properties) by extension 'ignore'
[0.234s] Level 1:colcon.colcon_core.package_identification:_identify(src/DynamixelSDK/c#/protocol2.0/multi_port/win32/multi_port/Properties) by extension 'ignore_ament_install'
[0.234s] Level 1:colcon.colcon_core.package_identification:_identify(src/DynamixelSDK/c#/protocol2.0/multi_port/win32/multi_port/Properties) by extensions ['colcon_pkg']
[0.234s] Level 1:colcon.colcon_core.package_identification:_identify(src/DynamixelSDK/c#/protocol2.0/multi_port/win32/multi_port/Properties) by extension 'colcon_pkg'
[0.234s] Level 1:colcon.colcon_core.package_identification:_identify(src/DynamixelSDK/c#/protocol2.0/multi_port/win32/multi_port/Properties) by extensions ['colcon_meta']
[0.234s] Level 1:colcon.colcon_core.package_identification:_identify(src/DynamixelSDK/c#/protocol2.0/multi_port/win32/multi_port/Properties) by extension 'colcon_meta'
[0.235s] Level 1:colcon.colcon_core.package_identification:_identify(src/DynamixelSDK/c#/protocol2.0/multi_port/win32/multi_port/Properties) by extensions ['ros']
[0.235s] Level 1:colcon.colcon_core.package_identification:_identify(src/DynamixelSDK/c#/protocol2.0/multi_port/win32/multi_port/Properties) by extension 'ros'
[0.235s] Level 1:colcon.colcon_core.package_identification:_identify(src/DynamixelSDK/c#/protocol2.0/multi_port/win32/multi_port/Properties) by extensions ['cmake', 'python']
[0.235s] Level 1:colcon.colcon_core.package_identification:_identify(src/DynamixelSDK/c#/protocol2.0/multi_port/win32/multi_port/Properties) by extension 'cmake'
[0.235s] Level 1:colcon.colcon_core.package_identification:_identify(src/DynamixelSDK/c#/protocol2.0/multi_port/win32/multi_port/Properties) by extension 'python'
[0.235s] Level 1:colcon.colcon_core.package_identification:_identify(src/DynamixelSDK/c#/protocol2.0/multi_port/win32/multi_port/Properties) by extensions ['python_setup_py']
[0.235s] Level 1:colcon.colcon_core.package_identification:_identify(src/DynamixelSDK/c#/protocol2.0/multi_port/win32/multi_port/Properties) by extension 'python_setup_py'
[0.235s] Level 1:colcon.colcon_core.package_identification:_identify(src/DynamixelSDK/c#/protocol2.0/multi_port/win64) by extensions ['ignore', 'ignore_ament_install']
[0.235s] Level 1:colcon.colcon_core.package_identification:_identify(src/DynamixelSDK/c#/protocol2.0/multi_port/win64) by extension 'ignore'
[0.235s] Level 1:colcon.colcon_core.package_identification:_identify(src/DynamixelSDK/c#/protocol2.0/multi_port/win64) by extension 'ignore_ament_install'
[0.235s] Level 1:colcon.colcon_core.package_identification:_identify(src/DynamixelSDK/c#/protocol2.0/multi_port/win64) by extensions ['colcon_pkg']
[0.235s] Level 1:colcon.colcon_core.package_identification:_identify(src/DynamixelSDK/c#/protocol2.0/multi_port/win64) by extension 'colcon_pkg'
[0.235s] Level 1:colcon.colcon_core.package_identification:_identify(src/DynamixelSDK/c#/protocol2.0/multi_port/win64) by extensions ['colcon_meta']
[0.235s] Level 1:colcon.colcon_core.package_identification:_identify(src/DynamixelSDK/c#/protocol2.0/multi_port/win64) by extension 'colcon_meta'
[0.235s] Level 1:colcon.colcon_core.package_identification:_identify(src/DynamixelSDK/c#/protocol2.0/multi_port/win64) by extensions ['ros']
[0.235s] Level 1:colcon.colcon_core.package_identification:_identify(src/DynamixelSDK/c#/protocol2.0/multi_port/win64) by extension 'ros'
[0.235s] Level 1:colcon.colcon_core.package_identification:_identify(src/DynamixelSDK/c#/protocol2.0/multi_port/win64) by extensions ['cmake', 'python']
[0.235s] Level 1:colcon.colcon_core.package_identification:_identify(src/DynamixelSDK/c#/protocol2.0/multi_port/win64) by extension 'cmake'
[0.235s] Level 1:colcon.colcon_core.package_identification:_identify(src/DynamixelSDK/c#/protocol2.0/multi_port/win64) by extension 'python'
[0.235s] Level 1:colcon.colcon_core.package_identification:_identify(src/DynamixelSDK/c#/protocol2.0/multi_port/win64) by extensions ['python_setup_py']
[0.235s] Level 1:colcon.colcon_core.package_identification:_identify(src/DynamixelSDK/c#/protocol2.0/multi_port/win64) by extension 'python_setup_py'
[0.235s] Level 1:colcon.colcon_core.package_identification:_identify(src/DynamixelSDK/c#/protocol2.0/multi_port/win64/multi_port) by extensions ['ignore', 'ignore_ament_install']
[0.235s] Level 1:colcon.colcon_core.package_identification:_identify(src/DynamixelSDK/c#/protocol2.0/multi_port/win64/multi_port) by extension 'ignore'
[0.236s] Level 1:colcon.colcon_core.package_identification:_identify(src/DynamixelSDK/c#/protocol2.0/multi_port/win64/multi_port) by extension 'ignore_ament_install'
[0.236s] Level 1:colcon.colcon_core.package_identification:_identify(src/DynamixelSDK/c#/protocol2.0/multi_port/win64/multi_port) by extensions ['colcon_pkg']
[0.236s] Level 1:colcon.colcon_core.package_identification:_identify(src/DynamixelSDK/c#/protocol2.0/multi_port/win64/multi_port) by extension 'colcon_pkg'
[0.236s] Level 1:colcon.colcon_core.package_identification:_identify(src/DynamixelSDK/c#/protocol2.0/multi_port/win64/multi_port) by extensions ['colcon_meta']
[0.236s] Level 1:colcon.colcon_core.package_identification:_identify(src/DynamixelSDK/c#/protocol2.0/multi_port/win64/multi_port) by extension 'colcon_meta'
[0.236s] Level 1:colcon.colcon_core.package_identification:_identify(src/DynamixelSDK/c#/protocol2.0/multi_port/win64/multi_port) by extensions ['ros']
[0.236s] Level 1:colcon.colcon_core.package_identification:_identify(src/DynamixelSDK/c#/protocol2.0/multi_port/win64/multi_port) by extension 'ros'
[0.236s] Level 1:colcon.colcon_core.package_identification:_identify(src/DynamixelSDK/c#/protocol2.0/multi_port/win64/multi_port) by extensions ['cmake', 'python']
[0.236s] Level 1:colcon.colcon_core.package_identification:_identify(src/DynamixelSDK/c#/protocol2.0/multi_port/win64/multi_port) by extension 'cmake'
[0.236s] Level 1:colcon.colcon_core.package_identification:_identify(src/DynamixelSDK/c#/protocol2.0/multi_port/win64/multi_port) by extension 'python'
[0.236s] Level 1:colcon.colcon_core.package_identification:_identify(src/DynamixelSDK/c#/protocol2.0/multi_port/win64/multi_port) by extensions ['python_setup_py']
[0.236s] Level 1:colcon.colcon_core.package_identification:_identify(src/DynamixelSDK/c#/protocol2.0/multi_port/win64/multi_port) by extension 'python_setup_py'
[0.236s] Level 1:colcon.colcon_core.package_identification:_identify(src/DynamixelSDK/c#/protocol2.0/multi_port/win64/multi_port/Properties) by extensions ['ignore', 'ignore_ament_install']
[0.236s] Level 1:colcon.colcon_core.package_identification:_identify(src/DynamixelSDK/c#/protocol2.0/multi_port/win64/multi_port/Properties) by extension 'ignore'
[0.236s] Level 1:colcon.colcon_core.package_identification:_identify(src/DynamixelSDK/c#/protocol2.0/multi_port/win64/multi_port/Properties) by extension 'ignore_ament_install'
[0.236s] Level 1:colcon.colcon_core.package_identification:_identify(src/DynamixelSDK/c#/protocol2.0/multi_port/win64/multi_port/Properties) by extensions ['colcon_pkg']
[0.236s] Level 1:colcon.colcon_core.package_identification:_identify(src/DynamixelSDK/c#/protocol2.0/multi_port/win64/multi_port/Properties) by extension 'colcon_pkg'
[0.236s] Level 1:colcon.colcon_core.package_identification:_identify(src/DynamixelSDK/c#/protocol2.0/multi_port/win64/multi_port/Properties) by extensions ['colcon_meta']
[0.236s] Level 1:colcon.colcon_core.package_identification:_identify(src/DynamixelSDK/c#/protocol2.0/multi_port/win64/multi_port/Properties) by extension 'colcon_meta'
[0.236s] Level 1:colcon.colcon_core.package_identification:_identify(src/DynamixelSDK/c#/protocol2.0/multi_port/win64/multi_port/Properties) by extensions ['ros']
[0.236s] Level 1:colcon.colcon_core.package_identification:_identify(src/DynamixelSDK/c#/protocol2.0/multi_port/win64/multi_port/Properties) by extension 'ros'
[0.236s] Level 1:colcon.colcon_core.package_identification:_identify(src/DynamixelSDK/c#/protocol2.0/multi_port/win64/multi_port/Properties) by extensions ['cmake', 'python']
[0.236s] Level 1:colcon.colcon_core.package_identification:_identify(src/DynamixelSDK/c#/protocol2.0/multi_port/win64/multi_port/Properties) by extension 'cmake'
[0.237s] Level 1:colcon.colcon_core.package_identification:_identify(src/DynamixelSDK/c#/protocol2.0/multi_port/win64/multi_port/Properties) by extension 'python'
[0.237s] Level 1:colcon.colcon_core.package_identification:_identify(src/DynamixelSDK/c#/protocol2.0/multi_port/win64/multi_port/Properties) by extensions ['python_setup_py']
[0.237s] Level 1:colcon.colcon_core.package_identification:_identify(src/DynamixelSDK/c#/protocol2.0/multi_port/win64/multi_port/Properties) by extension 'python_setup_py'
[0.237s] Level 1:colcon.colcon_core.package_identification:_identify(src/DynamixelSDK/c#/protocol2.0/ping) by extensions ['ignore', 'ignore_ament_install']
[0.237s] Level 1:colcon.colcon_core.package_identification:_identify(src/DynamixelSDK/c#/protocol2.0/ping) by extension 'ignore'
[0.237s] Level 1:colcon.colcon_core.package_identification:_identify(src/DynamixelSDK/c#/protocol2.0/ping) by extension 'ignore_ament_install'
[0.237s] Level 1:colcon.colcon_core.package_identification:_identify(src/DynamixelSDK/c#/protocol2.0/ping) by extensions ['colcon_pkg']
[0.237s] Level 1:colcon.colcon_core.package_identification:_identify(src/DynamixelSDK/c#/protocol2.0/ping) by extension 'colcon_pkg'
[0.237s] Level 1:colcon.colcon_core.package_identification:_identify(src/DynamixelSDK/c#/protocol2.0/ping) by extensions ['colcon_meta']
[0.237s] Level 1:colcon.colcon_core.package_identification:_identify(src/DynamixelSDK/c#/protocol2.0/ping) by extension 'colcon_meta'
[0.237s] Level 1:colcon.colcon_core.package_identification:_identify(src/DynamixelSDK/c#/protocol2.0/ping) by extensions ['ros']
[0.237s] Level 1:colcon.colcon_core.package_identification:_identify(src/DynamixelSDK/c#/protocol2.0/ping) by extension 'ros'
[0.237s] Level 1:colcon.colcon_core.package_identification:_identify(src/DynamixelSDK/c#/protocol2.0/ping) by extensions ['cmake', 'python']
[0.237s] Level 1:colcon.colcon_core.package_identification:_identify(src/DynamixelSDK/c#/protocol2.0/ping) by extension 'cmake'
[0.237s] Level 1:colcon.colcon_core.package_identification:_identify(src/DynamixelSDK/c#/protocol2.0/ping) by extension 'python'
[0.237s] Level 1:colcon.colcon_core.package_identification:_identify(src/DynamixelSDK/c#/protocol2.0/ping) by extensions ['python_setup_py']
[0.237s] Level 1:colcon.colcon_core.package_identification:_identify(src/DynamixelSDK/c#/protocol2.0/ping) by extension 'python_setup_py'
[0.237s] Level 1:colcon.colcon_core.package_identification:_identify(src/DynamixelSDK/c#/protocol2.0/ping/win32) by extensions ['ignore', 'ignore_ament_install']
[0.237s] Level 1:colcon.colcon_core.package_identification:_identify(src/DynamixelSDK/c#/protocol2.0/ping/win32) by extension 'ignore'
[0.237s] Level 1:colcon.colcon_core.package_identification:_identify(src/DynamixelSDK/c#/protocol2.0/ping/win32) by extension 'ignore_ament_install'
[0.237s] Level 1:colcon.colcon_core.package_identification:_identify(src/DynamixelSDK/c#/protocol2.0/ping/win32) by extensions ['colcon_pkg']
[0.237s] Level 1:colcon.colcon_core.package_identification:_identify(src/DynamixelSDK/c#/protocol2.0/ping/win32) by extension 'colcon_pkg'
[0.238s] Level 1:colcon.colcon_core.package_identification:_identify(src/DynamixelSDK/c#/protocol2.0/ping/win32) by extensions ['colcon_meta']
[0.238s] Level 1:colcon.colcon_core.package_identification:_identify(src/DynamixelSDK/c#/protocol2.0/ping/win32) by extension 'colcon_meta'
[0.238s] Level 1:colcon.colcon_core.package_identification:_identify(src/DynamixelSDK/c#/protocol2.0/ping/win32) by extensions ['ros']
[0.238s] Level 1:colcon.colcon_core.package_identification:_identify(src/DynamixelSDK/c#/protocol2.0/ping/win32) by extension 'ros'
[0.238s] Level 1:colcon.colcon_core.package_identification:_identify(src/DynamixelSDK/c#/protocol2.0/ping/win32) by extensions ['cmake', 'python']
[0.238s] Level 1:colcon.colcon_core.package_identification:_identify(src/DynamixelSDK/c#/protocol2.0/ping/win32) by extension 'cmake'
[0.238s] Level 1:colcon.colcon_core.package_identification:_identify(src/DynamixelSDK/c#/protocol2.0/ping/win32) by extension 'python'
[0.238s] Level 1:colcon.colcon_core.package_identification:_identify(src/DynamixelSDK/c#/protocol2.0/ping/win32) by extensions ['python_setup_py']
[0.238s] Level 1:colcon.colcon_core.package_identification:_identify(src/DynamixelSDK/c#/protocol2.0/ping/win32) by extension 'python_setup_py'
[0.238s] Level 1:colcon.colcon_core.package_identification:_identify(src/DynamixelSDK/c#/protocol2.0/ping/win32/ping) by extensions ['ignore', 'ignore_ament_install']
[0.238s] Level 1:colcon.colcon_core.package_identification:_identify(src/DynamixelSDK/c#/protocol2.0/ping/win32/ping) by extension 'ignore'
[0.238s] Level 1:colcon.colcon_core.package_identification:_identify(src/DynamixelSDK/c#/protocol2.0/ping/win32/ping) by extension 'ignore_ament_install'
[0.238s] Level 1:colcon.colcon_core.package_identification:_identify(src/DynamixelSDK/c#/protocol2.0/ping/win32/ping) by extensions ['colcon_pkg']
[0.238s] Level 1:colcon.colcon_core.package_identification:_identify(src/DynamixelSDK/c#/protocol2.0/ping/win32/ping) by extension 'colcon_pkg'
[0.238s] Level 1:colcon.colcon_core.package_identification:_identify(src/DynamixelSDK/c#/protocol2.0/ping/win32/ping) by extensions ['colcon_meta']
[0.238s] Level 1:colcon.colcon_core.package_identification:_identify(src/DynamixelSDK/c#/protocol2.0/ping/win32/ping) by extension 'colcon_meta'
[0.238s] Level 1:colcon.colcon_core.package_identification:_identify(src/DynamixelSDK/c#/protocol2.0/ping/win32/ping) by extensions ['ros']
[0.238s] Level 1:colcon.colcon_core.package_identification:_identify(src/DynamixelSDK/c#/protocol2.0/ping/win32/ping) by extension 'ros'
[0.238s] Level 1:colcon.colcon_core.package_identification:_identify(src/DynamixelSDK/c#/protocol2.0/ping/win32/ping) by extensions ['cmake', 'python']
[0.238s] Level 1:colcon.colcon_core.package_identification:_identify(src/DynamixelSDK/c#/protocol2.0/ping/win32/ping) by extension 'cmake'
[0.238s] Level 1:colcon.colcon_core.package_identification:_identify(src/DynamixelSDK/c#/protocol2.0/ping/win32/ping) by extension 'python'
[0.238s] Level 1:colcon.colcon_core.package_identification:_identify(src/DynamixelSDK/c#/protocol2.0/ping/win32/ping) by extensions ['python_setup_py']
[0.238s] Level 1:colcon.colcon_core.package_identification:_identify(src/DynamixelSDK/c#/protocol2.0/ping/win32/ping) by extension 'python_setup_py'
[0.239s] Level 1:colcon.colcon_core.package_identification:_identify(src/DynamixelSDK/c#/protocol2.0/ping/win32/ping/Properties) by extensions ['ignore', 'ignore_ament_install']
[0.239s] Level 1:colcon.colcon_core.package_identification:_identify(src/DynamixelSDK/c#/protocol2.0/ping/win32/ping/Properties) by extension 'ignore'
[0.239s] Level 1:colcon.colcon_core.package_identification:_identify(src/DynamixelSDK/c#/protocol2.0/ping/win32/ping/Properties) by extension 'ignore_ament_install'
[0.239s] Level 1:colcon.colcon_core.package_identification:_identify(src/DynamixelSDK/c#/protocol2.0/ping/win32/ping/Properties) by extensions ['colcon_pkg']
[0.239s] Level 1:colcon.colcon_core.package_identification:_identify(src/DynamixelSDK/c#/protocol2.0/ping/win32/ping/Properties) by extension 'colcon_pkg'
[0.239s] Level 1:colcon.colcon_core.package_identification:_identify(src/DynamixelSDK/c#/protocol2.0/ping/win32/ping/Properties) by extensions ['colcon_meta']
[0.239s] Level 1:colcon.colcon_core.package_identification:_identify(src/DynamixelSDK/c#/protocol2.0/ping/win32/ping/Properties) by extension 'colcon_meta'
[0.239s] Level 1:colcon.colcon_core.package_identification:_identify(src/DynamixelSDK/c#/protocol2.0/ping/win32/ping/Properties) by extensions ['ros']
[0.239s] Level 1:colcon.colcon_core.package_identification:_identify(src/DynamixelSDK/c#/protocol2.0/ping/win32/ping/Properties) by extension 'ros'
[0.239s] Level 1:colcon.colcon_core.package_identification:_identify(src/DynamixelSDK/c#/protocol2.0/ping/win32/ping/Properties) by extensions ['cmake', 'python']
[0.239s] Level 1:colcon.colcon_core.package_identification:_identify(src/DynamixelSDK/c#/protocol2.0/ping/win32/ping/Properties) by extension 'cmake'
[0.239s] Level 1:colcon.colcon_core.package_identification:_identify(src/DynamixelSDK/c#/protocol2.0/ping/win32/ping/Properties) by extension 'python'
[0.239s] Level 1:colcon.colcon_core.package_identification:_identify(src/DynamixelSDK/c#/protocol2.0/ping/win32/ping/Properties) by extensions ['python_setup_py']
[0.239s] Level 1:colcon.colcon_core.package_identification:_identify(src/DynamixelSDK/c#/protocol2.0/ping/win32/ping/Properties) by extension 'python_setup_py'
[0.239s] Level 1:colcon.colcon_core.package_identification:_identify(src/DynamixelSDK/c#/protocol2.0/ping/win64) by extensions ['ignore', 'ignore_ament_install']
[0.239s] Level 1:colcon.colcon_core.package_identification:_identify(src/DynamixelSDK/c#/protocol2.0/ping/win64) by extension 'ignore'
[0.239s] Level 1:colcon.colcon_core.package_identification:_identify(src/DynamixelSDK/c#/protocol2.0/ping/win64) by extension 'ignore_ament_install'
[0.239s] Level 1:colcon.colcon_core.package_identification:_identify(src/DynamixelSDK/c#/protocol2.0/ping/win64) by extensions ['colcon_pkg']
[0.239s] Level 1:colcon.colcon_core.package_identification:_identify(src/DynamixelSDK/c#/protocol2.0/ping/win64) by extension 'colcon_pkg'
[0.239s] Level 1:colcon.colcon_core.package_identification:_identify(src/DynamixelSDK/c#/protocol2.0/ping/win64) by extensions ['colcon_meta']
[0.239s] Level 1:colcon.colcon_core.package_identification:_identify(src/DynamixelSDK/c#/protocol2.0/ping/win64) by extension 'colcon_meta'
[0.239s] Level 1:colcon.colcon_core.package_identification:_identify(src/DynamixelSDK/c#/protocol2.0/ping/win64) by extensions ['ros']
[0.239s] Level 1:colcon.colcon_core.package_identification:_identify(src/DynamixelSDK/c#/protocol2.0/ping/win64) by extension 'ros'
[0.240s] Level 1:colcon.colcon_core.package_identification:_identify(src/DynamixelSDK/c#/protocol2.0/ping/win64) by extensions ['cmake', 'python']
[0.240s] Level 1:colcon.colcon_core.package_identification:_identify(src/DynamixelSDK/c#/protocol2.0/ping/win64) by extension 'cmake'
[0.240s] Level 1:colcon.colcon_core.package_identification:_identify(src/DynamixelSDK/c#/protocol2.0/ping/win64) by extension 'python'
[0.240s] Level 1:colcon.colcon_core.package_identification:_identify(src/DynamixelSDK/c#/protocol2.0/ping/win64) by extensions ['python_setup_py']
[0.240s] Level 1:colcon.colcon_core.package_identification:_identify(src/DynamixelSDK/c#/protocol2.0/ping/win64) by extension 'python_setup_py'
[0.240s] Level 1:colcon.colcon_core.package_identification:_identify(src/DynamixelSDK/c#/protocol2.0/ping/win64/ping) by extensions ['ignore', 'ignore_ament_install']
[0.240s] Level 1:colcon.colcon_core.package_identification:_identify(src/DynamixelSDK/c#/protocol2.0/ping/win64/ping) by extension 'ignore'
[0.240s] Level 1:colcon.colcon_core.package_identification:_identify(src/DynamixelSDK/c#/protocol2.0/ping/win64/ping) by extension 'ignore_ament_install'
[0.240s] Level 1:colcon.colcon_core.package_identification:_identify(src/DynamixelSDK/c#/protocol2.0/ping/win64/ping) by extensions ['colcon_pkg']
[0.240s] Level 1:colcon.colcon_core.package_identification:_identify(src/DynamixelSDK/c#/protocol2.0/ping/win64/ping) by extension 'colcon_pkg'
[0.240s] Level 1:colcon.colcon_core.package_identification:_identify(src/DynamixelSDK/c#/protocol2.0/ping/win64/ping) by extensions ['colcon_meta']
[0.240s] Level 1:colcon.colcon_core.package_identification:_identify(src/DynamixelSDK/c#/protocol2.0/ping/win64/ping) by extension 'colcon_meta'
[0.240s] Level 1:colcon.colcon_core.package_identification:_identify(src/DynamixelSDK/c#/protocol2.0/ping/win64/ping) by extensions ['ros']
[0.240s] Level 1:colcon.colcon_core.package_identification:_identify(src/DynamixelSDK/c#/protocol2.0/ping/win64/ping) by extension 'ros'
[0.240s] Level 1:colcon.colcon_core.package_identification:_identify(src/DynamixelSDK/c#/protocol2.0/ping/win64/ping) by extensions ['cmake', 'python']
[0.240s] Level 1:colcon.colcon_core.package_identification:_identify(src/DynamixelSDK/c#/protocol2.0/ping/win64/ping) by extension 'cmake'
[0.240s] Level 1:colcon.colcon_core.package_identification:_identify(src/DynamixelSDK/c#/protocol2.0/ping/win64/ping) by extension 'python'
[0.240s] Level 1:colcon.colcon_core.package_identification:_identify(src/DynamixelSDK/c#/protocol2.0/ping/win64/ping) by extensions ['python_setup_py']
[0.240s] Level 1:colcon.colcon_core.package_identification:_identify(src/DynamixelSDK/c#/protocol2.0/ping/win64/ping) by extension 'python_setup_py'
[0.240s] Level 1:colcon.colcon_core.package_identification:_identify(src/DynamixelSDK/c#/protocol2.0/ping/win64/ping/Properties) by extensions ['ignore', 'ignore_ament_install']
[0.240s] Level 1:colcon.colcon_core.package_identification:_identify(src/DynamixelSDK/c#/protocol2.0/ping/win64/ping/Properties) by extension 'ignore'
[0.240s] Level 1:colcon.colcon_core.package_identification:_identify(src/DynamixelSDK/c#/protocol2.0/ping/win64/ping/Properties) by extension 'ignore_ament_install'
[0.241s] Level 1:colcon.colcon_core.package_identification:_identify(src/DynamixelSDK/c#/protocol2.0/ping/win64/ping/Properties) by extensions ['colcon_pkg']
[0.241s] Level 1:colcon.colcon_core.package_identification:_identify(src/DynamixelSDK/c#/protocol2.0/ping/win64/ping/Properties) by extension 'colcon_pkg'
[0.241s] Level 1:colcon.colcon_core.package_identification:_identify(src/DynamixelSDK/c#/protocol2.0/ping/win64/ping/Properties) by extensions ['colcon_meta']
[0.241s] Level 1:colcon.colcon_core.package_identification:_identify(src/DynamixelSDK/c#/protocol2.0/ping/win64/ping/Properties) by extension 'colcon_meta'
[0.241s] Level 1:colcon.colcon_core.package_identification:_identify(src/DynamixelSDK/c#/protocol2.0/ping/win64/ping/Properties) by extensions ['ros']
[0.241s] Level 1:colcon.colcon_core.package_identification:_identify(src/DynamixelSDK/c#/protocol2.0/ping/win64/ping/Properties) by extension 'ros'
[0.241s] Level 1:colcon.colcon_core.package_identification:_identify(src/DynamixelSDK/c#/protocol2.0/ping/win64/ping/Properties) by extensions ['cmake', 'python']
[0.241s] Level 1:colcon.colcon_core.package_identification:_identify(src/DynamixelSDK/c#/protocol2.0/ping/win64/ping/Properties) by extension 'cmake'
[0.241s] Level 1:colcon.colcon_core.package_identification:_identify(src/DynamixelSDK/c#/protocol2.0/ping/win64/ping/Properties) by extension 'python'
[0.241s] Level 1:colcon.colcon_core.package_identification:_identify(src/DynamixelSDK/c#/protocol2.0/ping/win64/ping/Properties) by extensions ['python_setup_py']
[0.241s] Level 1:colcon.colcon_core.package_identification:_identify(src/DynamixelSDK/c#/protocol2.0/ping/win64/ping/Properties) by extension 'python_setup_py'
[0.241s] Level 1:colcon.colcon_core.package_identification:_identify(src/DynamixelSDK/c#/protocol2.0/read_write) by extensions ['ignore', 'ignore_ament_install']
[0.241s] Level 1:colcon.colcon_core.package_identification:_identify(src/DynamixelSDK/c#/protocol2.0/read_write) by extension 'ignore'
[0.241s] Level 1:colcon.colcon_core.package_identification:_identify(src/DynamixelSDK/c#/protocol2.0/read_write) by extension 'ignore_ament_install'
[0.241s] Level 1:colcon.colcon_core.package_identification:_identify(src/DynamixelSDK/c#/protocol2.0/read_write) by extensions ['colcon_pkg']
[0.241s] Level 1:colcon.colcon_core.package_identification:_identify(src/DynamixelSDK/c#/protocol2.0/read_write) by extension 'colcon_pkg'
[0.241s] Level 1:colcon.colcon_core.package_identification:_identify(src/DynamixelSDK/c#/protocol2.0/read_write) by extensions ['colcon_meta']
[0.241s] Level 1:colcon.colcon_core.package_identification:_identify(src/DynamixelSDK/c#/protocol2.0/read_write) by extension 'colcon_meta'
[0.241s] Level 1:colcon.colcon_core.package_identification:_identify(src/DynamixelSDK/c#/protocol2.0/read_write) by extensions ['ros']
[0.241s] Level 1:colcon.colcon_core.package_identification:_identify(src/DynamixelSDK/c#/protocol2.0/read_write) by extension 'ros'
[0.241s] Level 1:colcon.colcon_core.package_identification:_identify(src/DynamixelSDK/c#/protocol2.0/read_write) by extensions ['cmake', 'python']
[0.241s] Level 1:colcon.colcon_core.package_identification:_identify(src/DynamixelSDK/c#/protocol2.0/read_write) by extension 'cmake'
[0.241s] Level 1:colcon.colcon_core.package_identification:_identify(src/DynamixelSDK/c#/protocol2.0/read_write) by extension 'python'
[0.241s] Level 1:colcon.colcon_core.package_identification:_identify(src/DynamixelSDK/c#/protocol2.0/read_write) by extensions ['python_setup_py']
[0.241s] Level 1:colcon.colcon_core.package_identification:_identify(src/DynamixelSDK/c#/protocol2.0/read_write) by extension 'python_setup_py'
[0.242s] Level 1:colcon.colcon_core.package_identification:_identify(src/DynamixelSDK/c#/protocol2.0/read_write/win32) by extensions ['ignore', 'ignore_ament_install']
[0.242s] Level 1:colcon.colcon_core.package_identification:_identify(src/DynamixelSDK/c#/protocol2.0/read_write/win32) by extension 'ignore'
[0.242s] Level 1:colcon.colcon_core.package_identification:_identify(src/DynamixelSDK/c#/protocol2.0/read_write/win32) by extension 'ignore_ament_install'
[0.242s] Level 1:colcon.colcon_core.package_identification:_identify(src/DynamixelSDK/c#/protocol2.0/read_write/win32) by extensions ['colcon_pkg']
[0.242s] Level 1:colcon.colcon_core.package_identification:_identify(src/DynamixelSDK/c#/protocol2.0/read_write/win32) by extension 'colcon_pkg'
[0.242s] Level 1:colcon.colcon_core.package_identification:_identify(src/DynamixelSDK/c#/protocol2.0/read_write/win32) by extensions ['colcon_meta']
[0.242s] Level 1:colcon.colcon_core.package_identification:_identify(src/DynamixelSDK/c#/protocol2.0/read_write/win32) by extension 'colcon_meta'
[0.242s] Level 1:colcon.colcon_core.package_identification:_identify(src/DynamixelSDK/c#/protocol2.0/read_write/win32) by extensions ['ros']
[0.242s] Level 1:colcon.colcon_core.package_identification:_identify(src/DynamixelSDK/c#/protocol2.0/read_write/win32) by extension 'ros'
[0.242s] Level 1:colcon.colcon_core.package_identification:_identify(src/DynamixelSDK/c#/protocol2.0/read_write/win32) by extensions ['cmake', 'python']
[0.242s] Level 1:colcon.colcon_core.package_identification:_identify(src/DynamixelSDK/c#/protocol2.0/read_write/win32) by extension 'cmake'
[0.242s] Level 1:colcon.colcon_core.package_identification:_identify(src/DynamixelSDK/c#/protocol2.0/read_write/win32) by extension 'python'
[0.242s] Level 1:colcon.colcon_core.package_identification:_identify(src/DynamixelSDK/c#/protocol2.0/read_write/win32) by extensions ['python_setup_py']
[0.242s] Level 1:colcon.colcon_core.package_identification:_identify(src/DynamixelSDK/c#/protocol2.0/read_write/win32) by extension 'python_setup_py'
[0.242s] Level 1:colcon.colcon_core.package_identification:_identify(src/DynamixelSDK/c#/protocol2.0/read_write/win32/read_write) by extensions ['ignore', 'ignore_ament_install']
[0.242s] Level 1:colcon.colcon_core.package_identification:_identify(src/DynamixelSDK/c#/protocol2.0/read_write/win32/read_write) by extension 'ignore'
[0.242s] Level 1:colcon.colcon_core.package_identification:_identify(src/DynamixelSDK/c#/protocol2.0/read_write/win32/read_write) by extension 'ignore_ament_install'
[0.242s] Level 1:colcon.colcon_core.package_identification:_identify(src/DynamixelSDK/c#/protocol2.0/read_write/win32/read_write) by extensions ['colcon_pkg']
[0.242s] Level 1:colcon.colcon_core.package_identification:_identify(src/DynamixelSDK/c#/protocol2.0/read_write/win32/read_write) by extension 'colcon_pkg'
[0.242s] Level 1:colcon.colcon_core.package_identification:_identify(src/DynamixelSDK/c#/protocol2.0/read_write/win32/read_write) by extensions ['colcon_meta']
[0.242s] Level 1:colcon.colcon_core.package_identification:_identify(src/DynamixelSDK/c#/protocol2.0/read_write/win32/read_write) by extension 'colcon_meta'
[0.242s] Level 1:colcon.colcon_core.package_identification:_identify(src/DynamixelSDK/c#/protocol2.0/read_write/win32/read_write) by extensions ['ros']
[0.243s] Level 1:colcon.colcon_core.package_identification:_identify(src/DynamixelSDK/c#/protocol2.0/read_write/win32/read_write) by extension 'ros'
[0.243s] Level 1:colcon.colcon_core.package_identification:_identify(src/DynamixelSDK/c#/protocol2.0/read_write/win32/read_write) by extensions ['cmake', 'python']
[0.243s] Level 1:colcon.colcon_core.package_identification:_identify(src/DynamixelSDK/c#/protocol2.0/read_write/win32/read_write) by extension 'cmake'
[0.243s] Level 1:colcon.colcon_core.package_identification:_identify(src/DynamixelSDK/c#/protocol2.0/read_write/win32/read_write) by extension 'python'
[0.243s] Level 1:colcon.colcon_core.package_identification:_identify(src/DynamixelSDK/c#/protocol2.0/read_write/win32/read_write) by extensions ['python_setup_py']
[0.243s] Level 1:colcon.colcon_core.package_identification:_identify(src/DynamixelSDK/c#/protocol2.0/read_write/win32/read_write) by extension 'python_setup_py'
[0.243s] Level 1:colcon.colcon_core.package_identification:_identify(src/DynamixelSDK/c#/protocol2.0/read_write/win32/read_write/Properties) by extensions ['ignore', 'ignore_ament_install']
[0.243s] Level 1:colcon.colcon_core.package_identification:_identify(src/DynamixelSDK/c#/protocol2.0/read_write/win32/read_write/Properties) by extension 'ignore'
[0.243s] Level 1:colcon.colcon_core.package_identification:_identify(src/DynamixelSDK/c#/protocol2.0/read_write/win32/read_write/Properties) by extension 'ignore_ament_install'
[0.243s] Level 1:colcon.colcon_core.package_identification:_identify(src/DynamixelSDK/c#/protocol2.0/read_write/win32/read_write/Properties) by extensions ['colcon_pkg']
[0.243s] Level 1:colcon.colcon_core.package_identification:_identify(src/DynamixelSDK/c#/protocol2.0/read_write/win32/read_write/Properties) by extension 'colcon_pkg'
[0.243s] Level 1:colcon.colcon_core.package_identification:_identify(src/DynamixelSDK/c#/protocol2.0/read_write/win32/read_write/Properties) by extensions ['colcon_meta']
[0.243s] Level 1:colcon.colcon_core.package_identification:_identify(src/DynamixelSDK/c#/protocol2.0/read_write/win32/read_write/Properties) by extension 'colcon_meta'
[0.243s] Level 1:colcon.colcon_core.package_identification:_identify(src/DynamixelSDK/c#/protocol2.0/read_write/win32/read_write/Properties) by extensions ['ros']
[0.243s] Level 1:colcon.colcon_core.package_identification:_identify(src/DynamixelSDK/c#/protocol2.0/read_write/win32/read_write/Properties) by extension 'ros'
[0.243s] Level 1:colcon.colcon_core.package_identification:_identify(src/DynamixelSDK/c#/protocol2.0/read_write/win32/read_write/Properties) by extensions ['cmake', 'python']
[0.243s] Level 1:colcon.colcon_core.package_identification:_identify(src/DynamixelSDK/c#/protocol2.0/read_write/win32/read_write/Properties) by extension 'cmake'
[0.243s] Level 1:colcon.colcon_core.package_identification:_identify(src/DynamixelSDK/c#/protocol2.0/read_write/win32/read_write/Properties) by extension 'python'
[0.243s] Level 1:colcon.colcon_core.package_identification:_identify(src/DynamixelSDK/c#/protocol2.0/read_write/win32/read_write/Properties) by extensions ['python_setup_py']
[0.243s] Level 1:colcon.colcon_core.package_identification:_identify(src/DynamixelSDK/c#/protocol2.0/read_write/win32/read_write/Properties) by extension 'python_setup_py'
[0.243s] Level 1:colcon.colcon_core.package_identification:_identify(src/DynamixelSDK/c#/protocol2.0/read_write/win64) by extensions ['ignore', 'ignore_ament_install']
[0.244s] Level 1:colcon.colcon_core.package_identification:_identify(src/DynamixelSDK/c#/protocol2.0/read_write/win64) by extension 'ignore'
[0.244s] Level 1:colcon.colcon_core.package_identification:_identify(src/DynamixelSDK/c#/protocol2.0/read_write/win64) by extension 'ignore_ament_install'
[0.244s] Level 1:colcon.colcon_core.package_identification:_identify(src/DynamixelSDK/c#/protocol2.0/read_write/win64) by extensions ['colcon_pkg']
[0.244s] Level 1:colcon.colcon_core.package_identification:_identify(src/DynamixelSDK/c#/protocol2.0/read_write/win64) by extension 'colcon_pkg'
[0.244s] Level 1:colcon.colcon_core.package_identification:_identify(src/DynamixelSDK/c#/protocol2.0/read_write/win64) by extensions ['colcon_meta']
[0.244s] Level 1:colcon.colcon_core.package_identification:_identify(src/DynamixelSDK/c#/protocol2.0/read_write/win64) by extension 'colcon_meta'
[0.244s] Level 1:colcon.colcon_core.package_identification:_identify(src/DynamixelSDK/c#/protocol2.0/read_write/win64) by extensions ['ros']
[0.244s] Level 1:colcon.colcon_core.package_identification:_identify(src/DynamixelSDK/c#/protocol2.0/read_write/win64) by extension 'ros'
[0.244s] Level 1:colcon.colcon_core.package_identification:_identify(src/DynamixelSDK/c#/protocol2.0/read_write/win64) by extensions ['cmake', 'python']
[0.244s] Level 1:colcon.colcon_core.package_identification:_identify(src/DynamixelSDK/c#/protocol2.0/read_write/win64) by extension 'cmake'
[0.244s] Level 1:colcon.colcon_core.package_identification:_identify(src/DynamixelSDK/c#/protocol2.0/read_write/win64) by extension 'python'
[0.244s] Level 1:colcon.colcon_core.package_identification:_identify(src/DynamixelSDK/c#/protocol2.0/read_write/win64) by extensions ['python_setup_py']
[0.244s] Level 1:colcon.colcon_core.package_identification:_identify(src/DynamixelSDK/c#/protocol2.0/read_write/win64) by extension 'python_setup_py'
[0.244s] Level 1:colcon.colcon_core.package_identification:_identify(src/DynamixelSDK/c#/protocol2.0/read_write/win64/read_write) by extensions ['ignore', 'ignore_ament_install']
[0.244s] Level 1:colcon.colcon_core.package_identification:_identify(src/DynamixelSDK/c#/protocol2.0/read_write/win64/read_write) by extension 'ignore'
[0.244s] Level 1:colcon.colcon_core.package_identification:_identify(src/DynamixelSDK/c#/protocol2.0/read_write/win64/read_write) by extension 'ignore_ament_install'
[0.244s] Level 1:colcon.colcon_core.package_identification:_identify(src/DynamixelSDK/c#/protocol2.0/read_write/win64/read_write) by extensions ['colcon_pkg']
[0.244s] Level 1:colcon.colcon_core.package_identification:_identify(src/DynamixelSDK/c#/protocol2.0/read_write/win64/read_write) by extension 'colcon_pkg'
[0.244s] Level 1:colcon.colcon_core.package_identification:_identify(src/DynamixelSDK/c#/protocol2.0/read_write/win64/read_write) by extensions ['colcon_meta']
[0.244s] Level 1:colcon.colcon_core.package_identification:_identify(src/DynamixelSDK/c#/protocol2.0/read_write/win64/read_write) by extension 'colcon_meta'
[0.244s] Level 1:colcon.colcon_core.package_identification:_identify(src/DynamixelSDK/c#/protocol2.0/read_write/win64/read_write) by extensions ['ros']
[0.244s] Level 1:colcon.colcon_core.package_identification:_identify(src/DynamixelSDK/c#/protocol2.0/read_write/win64/read_write) by extension 'ros'
[0.244s] Level 1:colcon.colcon_core.package_identification:_identify(src/DynamixelSDK/c#/protocol2.0/read_write/win64/read_write) by extensions ['cmake', 'python']
[0.245s] Level 1:colcon.colcon_core.package_identification:_identify(src/DynamixelSDK/c#/protocol2.0/read_write/win64/read_write) by extension 'cmake'
[0.245s] Level 1:colcon.colcon_core.package_identification:_identify(src/DynamixelSDK/c#/protocol2.0/read_write/win64/read_write) by extension 'python'
[0.245s] Level 1:colcon.colcon_core.package_identification:_identify(src/DynamixelSDK/c#/protocol2.0/read_write/win64/read_write) by extensions ['python_setup_py']
[0.245s] Level 1:colcon.colcon_core.package_identification:_identify(src/DynamixelSDK/c#/protocol2.0/read_write/win64/read_write) by extension 'python_setup_py'
[0.245s] Level 1:colcon.colcon_core.package_identification:_identify(src/DynamixelSDK/c#/protocol2.0/read_write/win64/read_write/Properties) by extensions ['ignore', 'ignore_ament_install']
[0.245s] Level 1:colcon.colcon_core.package_identification:_identify(src/DynamixelSDK/c#/protocol2.0/read_write/win64/read_write/Properties) by extension 'ignore'
[0.245s] Level 1:colcon.colcon_core.package_identification:_identify(src/DynamixelSDK/c#/protocol2.0/read_write/win64/read_write/Properties) by extension 'ignore_ament_install'
[0.245s] Level 1:colcon.colcon_core.package_identification:_identify(src/DynamixelSDK/c#/protocol2.0/read_write/win64/read_write/Properties) by extensions ['colcon_pkg']
[0.245s] Level 1:colcon.colcon_core.package_identification:_identify(src/DynamixelSDK/c#/protocol2.0/read_write/win64/read_write/Properties) by extension 'colcon_pkg'
[0.245s] Level 1:colcon.colcon_core.package_identification:_identify(src/DynamixelSDK/c#/protocol2.0/read_write/win64/read_write/Properties) by extensions ['colcon_meta']
[0.245s] Level 1:colcon.colcon_core.package_identification:_identify(src/DynamixelSDK/c#/protocol2.0/read_write/win64/read_write/Properties) by extension 'colcon_meta'
[0.245s] Level 1:colcon.colcon_core.package_identification:_identify(src/DynamixelSDK/c#/protocol2.0/read_write/win64/read_write/Properties) by extensions ['ros']
[0.245s] Level 1:colcon.colcon_core.package_identification:_identify(src/DynamixelSDK/c#/protocol2.0/read_write/win64/read_write/Properties) by extension 'ros'
[0.245s] Level 1:colcon.colcon_core.package_identification:_identify(src/DynamixelSDK/c#/protocol2.0/read_write/win64/read_write/Properties) by extensions ['cmake', 'python']
[0.245s] Level 1:colcon.colcon_core.package_identification:_identify(src/DynamixelSDK/c#/protocol2.0/read_write/win64/read_write/Properties) by extension 'cmake'
[0.245s] Level 1:colcon.colcon_core.package_identification:_identify(src/DynamixelSDK/c#/protocol2.0/read_write/win64/read_write/Properties) by extension 'python'
[0.245s] Level 1:colcon.colcon_core.package_identification:_identify(src/DynamixelSDK/c#/protocol2.0/read_write/win64/read_write/Properties) by extensions ['python_setup_py']
[0.245s] Level 1:colcon.colcon_core.package_identification:_identify(src/DynamixelSDK/c#/protocol2.0/read_write/win64/read_write/Properties) by extension 'python_setup_py'
[0.245s] Level 1:colcon.colcon_core.package_identification:_identify(src/DynamixelSDK/c#/protocol2.0/reboot) by extensions ['ignore', 'ignore_ament_install']
[0.245s] Level 1:colcon.colcon_core.package_identification:_identify(src/DynamixelSDK/c#/protocol2.0/reboot) by extension 'ignore'
[0.245s] Level 1:colcon.colcon_core.package_identification:_identify(src/DynamixelSDK/c#/protocol2.0/reboot) by extension 'ignore_ament_install'
[0.245s] Level 1:colcon.colcon_core.package_identification:_identify(src/DynamixelSDK/c#/protocol2.0/reboot) by extensions ['colcon_pkg']
[0.246s] Level 1:colcon.colcon_core.package_identification:_identify(src/DynamixelSDK/c#/protocol2.0/reboot) by extension 'colcon_pkg'
[0.246s] Level 1:colcon.colcon_core.package_identification:_identify(src/DynamixelSDK/c#/protocol2.0/reboot) by extensions ['colcon_meta']
[0.246s] Level 1:colcon.colcon_core.package_identification:_identify(src/DynamixelSDK/c#/protocol2.0/reboot) by extension 'colcon_meta'
[0.246s] Level 1:colcon.colcon_core.package_identification:_identify(src/DynamixelSDK/c#/protocol2.0/reboot) by extensions ['ros']
[0.246s] Level 1:colcon.colcon_core.package_identification:_identify(src/DynamixelSDK/c#/protocol2.0/reboot) by extension 'ros'
[0.246s] Level 1:colcon.colcon_core.package_identification:_identify(src/DynamixelSDK/c#/protocol2.0/reboot) by extensions ['cmake', 'python']
[0.246s] Level 1:colcon.colcon_core.package_identification:_identify(src/DynamixelSDK/c#/protocol2.0/reboot) by extension 'cmake'
[0.246s] Level 1:colcon.colcon_core.package_identification:_identify(src/DynamixelSDK/c#/protocol2.0/reboot) by extension 'python'
[0.246s] Level 1:colcon.colcon_core.package_identification:_identify(src/DynamixelSDK/c#/protocol2.0/reboot) by extensions ['python_setup_py']
[0.246s] Level 1:colcon.colcon_core.package_identification:_identify(src/DynamixelSDK/c#/protocol2.0/reboot) by extension 'python_setup_py'
[0.246s] Level 1:colcon.colcon_core.package_identification:_identify(src/DynamixelSDK/c#/protocol2.0/reboot/win32) by extensions ['ignore', 'ignore_ament_install']
[0.246s] Level 1:colcon.colcon_core.package_identification:_identify(src/DynamixelSDK/c#/protocol2.0/reboot/win32) by extension 'ignore'
[0.246s] Level 1:colcon.colcon_core.package_identification:_identify(src/DynamixelSDK/c#/protocol2.0/reboot/win32) by extension 'ignore_ament_install'
[0.246s] Level 1:colcon.colcon_core.package_identification:_identify(src/DynamixelSDK/c#/protocol2.0/reboot/win32) by extensions ['colcon_pkg']
[0.246s] Level 1:colcon.colcon_core.package_identification:_identify(src/DynamixelSDK/c#/protocol2.0/reboot/win32) by extension 'colcon_pkg'
[0.246s] Level 1:colcon.colcon_core.package_identification:_identify(src/DynamixelSDK/c#/protocol2.0/reboot/win32) by extensions ['colcon_meta']
[0.246s] Level 1:colcon.colcon_core.package_identification:_identify(src/DynamixelSDK/c#/protocol2.0/reboot/win32) by extension 'colcon_meta'
[0.246s] Level 1:colcon.colcon_core.package_identification:_identify(src/DynamixelSDK/c#/protocol2.0/reboot/win32) by extensions ['ros']
[0.246s] Level 1:colcon.colcon_core.package_identification:_identify(src/DynamixelSDK/c#/protocol2.0/reboot/win32) by extension 'ros'
[0.246s] Level 1:colcon.colcon_core.package_identification:_identify(src/DynamixelSDK/c#/protocol2.0/reboot/win32) by extensions ['cmake', 'python']
[0.246s] Level 1:colcon.colcon_core.package_identification:_identify(src/DynamixelSDK/c#/protocol2.0/reboot/win32) by extension 'cmake'
[0.246s] Level 1:colcon.colcon_core.package_identification:_identify(src/DynamixelSDK/c#/protocol2.0/reboot/win32) by extension 'python'
[0.246s] Level 1:colcon.colcon_core.package_identification:_identify(src/DynamixelSDK/c#/protocol2.0/reboot/win32) by extensions ['python_setup_py']
[0.246s] Level 1:colcon.colcon_core.package_identification:_identify(src/DynamixelSDK/c#/protocol2.0/reboot/win32) by extension 'python_setup_py'
[0.247s] Level 1:colcon.colcon_core.package_identification:_identify(src/DynamixelSDK/c#/protocol2.0/reboot/win32/reboot) by extensions ['ignore', 'ignore_ament_install']
[0.247s] Level 1:colcon.colcon_core.package_identification:_identify(src/DynamixelSDK/c#/protocol2.0/reboot/win32/reboot) by extension 'ignore'
[0.247s] Level 1:colcon.colcon_core.package_identification:_identify(src/DynamixelSDK/c#/protocol2.0/reboot/win32/reboot) by extension 'ignore_ament_install'
[0.247s] Level 1:colcon.colcon_core.package_identification:_identify(src/DynamixelSDK/c#/protocol2.0/reboot/win32/reboot) by extensions ['colcon_pkg']
[0.247s] Level 1:colcon.colcon_core.package_identification:_identify(src/DynamixelSDK/c#/protocol2.0/reboot/win32/reboot) by extension 'colcon_pkg'
[0.247s] Level 1:colcon.colcon_core.package_identification:_identify(src/DynamixelSDK/c#/protocol2.0/reboot/win32/reboot) by extensions ['colcon_meta']
[0.247s] Level 1:colcon.colcon_core.package_identification:_identify(src/DynamixelSDK/c#/protocol2.0/reboot/win32/reboot) by extension 'colcon_meta'
[0.247s] Level 1:colcon.colcon_core.package_identification:_identify(src/DynamixelSDK/c#/protocol2.0/reboot/win32/reboot) by extensions ['ros']
[0.247s] Level 1:colcon.colcon_core.package_identification:_identify(src/DynamixelSDK/c#/protocol2.0/reboot/win32/reboot) by extension 'ros'
[0.247s] Level 1:colcon.colcon_core.package_identification:_identify(src/DynamixelSDK/c#/protocol2.0/reboot/win32/reboot) by extensions ['cmake', 'python']
[0.247s] Level 1:colcon.colcon_core.package_identification:_identify(src/DynamixelSDK/c#/protocol2.0/reboot/win32/reboot) by extension 'cmake'
[0.247s] Level 1:colcon.colcon_core.package_identification:_identify(src/DynamixelSDK/c#/protocol2.0/reboot/win32/reboot) by extension 'python'
[0.247s] Level 1:colcon.colcon_core.package_identification:_identify(src/DynamixelSDK/c#/protocol2.0/reboot/win32/reboot) by extensions ['python_setup_py']
[0.247s] Level 1:colcon.colcon_core.package_identification:_identify(src/DynamixelSDK/c#/protocol2.0/reboot/win32/reboot) by extension 'python_setup_py'
[0.247s] Level 1:colcon.colcon_core.package_identification:_identify(src/DynamixelSDK/c#/protocol2.0/reboot/win32/reboot/Properties) by extensions ['ignore', 'ignore_ament_install']
[0.247s] Level 1:colcon.colcon_core.package_identification:_identify(src/DynamixelSDK/c#/protocol2.0/reboot/win32/reboot/Properties) by extension 'ignore'
[0.247s] Level 1:colcon.colcon_core.package_identification:_identify(src/DynamixelSDK/c#/protocol2.0/reboot/win32/reboot/Properties) by extension 'ignore_ament_install'
[0.247s] Level 1:colcon.colcon_core.package_identification:_identify(src/DynamixelSDK/c#/protocol2.0/reboot/win32/reboot/Properties) by extensions ['colcon_pkg']
[0.247s] Level 1:colcon.colcon_core.package_identification:_identify(src/DynamixelSDK/c#/protocol2.0/reboot/win32/reboot/Properties) by extension 'colcon_pkg'
[0.247s] Level 1:colcon.colcon_core.package_identification:_identify(src/DynamixelSDK/c#/protocol2.0/reboot/win32/reboot/Properties) by extensions ['colcon_meta']
[0.247s] Level 1:colcon.colcon_core.package_identification:_identify(src/DynamixelSDK/c#/protocol2.0/reboot/win32/reboot/Properties) by extension 'colcon_meta'
[0.247s] Level 1:colcon.colcon_core.package_identification:_identify(src/DynamixelSDK/c#/protocol2.0/reboot/win32/reboot/Properties) by extensions ['ros']
[0.247s] Level 1:colcon.colcon_core.package_identification:_identify(src/DynamixelSDK/c#/protocol2.0/reboot/win32/reboot/Properties) by extension 'ros'
[0.248s] Level 1:colcon.colcon_core.package_identification:_identify(src/DynamixelSDK/c#/protocol2.0/reboot/win32/reboot/Properties) by extensions ['cmake', 'python']
[0.248s] Level 1:colcon.colcon_core.package_identification:_identify(src/DynamixelSDK/c#/protocol2.0/reboot/win32/reboot/Properties) by extension 'cmake'
[0.248s] Level 1:colcon.colcon_core.package_identification:_identify(src/DynamixelSDK/c#/protocol2.0/reboot/win32/reboot/Properties) by extension 'python'
[0.248s] Level 1:colcon.colcon_core.package_identification:_identify(src/DynamixelSDK/c#/protocol2.0/reboot/win32/reboot/Properties) by extensions ['python_setup_py']
[0.248s] Level 1:colcon.colcon_core.package_identification:_identify(src/DynamixelSDK/c#/protocol2.0/reboot/win32/reboot/Properties) by extension 'python_setup_py'
[0.248s] Level 1:colcon.colcon_core.package_identification:_identify(src/DynamixelSDK/c#/protocol2.0/reboot/win64) by extensions ['ignore', 'ignore_ament_install']
[0.248s] Level 1:colcon.colcon_core.package_identification:_identify(src/DynamixelSDK/c#/protocol2.0/reboot/win64) by extension 'ignore'
[0.248s] Level 1:colcon.colcon_core.package_identification:_identify(src/DynamixelSDK/c#/protocol2.0/reboot/win64) by extension 'ignore_ament_install'
[0.248s] Level 1:colcon.colcon_core.package_identification:_identify(src/DynamixelSDK/c#/protocol2.0/reboot/win64) by extensions ['colcon_pkg']
[0.248s] Level 1:colcon.colcon_core.package_identification:_identify(src/DynamixelSDK/c#/protocol2.0/reboot/win64) by extension 'colcon_pkg'
[0.248s] Level 1:colcon.colcon_core.package_identification:_identify(src/DynamixelSDK/c#/protocol2.0/reboot/win64) by extensions ['colcon_meta']
[0.248s] Level 1:colcon.colcon_core.package_identification:_identify(src/DynamixelSDK/c#/protocol2.0/reboot/win64) by extension 'colcon_meta'
[0.248s] Level 1:colcon.colcon_core.package_identification:_identify(src/DynamixelSDK/c#/protocol2.0/reboot/win64) by extensions ['ros']
[0.248s] Level 1:colcon.colcon_core.package_identification:_identify(src/DynamixelSDK/c#/protocol2.0/reboot/win64) by extension 'ros'
[0.248s] Level 1:colcon.colcon_core.package_identification:_identify(src/DynamixelSDK/c#/protocol2.0/reboot/win64) by extensions ['cmake', 'python']
[0.248s] Level 1:colcon.colcon_core.package_identification:_identify(src/DynamixelSDK/c#/protocol2.0/reboot/win64) by extension 'cmake'
[0.248s] Level 1:colcon.colcon_core.package_identification:_identify(src/DynamixelSDK/c#/protocol2.0/reboot/win64) by extension 'python'
[0.248s] Level 1:colcon.colcon_core.package_identification:_identify(src/DynamixelSDK/c#/protocol2.0/reboot/win64) by extensions ['python_setup_py']
[0.248s] Level 1:colcon.colcon_core.package_identification:_identify(src/DynamixelSDK/c#/protocol2.0/reboot/win64) by extension 'python_setup_py'
[0.248s] Level 1:colcon.colcon_core.package_identification:_identify(src/DynamixelSDK/c#/protocol2.0/reboot/win64/reboot) by extensions ['ignore', 'ignore_ament_install']
[0.248s] Level 1:colcon.colcon_core.package_identification:_identify(src/DynamixelSDK/c#/protocol2.0/reboot/win64/reboot) by extension 'ignore'
[0.248s] Level 1:colcon.colcon_core.package_identification:_identify(src/DynamixelSDK/c#/protocol2.0/reboot/win64/reboot) by extension 'ignore_ament_install'
[0.249s] Level 1:colcon.colcon_core.package_identification:_identify(src/DynamixelSDK/c#/protocol2.0/reboot/win64/reboot) by extensions ['colcon_pkg']
[0.249s] Level 1:colcon.colcon_core.package_identification:_identify(src/DynamixelSDK/c#/protocol2.0/reboot/win64/reboot) by extension 'colcon_pkg'
[0.249s] Level 1:colcon.colcon_core.package_identification:_identify(src/DynamixelSDK/c#/protocol2.0/reboot/win64/reboot) by extensions ['colcon_meta']
[0.249s] Level 1:colcon.colcon_core.package_identification:_identify(src/DynamixelSDK/c#/protocol2.0/reboot/win64/reboot) by extension 'colcon_meta'
[0.249s] Level 1:colcon.colcon_core.package_identification:_identify(src/DynamixelSDK/c#/protocol2.0/reboot/win64/reboot) by extensions ['ros']
[0.249s] Level 1:colcon.colcon_core.package_identification:_identify(src/DynamixelSDK/c#/protocol2.0/reboot/win64/reboot) by extension 'ros'
[0.249s] Level 1:colcon.colcon_core.package_identification:_identify(src/DynamixelSDK/c#/protocol2.0/reboot/win64/reboot) by extensions ['cmake', 'python']
[0.249s] Level 1:colcon.colcon_core.package_identification:_identify(src/DynamixelSDK/c#/protocol2.0/reboot/win64/reboot) by extension 'cmake'
[0.249s] Level 1:colcon.colcon_core.package_identification:_identify(src/DynamixelSDK/c#/protocol2.0/reboot/win64/reboot) by extension 'python'
[0.249s] Level 1:colcon.colcon_core.package_identification:_identify(src/DynamixelSDK/c#/protocol2.0/reboot/win64/reboot) by extensions ['python_setup_py']
[0.249s] Level 1:colcon.colcon_core.package_identification:_identify(src/DynamixelSDK/c#/protocol2.0/reboot/win64/reboot) by extension 'python_setup_py'
[0.249s] Level 1:colcon.colcon_core.package_identification:_identify(src/DynamixelSDK/c#/protocol2.0/reboot/win64/reboot/Properties) by extensions ['ignore', 'ignore_ament_install']
[0.249s] Level 1:colcon.colcon_core.package_identification:_identify(src/DynamixelSDK/c#/protocol2.0/reboot/win64/reboot/Properties) by extension 'ignore'
[0.249s] Level 1:colcon.colcon_core.package_identification:_identify(src/DynamixelSDK/c#/protocol2.0/reboot/win64/reboot/Properties) by extension 'ignore_ament_install'
[0.249s] Level 1:colcon.colcon_core.package_identification:_identify(src/DynamixelSDK/c#/protocol2.0/reboot/win64/reboot/Properties) by extensions ['colcon_pkg']
[0.249s] Level 1:colcon.colcon_core.package_identification:_identify(src/DynamixelSDK/c#/protocol2.0/reboot/win64/reboot/Properties) by extension 'colcon_pkg'
[0.249s] Level 1:colcon.colcon_core.package_identification:_identify(src/DynamixelSDK/c#/protocol2.0/reboot/win64/reboot/Properties) by extensions ['colcon_meta']
[0.249s] Level 1:colcon.colcon_core.package_identification:_identify(src/DynamixelSDK/c#/protocol2.0/reboot/win64/reboot/Properties) by extension 'colcon_meta'
[0.249s] Level 1:colcon.colcon_core.package_identification:_identify(src/DynamixelSDK/c#/protocol2.0/reboot/win64/reboot/Properties) by extensions ['ros']
[0.249s] Level 1:colcon.colcon_core.package_identification:_identify(src/DynamixelSDK/c#/protocol2.0/reboot/win64/reboot/Properties) by extension 'ros'
[0.249s] Level 1:colcon.colcon_core.package_identification:_identify(src/DynamixelSDK/c#/protocol2.0/reboot/win64/reboot/Properties) by extensions ['cmake', 'python']
[0.249s] Level 1:colcon.colcon_core.package_identification:_identify(src/DynamixelSDK/c#/protocol2.0/reboot/win64/reboot/Properties) by extension 'cmake'
[0.249s] Level 1:colcon.colcon_core.package_identification:_identify(src/DynamixelSDK/c#/protocol2.0/reboot/win64/reboot/Properties) by extension 'python'
[0.249s] Level 1:colcon.colcon_core.package_identification:_identify(src/DynamixelSDK/c#/protocol2.0/reboot/win64/reboot/Properties) by extensions ['python_setup_py']
[0.249s] Level 1:colcon.colcon_core.package_identification:_identify(src/DynamixelSDK/c#/protocol2.0/reboot/win64/reboot/Properties) by extension 'python_setup_py'
[0.250s] Level 1:colcon.colcon_core.package_identification:_identify(src/DynamixelSDK/c#/protocol2.0/sync_read_write) by extensions ['ignore', 'ignore_ament_install']
[0.250s] Level 1:colcon.colcon_core.package_identification:_identify(src/DynamixelSDK/c#/protocol2.0/sync_read_write) by extension 'ignore'
[0.250s] Level 1:colcon.colcon_core.package_identification:_identify(src/DynamixelSDK/c#/protocol2.0/sync_read_write) by extension 'ignore_ament_install'
[0.250s] Level 1:colcon.colcon_core.package_identification:_identify(src/DynamixelSDK/c#/protocol2.0/sync_read_write) by extensions ['colcon_pkg']
[0.250s] Level 1:colcon.colcon_core.package_identification:_identify(src/DynamixelSDK/c#/protocol2.0/sync_read_write) by extension 'colcon_pkg'
[0.250s] Level 1:colcon.colcon_core.package_identification:_identify(src/DynamixelSDK/c#/protocol2.0/sync_read_write) by extensions ['colcon_meta']
[0.250s] Level 1:colcon.colcon_core.package_identification:_identify(src/DynamixelSDK/c#/protocol2.0/sync_read_write) by extension 'colcon_meta'
[0.250s] Level 1:colcon.colcon_core.package_identification:_identify(src/DynamixelSDK/c#/protocol2.0/sync_read_write) by extensions ['ros']
[0.250s] Level 1:colcon.colcon_core.package_identification:_identify(src/DynamixelSDK/c#/protocol2.0/sync_read_write) by extension 'ros'
[0.250s] Level 1:colcon.colcon_core.package_identification:_identify(src/DynamixelSDK/c#/protocol2.0/sync_read_write) by extensions ['cmake', 'python']
[0.250s] Level 1:colcon.colcon_core.package_identification:_identify(src/DynamixelSDK/c#/protocol2.0/sync_read_write) by extension 'cmake'
[0.250s] Level 1:colcon.colcon_core.package_identification:_identify(src/DynamixelSDK/c#/protocol2.0/sync_read_write) by extension 'python'
[0.250s] Level 1:colcon.colcon_core.package_identification:_identify(src/DynamixelSDK/c#/protocol2.0/sync_read_write) by extensions ['python_setup_py']
[0.250s] Level 1:colcon.colcon_core.package_identification:_identify(src/DynamixelSDK/c#/protocol2.0/sync_read_write) by extension 'python_setup_py'
[0.250s] Level 1:colcon.colcon_core.package_identification:_identify(src/DynamixelSDK/c#/protocol2.0/sync_read_write/win32) by extensions ['ignore', 'ignore_ament_install']
[0.250s] Level 1:colcon.colcon_core.package_identification:_identify(src/DynamixelSDK/c#/protocol2.0/sync_read_write/win32) by extension 'ignore'
[0.250s] Level 1:colcon.colcon_core.package_identification:_identify(src/DynamixelSDK/c#/protocol2.0/sync_read_write/win32) by extension 'ignore_ament_install'
[0.250s] Level 1:colcon.colcon_core.package_identification:_identify(src/DynamixelSDK/c#/protocol2.0/sync_read_write/win32) by extensions ['colcon_pkg']
[0.250s] Level 1:colcon.colcon_core.package_identification:_identify(src/DynamixelSDK/c#/protocol2.0/sync_read_write/win32) by extension 'colcon_pkg'
[0.250s] Level 1:colcon.colcon_core.package_identification:_identify(src/DynamixelSDK/c#/protocol2.0/sync_read_write/win32) by extensions ['colcon_meta']
[0.250s] Level 1:colcon.colcon_core.package_identification:_identify(src/DynamixelSDK/c#/protocol2.0/sync_read_write/win32) by extension 'colcon_meta'
[0.251s] Level 1:colcon.colcon_core.package_identification:_identify(src/DynamixelSDK/c#/protocol2.0/sync_read_write/win32) by extensions ['ros']
[0.251s] Level 1:colcon.colcon_core.package_identification:_identify(src/DynamixelSDK/c#/protocol2.0/sync_read_write/win32) by extension 'ros'
[0.251s] Level 1:colcon.colcon_core.package_identification:_identify(src/DynamixelSDK/c#/protocol2.0/sync_read_write/win32) by extensions ['cmake', 'python']
[0.251s] Level 1:colcon.colcon_core.package_identification:_identify(src/DynamixelSDK/c#/protocol2.0/sync_read_write/win32) by extension 'cmake'
[0.251s] Level 1:colcon.colcon_core.package_identification:_identify(src/DynamixelSDK/c#/protocol2.0/sync_read_write/win32) by extension 'python'
[0.251s] Level 1:colcon.colcon_core.package_identification:_identify(src/DynamixelSDK/c#/protocol2.0/sync_read_write/win32) by extensions ['python_setup_py']
[0.251s] Level 1:colcon.colcon_core.package_identification:_identify(src/DynamixelSDK/c#/protocol2.0/sync_read_write/win32) by extension 'python_setup_py'
[0.251s] Level 1:colcon.colcon_core.package_identification:_identify(src/DynamixelSDK/c#/protocol2.0/sync_read_write/win32/sync_read_write) by extensions ['ignore', 'ignore_ament_install']
[0.251s] Level 1:colcon.colcon_core.package_identification:_identify(src/DynamixelSDK/c#/protocol2.0/sync_read_write/win32/sync_read_write) by extension 'ignore'
[0.251s] Level 1:colcon.colcon_core.package_identification:_identify(src/DynamixelSDK/c#/protocol2.0/sync_read_write/win32/sync_read_write) by extension 'ignore_ament_install'
[0.251s] Level 1:colcon.colcon_core.package_identification:_identify(src/DynamixelSDK/c#/protocol2.0/sync_read_write/win32/sync_read_write) by extensions ['colcon_pkg']
[0.251s] Level 1:colcon.colcon_core.package_identification:_identify(src/DynamixelSDK/c#/protocol2.0/sync_read_write/win32/sync_read_write) by extension 'colcon_pkg'
[0.251s] Level 1:colcon.colcon_core.package_identification:_identify(src/DynamixelSDK/c#/protocol2.0/sync_read_write/win32/sync_read_write) by extensions ['colcon_meta']
[0.251s] Level 1:colcon.colcon_core.package_identification:_identify(src/DynamixelSDK/c#/protocol2.0/sync_read_write/win32/sync_read_write) by extension 'colcon_meta'
[0.251s] Level 1:colcon.colcon_core.package_identification:_identify(src/DynamixelSDK/c#/protocol2.0/sync_read_write/win32/sync_read_write) by extensions ['ros']
[0.251s] Level 1:colcon.colcon_core.package_identification:_identify(src/DynamixelSDK/c#/protocol2.0/sync_read_write/win32/sync_read_write) by extension 'ros'
[0.251s] Level 1:colcon.colcon_core.package_identification:_identify(src/DynamixelSDK/c#/protocol2.0/sync_read_write/win32/sync_read_write) by extensions ['cmake', 'python']
[0.251s] Level 1:colcon.colcon_core.package_identification:_identify(src/DynamixelSDK/c#/protocol2.0/sync_read_write/win32/sync_read_write) by extension 'cmake'
[0.251s] Level 1:colcon.colcon_core.package_identification:_identify(src/DynamixelSDK/c#/protocol2.0/sync_read_write/win32/sync_read_write) by extension 'python'
[0.251s] Level 1:colcon.colcon_core.package_identification:_identify(src/DynamixelSDK/c#/protocol2.0/sync_read_write/win32/sync_read_write) by extensions ['python_setup_py']
[0.251s] Level 1:colcon.colcon_core.package_identification:_identify(src/DynamixelSDK/c#/protocol2.0/sync_read_write/win32/sync_read_write) by extension 'python_setup_py'
[0.251s] Level 1:colcon.colcon_core.package_identification:_identify(src/DynamixelSDK/c#/protocol2.0/sync_read_write/win32/sync_read_write/Properties) by extensions ['ignore', 'ignore_ament_install']
[0.252s] Level 1:colcon.colcon_core.package_identification:_identify(src/DynamixelSDK/c#/protocol2.0/sync_read_write/win32/sync_read_write/Properties) by extension 'ignore'
[0.252s] Level 1:colcon.colcon_core.package_identification:_identify(src/DynamixelSDK/c#/protocol2.0/sync_read_write/win32/sync_read_write/Properties) by extension 'ignore_ament_install'
[0.252s] Level 1:colcon.colcon_core.package_identification:_identify(src/DynamixelSDK/c#/protocol2.0/sync_read_write/win32/sync_read_write/Properties) by extensions ['colcon_pkg']
[0.252s] Level 1:colcon.colcon_core.package_identification:_identify(src/DynamixelSDK/c#/protocol2.0/sync_read_write/win32/sync_read_write/Properties) by extension 'colcon_pkg'
[0.252s] Level 1:colcon.colcon_core.package_identification:_identify(src/DynamixelSDK/c#/protocol2.0/sync_read_write/win32/sync_read_write/Properties) by extensions ['colcon_meta']
[0.252s] Level 1:colcon.colcon_core.package_identification:_identify(src/DynamixelSDK/c#/protocol2.0/sync_read_write/win32/sync_read_write/Properties) by extension 'colcon_meta'
[0.252s] Level 1:colcon.colcon_core.package_identification:_identify(src/DynamixelSDK/c#/protocol2.0/sync_read_write/win32/sync_read_write/Properties) by extensions ['ros']
[0.252s] Level 1:colcon.colcon_core.package_identification:_identify(src/DynamixelSDK/c#/protocol2.0/sync_read_write/win32/sync_read_write/Properties) by extension 'ros'
[0.252s] Level 1:colcon.colcon_core.package_identification:_identify(src/DynamixelSDK/c#/protocol2.0/sync_read_write/win32/sync_read_write/Properties) by extensions ['cmake', 'python']
[0.252s] Level 1:colcon.colcon_core.package_identification:_identify(src/DynamixelSDK/c#/protocol2.0/sync_read_write/win32/sync_read_write/Properties) by extension 'cmake'
[0.252s] Level 1:colcon.colcon_core.package_identification:_identify(src/DynamixelSDK/c#/protocol2.0/sync_read_write/win32/sync_read_write/Properties) by extension 'python'
[0.252s] Level 1:colcon.colcon_core.package_identification:_identify(src/DynamixelSDK/c#/protocol2.0/sync_read_write/win32/sync_read_write/Properties) by extensions ['python_setup_py']
[0.252s] Level 1:colcon.colcon_core.package_identification:_identify(src/DynamixelSDK/c#/protocol2.0/sync_read_write/win32/sync_read_write/Properties) by extension 'python_setup_py'
[0.252s] Level 1:colcon.colcon_core.package_identification:_identify(src/DynamixelSDK/c#/protocol2.0/sync_read_write/win64) by extensions ['ignore', 'ignore_ament_install']
[0.252s] Level 1:colcon.colcon_core.package_identification:_identify(src/DynamixelSDK/c#/protocol2.0/sync_read_write/win64) by extension 'ignore'
[0.252s] Level 1:colcon.colcon_core.package_identification:_identify(src/DynamixelSDK/c#/protocol2.0/sync_read_write/win64) by extension 'ignore_ament_install'
[0.252s] Level 1:colcon.colcon_core.package_identification:_identify(src/DynamixelSDK/c#/protocol2.0/sync_read_write/win64) by extensions ['colcon_pkg']
[0.252s] Level 1:colcon.colcon_core.package_identification:_identify(src/DynamixelSDK/c#/protocol2.0/sync_read_write/win64) by extension 'colcon_pkg'
[0.252s] Level 1:colcon.colcon_core.package_identification:_identify(src/DynamixelSDK/c#/protocol2.0/sync_read_write/win64) by extensions ['colcon_meta']
[0.252s] Level 1:colcon.colcon_core.package_identification:_identify(src/DynamixelSDK/c#/protocol2.0/sync_read_write/win64) by extension 'colcon_meta'
[0.252s] Level 1:colcon.colcon_core.package_identification:_identify(src/DynamixelSDK/c#/protocol2.0/sync_read_write/win64) by extensions ['ros']
[0.252s] Level 1:colcon.colcon_core.package_identification:_identify(src/DynamixelSDK/c#/protocol2.0/sync_read_write/win64) by extension 'ros'
[0.252s] Level 1:colcon.colcon_core.package_identification:_identify(src/DynamixelSDK/c#/protocol2.0/sync_read_write/win64) by extensions ['cmake', 'python']
[0.252s] Level 1:colcon.colcon_core.package_identification:_identify(src/DynamixelSDK/c#/protocol2.0/sync_read_write/win64) by extension 'cmake'
[0.253s] Level 1:colcon.colcon_core.package_identification:_identify(src/DynamixelSDK/c#/protocol2.0/sync_read_write/win64) by extension 'python'
[0.253s] Level 1:colcon.colcon_core.package_identification:_identify(src/DynamixelSDK/c#/protocol2.0/sync_read_write/win64) by extensions ['python_setup_py']
[0.253s] Level 1:colcon.colcon_core.package_identification:_identify(src/DynamixelSDK/c#/protocol2.0/sync_read_write/win64) by extension 'python_setup_py'
[0.253s] Level 1:colcon.colcon_core.package_identification:_identify(src/DynamixelSDK/c#/protocol2.0/sync_read_write/win64/sync_read_write) by extensions ['ignore', 'ignore_ament_install']
[0.253s] Level 1:colcon.colcon_core.package_identification:_identify(src/DynamixelSDK/c#/protocol2.0/sync_read_write/win64/sync_read_write) by extension 'ignore'
[0.253s] Level 1:colcon.colcon_core.package_identification:_identify(src/DynamixelSDK/c#/protocol2.0/sync_read_write/win64/sync_read_write) by extension 'ignore_ament_install'
[0.253s] Level 1:colcon.colcon_core.package_identification:_identify(src/DynamixelSDK/c#/protocol2.0/sync_read_write/win64/sync_read_write) by extensions ['colcon_pkg']
[0.253s] Level 1:colcon.colcon_core.package_identification:_identify(src/DynamixelSDK/c#/protocol2.0/sync_read_write/win64/sync_read_write) by extension 'colcon_pkg'
[0.253s] Level 1:colcon.colcon_core.package_identification:_identify(src/DynamixelSDK/c#/protocol2.0/sync_read_write/win64/sync_read_write) by extensions ['colcon_meta']
[0.253s] Level 1:colcon.colcon_core.package_identification:_identify(src/DynamixelSDK/c#/protocol2.0/sync_read_write/win64/sync_read_write) by extension 'colcon_meta'
[0.253s] Level 1:colcon.colcon_core.package_identification:_identify(src/DynamixelSDK/c#/protocol2.0/sync_read_write/win64/sync_read_write) by extensions ['ros']
[0.253s] Level 1:colcon.colcon_core.package_identification:_identify(src/DynamixelSDK/c#/protocol2.0/sync_read_write/win64/sync_read_write) by extension 'ros'
[0.253s] Level 1:colcon.colcon_core.package_identification:_identify(src/DynamixelSDK/c#/protocol2.0/sync_read_write/win64/sync_read_write) by extensions ['cmake', 'python']
[0.253s] Level 1:colcon.colcon_core.package_identification:_identify(src/DynamixelSDK/c#/protocol2.0/sync_read_write/win64/sync_read_write) by extension 'cmake'
[0.253s] Level 1:colcon.colcon_core.package_identification:_identify(src/DynamixelSDK/c#/protocol2.0/sync_read_write/win64/sync_read_write) by extension 'python'
[0.253s] Level 1:colcon.colcon_core.package_identification:_identify(src/DynamixelSDK/c#/protocol2.0/sync_read_write/win64/sync_read_write) by extensions ['python_setup_py']
[0.253s] Level 1:colcon.colcon_core.package_identification:_identify(src/DynamixelSDK/c#/protocol2.0/sync_read_write/win64/sync_read_write) by extension 'python_setup_py'
[0.253s] Level 1:colcon.colcon_core.package_identification:_identify(src/DynamixelSDK/c#/protocol2.0/sync_read_write/win64/sync_read_write/Properties) by extensions ['ignore', 'ignore_ament_install']
[0.253s] Level 1:colcon.colcon_core.package_identification:_identify(src/DynamixelSDK/c#/protocol2.0/sync_read_write/win64/sync_read_write/Properties) by extension 'ignore'
[0.253s] Level 1:colcon.colcon_core.package_identification:_identify(src/DynamixelSDK/c#/protocol2.0/sync_read_write/win64/sync_read_write/Properties) by extension 'ignore_ament_install'
[0.253s] Level 1:colcon.colcon_core.package_identification:_identify(src/DynamixelSDK/c#/protocol2.0/sync_read_write/win64/sync_read_write/Properties) by extensions ['colcon_pkg']
[0.253s] Level 1:colcon.colcon_core.package_identification:_identify(src/DynamixelSDK/c#/protocol2.0/sync_read_write/win64/sync_read_write/Properties) by extension 'colcon_pkg'
[0.253s] Level 1:colcon.colcon_core.package_identification:_identify(src/DynamixelSDK/c#/protocol2.0/sync_read_write/win64/sync_read_write/Properties) by extensions ['colcon_meta']
[0.254s] Level 1:colcon.colcon_core.package_identification:_identify(src/DynamixelSDK/c#/protocol2.0/sync_read_write/win64/sync_read_write/Properties) by extension 'colcon_meta'
[0.254s] Level 1:colcon.colcon_core.package_identification:_identify(src/DynamixelSDK/c#/protocol2.0/sync_read_write/win64/sync_read_write/Properties) by extensions ['ros']
[0.254s] Level 1:colcon.colcon_core.package_identification:_identify(src/DynamixelSDK/c#/protocol2.0/sync_read_write/win64/sync_read_write/Properties) by extension 'ros'
[0.254s] Level 1:colcon.colcon_core.package_identification:_identify(src/DynamixelSDK/c#/protocol2.0/sync_read_write/win64/sync_read_write/Properties) by extensions ['cmake', 'python']
[0.254s] Level 1:colcon.colcon_core.package_identification:_identify(src/DynamixelSDK/c#/protocol2.0/sync_read_write/win64/sync_read_write/Properties) by extension 'cmake'
[0.254s] Level 1:colcon.colcon_core.package_identification:_identify(src/DynamixelSDK/c#/protocol2.0/sync_read_write/win64/sync_read_write/Properties) by extension 'python'
[0.254s] Level 1:colcon.colcon_core.package_identification:_identify(src/DynamixelSDK/c#/protocol2.0/sync_read_write/win64/sync_read_write/Properties) by extensions ['python_setup_py']
[0.254s] Level 1:colcon.colcon_core.package_identification:_identify(src/DynamixelSDK/c#/protocol2.0/sync_read_write/win64/sync_read_write/Properties) by extension 'python_setup_py'
[0.254s] Level 1:colcon.colcon_core.package_identification:_identify(src/DynamixelSDK/c#/protocol_combined) by extensions ['ignore', 'ignore_ament_install']
[0.254s] Level 1:colcon.colcon_core.package_identification:_identify(src/DynamixelSDK/c#/protocol_combined) by extension 'ignore'
[0.254s] Level 1:colcon.colcon_core.package_identification:_identify(src/DynamixelSDK/c#/protocol_combined) by extension 'ignore_ament_install'
[0.254s] Level 1:colcon.colcon_core.package_identification:_identify(src/DynamixelSDK/c#/protocol_combined) by extensions ['colcon_pkg']
[0.254s] Level 1:colcon.colcon_core.package_identification:_identify(src/DynamixelSDK/c#/protocol_combined) by extension 'colcon_pkg'
[0.254s] Level 1:colcon.colcon_core.package_identification:_identify(src/DynamixelSDK/c#/protocol_combined) by extensions ['colcon_meta']
[0.254s] Level 1:colcon.colcon_core.package_identification:_identify(src/DynamixelSDK/c#/protocol_combined) by extension 'colcon_meta'
[0.254s] Level 1:colcon.colcon_core.package_identification:_identify(src/DynamixelSDK/c#/protocol_combined) by extensions ['ros']
[0.254s] Level 1:colcon.colcon_core.package_identification:_identify(src/DynamixelSDK/c#/protocol_combined) by extension 'ros'
[0.254s] Level 1:colcon.colcon_core.package_identification:_identify(src/DynamixelSDK/c#/protocol_combined) by extensions ['cmake', 'python']
[0.254s] Level 1:colcon.colcon_core.package_identification:_identify(src/DynamixelSDK/c#/protocol_combined) by extension 'cmake'
[0.254s] Level 1:colcon.colcon_core.package_identification:_identify(src/DynamixelSDK/c#/protocol_combined) by extension 'python'
[0.254s] Level 1:colcon.colcon_core.package_identification:_identify(src/DynamixelSDK/c#/protocol_combined) by extensions ['python_setup_py']
[0.254s] Level 1:colcon.colcon_core.package_identification:_identify(src/DynamixelSDK/c#/protocol_combined) by extension 'python_setup_py'
[0.254s] Level 1:colcon.colcon_core.package_identification:_identify(src/DynamixelSDK/c#/protocol_combined/win32) by extensions ['ignore', 'ignore_ament_install']
[0.255s] Level 1:colcon.colcon_core.package_identification:_identify(src/DynamixelSDK/c#/protocol_combined/win32) by extension 'ignore'
[0.255s] Level 1:colcon.colcon_core.package_identification:_identify(src/DynamixelSDK/c#/protocol_combined/win32) by extension 'ignore_ament_install'
[0.255s] Level 1:colcon.colcon_core.package_identification:_identify(src/DynamixelSDK/c#/protocol_combined/win32) by extensions ['colcon_pkg']
[0.255s] Level 1:colcon.colcon_core.package_identification:_identify(src/DynamixelSDK/c#/protocol_combined/win32) by extension 'colcon_pkg'
[0.255s] Level 1:colcon.colcon_core.package_identification:_identify(src/DynamixelSDK/c#/protocol_combined/win32) by extensions ['colcon_meta']
[0.255s] Level 1:colcon.colcon_core.package_identification:_identify(src/DynamixelSDK/c#/protocol_combined/win32) by extension 'colcon_meta'
[0.255s] Level 1:colcon.colcon_core.package_identification:_identify(src/DynamixelSDK/c#/protocol_combined/win32) by extensions ['ros']
[0.255s] Level 1:colcon.colcon_core.package_identification:_identify(src/DynamixelSDK/c#/protocol_combined/win32) by extension 'ros'
[0.255s] Level 1:colcon.colcon_core.package_identification:_identify(src/DynamixelSDK/c#/protocol_combined/win32) by extensions ['cmake', 'python']
[0.255s] Level 1:colcon.colcon_core.package_identification:_identify(src/DynamixelSDK/c#/protocol_combined/win32) by extension 'cmake'
[0.255s] Level 1:colcon.colcon_core.package_identification:_identify(src/DynamixelSDK/c#/protocol_combined/win32) by extension 'python'
[0.255s] Level 1:colcon.colcon_core.package_identification:_identify(src/DynamixelSDK/c#/protocol_combined/win32) by extensions ['python_setup_py']
[0.255s] Level 1:colcon.colcon_core.package_identification:_identify(src/DynamixelSDK/c#/protocol_combined/win32) by extension 'python_setup_py'
[0.255s] Level 1:colcon.colcon_core.package_identification:_identify(src/DynamixelSDK/c#/protocol_combined/win32/protocol_combined) by extensions ['ignore', 'ignore_ament_install']
[0.255s] Level 1:colcon.colcon_core.package_identification:_identify(src/DynamixelSDK/c#/protocol_combined/win32/protocol_combined) by extension 'ignore'
[0.255s] Level 1:colcon.colcon_core.package_identification:_identify(src/DynamixelSDK/c#/protocol_combined/win32/protocol_combined) by extension 'ignore_ament_install'
[0.255s] Level 1:colcon.colcon_core.package_identification:_identify(src/DynamixelSDK/c#/protocol_combined/win32/protocol_combined) by extensions ['colcon_pkg']
[0.255s] Level 1:colcon.colcon_core.package_identification:_identify(src/DynamixelSDK/c#/protocol_combined/win32/protocol_combined) by extension 'colcon_pkg'
[0.255s] Level 1:colcon.colcon_core.package_identification:_identify(src/DynamixelSDK/c#/protocol_combined/win32/protocol_combined) by extensions ['colcon_meta']
[0.255s] Level 1:colcon.colcon_core.package_identification:_identify(src/DynamixelSDK/c#/protocol_combined/win32/protocol_combined) by extension 'colcon_meta'
[0.255s] Level 1:colcon.colcon_core.package_identification:_identify(src/DynamixelSDK/c#/protocol_combined/win32/protocol_combined) by extensions ['ros']
[0.255s] Level 1:colcon.colcon_core.package_identification:_identify(src/DynamixelSDK/c#/protocol_combined/win32/protocol_combined) by extension 'ros'
[0.255s] Level 1:colcon.colcon_core.package_identification:_identify(src/DynamixelSDK/c#/protocol_combined/win32/protocol_combined) by extensions ['cmake', 'python']
[0.255s] Level 1:colcon.colcon_core.package_identification:_identify(src/DynamixelSDK/c#/protocol_combined/win32/protocol_combined) by extension 'cmake'
[0.256s] Level 1:colcon.colcon_core.package_identification:_identify(src/DynamixelSDK/c#/protocol_combined/win32/protocol_combined) by extension 'python'
[0.256s] Level 1:colcon.colcon_core.package_identification:_identify(src/DynamixelSDK/c#/protocol_combined/win32/protocol_combined) by extensions ['python_setup_py']
[0.256s] Level 1:colcon.colcon_core.package_identification:_identify(src/DynamixelSDK/c#/protocol_combined/win32/protocol_combined) by extension 'python_setup_py'
[0.256s] Level 1:colcon.colcon_core.package_identification:_identify(src/DynamixelSDK/c#/protocol_combined/win32/protocol_combined/Properties) by extensions ['ignore', 'ignore_ament_install']
[0.256s] Level 1:colcon.colcon_core.package_identification:_identify(src/DynamixelSDK/c#/protocol_combined/win32/protocol_combined/Properties) by extension 'ignore'
[0.256s] Level 1:colcon.colcon_core.package_identification:_identify(src/DynamixelSDK/c#/protocol_combined/win32/protocol_combined/Properties) by extension 'ignore_ament_install'
[0.256s] Level 1:colcon.colcon_core.package_identification:_identify(src/DynamixelSDK/c#/protocol_combined/win32/protocol_combined/Properties) by extensions ['colcon_pkg']
[0.256s] Level 1:colcon.colcon_core.package_identification:_identify(src/DynamixelSDK/c#/protocol_combined/win32/protocol_combined/Properties) by extension 'colcon_pkg'
[0.256s] Level 1:colcon.colcon_core.package_identification:_identify(src/DynamixelSDK/c#/protocol_combined/win32/protocol_combined/Properties) by extensions ['colcon_meta']
[0.256s] Level 1:colcon.colcon_core.package_identification:_identify(src/DynamixelSDK/c#/protocol_combined/win32/protocol_combined/Properties) by extension 'colcon_meta'
[0.256s] Level 1:colcon.colcon_core.package_identification:_identify(src/DynamixelSDK/c#/protocol_combined/win32/protocol_combined/Properties) by extensions ['ros']
[0.256s] Level 1:colcon.colcon_core.package_identification:_identify(src/DynamixelSDK/c#/protocol_combined/win32/protocol_combined/Properties) by extension 'ros'
[0.256s] Level 1:colcon.colcon_core.package_identification:_identify(src/DynamixelSDK/c#/protocol_combined/win32/protocol_combined/Properties) by extensions ['cmake', 'python']
[0.256s] Level 1:colcon.colcon_core.package_identification:_identify(src/DynamixelSDK/c#/protocol_combined/win32/protocol_combined/Properties) by extension 'cmake'
[0.256s] Level 1:colcon.colcon_core.package_identification:_identify(src/DynamixelSDK/c#/protocol_combined/win32/protocol_combined/Properties) by extension 'python'
[0.256s] Level 1:colcon.colcon_core.package_identification:_identify(src/DynamixelSDK/c#/protocol_combined/win32/protocol_combined/Properties) by extensions ['python_setup_py']
[0.256s] Level 1:colcon.colcon_core.package_identification:_identify(src/DynamixelSDK/c#/protocol_combined/win32/protocol_combined/Properties) by extension 'python_setup_py'
[0.256s] Level 1:colcon.colcon_core.package_identification:_identify(src/DynamixelSDK/c#/protocol_combined/win32/protocol_combined/obj) by extensions ['ignore', 'ignore_ament_install']
[0.256s] Level 1:colcon.colcon_core.package_identification:_identify(src/DynamixelSDK/c#/protocol_combined/win32/protocol_combined/obj) by extension 'ignore'
[0.256s] Level 1:colcon.colcon_core.package_identification:_identify(src/DynamixelSDK/c#/protocol_combined/win32/protocol_combined/obj) by extension 'ignore_ament_install'
[0.256s] Level 1:colcon.colcon_core.package_identification:_identify(src/DynamixelSDK/c#/protocol_combined/win32/protocol_combined/obj) by extensions ['colcon_pkg']
[0.256s] Level 1:colcon.colcon_core.package_identification:_identify(src/DynamixelSDK/c#/protocol_combined/win32/protocol_combined/obj) by extension 'colcon_pkg'
[0.256s] Level 1:colcon.colcon_core.package_identification:_identify(src/DynamixelSDK/c#/protocol_combined/win32/protocol_combined/obj) by extensions ['colcon_meta']
[0.257s] Level 1:colcon.colcon_core.package_identification:_identify(src/DynamixelSDK/c#/protocol_combined/win32/protocol_combined/obj) by extension 'colcon_meta'
[0.257s] Level 1:colcon.colcon_core.package_identification:_identify(src/DynamixelSDK/c#/protocol_combined/win32/protocol_combined/obj) by extensions ['ros']
[0.257s] Level 1:colcon.colcon_core.package_identification:_identify(src/DynamixelSDK/c#/protocol_combined/win32/protocol_combined/obj) by extension 'ros'
[0.257s] Level 1:colcon.colcon_core.package_identification:_identify(src/DynamixelSDK/c#/protocol_combined/win32/protocol_combined/obj) by extensions ['cmake', 'python']
[0.257s] Level 1:colcon.colcon_core.package_identification:_identify(src/DynamixelSDK/c#/protocol_combined/win32/protocol_combined/obj) by extension 'cmake'
[0.257s] Level 1:colcon.colcon_core.package_identification:_identify(src/DynamixelSDK/c#/protocol_combined/win32/protocol_combined/obj) by extension 'python'
[0.257s] Level 1:colcon.colcon_core.package_identification:_identify(src/DynamixelSDK/c#/protocol_combined/win32/protocol_combined/obj) by extensions ['python_setup_py']
[0.257s] Level 1:colcon.colcon_core.package_identification:_identify(src/DynamixelSDK/c#/protocol_combined/win32/protocol_combined/obj) by extension 'python_setup_py'
[0.257s] Level 1:colcon.colcon_core.package_identification:_identify(src/DynamixelSDK/c#/protocol_combined/win32/protocol_combined/obj/Debug) by extensions ['ignore', 'ignore_ament_install']
[0.257s] Level 1:colcon.colcon_core.package_identification:_identify(src/DynamixelSDK/c#/protocol_combined/win32/protocol_combined/obj/Debug) by extension 'ignore'
[0.257s] Level 1:colcon.colcon_core.package_identification:_identify(src/DynamixelSDK/c#/protocol_combined/win32/protocol_combined/obj/Debug) by extension 'ignore_ament_install'
[0.257s] Level 1:colcon.colcon_core.package_identification:_identify(src/DynamixelSDK/c#/protocol_combined/win32/protocol_combined/obj/Debug) by extensions ['colcon_pkg']
[0.257s] Level 1:colcon.colcon_core.package_identification:_identify(src/DynamixelSDK/c#/protocol_combined/win32/protocol_combined/obj/Debug) by extension 'colcon_pkg'
[0.257s] Level 1:colcon.colcon_core.package_identification:_identify(src/DynamixelSDK/c#/protocol_combined/win32/protocol_combined/obj/Debug) by extensions ['colcon_meta']
[0.257s] Level 1:colcon.colcon_core.package_identification:_identify(src/DynamixelSDK/c#/protocol_combined/win32/protocol_combined/obj/Debug) by extension 'colcon_meta'
[0.257s] Level 1:colcon.colcon_core.package_identification:_identify(src/DynamixelSDK/c#/protocol_combined/win32/protocol_combined/obj/Debug) by extensions ['ros']
[0.257s] Level 1:colcon.colcon_core.package_identification:_identify(src/DynamixelSDK/c#/protocol_combined/win32/protocol_combined/obj/Debug) by extension 'ros'
[0.257s] Level 1:colcon.colcon_core.package_identification:_identify(src/DynamixelSDK/c#/protocol_combined/win32/protocol_combined/obj/Debug) by extensions ['cmake', 'python']
[0.257s] Level 1:colcon.colcon_core.package_identification:_identify(src/DynamixelSDK/c#/protocol_combined/win32/protocol_combined/obj/Debug) by extension 'cmake'
[0.257s] Level 1:colcon.colcon_core.package_identification:_identify(src/DynamixelSDK/c#/protocol_combined/win32/protocol_combined/obj/Debug) by extension 'python'
[0.257s] Level 1:colcon.colcon_core.package_identification:_identify(src/DynamixelSDK/c#/protocol_combined/win32/protocol_combined/obj/Debug) by extensions ['python_setup_py']
[0.257s] Level 1:colcon.colcon_core.package_identification:_identify(src/DynamixelSDK/c#/protocol_combined/win32/protocol_combined/obj/Debug) by extension 'python_setup_py'
[0.258s] Level 1:colcon.colcon_core.package_identification:_identify(src/DynamixelSDK/c#/protocol_combined/win32/protocol_combined/obj/Release) by extensions ['ignore', 'ignore_ament_install']
[0.258s] Level 1:colcon.colcon_core.package_identification:_identify(src/DynamixelSDK/c#/protocol_combined/win32/protocol_combined/obj/Release) by extension 'ignore'
[0.258s] Level 1:colcon.colcon_core.package_identification:_identify(src/DynamixelSDK/c#/protocol_combined/win32/protocol_combined/obj/Release) by extension 'ignore_ament_install'
[0.258s] Level 1:colcon.colcon_core.package_identification:_identify(src/DynamixelSDK/c#/protocol_combined/win32/protocol_combined/obj/Release) by extensions ['colcon_pkg']
[0.258s] Level 1:colcon.colcon_core.package_identification:_identify(src/DynamixelSDK/c#/protocol_combined/win32/protocol_combined/obj/Release) by extension 'colcon_pkg'
[0.258s] Level 1:colcon.colcon_core.package_identification:_identify(src/DynamixelSDK/c#/protocol_combined/win32/protocol_combined/obj/Release) by extensions ['colcon_meta']
[0.258s] Level 1:colcon.colcon_core.package_identification:_identify(src/DynamixelSDK/c#/protocol_combined/win32/protocol_combined/obj/Release) by extension 'colcon_meta'
[0.258s] Level 1:colcon.colcon_core.package_identification:_identify(src/DynamixelSDK/c#/protocol_combined/win32/protocol_combined/obj/Release) by extensions ['ros']
[0.258s] Level 1:colcon.colcon_core.package_identification:_identify(src/DynamixelSDK/c#/protocol_combined/win32/protocol_combined/obj/Release) by extension 'ros'
[0.258s] Level 1:colcon.colcon_core.package_identification:_identify(src/DynamixelSDK/c#/protocol_combined/win32/protocol_combined/obj/Release) by extensions ['cmake', 'python']
[0.258s] Level 1:colcon.colcon_core.package_identification:_identify(src/DynamixelSDK/c#/protocol_combined/win32/protocol_combined/obj/Release) by extension 'cmake'
[0.258s] Level 1:colcon.colcon_core.package_identification:_identify(src/DynamixelSDK/c#/protocol_combined/win32/protocol_combined/obj/Release) by extension 'python'
[0.258s] Level 1:colcon.colcon_core.package_identification:_identify(src/DynamixelSDK/c#/protocol_combined/win32/protocol_combined/obj/Release) by extensions ['python_setup_py']
[0.258s] Level 1:colcon.colcon_core.package_identification:_identify(src/DynamixelSDK/c#/protocol_combined/win32/protocol_combined/obj/Release) by extension 'python_setup_py'
[0.258s] Level 1:colcon.colcon_core.package_identification:_identify(src/DynamixelSDK/c#/protocol_combined/win32/protocol_combined/obj/x86) by extensions ['ignore', 'ignore_ament_install']
[0.258s] Level 1:colcon.colcon_core.package_identification:_identify(src/DynamixelSDK/c#/protocol_combined/win32/protocol_combined/obj/x86) by extension 'ignore'
[0.258s] Level 1:colcon.colcon_core.package_identification:_identify(src/DynamixelSDK/c#/protocol_combined/win32/protocol_combined/obj/x86) by extension 'ignore_ament_install'
[0.258s] Level 1:colcon.colcon_core.package_identification:_identify(src/DynamixelSDK/c#/protocol_combined/win32/protocol_combined/obj/x86) by extensions ['colcon_pkg']
[0.258s] Level 1:colcon.colcon_core.package_identification:_identify(src/DynamixelSDK/c#/protocol_combined/win32/protocol_combined/obj/x86) by extension 'colcon_pkg'
[0.258s] Level 1:colcon.colcon_core.package_identification:_identify(src/DynamixelSDK/c#/protocol_combined/win32/protocol_combined/obj/x86) by extensions ['colcon_meta']
[0.258s] Level 1:colcon.colcon_core.package_identification:_identify(src/DynamixelSDK/c#/protocol_combined/win32/protocol_combined/obj/x86) by extension 'colcon_meta'
[0.258s] Level 1:colcon.colcon_core.package_identification:_identify(src/DynamixelSDK/c#/protocol_combined/win32/protocol_combined/obj/x86) by extensions ['ros']
[0.259s] Level 1:colcon.colcon_core.package_identification:_identify(src/DynamixelSDK/c#/protocol_combined/win32/protocol_combined/obj/x86) by extension 'ros'
[0.259s] Level 1:colcon.colcon_core.package_identification:_identify(src/DynamixelSDK/c#/protocol_combined/win32/protocol_combined/obj/x86) by extensions ['cmake', 'python']
[0.259s] Level 1:colcon.colcon_core.package_identification:_identify(src/DynamixelSDK/c#/protocol_combined/win32/protocol_combined/obj/x86) by extension 'cmake'
[0.259s] Level 1:colcon.colcon_core.package_identification:_identify(src/DynamixelSDK/c#/protocol_combined/win32/protocol_combined/obj/x86) by extension 'python'
[0.259s] Level 1:colcon.colcon_core.package_identification:_identify(src/DynamixelSDK/c#/protocol_combined/win32/protocol_combined/obj/x86) by extensions ['python_setup_py']
[0.259s] Level 1:colcon.colcon_core.package_identification:_identify(src/DynamixelSDK/c#/protocol_combined/win32/protocol_combined/obj/x86) by extension 'python_setup_py'
[0.259s] Level 1:colcon.colcon_core.package_identification:_identify(src/DynamixelSDK/c#/protocol_combined/win32/protocol_combined/obj/x86/Debug) by extensions ['ignore', 'ignore_ament_install']
[0.259s] Level 1:colcon.colcon_core.package_identification:_identify(src/DynamixelSDK/c#/protocol_combined/win32/protocol_combined/obj/x86/Debug) by extension 'ignore'
[0.259s] Level 1:colcon.colcon_core.package_identification:_identify(src/DynamixelSDK/c#/protocol_combined/win32/protocol_combined/obj/x86/Debug) by extension 'ignore_ament_install'
[0.259s] Level 1:colcon.colcon_core.package_identification:_identify(src/DynamixelSDK/c#/protocol_combined/win32/protocol_combined/obj/x86/Debug) by extensions ['colcon_pkg']
[0.259s] Level 1:colcon.colcon_core.package_identification:_identify(src/DynamixelSDK/c#/protocol_combined/win32/protocol_combined/obj/x86/Debug) by extension 'colcon_pkg'
[0.259s] Level 1:colcon.colcon_core.package_identification:_identify(src/DynamixelSDK/c#/protocol_combined/win32/protocol_combined/obj/x86/Debug) by extensions ['colcon_meta']
[0.259s] Level 1:colcon.colcon_core.package_identification:_identify(src/DynamixelSDK/c#/protocol_combined/win32/protocol_combined/obj/x86/Debug) by extension 'colcon_meta'
[0.259s] Level 1:colcon.colcon_core.package_identification:_identify(src/DynamixelSDK/c#/protocol_combined/win32/protocol_combined/obj/x86/Debug) by extensions ['ros']
[0.259s] Level 1:colcon.colcon_core.package_identification:_identify(src/DynamixelSDK/c#/protocol_combined/win32/protocol_combined/obj/x86/Debug) by extension 'ros'
[0.259s] Level 1:colcon.colcon_core.package_identification:_identify(src/DynamixelSDK/c#/protocol_combined/win32/protocol_combined/obj/x86/Debug) by extensions ['cmake', 'python']
[0.259s] Level 1:colcon.colcon_core.package_identification:_identify(src/DynamixelSDK/c#/protocol_combined/win32/protocol_combined/obj/x86/Debug) by extension 'cmake'
[0.259s] Level 1:colcon.colcon_core.package_identification:_identify(src/DynamixelSDK/c#/protocol_combined/win32/protocol_combined/obj/x86/Debug) by extension 'python'
[0.259s] Level 1:colcon.colcon_core.package_identification:_identify(src/DynamixelSDK/c#/protocol_combined/win32/protocol_combined/obj/x86/Debug) by extensions ['python_setup_py']
[0.259s] Level 1:colcon.colcon_core.package_identification:_identify(src/DynamixelSDK/c#/protocol_combined/win32/protocol_combined/obj/x86/Debug) by extension 'python_setup_py'
[0.259s] Level 1:colcon.colcon_core.package_identification:_identify(src/DynamixelSDK/c#/protocol_combined/win32/protocol_combined/obj/x86/Release) by extensions ['ignore', 'ignore_ament_install']
[0.259s] Level 1:colcon.colcon_core.package_identification:_identify(src/DynamixelSDK/c#/protocol_combined/win32/protocol_combined/obj/x86/Release) by extension 'ignore'
[0.260s] Level 1:colcon.colcon_core.package_identification:_identify(src/DynamixelSDK/c#/protocol_combined/win32/protocol_combined/obj/x86/Release) by extension 'ignore_ament_install'
[0.260s] Level 1:colcon.colcon_core.package_identification:_identify(src/DynamixelSDK/c#/protocol_combined/win32/protocol_combined/obj/x86/Release) by extensions ['colcon_pkg']
[0.260s] Level 1:colcon.colcon_core.package_identification:_identify(src/DynamixelSDK/c#/protocol_combined/win32/protocol_combined/obj/x86/Release) by extension 'colcon_pkg'
[0.260s] Level 1:colcon.colcon_core.package_identification:_identify(src/DynamixelSDK/c#/protocol_combined/win32/protocol_combined/obj/x86/Release) by extensions ['colcon_meta']
[0.260s] Level 1:colcon.colcon_core.package_identification:_identify(src/DynamixelSDK/c#/protocol_combined/win32/protocol_combined/obj/x86/Release) by extension 'colcon_meta'
[0.260s] Level 1:colcon.colcon_core.package_identification:_identify(src/DynamixelSDK/c#/protocol_combined/win32/protocol_combined/obj/x86/Release) by extensions ['ros']
[0.260s] Level 1:colcon.colcon_core.package_identification:_identify(src/DynamixelSDK/c#/protocol_combined/win32/protocol_combined/obj/x86/Release) by extension 'ros'
[0.260s] Level 1:colcon.colcon_core.package_identification:_identify(src/DynamixelSDK/c#/protocol_combined/win32/protocol_combined/obj/x86/Release) by extensions ['cmake', 'python']
[0.260s] Level 1:colcon.colcon_core.package_identification:_identify(src/DynamixelSDK/c#/protocol_combined/win32/protocol_combined/obj/x86/Release) by extension 'cmake'
[0.260s] Level 1:colcon.colcon_core.package_identification:_identify(src/DynamixelSDK/c#/protocol_combined/win32/protocol_combined/obj/x86/Release) by extension 'python'
[0.260s] Level 1:colcon.colcon_core.package_identification:_identify(src/DynamixelSDK/c#/protocol_combined/win32/protocol_combined/obj/x86/Release) by extensions ['python_setup_py']
[0.260s] Level 1:colcon.colcon_core.package_identification:_identify(src/DynamixelSDK/c#/protocol_combined/win32/protocol_combined/obj/x86/Release) by extension 'python_setup_py'
[0.260s] Level 1:colcon.colcon_core.package_identification:_identify(src/DynamixelSDK/c#/protocol_combined/win64) by extensions ['ignore', 'ignore_ament_install']
[0.260s] Level 1:colcon.colcon_core.package_identification:_identify(src/DynamixelSDK/c#/protocol_combined/win64) by extension 'ignore'
[0.260s] Level 1:colcon.colcon_core.package_identification:_identify(src/DynamixelSDK/c#/protocol_combined/win64) by extension 'ignore_ament_install'
[0.260s] Level 1:colcon.colcon_core.package_identification:_identify(src/DynamixelSDK/c#/protocol_combined/win64) by extensions ['colcon_pkg']
[0.260s] Level 1:colcon.colcon_core.package_identification:_identify(src/DynamixelSDK/c#/protocol_combined/win64) by extension 'colcon_pkg'
[0.260s] Level 1:colcon.colcon_core.package_identification:_identify(src/DynamixelSDK/c#/protocol_combined/win64) by extensions ['colcon_meta']
[0.260s] Level 1:colcon.colcon_core.package_identification:_identify(src/DynamixelSDK/c#/protocol_combined/win64) by extension 'colcon_meta'
[0.260s] Level 1:colcon.colcon_core.package_identification:_identify(src/DynamixelSDK/c#/protocol_combined/win64) by extensions ['ros']
[0.260s] Level 1:colcon.colcon_core.package_identification:_identify(src/DynamixelSDK/c#/protocol_combined/win64) by extension 'ros'
[0.260s] Level 1:colcon.colcon_core.package_identification:_identify(src/DynamixelSDK/c#/protocol_combined/win64) by extensions ['cmake', 'python']
[0.260s] Level 1:colcon.colcon_core.package_identification:_identify(src/DynamixelSDK/c#/protocol_combined/win64) by extension 'cmake'
[0.260s] Level 1:colcon.colcon_core.package_identification:_identify(src/DynamixelSDK/c#/protocol_combined/win64) by extension 'python'
[0.261s] Level 1:colcon.colcon_core.package_identification:_identify(src/DynamixelSDK/c#/protocol_combined/win64) by extensions ['python_setup_py']
[0.261s] Level 1:colcon.colcon_core.package_identification:_identify(src/DynamixelSDK/c#/protocol_combined/win64) by extension 'python_setup_py'
[0.261s] Level 1:colcon.colcon_core.package_identification:_identify(src/DynamixelSDK/c#/protocol_combined/win64/protocol_combined) by extensions ['ignore', 'ignore_ament_install']
[0.261s] Level 1:colcon.colcon_core.package_identification:_identify(src/DynamixelSDK/c#/protocol_combined/win64/protocol_combined) by extension 'ignore'
[0.261s] Level 1:colcon.colcon_core.package_identification:_identify(src/DynamixelSDK/c#/protocol_combined/win64/protocol_combined) by extension 'ignore_ament_install'
[0.261s] Level 1:colcon.colcon_core.package_identification:_identify(src/DynamixelSDK/c#/protocol_combined/win64/protocol_combined) by extensions ['colcon_pkg']
[0.261s] Level 1:colcon.colcon_core.package_identification:_identify(src/DynamixelSDK/c#/protocol_combined/win64/protocol_combined) by extension 'colcon_pkg'
[0.261s] Level 1:colcon.colcon_core.package_identification:_identify(src/DynamixelSDK/c#/protocol_combined/win64/protocol_combined) by extensions ['colcon_meta']
[0.261s] Level 1:colcon.colcon_core.package_identification:_identify(src/DynamixelSDK/c#/protocol_combined/win64/protocol_combined) by extension 'colcon_meta'
[0.261s] Level 1:colcon.colcon_core.package_identification:_identify(src/DynamixelSDK/c#/protocol_combined/win64/protocol_combined) by extensions ['ros']
[0.261s] Level 1:colcon.colcon_core.package_identification:_identify(src/DynamixelSDK/c#/protocol_combined/win64/protocol_combined) by extension 'ros'
[0.261s] Level 1:colcon.colcon_core.package_identification:_identify(src/DynamixelSDK/c#/protocol_combined/win64/protocol_combined) by extensions ['cmake', 'python']
[0.261s] Level 1:colcon.colcon_core.package_identification:_identify(src/DynamixelSDK/c#/protocol_combined/win64/protocol_combined) by extension 'cmake'
[0.261s] Level 1:colcon.colcon_core.package_identification:_identify(src/DynamixelSDK/c#/protocol_combined/win64/protocol_combined) by extension 'python'
[0.261s] Level 1:colcon.colcon_core.package_identification:_identify(src/DynamixelSDK/c#/protocol_combined/win64/protocol_combined) by extensions ['python_setup_py']
[0.261s] Level 1:colcon.colcon_core.package_identification:_identify(src/DynamixelSDK/c#/protocol_combined/win64/protocol_combined) by extension 'python_setup_py'
[0.261s] Level 1:colcon.colcon_core.package_identification:_identify(src/DynamixelSDK/c#/protocol_combined/win64/protocol_combined/Properties) by extensions ['ignore', 'ignore_ament_install']
[0.261s] Level 1:colcon.colcon_core.package_identification:_identify(src/DynamixelSDK/c#/protocol_combined/win64/protocol_combined/Properties) by extension 'ignore'
[0.261s] Level 1:colcon.colcon_core.package_identification:_identify(src/DynamixelSDK/c#/protocol_combined/win64/protocol_combined/Properties) by extension 'ignore_ament_install'
[0.261s] Level 1:colcon.colcon_core.package_identification:_identify(src/DynamixelSDK/c#/protocol_combined/win64/protocol_combined/Properties) by extensions ['colcon_pkg']
[0.261s] Level 1:colcon.colcon_core.package_identification:_identify(src/DynamixelSDK/c#/protocol_combined/win64/protocol_combined/Properties) by extension 'colcon_pkg'
[0.261s] Level 1:colcon.colcon_core.package_identification:_identify(src/DynamixelSDK/c#/protocol_combined/win64/protocol_combined/Properties) by extensions ['colcon_meta']
[0.261s] Level 1:colcon.colcon_core.package_identification:_identify(src/DynamixelSDK/c#/protocol_combined/win64/protocol_combined/Properties) by extension 'colcon_meta'
[0.262s] Level 1:colcon.colcon_core.package_identification:_identify(src/DynamixelSDK/c#/protocol_combined/win64/protocol_combined/Properties) by extensions ['ros']
[0.262s] Level 1:colcon.colcon_core.package_identification:_identify(src/DynamixelSDK/c#/protocol_combined/win64/protocol_combined/Properties) by extension 'ros'
[0.262s] Level 1:colcon.colcon_core.package_identification:_identify(src/DynamixelSDK/c#/protocol_combined/win64/protocol_combined/Properties) by extensions ['cmake', 'python']
[0.262s] Level 1:colcon.colcon_core.package_identification:_identify(src/DynamixelSDK/c#/protocol_combined/win64/protocol_combined/Properties) by extension 'cmake'
[0.262s] Level 1:colcon.colcon_core.package_identification:_identify(src/DynamixelSDK/c#/protocol_combined/win64/protocol_combined/Properties) by extension 'python'
[0.262s] Level 1:colcon.colcon_core.package_identification:_identify(src/DynamixelSDK/c#/protocol_combined/win64/protocol_combined/Properties) by extensions ['python_setup_py']
[0.262s] Level 1:colcon.colcon_core.package_identification:_identify(src/DynamixelSDK/c#/protocol_combined/win64/protocol_combined/Properties) by extension 'python_setup_py'
[0.262s] Level 1:colcon.colcon_core.package_identification:_identify(src/DynamixelSDK/c#/protocol_combined/win64/protocol_combined/obj) by extensions ['ignore', 'ignore_ament_install']
[0.262s] Level 1:colcon.colcon_core.package_identification:_identify(src/DynamixelSDK/c#/protocol_combined/win64/protocol_combined/obj) by extension 'ignore'
[0.262s] Level 1:colcon.colcon_core.package_identification:_identify(src/DynamixelSDK/c#/protocol_combined/win64/protocol_combined/obj) by extension 'ignore_ament_install'
[0.262s] Level 1:colcon.colcon_core.package_identification:_identify(src/DynamixelSDK/c#/protocol_combined/win64/protocol_combined/obj) by extensions ['colcon_pkg']
[0.262s] Level 1:colcon.colcon_core.package_identification:_identify(src/DynamixelSDK/c#/protocol_combined/win64/protocol_combined/obj) by extension 'colcon_pkg'
[0.262s] Level 1:colcon.colcon_core.package_identification:_identify(src/DynamixelSDK/c#/protocol_combined/win64/protocol_combined/obj) by extensions ['colcon_meta']
[0.262s] Level 1:colcon.colcon_core.package_identification:_identify(src/DynamixelSDK/c#/protocol_combined/win64/protocol_combined/obj) by extension 'colcon_meta'
[0.262s] Level 1:colcon.colcon_core.package_identification:_identify(src/DynamixelSDK/c#/protocol_combined/win64/protocol_combined/obj) by extensions ['ros']
[0.262s] Level 1:colcon.colcon_core.package_identification:_identify(src/DynamixelSDK/c#/protocol_combined/win64/protocol_combined/obj) by extension 'ros'
[0.262s] Level 1:colcon.colcon_core.package_identification:_identify(src/DynamixelSDK/c#/protocol_combined/win64/protocol_combined/obj) by extensions ['cmake', 'python']
[0.262s] Level 1:colcon.colcon_core.package_identification:_identify(src/DynamixelSDK/c#/protocol_combined/win64/protocol_combined/obj) by extension 'cmake'
[0.262s] Level 1:colcon.colcon_core.package_identification:_identify(src/DynamixelSDK/c#/protocol_combined/win64/protocol_combined/obj) by extension 'python'
[0.262s] Level 1:colcon.colcon_core.package_identification:_identify(src/DynamixelSDK/c#/protocol_combined/win64/protocol_combined/obj) by extensions ['python_setup_py']
[0.262s] Level 1:colcon.colcon_core.package_identification:_identify(src/DynamixelSDK/c#/protocol_combined/win64/protocol_combined/obj) by extension 'python_setup_py'
[0.262s] Level 1:colcon.colcon_core.package_identification:_identify(src/DynamixelSDK/c#/protocol_combined/win64/protocol_combined/obj/Debug) by extensions ['ignore', 'ignore_ament_install']
[0.263s] Level 1:colcon.colcon_core.package_identification:_identify(src/DynamixelSDK/c#/protocol_combined/win64/protocol_combined/obj/Debug) by extension 'ignore'
[0.263s] Level 1:colcon.colcon_core.package_identification:_identify(src/DynamixelSDK/c#/protocol_combined/win64/protocol_combined/obj/Debug) by extension 'ignore_ament_install'
[0.263s] Level 1:colcon.colcon_core.package_identification:_identify(src/DynamixelSDK/c#/protocol_combined/win64/protocol_combined/obj/Debug) by extensions ['colcon_pkg']
[0.263s] Level 1:colcon.colcon_core.package_identification:_identify(src/DynamixelSDK/c#/protocol_combined/win64/protocol_combined/obj/Debug) by extension 'colcon_pkg'
[0.263s] Level 1:colcon.colcon_core.package_identification:_identify(src/DynamixelSDK/c#/protocol_combined/win64/protocol_combined/obj/Debug) by extensions ['colcon_meta']
[0.263s] Level 1:colcon.colcon_core.package_identification:_identify(src/DynamixelSDK/c#/protocol_combined/win64/protocol_combined/obj/Debug) by extension 'colcon_meta'
[0.263s] Level 1:colcon.colcon_core.package_identification:_identify(src/DynamixelSDK/c#/protocol_combined/win64/protocol_combined/obj/Debug) by extensions ['ros']
[0.263s] Level 1:colcon.colcon_core.package_identification:_identify(src/DynamixelSDK/c#/protocol_combined/win64/protocol_combined/obj/Debug) by extension 'ros'
[0.263s] Level 1:colcon.colcon_core.package_identification:_identify(src/DynamixelSDK/c#/protocol_combined/win64/protocol_combined/obj/Debug) by extensions ['cmake', 'python']
[0.263s] Level 1:colcon.colcon_core.package_identification:_identify(src/DynamixelSDK/c#/protocol_combined/win64/protocol_combined/obj/Debug) by extension 'cmake'
[0.263s] Level 1:colcon.colcon_core.package_identification:_identify(src/DynamixelSDK/c#/protocol_combined/win64/protocol_combined/obj/Debug) by extension 'python'
[0.263s] Level 1:colcon.colcon_core.package_identification:_identify(src/DynamixelSDK/c#/protocol_combined/win64/protocol_combined/obj/Debug) by extensions ['python_setup_py']
[0.263s] Level 1:colcon.colcon_core.package_identification:_identify(src/DynamixelSDK/c#/protocol_combined/win64/protocol_combined/obj/Debug) by extension 'python_setup_py'
[0.263s] Level 1:colcon.colcon_core.package_identification:_identify(src/DynamixelSDK/c#/protocol_combined/win64/protocol_combined/obj/Release) by extensions ['ignore', 'ignore_ament_install']
[0.263s] Level 1:colcon.colcon_core.package_identification:_identify(src/DynamixelSDK/c#/protocol_combined/win64/protocol_combined/obj/Release) by extension 'ignore'
[0.263s] Level 1:colcon.colcon_core.package_identification:_identify(src/DynamixelSDK/c#/protocol_combined/win64/protocol_combined/obj/Release) by extension 'ignore_ament_install'
[0.263s] Level 1:colcon.colcon_core.package_identification:_identify(src/DynamixelSDK/c#/protocol_combined/win64/protocol_combined/obj/Release) by extensions ['colcon_pkg']
[0.263s] Level 1:colcon.colcon_core.package_identification:_identify(src/DynamixelSDK/c#/protocol_combined/win64/protocol_combined/obj/Release) by extension 'colcon_pkg'
[0.263s] Level 1:colcon.colcon_core.package_identification:_identify(src/DynamixelSDK/c#/protocol_combined/win64/protocol_combined/obj/Release) by extensions ['colcon_meta']
[0.263s] Level 1:colcon.colcon_core.package_identification:_identify(src/DynamixelSDK/c#/protocol_combined/win64/protocol_combined/obj/Release) by extension 'colcon_meta'
[0.263s] Level 1:colcon.colcon_core.package_identification:_identify(src/DynamixelSDK/c#/protocol_combined/win64/protocol_combined/obj/Release) by extensions ['ros']
[0.263s] Level 1:colcon.colcon_core.package_identification:_identify(src/DynamixelSDK/c#/protocol_combined/win64/protocol_combined/obj/Release) by extension 'ros'
[0.264s] Level 1:colcon.colcon_core.package_identification:_identify(src/DynamixelSDK/c#/protocol_combined/win64/protocol_combined/obj/Release) by extensions ['cmake', 'python']
[0.264s] Level 1:colcon.colcon_core.package_identification:_identify(src/DynamixelSDK/c#/protocol_combined/win64/protocol_combined/obj/Release) by extension 'cmake'
[0.264s] Level 1:colcon.colcon_core.package_identification:_identify(src/DynamixelSDK/c#/protocol_combined/win64/protocol_combined/obj/Release) by extension 'python'
[0.264s] Level 1:colcon.colcon_core.package_identification:_identify(src/DynamixelSDK/c#/protocol_combined/win64/protocol_combined/obj/Release) by extensions ['python_setup_py']
[0.264s] Level 1:colcon.colcon_core.package_identification:_identify(src/DynamixelSDK/c#/protocol_combined/win64/protocol_combined/obj/Release) by extension 'python_setup_py'
[0.264s] Level 1:colcon.colcon_core.package_identification:_identify(src/DynamixelSDK/c#/protocol_combined/win64/protocol_combined/obj/x64) by extensions ['ignore', 'ignore_ament_install']
[0.264s] Level 1:colcon.colcon_core.package_identification:_identify(src/DynamixelSDK/c#/protocol_combined/win64/protocol_combined/obj/x64) by extension 'ignore'
[0.264s] Level 1:colcon.colcon_core.package_identification:_identify(src/DynamixelSDK/c#/protocol_combined/win64/protocol_combined/obj/x64) by extension 'ignore_ament_install'
[0.264s] Level 1:colcon.colcon_core.package_identification:_identify(src/DynamixelSDK/c#/protocol_combined/win64/protocol_combined/obj/x64) by extensions ['colcon_pkg']
[0.264s] Level 1:colcon.colcon_core.package_identification:_identify(src/DynamixelSDK/c#/protocol_combined/win64/protocol_combined/obj/x64) by extension 'colcon_pkg'
[0.264s] Level 1:colcon.colcon_core.package_identification:_identify(src/DynamixelSDK/c#/protocol_combined/win64/protocol_combined/obj/x64) by extensions ['colcon_meta']
[0.264s] Level 1:colcon.colcon_core.package_identification:_identify(src/DynamixelSDK/c#/protocol_combined/win64/protocol_combined/obj/x64) by extension 'colcon_meta'
[0.264s] Level 1:colcon.colcon_core.package_identification:_identify(src/DynamixelSDK/c#/protocol_combined/win64/protocol_combined/obj/x64) by extensions ['ros']
[0.264s] Level 1:colcon.colcon_core.package_identification:_identify(src/DynamixelSDK/c#/protocol_combined/win64/protocol_combined/obj/x64) by extension 'ros'
[0.264s] Level 1:colcon.colcon_core.package_identification:_identify(src/DynamixelSDK/c#/protocol_combined/win64/protocol_combined/obj/x64) by extensions ['cmake', 'python']
[0.264s] Level 1:colcon.colcon_core.package_identification:_identify(src/DynamixelSDK/c#/protocol_combined/win64/protocol_combined/obj/x64) by extension 'cmake'
[0.264s] Level 1:colcon.colcon_core.package_identification:_identify(src/DynamixelSDK/c#/protocol_combined/win64/protocol_combined/obj/x64) by extension 'python'
[0.264s] Level 1:colcon.colcon_core.package_identification:_identify(src/DynamixelSDK/c#/protocol_combined/win64/protocol_combined/obj/x64) by extensions ['python_setup_py']
[0.264s] Level 1:colcon.colcon_core.package_identification:_identify(src/DynamixelSDK/c#/protocol_combined/win64/protocol_combined/obj/x64) by extension 'python_setup_py'
[0.264s] Level 1:colcon.colcon_core.package_identification:_identify(src/DynamixelSDK/c#/protocol_combined/win64/protocol_combined/obj/x64/Debug) by extensions ['ignore', 'ignore_ament_install']
[0.264s] Level 1:colcon.colcon_core.package_identification:_identify(src/DynamixelSDK/c#/protocol_combined/win64/protocol_combined/obj/x64/Debug) by extension 'ignore'
[0.265s] Level 1:colcon.colcon_core.package_identification:_identify(src/DynamixelSDK/c#/protocol_combined/win64/protocol_combined/obj/x64/Debug) by extension 'ignore_ament_install'
[0.265s] Level 1:colcon.colcon_core.package_identification:_identify(src/DynamixelSDK/c#/protocol_combined/win64/protocol_combined/obj/x64/Debug) by extensions ['colcon_pkg']
[0.265s] Level 1:colcon.colcon_core.package_identification:_identify(src/DynamixelSDK/c#/protocol_combined/win64/protocol_combined/obj/x64/Debug) by extension 'colcon_pkg'
[0.265s] Level 1:colcon.colcon_core.package_identification:_identify(src/DynamixelSDK/c#/protocol_combined/win64/protocol_combined/obj/x64/Debug) by extensions ['colcon_meta']
[0.265s] Level 1:colcon.colcon_core.package_identification:_identify(src/DynamixelSDK/c#/protocol_combined/win64/protocol_combined/obj/x64/Debug) by extension 'colcon_meta'
[0.265s] Level 1:colcon.colcon_core.package_identification:_identify(src/DynamixelSDK/c#/protocol_combined/win64/protocol_combined/obj/x64/Debug) by extensions ['ros']
[0.265s] Level 1:colcon.colcon_core.package_identification:_identify(src/DynamixelSDK/c#/protocol_combined/win64/protocol_combined/obj/x64/Debug) by extension 'ros'
[0.265s] Level 1:colcon.colcon_core.package_identification:_identify(src/DynamixelSDK/c#/protocol_combined/win64/protocol_combined/obj/x64/Debug) by extensions ['cmake', 'python']
[0.265s] Level 1:colcon.colcon_core.package_identification:_identify(src/DynamixelSDK/c#/protocol_combined/win64/protocol_combined/obj/x64/Debug) by extension 'cmake'
[0.265s] Level 1:colcon.colcon_core.package_identification:_identify(src/DynamixelSDK/c#/protocol_combined/win64/protocol_combined/obj/x64/Debug) by extension 'python'
[0.265s] Level 1:colcon.colcon_core.package_identification:_identify(src/DynamixelSDK/c#/protocol_combined/win64/protocol_combined/obj/x64/Debug) by extensions ['python_setup_py']
[0.265s] Level 1:colcon.colcon_core.package_identification:_identify(src/DynamixelSDK/c#/protocol_combined/win64/protocol_combined/obj/x64/Debug) by extension 'python_setup_py'
[0.265s] Level 1:colcon.colcon_core.package_identification:_identify(src/DynamixelSDK/c#/protocol_combined/win64/protocol_combined/obj/x64/Release) by extensions ['ignore', 'ignore_ament_install']
[0.265s] Level 1:colcon.colcon_core.package_identification:_identify(src/DynamixelSDK/c#/protocol_combined/win64/protocol_combined/obj/x64/Release) by extension 'ignore'
[0.265s] Level 1:colcon.colcon_core.package_identification:_identify(src/DynamixelSDK/c#/protocol_combined/win64/protocol_combined/obj/x64/Release) by extension 'ignore_ament_install'
[0.265s] Level 1:colcon.colcon_core.package_identification:_identify(src/DynamixelSDK/c#/protocol_combined/win64/protocol_combined/obj/x64/Release) by extensions ['colcon_pkg']
[0.265s] Level 1:colcon.colcon_core.package_identification:_identify(src/DynamixelSDK/c#/protocol_combined/win64/protocol_combined/obj/x64/Release) by extension 'colcon_pkg'
[0.265s] Level 1:colcon.colcon_core.package_identification:_identify(src/DynamixelSDK/c#/protocol_combined/win64/protocol_combined/obj/x64/Release) by extensions ['colcon_meta']
[0.265s] Level 1:colcon.colcon_core.package_identification:_identify(src/DynamixelSDK/c#/protocol_combined/win64/protocol_combined/obj/x64/Release) by extension 'colcon_meta'
[0.265s] Level 1:colcon.colcon_core.package_identification:_identify(src/DynamixelSDK/c#/protocol_combined/win64/protocol_combined/obj/x64/Release) by extensions ['ros']
[0.265s] Level 1:colcon.colcon_core.package_identification:_identify(src/DynamixelSDK/c#/protocol_combined/win64/protocol_combined/obj/x64/Release) by extension 'ros'
[0.265s] Level 1:colcon.colcon_core.package_identification:_identify(src/DynamixelSDK/c#/protocol_combined/win64/protocol_combined/obj/x64/Release) by extensions ['cmake', 'python']
[0.265s] Level 1:colcon.colcon_core.package_identification:_identify(src/DynamixelSDK/c#/protocol_combined/win64/protocol_combined/obj/x64/Release) by extension 'cmake'
[0.265s] Level 1:colcon.colcon_core.package_identification:_identify(src/DynamixelSDK/c#/protocol_combined/win64/protocol_combined/obj/x64/Release) by extension 'python'
[0.266s] Level 1:colcon.colcon_core.package_identification:_identify(src/DynamixelSDK/c#/protocol_combined/win64/protocol_combined/obj/x64/Release) by extensions ['python_setup_py']
[0.266s] Level 1:colcon.colcon_core.package_identification:_identify(src/DynamixelSDK/c#/protocol_combined/win64/protocol_combined/obj/x64/Release) by extension 'python_setup_py'
[0.266s] Level 1:colcon.colcon_core.package_identification:_identify(src/DynamixelSDK/c++) by extensions ['ignore', 'ignore_ament_install']
[0.266s] Level 1:colcon.colcon_core.package_identification:_identify(src/DynamixelSDK/c++) by extension 'ignore'
[0.266s] Level 1:colcon.colcon_core.package_identification:_identify(src/DynamixelSDK/c++) ignored
[0.266s] Level 1:colcon.colcon_core.package_identification:_identify(src/DynamixelSDK/control_table) by extensions ['ignore', 'ignore_ament_install']
[0.266s] Level 1:colcon.colcon_core.package_identification:_identify(src/DynamixelSDK/control_table) by extension 'ignore'
[0.266s] Level 1:colcon.colcon_core.package_identification:_identify(src/DynamixelSDK/control_table) by extension 'ignore_ament_install'
[0.266s] Level 1:colcon.colcon_core.package_identification:_identify(src/DynamixelSDK/control_table) by extensions ['colcon_pkg']
[0.266s] Level 1:colcon.colcon_core.package_identification:_identify(src/DynamixelSDK/control_table) by extension 'colcon_pkg'
[0.266s] Level 1:colcon.colcon_core.package_identification:_identify(src/DynamixelSDK/control_table) by extensions ['colcon_meta']
[0.266s] Level 1:colcon.colcon_core.package_identification:_identify(src/DynamixelSDK/control_table) by extension 'colcon_meta'
[0.266s] Level 1:colcon.colcon_core.package_identification:_identify(src/DynamixelSDK/control_table) by extensions ['ros']
[0.266s] Level 1:colcon.colcon_core.package_identification:_identify(src/DynamixelSDK/control_table) by extension 'ros'
[0.266s] Level 1:colcon.colcon_core.package_identification:_identify(src/DynamixelSDK/control_table) by extensions ['cmake', 'python']
[0.266s] Level 1:colcon.colcon_core.package_identification:_identify(src/DynamixelSDK/control_table) by extension 'cmake'
[0.266s] Level 1:colcon.colcon_core.package_identification:_identify(src/DynamixelSDK/control_table) by extension 'python'
[0.266s] Level 1:colcon.colcon_core.package_identification:_identify(src/DynamixelSDK/control_table) by extensions ['python_setup_py']
[0.266s] Level 1:colcon.colcon_core.package_identification:_identify(src/DynamixelSDK/control_table) by extension 'python_setup_py'
[0.266s] Level 1:colcon.colcon_core.package_identification:_identify(src/DynamixelSDK/documents) by extensions ['ignore', 'ignore_ament_install']
[0.266s] Level 1:colcon.colcon_core.package_identification:_identify(src/DynamixelSDK/documents) by extension 'ignore'
[0.267s] Level 1:colcon.colcon_core.package_identification:_identify(src/DynamixelSDK/documents) by extension 'ignore_ament_install'
[0.267s] Level 1:colcon.colcon_core.package_identification:_identify(src/DynamixelSDK/documents) by extensions ['colcon_pkg']
[0.267s] Level 1:colcon.colcon_core.package_identification:_identify(src/DynamixelSDK/documents) by extension 'colcon_pkg'
[0.267s] Level 1:colcon.colcon_core.package_identification:_identify(src/DynamixelSDK/documents) by extensions ['colcon_meta']
[0.267s] Level 1:colcon.colcon_core.package_identification:_identify(src/DynamixelSDK/documents) by extension 'colcon_meta'
[0.267s] Level 1:colcon.colcon_core.package_identification:_identify(src/DynamixelSDK/documents) by extensions ['ros']
[0.267s] Level 1:colcon.colcon_core.package_identification:_identify(src/DynamixelSDK/documents) by extension 'ros'
[0.267s] Level 1:colcon.colcon_core.package_identification:_identify(src/DynamixelSDK/documents) by extensions ['cmake', 'python']
[0.267s] Level 1:colcon.colcon_core.package_identification:_identify(src/DynamixelSDK/documents) by extension 'cmake'
[0.267s] Level 1:colcon.colcon_core.package_identification:_identify(src/DynamixelSDK/documents) by extension 'python'
[0.267s] Level 1:colcon.colcon_core.package_identification:_identify(src/DynamixelSDK/documents) by extensions ['python_setup_py']
[0.267s] Level 1:colcon.colcon_core.package_identification:_identify(src/DynamixelSDK/documents) by extension 'python_setup_py'
[0.267s] Level 1:colcon.colcon_core.package_identification:_identify(src/DynamixelSDK/documents/cpp) by extensions ['ignore', 'ignore_ament_install']
[0.267s] Level 1:colcon.colcon_core.package_identification:_identify(src/DynamixelSDK/documents/cpp) by extension 'ignore'
[0.267s] Level 1:colcon.colcon_core.package_identification:_identify(src/DynamixelSDK/documents/cpp) by extension 'ignore_ament_install'
[0.267s] Level 1:colcon.colcon_core.package_identification:_identify(src/DynamixelSDK/documents/cpp) by extensions ['colcon_pkg']
[0.267s] Level 1:colcon.colcon_core.package_identification:_identify(src/DynamixelSDK/documents/cpp) by extension 'colcon_pkg'
[0.267s] Level 1:colcon.colcon_core.package_identification:_identify(src/DynamixelSDK/documents/cpp) by extensions ['colcon_meta']
[0.267s] Level 1:colcon.colcon_core.package_identification:_identify(src/DynamixelSDK/documents/cpp) by extension 'colcon_meta'
[0.267s] Level 1:colcon.colcon_core.package_identification:_identify(src/DynamixelSDK/documents/cpp) by extensions ['ros']
[0.267s] Level 1:colcon.colcon_core.package_identification:_identify(src/DynamixelSDK/documents/cpp) by extension 'ros'
[0.267s] Level 1:colcon.colcon_core.package_identification:_identify(src/DynamixelSDK/documents/cpp) by extensions ['cmake', 'python']
[0.267s] Level 1:colcon.colcon_core.package_identification:_identify(src/DynamixelSDK/documents/cpp) by extension 'cmake'
[0.267s] Level 1:colcon.colcon_core.package_identification:_identify(src/DynamixelSDK/documents/cpp) by extension 'python'
[0.267s] Level 1:colcon.colcon_core.package_identification:_identify(src/DynamixelSDK/documents/cpp) by extensions ['python_setup_py']
[0.267s] Level 1:colcon.colcon_core.package_identification:_identify(src/DynamixelSDK/documents/cpp) by extension 'python_setup_py'
[0.268s] Level 1:colcon.colcon_core.package_identification:_identify(src/DynamixelSDK/documents/cpp/html) by extensions ['ignore', 'ignore_ament_install']
[0.268s] Level 1:colcon.colcon_core.package_identification:_identify(src/DynamixelSDK/documents/cpp/html) by extension 'ignore'
[0.268s] Level 1:colcon.colcon_core.package_identification:_identify(src/DynamixelSDK/documents/cpp/html) by extension 'ignore_ament_install'
[0.268s] Level 1:colcon.colcon_core.package_identification:_identify(src/DynamixelSDK/documents/cpp/html) by extensions ['colcon_pkg']
[0.268s] Level 1:colcon.colcon_core.package_identification:_identify(src/DynamixelSDK/documents/cpp/html) by extension 'colcon_pkg'
[0.268s] Level 1:colcon.colcon_core.package_identification:_identify(src/DynamixelSDK/documents/cpp/html) by extensions ['colcon_meta']
[0.268s] Level 1:colcon.colcon_core.package_identification:_identify(src/DynamixelSDK/documents/cpp/html) by extension 'colcon_meta'
[0.268s] Level 1:colcon.colcon_core.package_identification:_identify(src/DynamixelSDK/documents/cpp/html) by extensions ['ros']
[0.268s] Level 1:colcon.colcon_core.package_identification:_identify(src/DynamixelSDK/documents/cpp/html) by extension 'ros'
[0.268s] Level 1:colcon.colcon_core.package_identification:_identify(src/DynamixelSDK/documents/cpp/html) by extensions ['cmake', 'python']
[0.268s] Level 1:colcon.colcon_core.package_identification:_identify(src/DynamixelSDK/documents/cpp/html) by extension 'cmake'
[0.268s] Level 1:colcon.colcon_core.package_identification:_identify(src/DynamixelSDK/documents/cpp/html) by extension 'python'
[0.268s] Level 1:colcon.colcon_core.package_identification:_identify(src/DynamixelSDK/documents/cpp/html) by extensions ['python_setup_py']
[0.268s] Level 1:colcon.colcon_core.package_identification:_identify(src/DynamixelSDK/documents/cpp/html) by extension 'python_setup_py'
[0.268s] Level 1:colcon.colcon_core.package_identification:_identify(src/DynamixelSDK/documents/cpp/html/search) by extensions ['ignore', 'ignore_ament_install']
[0.268s] Level 1:colcon.colcon_core.package_identification:_identify(src/DynamixelSDK/documents/cpp/html/search) by extension 'ignore'
[0.268s] Level 1:colcon.colcon_core.package_identification:_identify(src/DynamixelSDK/documents/cpp/html/search) by extension 'ignore_ament_install'
[0.268s] Level 1:colcon.colcon_core.package_identification:_identify(src/DynamixelSDK/documents/cpp/html/search) by extensions ['colcon_pkg']
[0.268s] Level 1:colcon.colcon_core.package_identification:_identify(src/DynamixelSDK/documents/cpp/html/search) by extension 'colcon_pkg'
[0.268s] Level 1:colcon.colcon_core.package_identification:_identify(src/DynamixelSDK/documents/cpp/html/search) by extensions ['colcon_meta']
[0.268s] Level 1:colcon.colcon_core.package_identification:_identify(src/DynamixelSDK/documents/cpp/html/search) by extension 'colcon_meta'
[0.268s] Level 1:colcon.colcon_core.package_identification:_identify(src/DynamixelSDK/documents/cpp/html/search) by extensions ['ros']
[0.269s] Level 1:colcon.colcon_core.package_identification:_identify(src/DynamixelSDK/documents/cpp/html/search) by extension 'ros'
[0.269s] Level 1:colcon.colcon_core.package_identification:_identify(src/DynamixelSDK/documents/cpp/html/search) by extensions ['cmake', 'python']
[0.269s] Level 1:colcon.colcon_core.package_identification:_identify(src/DynamixelSDK/documents/cpp/html/search) by extension 'cmake'
[0.269s] Level 1:colcon.colcon_core.package_identification:_identify(src/DynamixelSDK/documents/cpp/html/search) by extension 'python'
[0.269s] Level 1:colcon.colcon_core.package_identification:_identify(src/DynamixelSDK/documents/cpp/html/search) by extensions ['python_setup_py']
[0.269s] Level 1:colcon.colcon_core.package_identification:_identify(src/DynamixelSDK/documents/cpp/html/search) by extension 'python_setup_py'
[0.269s] Level 1:colcon.colcon_core.package_identification:_identify(src/DynamixelSDK/java) by extensions ['ignore', 'ignore_ament_install']
[0.269s] Level 1:colcon.colcon_core.package_identification:_identify(src/DynamixelSDK/java) by extension 'ignore'
[0.269s] Level 1:colcon.colcon_core.package_identification:_identify(src/DynamixelSDK/java) by extension 'ignore_ament_install'
[0.269s] Level 1:colcon.colcon_core.package_identification:_identify(src/DynamixelSDK/java) by extensions ['colcon_pkg']
[0.269s] Level 1:colcon.colcon_core.package_identification:_identify(src/DynamixelSDK/java) by extension 'colcon_pkg'
[0.269s] Level 1:colcon.colcon_core.package_identification:_identify(src/DynamixelSDK/java) by extensions ['colcon_meta']
[0.269s] Level 1:colcon.colcon_core.package_identification:_identify(src/DynamixelSDK/java) by extension 'colcon_meta'
[0.269s] Level 1:colcon.colcon_core.package_identification:_identify(src/DynamixelSDK/java) by extensions ['ros']
[0.269s] Level 1:colcon.colcon_core.package_identification:_identify(src/DynamixelSDK/java) by extension 'ros'
[0.269s] Level 1:colcon.colcon_core.package_identification:_identify(src/DynamixelSDK/java) by extensions ['cmake', 'python']
[0.269s] Level 1:colcon.colcon_core.package_identification:_identify(src/DynamixelSDK/java) by extension 'cmake'
[0.269s] Level 1:colcon.colcon_core.package_identification:_identify(src/DynamixelSDK/java) by extension 'python'
[0.269s] Level 1:colcon.colcon_core.package_identification:_identify(src/DynamixelSDK/java) by extensions ['python_setup_py']
[0.269s] Level 1:colcon.colcon_core.package_identification:_identify(src/DynamixelSDK/java) by extension 'python_setup_py'
[0.269s] Level 1:colcon.colcon_core.package_identification:_identify(src/DynamixelSDK/java/dynamixel_functions_java) by extensions ['ignore', 'ignore_ament_install']
[0.269s] Level 1:colcon.colcon_core.package_identification:_identify(src/DynamixelSDK/java/dynamixel_functions_java) by extension 'ignore'
[0.269s] Level 1:colcon.colcon_core.package_identification:_identify(src/DynamixelSDK/java/dynamixel_functions_java) by extension 'ignore_ament_install'
[0.270s] Level 1:colcon.colcon_core.package_identification:_identify(src/DynamixelSDK/java/dynamixel_functions_java) by extensions ['colcon_pkg']
[0.270s] Level 1:colcon.colcon_core.package_identification:_identify(src/DynamixelSDK/java/dynamixel_functions_java) by extension 'colcon_pkg'
[0.270s] Level 1:colcon.colcon_core.package_identification:_identify(src/DynamixelSDK/java/dynamixel_functions_java) by extensions ['colcon_meta']
[0.270s] Level 1:colcon.colcon_core.package_identification:_identify(src/DynamixelSDK/java/dynamixel_functions_java) by extension 'colcon_meta'
[0.270s] Level 1:colcon.colcon_core.package_identification:_identify(src/DynamixelSDK/java/dynamixel_functions_java) by extensions ['ros']
[0.270s] Level 1:colcon.colcon_core.package_identification:_identify(src/DynamixelSDK/java/dynamixel_functions_java) by extension 'ros'
[0.270s] Level 1:colcon.colcon_core.package_identification:_identify(src/DynamixelSDK/java/dynamixel_functions_java) by extensions ['cmake', 'python']
[0.270s] Level 1:colcon.colcon_core.package_identification:_identify(src/DynamixelSDK/java/dynamixel_functions_java) by extension 'cmake'
[0.270s] Level 1:colcon.colcon_core.package_identification:_identify(src/DynamixelSDK/java/dynamixel_functions_java) by extension 'python'
[0.270s] Level 1:colcon.colcon_core.package_identification:_identify(src/DynamixelSDK/java/dynamixel_functions_java) by extensions ['python_setup_py']
[0.270s] Level 1:colcon.colcon_core.package_identification:_identify(src/DynamixelSDK/java/dynamixel_functions_java) by extension 'python_setup_py'
[0.270s] Level 1:colcon.colcon_core.package_identification:_identify(src/DynamixelSDK/java/dynamixel_functions_java/mac_x64) by extensions ['ignore', 'ignore_ament_install']
[0.270s] Level 1:colcon.colcon_core.package_identification:_identify(src/DynamixelSDK/java/dynamixel_functions_java/mac_x64) by extension 'ignore'
[0.270s] Level 1:colcon.colcon_core.package_identification:_identify(src/DynamixelSDK/java/dynamixel_functions_java/mac_x64) by extension 'ignore_ament_install'
[0.270s] Level 1:colcon.colcon_core.package_identification:_identify(src/DynamixelSDK/java/dynamixel_functions_java/mac_x64) by extensions ['colcon_pkg']
[0.270s] Level 1:colcon.colcon_core.package_identification:_identify(src/DynamixelSDK/java/dynamixel_functions_java/mac_x64) by extension 'colcon_pkg'
[0.270s] Level 1:colcon.colcon_core.package_identification:_identify(src/DynamixelSDK/java/dynamixel_functions_java/mac_x64) by extensions ['colcon_meta']
[0.270s] Level 1:colcon.colcon_core.package_identification:_identify(src/DynamixelSDK/java/dynamixel_functions_java/mac_x64) by extension 'colcon_meta'
[0.270s] Level 1:colcon.colcon_core.package_identification:_identify(src/DynamixelSDK/java/dynamixel_functions_java/mac_x64) by extensions ['ros']
[0.270s] Level 1:colcon.colcon_core.package_identification:_identify(src/DynamixelSDK/java/dynamixel_functions_java/mac_x64) by extension 'ros'
[0.270s] Level 1:colcon.colcon_core.package_identification:_identify(src/DynamixelSDK/java/dynamixel_functions_java/mac_x64) by extensions ['cmake', 'python']
[0.270s] Level 1:colcon.colcon_core.package_identification:_identify(src/DynamixelSDK/java/dynamixel_functions_java/mac_x64) by extension 'cmake'
[0.270s] Level 1:colcon.colcon_core.package_identification:_identify(src/DynamixelSDK/java/dynamixel_functions_java/mac_x64) by extension 'python'
[0.270s] Level 1:colcon.colcon_core.package_identification:_identify(src/DynamixelSDK/java/dynamixel_functions_java/mac_x64) by extensions ['python_setup_py']
[0.270s] Level 1:colcon.colcon_core.package_identification:_identify(src/DynamixelSDK/java/dynamixel_functions_java/mac_x64) by extension 'python_setup_py'
[0.271s] Level 1:colcon.colcon_core.package_identification:_identify(src/DynamixelSDK/java/dynamixel_functions_java/x64) by extensions ['ignore', 'ignore_ament_install']
[0.271s] Level 1:colcon.colcon_core.package_identification:_identify(src/DynamixelSDK/java/dynamixel_functions_java/x64) by extension 'ignore'
[0.271s] Level 1:colcon.colcon_core.package_identification:_identify(src/DynamixelSDK/java/dynamixel_functions_java/x64) by extension 'ignore_ament_install'
[0.271s] Level 1:colcon.colcon_core.package_identification:_identify(src/DynamixelSDK/java/dynamixel_functions_java/x64) by extensions ['colcon_pkg']
[0.271s] Level 1:colcon.colcon_core.package_identification:_identify(src/DynamixelSDK/java/dynamixel_functions_java/x64) by extension 'colcon_pkg'
[0.271s] Level 1:colcon.colcon_core.package_identification:_identify(src/DynamixelSDK/java/dynamixel_functions_java/x64) by extensions ['colcon_meta']
[0.271s] Level 1:colcon.colcon_core.package_identification:_identify(src/DynamixelSDK/java/dynamixel_functions_java/x64) by extension 'colcon_meta'
[0.271s] Level 1:colcon.colcon_core.package_identification:_identify(src/DynamixelSDK/java/dynamixel_functions_java/x64) by extensions ['ros']
[0.271s] Level 1:colcon.colcon_core.package_identification:_identify(src/DynamixelSDK/java/dynamixel_functions_java/x64) by extension 'ros'
[0.271s] Level 1:colcon.colcon_core.package_identification:_identify(src/DynamixelSDK/java/dynamixel_functions_java/x64) by extensions ['cmake', 'python']
[0.271s] Level 1:colcon.colcon_core.package_identification:_identify(src/DynamixelSDK/java/dynamixel_functions_java/x64) by extension 'cmake'
[0.271s] Level 1:colcon.colcon_core.package_identification:_identify(src/DynamixelSDK/java/dynamixel_functions_java/x64) by extension 'python'
[0.271s] Level 1:colcon.colcon_core.package_identification:_identify(src/DynamixelSDK/java/dynamixel_functions_java/x64) by extensions ['python_setup_py']
[0.271s] Level 1:colcon.colcon_core.package_identification:_identify(src/DynamixelSDK/java/dynamixel_functions_java/x64) by extension 'python_setup_py'
[0.271s] Level 1:colcon.colcon_core.package_identification:_identify(src/DynamixelSDK/java/dynamixel_functions_java/x86) by extensions ['ignore', 'ignore_ament_install']
[0.271s] Level 1:colcon.colcon_core.package_identification:_identify(src/DynamixelSDK/java/dynamixel_functions_java/x86) by extension 'ignore'
[0.271s] Level 1:colcon.colcon_core.package_identification:_identify(src/DynamixelSDK/java/dynamixel_functions_java/x86) by extension 'ignore_ament_install'
[0.271s] Level 1:colcon.colcon_core.package_identification:_identify(src/DynamixelSDK/java/dynamixel_functions_java/x86) by extensions ['colcon_pkg']
[0.271s] Level 1:colcon.colcon_core.package_identification:_identify(src/DynamixelSDK/java/dynamixel_functions_java/x86) by extension 'colcon_pkg'
[0.271s] Level 1:colcon.colcon_core.package_identification:_identify(src/DynamixelSDK/java/dynamixel_functions_java/x86) by extensions ['colcon_meta']
[0.271s] Level 1:colcon.colcon_core.package_identification:_identify(src/DynamixelSDK/java/dynamixel_functions_java/x86) by extension 'colcon_meta'
[0.271s] Level 1:colcon.colcon_core.package_identification:_identify(src/DynamixelSDK/java/dynamixel_functions_java/x86) by extensions ['ros']
[0.271s] Level 1:colcon.colcon_core.package_identification:_identify(src/DynamixelSDK/java/dynamixel_functions_java/x86) by extension 'ros'
[0.272s] Level 1:colcon.colcon_core.package_identification:_identify(src/DynamixelSDK/java/dynamixel_functions_java/x86) by extensions ['cmake', 'python']
[0.272s] Level 1:colcon.colcon_core.package_identification:_identify(src/DynamixelSDK/java/dynamixel_functions_java/x86) by extension 'cmake'
[0.272s] Level 1:colcon.colcon_core.package_identification:_identify(src/DynamixelSDK/java/dynamixel_functions_java/x86) by extension 'python'
[0.272s] Level 1:colcon.colcon_core.package_identification:_identify(src/DynamixelSDK/java/dynamixel_functions_java/x86) by extensions ['python_setup_py']
[0.272s] Level 1:colcon.colcon_core.package_identification:_identify(src/DynamixelSDK/java/dynamixel_functions_java/x86) by extension 'python_setup_py'
[0.272s] Level 1:colcon.colcon_core.package_identification:_identify(src/DynamixelSDK/java/protocol1.0) by extensions ['ignore', 'ignore_ament_install']
[0.272s] Level 1:colcon.colcon_core.package_identification:_identify(src/DynamixelSDK/java/protocol1.0) by extension 'ignore'
[0.272s] Level 1:colcon.colcon_core.package_identification:_identify(src/DynamixelSDK/java/protocol1.0) by extension 'ignore_ament_install'
[0.272s] Level 1:colcon.colcon_core.package_identification:_identify(src/DynamixelSDK/java/protocol1.0) by extensions ['colcon_pkg']
[0.272s] Level 1:colcon.colcon_core.package_identification:_identify(src/DynamixelSDK/java/protocol1.0) by extension 'colcon_pkg'
[0.272s] Level 1:colcon.colcon_core.package_identification:_identify(src/DynamixelSDK/java/protocol1.0) by extensions ['colcon_meta']
[0.272s] Level 1:colcon.colcon_core.package_identification:_identify(src/DynamixelSDK/java/protocol1.0) by extension 'colcon_meta'
[0.272s] Level 1:colcon.colcon_core.package_identification:_identify(src/DynamixelSDK/java/protocol1.0) by extensions ['ros']
[0.272s] Level 1:colcon.colcon_core.package_identification:_identify(src/DynamixelSDK/java/protocol1.0) by extension 'ros'
[0.272s] Level 1:colcon.colcon_core.package_identification:_identify(src/DynamixelSDK/java/protocol1.0) by extensions ['cmake', 'python']
[0.272s] Level 1:colcon.colcon_core.package_identification:_identify(src/DynamixelSDK/java/protocol1.0) by extension 'cmake'
[0.272s] Level 1:colcon.colcon_core.package_identification:_identify(src/DynamixelSDK/java/protocol1.0) by extension 'python'
[0.272s] Level 1:colcon.colcon_core.package_identification:_identify(src/DynamixelSDK/java/protocol1.0) by extensions ['python_setup_py']
[0.272s] Level 1:colcon.colcon_core.package_identification:_identify(src/DynamixelSDK/java/protocol1.0) by extension 'python_setup_py'
[0.272s] Level 1:colcon.colcon_core.package_identification:_identify(src/DynamixelSDK/java/protocol1.0/bulk_read) by extensions ['ignore', 'ignore_ament_install']
[0.272s] Level 1:colcon.colcon_core.package_identification:_identify(src/DynamixelSDK/java/protocol1.0/bulk_read) by extension 'ignore'
[0.272s] Level 1:colcon.colcon_core.package_identification:_identify(src/DynamixelSDK/java/protocol1.0/bulk_read) by extension 'ignore_ament_install'
[0.272s] Level 1:colcon.colcon_core.package_identification:_identify(src/DynamixelSDK/java/protocol1.0/bulk_read) by extensions ['colcon_pkg']
[0.272s] Level 1:colcon.colcon_core.package_identification:_identify(src/DynamixelSDK/java/protocol1.0/bulk_read) by extension 'colcon_pkg'
[0.272s] Level 1:colcon.colcon_core.package_identification:_identify(src/DynamixelSDK/java/protocol1.0/bulk_read) by extensions ['colcon_meta']
[0.273s] Level 1:colcon.colcon_core.package_identification:_identify(src/DynamixelSDK/java/protocol1.0/bulk_read) by extension 'colcon_meta'
[0.273s] Level 1:colcon.colcon_core.package_identification:_identify(src/DynamixelSDK/java/protocol1.0/bulk_read) by extensions ['ros']
[0.273s] Level 1:colcon.colcon_core.package_identification:_identify(src/DynamixelSDK/java/protocol1.0/bulk_read) by extension 'ros'
[0.273s] Level 1:colcon.colcon_core.package_identification:_identify(src/DynamixelSDK/java/protocol1.0/bulk_read) by extensions ['cmake', 'python']
[0.273s] Level 1:colcon.colcon_core.package_identification:_identify(src/DynamixelSDK/java/protocol1.0/bulk_read) by extension 'cmake'
[0.273s] Level 1:colcon.colcon_core.package_identification:_identify(src/DynamixelSDK/java/protocol1.0/bulk_read) by extension 'python'
[0.273s] Level 1:colcon.colcon_core.package_identification:_identify(src/DynamixelSDK/java/protocol1.0/bulk_read) by extensions ['python_setup_py']
[0.273s] Level 1:colcon.colcon_core.package_identification:_identify(src/DynamixelSDK/java/protocol1.0/bulk_read) by extension 'python_setup_py'
[0.273s] Level 1:colcon.colcon_core.package_identification:_identify(src/DynamixelSDK/java/protocol1.0/multi_port) by extensions ['ignore', 'ignore_ament_install']
[0.273s] Level 1:colcon.colcon_core.package_identification:_identify(src/DynamixelSDK/java/protocol1.0/multi_port) by extension 'ignore'
[0.273s] Level 1:colcon.colcon_core.package_identification:_identify(src/DynamixelSDK/java/protocol1.0/multi_port) by extension 'ignore_ament_install'
[0.273s] Level 1:colcon.colcon_core.package_identification:_identify(src/DynamixelSDK/java/protocol1.0/multi_port) by extensions ['colcon_pkg']
[0.273s] Level 1:colcon.colcon_core.package_identification:_identify(src/DynamixelSDK/java/protocol1.0/multi_port) by extension 'colcon_pkg'
[0.273s] Level 1:colcon.colcon_core.package_identification:_identify(src/DynamixelSDK/java/protocol1.0/multi_port) by extensions ['colcon_meta']
[0.273s] Level 1:colcon.colcon_core.package_identification:_identify(src/DynamixelSDK/java/protocol1.0/multi_port) by extension 'colcon_meta'
[0.273s] Level 1:colcon.colcon_core.package_identification:_identify(src/DynamixelSDK/java/protocol1.0/multi_port) by extensions ['ros']
[0.273s] Level 1:colcon.colcon_core.package_identification:_identify(src/DynamixelSDK/java/protocol1.0/multi_port) by extension 'ros'
[0.273s] Level 1:colcon.colcon_core.package_identification:_identify(src/DynamixelSDK/java/protocol1.0/multi_port) by extensions ['cmake', 'python']
[0.273s] Level 1:colcon.colcon_core.package_identification:_identify(src/DynamixelSDK/java/protocol1.0/multi_port) by extension 'cmake'
[0.273s] Level 1:colcon.colcon_core.package_identification:_identify(src/DynamixelSDK/java/protocol1.0/multi_port) by extension 'python'
[0.273s] Level 1:colcon.colcon_core.package_identification:_identify(src/DynamixelSDK/java/protocol1.0/multi_port) by extensions ['python_setup_py']
[0.273s] Level 1:colcon.colcon_core.package_identification:_identify(src/DynamixelSDK/java/protocol1.0/multi_port) by extension 'python_setup_py'
[0.273s] Level 1:colcon.colcon_core.package_identification:_identify(src/DynamixelSDK/java/protocol1.0/ping) by extensions ['ignore', 'ignore_ament_install']
[0.273s] Level 1:colcon.colcon_core.package_identification:_identify(src/DynamixelSDK/java/protocol1.0/ping) by extension 'ignore'
[0.274s] Level 1:colcon.colcon_core.package_identification:_identify(src/DynamixelSDK/java/protocol1.0/ping) by extension 'ignore_ament_install'
[0.274s] Level 1:colcon.colcon_core.package_identification:_identify(src/DynamixelSDK/java/protocol1.0/ping) by extensions ['colcon_pkg']
[0.274s] Level 1:colcon.colcon_core.package_identification:_identify(src/DynamixelSDK/java/protocol1.0/ping) by extension 'colcon_pkg'
[0.274s] Level 1:colcon.colcon_core.package_identification:_identify(src/DynamixelSDK/java/protocol1.0/ping) by extensions ['colcon_meta']
[0.274s] Level 1:colcon.colcon_core.package_identification:_identify(src/DynamixelSDK/java/protocol1.0/ping) by extension 'colcon_meta'
[0.274s] Level 1:colcon.colcon_core.package_identification:_identify(src/DynamixelSDK/java/protocol1.0/ping) by extensions ['ros']
[0.274s] Level 1:colcon.colcon_core.package_identification:_identify(src/DynamixelSDK/java/protocol1.0/ping) by extension 'ros'
[0.274s] Level 1:colcon.colcon_core.package_identification:_identify(src/DynamixelSDK/java/protocol1.0/ping) by extensions ['cmake', 'python']
[0.274s] Level 1:colcon.colcon_core.package_identification:_identify(src/DynamixelSDK/java/protocol1.0/ping) by extension 'cmake'
[0.274s] Level 1:colcon.colcon_core.package_identification:_identify(src/DynamixelSDK/java/protocol1.0/ping) by extension 'python'
[0.274s] Level 1:colcon.colcon_core.package_identification:_identify(src/DynamixelSDK/java/protocol1.0/ping) by extensions ['python_setup_py']
[0.274s] Level 1:colcon.colcon_core.package_identification:_identify(src/DynamixelSDK/java/protocol1.0/ping) by extension 'python_setup_py'
[0.274s] Level 1:colcon.colcon_core.package_identification:_identify(src/DynamixelSDK/java/protocol1.0/read_write) by extensions ['ignore', 'ignore_ament_install']
[0.274s] Level 1:colcon.colcon_core.package_identification:_identify(src/DynamixelSDK/java/protocol1.0/read_write) by extension 'ignore'
[0.274s] Level 1:colcon.colcon_core.package_identification:_identify(src/DynamixelSDK/java/protocol1.0/read_write) by extension 'ignore_ament_install'
[0.274s] Level 1:colcon.colcon_core.package_identification:_identify(src/DynamixelSDK/java/protocol1.0/read_write) by extensions ['colcon_pkg']
[0.274s] Level 1:colcon.colcon_core.package_identification:_identify(src/DynamixelSDK/java/protocol1.0/read_write) by extension 'colcon_pkg'
[0.274s] Level 1:colcon.colcon_core.package_identification:_identify(src/DynamixelSDK/java/protocol1.0/read_write) by extensions ['colcon_meta']
[0.274s] Level 1:colcon.colcon_core.package_identification:_identify(src/DynamixelSDK/java/protocol1.0/read_write) by extension 'colcon_meta'
[0.274s] Level 1:colcon.colcon_core.package_identification:_identify(src/DynamixelSDK/java/protocol1.0/read_write) by extensions ['ros']
[0.274s] Level 1:colcon.colcon_core.package_identification:_identify(src/DynamixelSDK/java/protocol1.0/read_write) by extension 'ros'
[0.274s] Level 1:colcon.colcon_core.package_identification:_identify(src/DynamixelSDK/java/protocol1.0/read_write) by extensions ['cmake', 'python']
[0.274s] Level 1:colcon.colcon_core.package_identification:_identify(src/DynamixelSDK/java/protocol1.0/read_write) by extension 'cmake'
[0.274s] Level 1:colcon.colcon_core.package_identification:_identify(src/DynamixelSDK/java/protocol1.0/read_write) by extension 'python'
[0.275s] Level 1:colcon.colcon_core.package_identification:_identify(src/DynamixelSDK/java/protocol1.0/read_write) by extensions ['python_setup_py']
[0.275s] Level 1:colcon.colcon_core.package_identification:_identify(src/DynamixelSDK/java/protocol1.0/read_write) by extension 'python_setup_py'
[0.275s] Level 1:colcon.colcon_core.package_identification:_identify(src/DynamixelSDK/java/protocol1.0/reset) by extensions ['ignore', 'ignore_ament_install']
[0.275s] Level 1:colcon.colcon_core.package_identification:_identify(src/DynamixelSDK/java/protocol1.0/reset) by extension 'ignore'
[0.275s] Level 1:colcon.colcon_core.package_identification:_identify(src/DynamixelSDK/java/protocol1.0/reset) by extension 'ignore_ament_install'
[0.275s] Level 1:colcon.colcon_core.package_identification:_identify(src/DynamixelSDK/java/protocol1.0/reset) by extensions ['colcon_pkg']
[0.275s] Level 1:colcon.colcon_core.package_identification:_identify(src/DynamixelSDK/java/protocol1.0/reset) by extension 'colcon_pkg'
[0.275s] Level 1:colcon.colcon_core.package_identification:_identify(src/DynamixelSDK/java/protocol1.0/reset) by extensions ['colcon_meta']
[0.275s] Level 1:colcon.colcon_core.package_identification:_identify(src/DynamixelSDK/java/protocol1.0/reset) by extension 'colcon_meta'
[0.275s] Level 1:colcon.colcon_core.package_identification:_identify(src/DynamixelSDK/java/protocol1.0/reset) by extensions ['ros']
[0.275s] Level 1:colcon.colcon_core.package_identification:_identify(src/DynamixelSDK/java/protocol1.0/reset) by extension 'ros'
[0.275s] Level 1:colcon.colcon_core.package_identification:_identify(src/DynamixelSDK/java/protocol1.0/reset) by extensions ['cmake', 'python']
[0.275s] Level 1:colcon.colcon_core.package_identification:_identify(src/DynamixelSDK/java/protocol1.0/reset) by extension 'cmake'
[0.275s] Level 1:colcon.colcon_core.package_identification:_identify(src/DynamixelSDK/java/protocol1.0/reset) by extension 'python'
[0.275s] Level 1:colcon.colcon_core.package_identification:_identify(src/DynamixelSDK/java/protocol1.0/reset) by extensions ['python_setup_py']
[0.275s] Level 1:colcon.colcon_core.package_identification:_identify(src/DynamixelSDK/java/protocol1.0/reset) by extension 'python_setup_py'
[0.275s] Level 1:colcon.colcon_core.package_identification:_identify(src/DynamixelSDK/java/protocol1.0/sync_write) by extensions ['ignore', 'ignore_ament_install']
[0.275s] Level 1:colcon.colcon_core.package_identification:_identify(src/DynamixelSDK/java/protocol1.0/sync_write) by extension 'ignore'
[0.275s] Level 1:colcon.colcon_core.package_identification:_identify(src/DynamixelSDK/java/protocol1.0/sync_write) by extension 'ignore_ament_install'
[0.275s] Level 1:colcon.colcon_core.package_identification:_identify(src/DynamixelSDK/java/protocol1.0/sync_write) by extensions ['colcon_pkg']
[0.275s] Level 1:colcon.colcon_core.package_identification:_identify(src/DynamixelSDK/java/protocol1.0/sync_write) by extension 'colcon_pkg'
[0.275s] Level 1:colcon.colcon_core.package_identification:_identify(src/DynamixelSDK/java/protocol1.0/sync_write) by extensions ['colcon_meta']
[0.275s] Level 1:colcon.colcon_core.package_identification:_identify(src/DynamixelSDK/java/protocol1.0/sync_write) by extension 'colcon_meta'
[0.275s] Level 1:colcon.colcon_core.package_identification:_identify(src/DynamixelSDK/java/protocol1.0/sync_write) by extensions ['ros']
[0.275s] Level 1:colcon.colcon_core.package_identification:_identify(src/DynamixelSDK/java/protocol1.0/sync_write) by extension 'ros'
[0.276s] Level 1:colcon.colcon_core.package_identification:_identify(src/DynamixelSDK/java/protocol1.0/sync_write) by extensions ['cmake', 'python']
[0.276s] Level 1:colcon.colcon_core.package_identification:_identify(src/DynamixelSDK/java/protocol1.0/sync_write) by extension 'cmake'
[0.276s] Level 1:colcon.colcon_core.package_identification:_identify(src/DynamixelSDK/java/protocol1.0/sync_write) by extension 'python'
[0.276s] Level 1:colcon.colcon_core.package_identification:_identify(src/DynamixelSDK/java/protocol1.0/sync_write) by extensions ['python_setup_py']
[0.276s] Level 1:colcon.colcon_core.package_identification:_identify(src/DynamixelSDK/java/protocol1.0/sync_write) by extension 'python_setup_py'
[0.276s] Level 1:colcon.colcon_core.package_identification:_identify(src/DynamixelSDK/java/protocol2.0) by extensions ['ignore', 'ignore_ament_install']
[0.276s] Level 1:colcon.colcon_core.package_identification:_identify(src/DynamixelSDK/java/protocol2.0) by extension 'ignore'
[0.276s] Level 1:colcon.colcon_core.package_identification:_identify(src/DynamixelSDK/java/protocol2.0) by extension 'ignore_ament_install'
[0.276s] Level 1:colcon.colcon_core.package_identification:_identify(src/DynamixelSDK/java/protocol2.0) by extensions ['colcon_pkg']
[0.276s] Level 1:colcon.colcon_core.package_identification:_identify(src/DynamixelSDK/java/protocol2.0) by extension 'colcon_pkg'
[0.276s] Level 1:colcon.colcon_core.package_identification:_identify(src/DynamixelSDK/java/protocol2.0) by extensions ['colcon_meta']
[0.276s] Level 1:colcon.colcon_core.package_identification:_identify(src/DynamixelSDK/java/protocol2.0) by extension 'colcon_meta'
[0.276s] Level 1:colcon.colcon_core.package_identification:_identify(src/DynamixelSDK/java/protocol2.0) by extensions ['ros']
[0.276s] Level 1:colcon.colcon_core.package_identification:_identify(src/DynamixelSDK/java/protocol2.0) by extension 'ros'
[0.276s] Level 1:colcon.colcon_core.package_identification:_identify(src/DynamixelSDK/java/protocol2.0) by extensions ['cmake', 'python']
[0.276s] Level 1:colcon.colcon_core.package_identification:_identify(src/DynamixelSDK/java/protocol2.0) by extension 'cmake'
[0.276s] Level 1:colcon.colcon_core.package_identification:_identify(src/DynamixelSDK/java/protocol2.0) by extension 'python'
[0.276s] Level 1:colcon.colcon_core.package_identification:_identify(src/DynamixelSDK/java/protocol2.0) by extensions ['python_setup_py']
[0.276s] Level 1:colcon.colcon_core.package_identification:_identify(src/DynamixelSDK/java/protocol2.0) by extension 'python_setup_py'
[0.276s] Level 1:colcon.colcon_core.package_identification:_identify(src/DynamixelSDK/java/protocol2.0/broadcast_ping) by extensions ['ignore', 'ignore_ament_install']
[0.276s] Level 1:colcon.colcon_core.package_identification:_identify(src/DynamixelSDK/java/protocol2.0/broadcast_ping) by extension 'ignore'
[0.276s] Level 1:colcon.colcon_core.package_identification:_identify(src/DynamixelSDK/java/protocol2.0/broadcast_ping) by extension 'ignore_ament_install'
[0.277s] Level 1:colcon.colcon_core.package_identification:_identify(src/DynamixelSDK/java/protocol2.0/broadcast_ping) by extensions ['colcon_pkg']
[0.277s] Level 1:colcon.colcon_core.package_identification:_identify(src/DynamixelSDK/java/protocol2.0/broadcast_ping) by extension 'colcon_pkg'
[0.277s] Level 1:colcon.colcon_core.package_identification:_identify(src/DynamixelSDK/java/protocol2.0/broadcast_ping) by extensions ['colcon_meta']
[0.277s] Level 1:colcon.colcon_core.package_identification:_identify(src/DynamixelSDK/java/protocol2.0/broadcast_ping) by extension 'colcon_meta'
[0.277s] Level 1:colcon.colcon_core.package_identification:_identify(src/DynamixelSDK/java/protocol2.0/broadcast_ping) by extensions ['ros']
[0.277s] Level 1:colcon.colcon_core.package_identification:_identify(src/DynamixelSDK/java/protocol2.0/broadcast_ping) by extension 'ros'
[0.277s] Level 1:colcon.colcon_core.package_identification:_identify(src/DynamixelSDK/java/protocol2.0/broadcast_ping) by extensions ['cmake', 'python']
[0.277s] Level 1:colcon.colcon_core.package_identification:_identify(src/DynamixelSDK/java/protocol2.0/broadcast_ping) by extension 'cmake'
[0.277s] Level 1:colcon.colcon_core.package_identification:_identify(src/DynamixelSDK/java/protocol2.0/broadcast_ping) by extension 'python'
[0.277s] Level 1:colcon.colcon_core.package_identification:_identify(src/DynamixelSDK/java/protocol2.0/broadcast_ping) by extensions ['python_setup_py']
[0.277s] Level 1:colcon.colcon_core.package_identification:_identify(src/DynamixelSDK/java/protocol2.0/broadcast_ping) by extension 'python_setup_py'
[0.277s] Level 1:colcon.colcon_core.package_identification:_identify(src/DynamixelSDK/java/protocol2.0/bulk_read_write) by extensions ['ignore', 'ignore_ament_install']
[0.277s] Level 1:colcon.colcon_core.package_identification:_identify(src/DynamixelSDK/java/protocol2.0/bulk_read_write) by extension 'ignore'
[0.277s] Level 1:colcon.colcon_core.package_identification:_identify(src/DynamixelSDK/java/protocol2.0/bulk_read_write) by extension 'ignore_ament_install'
[0.277s] Level 1:colcon.colcon_core.package_identification:_identify(src/DynamixelSDK/java/protocol2.0/bulk_read_write) by extensions ['colcon_pkg']
[0.277s] Level 1:colcon.colcon_core.package_identification:_identify(src/DynamixelSDK/java/protocol2.0/bulk_read_write) by extension 'colcon_pkg'
[0.277s] Level 1:colcon.colcon_core.package_identification:_identify(src/DynamixelSDK/java/protocol2.0/bulk_read_write) by extensions ['colcon_meta']
[0.277s] Level 1:colcon.colcon_core.package_identification:_identify(src/DynamixelSDK/java/protocol2.0/bulk_read_write) by extension 'colcon_meta'
[0.277s] Level 1:colcon.colcon_core.package_identification:_identify(src/DynamixelSDK/java/protocol2.0/bulk_read_write) by extensions ['ros']
[0.277s] Level 1:colcon.colcon_core.package_identification:_identify(src/DynamixelSDK/java/protocol2.0/bulk_read_write) by extension 'ros'
[0.277s] Level 1:colcon.colcon_core.package_identification:_identify(src/DynamixelSDK/java/protocol2.0/bulk_read_write) by extensions ['cmake', 'python']
[0.277s] Level 1:colcon.colcon_core.package_identification:_identify(src/DynamixelSDK/java/protocol2.0/bulk_read_write) by extension 'cmake'
[0.277s] Level 1:colcon.colcon_core.package_identification:_identify(src/DynamixelSDK/java/protocol2.0/bulk_read_write) by extension 'python'
[0.277s] Level 1:colcon.colcon_core.package_identification:_identify(src/DynamixelSDK/java/protocol2.0/bulk_read_write) by extensions ['python_setup_py']
[0.277s] Level 1:colcon.colcon_core.package_identification:_identify(src/DynamixelSDK/java/protocol2.0/bulk_read_write) by extension 'python_setup_py'
[0.277s] Level 1:colcon.colcon_core.package_identification:_identify(src/DynamixelSDK/java/protocol2.0/clear_multi_turn) by extensions ['ignore', 'ignore_ament_install']
[0.278s] Level 1:colcon.colcon_core.package_identification:_identify(src/DynamixelSDK/java/protocol2.0/clear_multi_turn) by extension 'ignore'
[0.278s] Level 1:colcon.colcon_core.package_identification:_identify(src/DynamixelSDK/java/protocol2.0/clear_multi_turn) by extension 'ignore_ament_install'
[0.278s] Level 1:colcon.colcon_core.package_identification:_identify(src/DynamixelSDK/java/protocol2.0/clear_multi_turn) by extensions ['colcon_pkg']
[0.278s] Level 1:colcon.colcon_core.package_identification:_identify(src/DynamixelSDK/java/protocol2.0/clear_multi_turn) by extension 'colcon_pkg'
[0.278s] Level 1:colcon.colcon_core.package_identification:_identify(src/DynamixelSDK/java/protocol2.0/clear_multi_turn) by extensions ['colcon_meta']
[0.278s] Level 1:colcon.colcon_core.package_identification:_identify(src/DynamixelSDK/java/protocol2.0/clear_multi_turn) by extension 'colcon_meta'
[0.278s] Level 1:colcon.colcon_core.package_identification:_identify(src/DynamixelSDK/java/protocol2.0/clear_multi_turn) by extensions ['ros']
[0.278s] Level 1:colcon.colcon_core.package_identification:_identify(src/DynamixelSDK/java/protocol2.0/clear_multi_turn) by extension 'ros'
[0.278s] Level 1:colcon.colcon_core.package_identification:_identify(src/DynamixelSDK/java/protocol2.0/clear_multi_turn) by extensions ['cmake', 'python']
[0.278s] Level 1:colcon.colcon_core.package_identification:_identify(src/DynamixelSDK/java/protocol2.0/clear_multi_turn) by extension 'cmake'
[0.278s] Level 1:colcon.colcon_core.package_identification:_identify(src/DynamixelSDK/java/protocol2.0/clear_multi_turn) by extension 'python'
[0.278s] Level 1:colcon.colcon_core.package_identification:_identify(src/DynamixelSDK/java/protocol2.0/clear_multi_turn) by extensions ['python_setup_py']
[0.278s] Level 1:colcon.colcon_core.package_identification:_identify(src/DynamixelSDK/java/protocol2.0/clear_multi_turn) by extension 'python_setup_py'
[0.278s] Level 1:colcon.colcon_core.package_identification:_identify(src/DynamixelSDK/java/protocol2.0/factory_reset) by extensions ['ignore', 'ignore_ament_install']
[0.278s] Level 1:colcon.colcon_core.package_identification:_identify(src/DynamixelSDK/java/protocol2.0/factory_reset) by extension 'ignore'
[0.278s] Level 1:colcon.colcon_core.package_identification:_identify(src/DynamixelSDK/java/protocol2.0/factory_reset) by extension 'ignore_ament_install'
[0.278s] Level 1:colcon.colcon_core.package_identification:_identify(src/DynamixelSDK/java/protocol2.0/factory_reset) by extensions ['colcon_pkg']
[0.278s] Level 1:colcon.colcon_core.package_identification:_identify(src/DynamixelSDK/java/protocol2.0/factory_reset) by extension 'colcon_pkg'
[0.278s] Level 1:colcon.colcon_core.package_identification:_identify(src/DynamixelSDK/java/protocol2.0/factory_reset) by extensions ['colcon_meta']
[0.278s] Level 1:colcon.colcon_core.package_identification:_identify(src/DynamixelSDK/java/protocol2.0/factory_reset) by extension 'colcon_meta'
[0.278s] Level 1:colcon.colcon_core.package_identification:_identify(src/DynamixelSDK/java/protocol2.0/factory_reset) by extensions ['ros']
[0.278s] Level 1:colcon.colcon_core.package_identification:_identify(src/DynamixelSDK/java/protocol2.0/factory_reset) by extension 'ros'
[0.278s] Level 1:colcon.colcon_core.package_identification:_identify(src/DynamixelSDK/java/protocol2.0/factory_reset) by extensions ['cmake', 'python']
[0.279s] Level 1:colcon.colcon_core.package_identification:_identify(src/DynamixelSDK/java/protocol2.0/factory_reset) by extension 'cmake'
[0.279s] Level 1:colcon.colcon_core.package_identification:_identify(src/DynamixelSDK/java/protocol2.0/factory_reset) by extension 'python'
[0.279s] Level 1:colcon.colcon_core.package_identification:_identify(src/DynamixelSDK/java/protocol2.0/factory_reset) by extensions ['python_setup_py']
[0.279s] Level 1:colcon.colcon_core.package_identification:_identify(src/DynamixelSDK/java/protocol2.0/factory_reset) by extension 'python_setup_py'
[0.279s] Level 1:colcon.colcon_core.package_identification:_identify(src/DynamixelSDK/java/protocol2.0/indirect_address) by extensions ['ignore', 'ignore_ament_install']
[0.279s] Level 1:colcon.colcon_core.package_identification:_identify(src/DynamixelSDK/java/protocol2.0/indirect_address) by extension 'ignore'
[0.279s] Level 1:colcon.colcon_core.package_identification:_identify(src/DynamixelSDK/java/protocol2.0/indirect_address) by extension 'ignore_ament_install'
[0.279s] Level 1:colcon.colcon_core.package_identification:_identify(src/DynamixelSDK/java/protocol2.0/indirect_address) by extensions ['colcon_pkg']
[0.279s] Level 1:colcon.colcon_core.package_identification:_identify(src/DynamixelSDK/java/protocol2.0/indirect_address) by extension 'colcon_pkg'
[0.279s] Level 1:colcon.colcon_core.package_identification:_identify(src/DynamixelSDK/java/protocol2.0/indirect_address) by extensions ['colcon_meta']
[0.279s] Level 1:colcon.colcon_core.package_identification:_identify(src/DynamixelSDK/java/protocol2.0/indirect_address) by extension 'colcon_meta'
[0.279s] Level 1:colcon.colcon_core.package_identification:_identify(src/DynamixelSDK/java/protocol2.0/indirect_address) by extensions ['ros']
[0.279s] Level 1:colcon.colcon_core.package_identification:_identify(src/DynamixelSDK/java/protocol2.0/indirect_address) by extension 'ros'
[0.279s] Level 1:colcon.colcon_core.package_identification:_identify(src/DynamixelSDK/java/protocol2.0/indirect_address) by extensions ['cmake', 'python']
[0.279s] Level 1:colcon.colcon_core.package_identification:_identify(src/DynamixelSDK/java/protocol2.0/indirect_address) by extension 'cmake'
[0.279s] Level 1:colcon.colcon_core.package_identification:_identify(src/DynamixelSDK/java/protocol2.0/indirect_address) by extension 'python'
[0.279s] Level 1:colcon.colcon_core.package_identification:_identify(src/DynamixelSDK/java/protocol2.0/indirect_address) by extensions ['python_setup_py']
[0.279s] Level 1:colcon.colcon_core.package_identification:_identify(src/DynamixelSDK/java/protocol2.0/indirect_address) by extension 'python_setup_py'
[0.279s] Level 1:colcon.colcon_core.package_identification:_identify(src/DynamixelSDK/java/protocol2.0/multi_port) by extensions ['ignore', 'ignore_ament_install']
[0.279s] Level 1:colcon.colcon_core.package_identification:_identify(src/DynamixelSDK/java/protocol2.0/multi_port) by extension 'ignore'
[0.279s] Level 1:colcon.colcon_core.package_identification:_identify(src/DynamixelSDK/java/protocol2.0/multi_port) by extension 'ignore_ament_install'
[0.279s] Level 1:colcon.colcon_core.package_identification:_identify(src/DynamixelSDK/java/protocol2.0/multi_port) by extensions ['colcon_pkg']
[0.279s] Level 1:colcon.colcon_core.package_identification:_identify(src/DynamixelSDK/java/protocol2.0/multi_port) by extension 'colcon_pkg'
[0.279s] Level 1:colcon.colcon_core.package_identification:_identify(src/DynamixelSDK/java/protocol2.0/multi_port) by extensions ['colcon_meta']
[0.279s] Level 1:colcon.colcon_core.package_identification:_identify(src/DynamixelSDK/java/protocol2.0/multi_port) by extension 'colcon_meta'
[0.280s] Level 1:colcon.colcon_core.package_identification:_identify(src/DynamixelSDK/java/protocol2.0/multi_port) by extensions ['ros']
[0.280s] Level 1:colcon.colcon_core.package_identification:_identify(src/DynamixelSDK/java/protocol2.0/multi_port) by extension 'ros'
[0.280s] Level 1:colcon.colcon_core.package_identification:_identify(src/DynamixelSDK/java/protocol2.0/multi_port) by extensions ['cmake', 'python']
[0.280s] Level 1:colcon.colcon_core.package_identification:_identify(src/DynamixelSDK/java/protocol2.0/multi_port) by extension 'cmake'
[0.280s] Level 1:colcon.colcon_core.package_identification:_identify(src/DynamixelSDK/java/protocol2.0/multi_port) by extension 'python'
[0.280s] Level 1:colcon.colcon_core.package_identification:_identify(src/DynamixelSDK/java/protocol2.0/multi_port) by extensions ['python_setup_py']
[0.280s] Level 1:colcon.colcon_core.package_identification:_identify(src/DynamixelSDK/java/protocol2.0/multi_port) by extension 'python_setup_py'
[0.280s] Level 1:colcon.colcon_core.package_identification:_identify(src/DynamixelSDK/java/protocol2.0/ping) by extensions ['ignore', 'ignore_ament_install']
[0.280s] Level 1:colcon.colcon_core.package_identification:_identify(src/DynamixelSDK/java/protocol2.0/ping) by extension 'ignore'
[0.280s] Level 1:colcon.colcon_core.package_identification:_identify(src/DynamixelSDK/java/protocol2.0/ping) by extension 'ignore_ament_install'
[0.280s] Level 1:colcon.colcon_core.package_identification:_identify(src/DynamixelSDK/java/protocol2.0/ping) by extensions ['colcon_pkg']
[0.280s] Level 1:colcon.colcon_core.package_identification:_identify(src/DynamixelSDK/java/protocol2.0/ping) by extension 'colcon_pkg'
[0.280s] Level 1:colcon.colcon_core.package_identification:_identify(src/DynamixelSDK/java/protocol2.0/ping) by extensions ['colcon_meta']
[0.280s] Level 1:colcon.colcon_core.package_identification:_identify(src/DynamixelSDK/java/protocol2.0/ping) by extension 'colcon_meta'
[0.280s] Level 1:colcon.colcon_core.package_identification:_identify(src/DynamixelSDK/java/protocol2.0/ping) by extensions ['ros']
[0.280s] Level 1:colcon.colcon_core.package_identification:_identify(src/DynamixelSDK/java/protocol2.0/ping) by extension 'ros'
[0.280s] Level 1:colcon.colcon_core.package_identification:_identify(src/DynamixelSDK/java/protocol2.0/ping) by extensions ['cmake', 'python']
[0.280s] Level 1:colcon.colcon_core.package_identification:_identify(src/DynamixelSDK/java/protocol2.0/ping) by extension 'cmake'
[0.280s] Level 1:colcon.colcon_core.package_identification:_identify(src/DynamixelSDK/java/protocol2.0/ping) by extension 'python'
[0.280s] Level 1:colcon.colcon_core.package_identification:_identify(src/DynamixelSDK/java/protocol2.0/ping) by extensions ['python_setup_py']
[0.280s] Level 1:colcon.colcon_core.package_identification:_identify(src/DynamixelSDK/java/protocol2.0/ping) by extension 'python_setup_py'
[0.280s] Level 1:colcon.colcon_core.package_identification:_identify(src/DynamixelSDK/java/protocol2.0/read_write) by extensions ['ignore', 'ignore_ament_install']
[0.280s] Level 1:colcon.colcon_core.package_identification:_identify(src/DynamixelSDK/java/protocol2.0/read_write) by extension 'ignore'
[0.281s] Level 1:colcon.colcon_core.package_identification:_identify(src/DynamixelSDK/java/protocol2.0/read_write) by extension 'ignore_ament_install'
[0.281s] Level 1:colcon.colcon_core.package_identification:_identify(src/DynamixelSDK/java/protocol2.0/read_write) by extensions ['colcon_pkg']
[0.281s] Level 1:colcon.colcon_core.package_identification:_identify(src/DynamixelSDK/java/protocol2.0/read_write) by extension 'colcon_pkg'
[0.281s] Level 1:colcon.colcon_core.package_identification:_identify(src/DynamixelSDK/java/protocol2.0/read_write) by extensions ['colcon_meta']
[0.281s] Level 1:colcon.colcon_core.package_identification:_identify(src/DynamixelSDK/java/protocol2.0/read_write) by extension 'colcon_meta'
[0.281s] Level 1:colcon.colcon_core.package_identification:_identify(src/DynamixelSDK/java/protocol2.0/read_write) by extensions ['ros']
[0.281s] Level 1:colcon.colcon_core.package_identification:_identify(src/DynamixelSDK/java/protocol2.0/read_write) by extension 'ros'
[0.281s] Level 1:colcon.colcon_core.package_identification:_identify(src/DynamixelSDK/java/protocol2.0/read_write) by extensions ['cmake', 'python']
[0.281s] Level 1:colcon.colcon_core.package_identification:_identify(src/DynamixelSDK/java/protocol2.0/read_write) by extension 'cmake'
[0.281s] Level 1:colcon.colcon_core.package_identification:_identify(src/DynamixelSDK/java/protocol2.0/read_write) by extension 'python'
[0.281s] Level 1:colcon.colcon_core.package_identification:_identify(src/DynamixelSDK/java/protocol2.0/read_write) by extensions ['python_setup_py']
[0.281s] Level 1:colcon.colcon_core.package_identification:_identify(src/DynamixelSDK/java/protocol2.0/read_write) by extension 'python_setup_py'
[0.281s] Level 1:colcon.colcon_core.package_identification:_identify(src/DynamixelSDK/java/protocol2.0/reboot) by extensions ['ignore', 'ignore_ament_install']
[0.281s] Level 1:colcon.colcon_core.package_identification:_identify(src/DynamixelSDK/java/protocol2.0/reboot) by extension 'ignore'
[0.281s] Level 1:colcon.colcon_core.package_identification:_identify(src/DynamixelSDK/java/protocol2.0/reboot) by extension 'ignore_ament_install'
[0.281s] Level 1:colcon.colcon_core.package_identification:_identify(src/DynamixelSDK/java/protocol2.0/reboot) by extensions ['colcon_pkg']
[0.281s] Level 1:colcon.colcon_core.package_identification:_identify(src/DynamixelSDK/java/protocol2.0/reboot) by extension 'colcon_pkg'
[0.281s] Level 1:colcon.colcon_core.package_identification:_identify(src/DynamixelSDK/java/protocol2.0/reboot) by extensions ['colcon_meta']
[0.281s] Level 1:colcon.colcon_core.package_identification:_identify(src/DynamixelSDK/java/protocol2.0/reboot) by extension 'colcon_meta'
[0.281s] Level 1:colcon.colcon_core.package_identification:_identify(src/DynamixelSDK/java/protocol2.0/reboot) by extensions ['ros']
[0.281s] Level 1:colcon.colcon_core.package_identification:_identify(src/DynamixelSDK/java/protocol2.0/reboot) by extension 'ros'
[0.281s] Level 1:colcon.colcon_core.package_identification:_identify(src/DynamixelSDK/java/protocol2.0/reboot) by extensions ['cmake', 'python']
[0.281s] Level 1:colcon.colcon_core.package_identification:_identify(src/DynamixelSDK/java/protocol2.0/reboot) by extension 'cmake'
[0.281s] Level 1:colcon.colcon_core.package_identification:_identify(src/DynamixelSDK/java/protocol2.0/reboot) by extension 'python'
[0.281s] Level 1:colcon.colcon_core.package_identification:_identify(src/DynamixelSDK/java/protocol2.0/reboot) by extensions ['python_setup_py']
[0.281s] Level 1:colcon.colcon_core.package_identification:_identify(src/DynamixelSDK/java/protocol2.0/reboot) by extension 'python_setup_py'
[0.282s] Level 1:colcon.colcon_core.package_identification:_identify(src/DynamixelSDK/java/protocol2.0/sync_read_write) by extensions ['ignore', 'ignore_ament_install']
[0.282s] Level 1:colcon.colcon_core.package_identification:_identify(src/DynamixelSDK/java/protocol2.0/sync_read_write) by extension 'ignore'
[0.282s] Level 1:colcon.colcon_core.package_identification:_identify(src/DynamixelSDK/java/protocol2.0/sync_read_write) by extension 'ignore_ament_install'
[0.282s] Level 1:colcon.colcon_core.package_identification:_identify(src/DynamixelSDK/java/protocol2.0/sync_read_write) by extensions ['colcon_pkg']
[0.282s] Level 1:colcon.colcon_core.package_identification:_identify(src/DynamixelSDK/java/protocol2.0/sync_read_write) by extension 'colcon_pkg'
[0.282s] Level 1:colcon.colcon_core.package_identification:_identify(src/DynamixelSDK/java/protocol2.0/sync_read_write) by extensions ['colcon_meta']
[0.282s] Level 1:colcon.colcon_core.package_identification:_identify(src/DynamixelSDK/java/protocol2.0/sync_read_write) by extension 'colcon_meta'
[0.282s] Level 1:colcon.colcon_core.package_identification:_identify(src/DynamixelSDK/java/protocol2.0/sync_read_write) by extensions ['ros']
[0.282s] Level 1:colcon.colcon_core.package_identification:_identify(src/DynamixelSDK/java/protocol2.0/sync_read_write) by extension 'ros'
[0.282s] Level 1:colcon.colcon_core.package_identification:_identify(src/DynamixelSDK/java/protocol2.0/sync_read_write) by extensions ['cmake', 'python']
[0.282s] Level 1:colcon.colcon_core.package_identification:_identify(src/DynamixelSDK/java/protocol2.0/sync_read_write) by extension 'cmake'
[0.282s] Level 1:colcon.colcon_core.package_identification:_identify(src/DynamixelSDK/java/protocol2.0/sync_read_write) by extension 'python'
[0.282s] Level 1:colcon.colcon_core.package_identification:_identify(src/DynamixelSDK/java/protocol2.0/sync_read_write) by extensions ['python_setup_py']
[0.282s] Level 1:colcon.colcon_core.package_identification:_identify(src/DynamixelSDK/java/protocol2.0/sync_read_write) by extension 'python_setup_py'
[0.282s] Level 1:colcon.colcon_core.package_identification:_identify(src/DynamixelSDK/java/protocol_combined) by extensions ['ignore', 'ignore_ament_install']
[0.282s] Level 1:colcon.colcon_core.package_identification:_identify(src/DynamixelSDK/java/protocol_combined) by extension 'ignore'
[0.282s] Level 1:colcon.colcon_core.package_identification:_identify(src/DynamixelSDK/java/protocol_combined) by extension 'ignore_ament_install'
[0.282s] Level 1:colcon.colcon_core.package_identification:_identify(src/DynamixelSDK/java/protocol_combined) by extensions ['colcon_pkg']
[0.282s] Level 1:colcon.colcon_core.package_identification:_identify(src/DynamixelSDK/java/protocol_combined) by extension 'colcon_pkg'
[0.282s] Level 1:colcon.colcon_core.package_identification:_identify(src/DynamixelSDK/java/protocol_combined) by extensions ['colcon_meta']
[0.282s] Level 1:colcon.colcon_core.package_identification:_identify(src/DynamixelSDK/java/protocol_combined) by extension 'colcon_meta'
[0.282s] Level 1:colcon.colcon_core.package_identification:_identify(src/DynamixelSDK/java/protocol_combined) by extensions ['ros']
[0.282s] Level 1:colcon.colcon_core.package_identification:_identify(src/DynamixelSDK/java/protocol_combined) by extension 'ros'
[0.282s] Level 1:colcon.colcon_core.package_identification:_identify(src/DynamixelSDK/java/protocol_combined) by extensions ['cmake', 'python']
[0.283s] Level 1:colcon.colcon_core.package_identification:_identify(src/DynamixelSDK/java/protocol_combined) by extension 'cmake'
[0.283s] Level 1:colcon.colcon_core.package_identification:_identify(src/DynamixelSDK/java/protocol_combined) by extension 'python'
[0.283s] Level 1:colcon.colcon_core.package_identification:_identify(src/DynamixelSDK/java/protocol_combined) by extensions ['python_setup_py']
[0.283s] Level 1:colcon.colcon_core.package_identification:_identify(src/DynamixelSDK/java/protocol_combined) by extension 'python_setup_py'
[0.283s] Level 1:colcon.colcon_core.package_identification:_identify(src/DynamixelSDK/labview) by extensions ['ignore', 'ignore_ament_install']
[0.283s] Level 1:colcon.colcon_core.package_identification:_identify(src/DynamixelSDK/labview) by extension 'ignore'
[0.283s] Level 1:colcon.colcon_core.package_identification:_identify(src/DynamixelSDK/labview) by extension 'ignore_ament_install'
[0.283s] Level 1:colcon.colcon_core.package_identification:_identify(src/DynamixelSDK/labview) by extensions ['colcon_pkg']
[0.283s] Level 1:colcon.colcon_core.package_identification:_identify(src/DynamixelSDK/labview) by extension 'colcon_pkg'
[0.283s] Level 1:colcon.colcon_core.package_identification:_identify(src/DynamixelSDK/labview) by extensions ['colcon_meta']
[0.283s] Level 1:colcon.colcon_core.package_identification:_identify(src/DynamixelSDK/labview) by extension 'colcon_meta'
[0.283s] Level 1:colcon.colcon_core.package_identification:_identify(src/DynamixelSDK/labview) by extensions ['ros']
[0.283s] Level 1:colcon.colcon_core.package_identification:_identify(src/DynamixelSDK/labview) by extension 'ros'
[0.283s] Level 1:colcon.colcon_core.package_identification:_identify(src/DynamixelSDK/labview) by extensions ['cmake', 'python']
[0.283s] Level 1:colcon.colcon_core.package_identification:_identify(src/DynamixelSDK/labview) by extension 'cmake'
[0.283s] Level 1:colcon.colcon_core.package_identification:_identify(src/DynamixelSDK/labview) by extension 'python'
[0.283s] Level 1:colcon.colcon_core.package_identification:_identify(src/DynamixelSDK/labview) by extensions ['python_setup_py']
[0.283s] Level 1:colcon.colcon_core.package_identification:_identify(src/DynamixelSDK/labview) by extension 'python_setup_py'
[0.283s] Level 1:colcon.colcon_core.package_identification:_identify(src/DynamixelSDK/labview/dxl_x86_c.lvlib) by extensions ['ignore', 'ignore_ament_install']
[0.283s] Level 1:colcon.colcon_core.package_identification:_identify(src/DynamixelSDK/labview/dxl_x86_c.lvlib) by extension 'ignore'
[0.283s] Level 1:colcon.colcon_core.package_identification:_identify(src/DynamixelSDK/labview/dxl_x86_c.lvlib) by extension 'ignore_ament_install'
[0.283s] Level 1:colcon.colcon_core.package_identification:_identify(src/DynamixelSDK/labview/dxl_x86_c.lvlib) by extensions ['colcon_pkg']
[0.283s] Level 1:colcon.colcon_core.package_identification:_identify(src/DynamixelSDK/labview/dxl_x86_c.lvlib) by extension 'colcon_pkg'
[0.283s] Level 1:colcon.colcon_core.package_identification:_identify(src/DynamixelSDK/labview/dxl_x86_c.lvlib) by extensions ['colcon_meta']
[0.283s] Level 1:colcon.colcon_core.package_identification:_identify(src/DynamixelSDK/labview/dxl_x86_c.lvlib) by extension 'colcon_meta'
[0.284s] Level 1:colcon.colcon_core.package_identification:_identify(src/DynamixelSDK/labview/dxl_x86_c.lvlib) by extensions ['ros']
[0.284s] Level 1:colcon.colcon_core.package_identification:_identify(src/DynamixelSDK/labview/dxl_x86_c.lvlib) by extension 'ros'
[0.284s] Level 1:colcon.colcon_core.package_identification:_identify(src/DynamixelSDK/labview/dxl_x86_c.lvlib) by extensions ['cmake', 'python']
[0.284s] Level 1:colcon.colcon_core.package_identification:_identify(src/DynamixelSDK/labview/dxl_x86_c.lvlib) by extension 'cmake'
[0.284s] Level 1:colcon.colcon_core.package_identification:_identify(src/DynamixelSDK/labview/dxl_x86_c.lvlib) by extension 'python'
[0.284s] Level 1:colcon.colcon_core.package_identification:_identify(src/DynamixelSDK/labview/dxl_x86_c.lvlib) by extensions ['python_setup_py']
[0.284s] Level 1:colcon.colcon_core.package_identification:_identify(src/DynamixelSDK/labview/dxl_x86_c.lvlib) by extension 'python_setup_py'
[0.284s] Level 1:colcon.colcon_core.package_identification:_identify(src/DynamixelSDK/labview/dxl_x86_c.lvlib/VIs) by extensions ['ignore', 'ignore_ament_install']
[0.284s] Level 1:colcon.colcon_core.package_identification:_identify(src/DynamixelSDK/labview/dxl_x86_c.lvlib/VIs) by extension 'ignore'
[0.284s] Level 1:colcon.colcon_core.package_identification:_identify(src/DynamixelSDK/labview/dxl_x86_c.lvlib/VIs) by extension 'ignore_ament_install'
[0.284s] Level 1:colcon.colcon_core.package_identification:_identify(src/DynamixelSDK/labview/dxl_x86_c.lvlib/VIs) by extensions ['colcon_pkg']
[0.284s] Level 1:colcon.colcon_core.package_identification:_identify(src/DynamixelSDK/labview/dxl_x86_c.lvlib/VIs) by extension 'colcon_pkg'
[0.284s] Level 1:colcon.colcon_core.package_identification:_identify(src/DynamixelSDK/labview/dxl_x86_c.lvlib/VIs) by extensions ['colcon_meta']
[0.284s] Level 1:colcon.colcon_core.package_identification:_identify(src/DynamixelSDK/labview/dxl_x86_c.lvlib/VIs) by extension 'colcon_meta'
[0.284s] Level 1:colcon.colcon_core.package_identification:_identify(src/DynamixelSDK/labview/dxl_x86_c.lvlib/VIs) by extensions ['ros']
[0.284s] Level 1:colcon.colcon_core.package_identification:_identify(src/DynamixelSDK/labview/dxl_x86_c.lvlib/VIs) by extension 'ros'
[0.284s] Level 1:colcon.colcon_core.package_identification:_identify(src/DynamixelSDK/labview/dxl_x86_c.lvlib/VIs) by extensions ['cmake', 'python']
[0.284s] Level 1:colcon.colcon_core.package_identification:_identify(src/DynamixelSDK/labview/dxl_x86_c.lvlib/VIs) by extension 'cmake'
[0.284s] Level 1:colcon.colcon_core.package_identification:_identify(src/DynamixelSDK/labview/dxl_x86_c.lvlib/VIs) by extension 'python'
[0.284s] Level 1:colcon.colcon_core.package_identification:_identify(src/DynamixelSDK/labview/dxl_x86_c.lvlib/VIs) by extensions ['python_setup_py']
[0.284s] Level 1:colcon.colcon_core.package_identification:_identify(src/DynamixelSDK/labview/dxl_x86_c.lvlib/VIs) by extension 'python_setup_py'
[0.284s] Level 1:colcon.colcon_core.package_identification:_identify(src/DynamixelSDK/labview/protocol1.0) by extensions ['ignore', 'ignore_ament_install']
[0.285s] Level 1:colcon.colcon_core.package_identification:_identify(src/DynamixelSDK/labview/protocol1.0) by extension 'ignore'
[0.285s] Level 1:colcon.colcon_core.package_identification:_identify(src/DynamixelSDK/labview/protocol1.0) by extension 'ignore_ament_install'
[0.285s] Level 1:colcon.colcon_core.package_identification:_identify(src/DynamixelSDK/labview/protocol1.0) by extensions ['colcon_pkg']
[0.285s] Level 1:colcon.colcon_core.package_identification:_identify(src/DynamixelSDK/labview/protocol1.0) by extension 'colcon_pkg'
[0.285s] Level 1:colcon.colcon_core.package_identification:_identify(src/DynamixelSDK/labview/protocol1.0) by extensions ['colcon_meta']
[0.285s] Level 1:colcon.colcon_core.package_identification:_identify(src/DynamixelSDK/labview/protocol1.0) by extension 'colcon_meta'
[0.285s] Level 1:colcon.colcon_core.package_identification:_identify(src/DynamixelSDK/labview/protocol1.0) by extensions ['ros']
[0.285s] Level 1:colcon.colcon_core.package_identification:_identify(src/DynamixelSDK/labview/protocol1.0) by extension 'ros'
[0.285s] Level 1:colcon.colcon_core.package_identification:_identify(src/DynamixelSDK/labview/protocol1.0) by extensions ['cmake', 'python']
[0.285s] Level 1:colcon.colcon_core.package_identification:_identify(src/DynamixelSDK/labview/protocol1.0) by extension 'cmake'
[0.285s] Level 1:colcon.colcon_core.package_identification:_identify(src/DynamixelSDK/labview/protocol1.0) by extension 'python'
[0.285s] Level 1:colcon.colcon_core.package_identification:_identify(src/DynamixelSDK/labview/protocol1.0) by extensions ['python_setup_py']
[0.285s] Level 1:colcon.colcon_core.package_identification:_identify(src/DynamixelSDK/labview/protocol1.0) by extension 'python_setup_py'
[0.285s] Level 1:colcon.colcon_core.package_identification:_identify(src/DynamixelSDK/labview/protocol2.0) by extensions ['ignore', 'ignore_ament_install']
[0.285s] Level 1:colcon.colcon_core.package_identification:_identify(src/DynamixelSDK/labview/protocol2.0) by extension 'ignore'
[0.285s] Level 1:colcon.colcon_core.package_identification:_identify(src/DynamixelSDK/labview/protocol2.0) by extension 'ignore_ament_install'
[0.285s] Level 1:colcon.colcon_core.package_identification:_identify(src/DynamixelSDK/labview/protocol2.0) by extensions ['colcon_pkg']
[0.285s] Level 1:colcon.colcon_core.package_identification:_identify(src/DynamixelSDK/labview/protocol2.0) by extension 'colcon_pkg'
[0.285s] Level 1:colcon.colcon_core.package_identification:_identify(src/DynamixelSDK/labview/protocol2.0) by extensions ['colcon_meta']
[0.285s] Level 1:colcon.colcon_core.package_identification:_identify(src/DynamixelSDK/labview/protocol2.0) by extension 'colcon_meta'
[0.285s] Level 1:colcon.colcon_core.package_identification:_identify(src/DynamixelSDK/labview/protocol2.0) by extensions ['ros']
[0.285s] Level 1:colcon.colcon_core.package_identification:_identify(src/DynamixelSDK/labview/protocol2.0) by extension 'ros'
[0.285s] Level 1:colcon.colcon_core.package_identification:_identify(src/DynamixelSDK/labview/protocol2.0) by extensions ['cmake', 'python']
[0.285s] Level 1:colcon.colcon_core.package_identification:_identify(src/DynamixelSDK/labview/protocol2.0) by extension 'cmake'
[0.286s] Level 1:colcon.colcon_core.package_identification:_identify(src/DynamixelSDK/labview/protocol2.0) by extension 'python'
[0.286s] Level 1:colcon.colcon_core.package_identification:_identify(src/DynamixelSDK/labview/protocol2.0) by extensions ['python_setup_py']
[0.286s] Level 1:colcon.colcon_core.package_identification:_identify(src/DynamixelSDK/labview/protocol2.0) by extension 'python_setup_py'
[0.286s] Level 1:colcon.colcon_core.package_identification:_identify(src/DynamixelSDK/labview/protocol_combined) by extensions ['ignore', 'ignore_ament_install']
[0.286s] Level 1:colcon.colcon_core.package_identification:_identify(src/DynamixelSDK/labview/protocol_combined) by extension 'ignore'
[0.286s] Level 1:colcon.colcon_core.package_identification:_identify(src/DynamixelSDK/labview/protocol_combined) by extension 'ignore_ament_install'
[0.286s] Level 1:colcon.colcon_core.package_identification:_identify(src/DynamixelSDK/labview/protocol_combined) by extensions ['colcon_pkg']
[0.286s] Level 1:colcon.colcon_core.package_identification:_identify(src/DynamixelSDK/labview/protocol_combined) by extension 'colcon_pkg'
[0.286s] Level 1:colcon.colcon_core.package_identification:_identify(src/DynamixelSDK/labview/protocol_combined) by extensions ['colcon_meta']
[0.286s] Level 1:colcon.colcon_core.package_identification:_identify(src/DynamixelSDK/labview/protocol_combined) by extension 'colcon_meta'
[0.286s] Level 1:colcon.colcon_core.package_identification:_identify(src/DynamixelSDK/labview/protocol_combined) by extensions ['ros']
[0.286s] Level 1:colcon.colcon_core.package_identification:_identify(src/DynamixelSDK/labview/protocol_combined) by extension 'ros'
[0.286s] Level 1:colcon.colcon_core.package_identification:_identify(src/DynamixelSDK/labview/protocol_combined) by extensions ['cmake', 'python']
[0.286s] Level 1:colcon.colcon_core.package_identification:_identify(src/DynamixelSDK/labview/protocol_combined) by extension 'cmake'
[0.286s] Level 1:colcon.colcon_core.package_identification:_identify(src/DynamixelSDK/labview/protocol_combined) by extension 'python'
[0.286s] Level 1:colcon.colcon_core.package_identification:_identify(src/DynamixelSDK/labview/protocol_combined) by extensions ['python_setup_py']
[0.286s] Level 1:colcon.colcon_core.package_identification:_identify(src/DynamixelSDK/labview/protocol_combined) by extension 'python_setup_py'
[0.286s] Level 1:colcon.colcon_core.package_identification:_identify(src/DynamixelSDK/matlab) by extensions ['ignore', 'ignore_ament_install']
[0.286s] Level 1:colcon.colcon_core.package_identification:_identify(src/DynamixelSDK/matlab) by extension 'ignore'
[0.286s] Level 1:colcon.colcon_core.package_identification:_identify(src/DynamixelSDK/matlab) by extension 'ignore_ament_install'
[0.286s] Level 1:colcon.colcon_core.package_identification:_identify(src/DynamixelSDK/matlab) by extensions ['colcon_pkg']
[0.286s] Level 1:colcon.colcon_core.package_identification:_identify(src/DynamixelSDK/matlab) by extension 'colcon_pkg'
[0.286s] Level 1:colcon.colcon_core.package_identification:_identify(src/DynamixelSDK/matlab) by extensions ['colcon_meta']
[0.286s] Level 1:colcon.colcon_core.package_identification:_identify(src/DynamixelSDK/matlab) by extension 'colcon_meta'
[0.286s] Level 1:colcon.colcon_core.package_identification:_identify(src/DynamixelSDK/matlab) by extensions ['ros']
[0.287s] Level 1:colcon.colcon_core.package_identification:_identify(src/DynamixelSDK/matlab) by extension 'ros'
[0.287s] Level 1:colcon.colcon_core.package_identification:_identify(src/DynamixelSDK/matlab) by extensions ['cmake', 'python']
[0.287s] Level 1:colcon.colcon_core.package_identification:_identify(src/DynamixelSDK/matlab) by extension 'cmake'
[0.287s] Level 1:colcon.colcon_core.package_identification:_identify(src/DynamixelSDK/matlab) by extension 'python'
[0.287s] Level 1:colcon.colcon_core.package_identification:_identify(src/DynamixelSDK/matlab) by extensions ['python_setup_py']
[0.287s] Level 1:colcon.colcon_core.package_identification:_identify(src/DynamixelSDK/matlab) by extension 'python_setup_py'
[0.287s] Level 1:colcon.colcon_core.package_identification:_identify(src/DynamixelSDK/matlab/m_basic_function) by extensions ['ignore', 'ignore_ament_install']
[0.287s] Level 1:colcon.colcon_core.package_identification:_identify(src/DynamixelSDK/matlab/m_basic_function) by extension 'ignore'
[0.287s] Level 1:colcon.colcon_core.package_identification:_identify(src/DynamixelSDK/matlab/m_basic_function) by extension 'ignore_ament_install'
[0.287s] Level 1:colcon.colcon_core.package_identification:_identify(src/DynamixelSDK/matlab/m_basic_function) by extensions ['colcon_pkg']
[0.287s] Level 1:colcon.colcon_core.package_identification:_identify(src/DynamixelSDK/matlab/m_basic_function) by extension 'colcon_pkg'
[0.287s] Level 1:colcon.colcon_core.package_identification:_identify(src/DynamixelSDK/matlab/m_basic_function) by extensions ['colcon_meta']
[0.287s] Level 1:colcon.colcon_core.package_identification:_identify(src/DynamixelSDK/matlab/m_basic_function) by extension 'colcon_meta'
[0.287s] Level 1:colcon.colcon_core.package_identification:_identify(src/DynamixelSDK/matlab/m_basic_function) by extensions ['ros']
[0.287s] Level 1:colcon.colcon_core.package_identification:_identify(src/DynamixelSDK/matlab/m_basic_function) by extension 'ros'
[0.287s] Level 1:colcon.colcon_core.package_identification:_identify(src/DynamixelSDK/matlab/m_basic_function) by extensions ['cmake', 'python']
[0.287s] Level 1:colcon.colcon_core.package_identification:_identify(src/DynamixelSDK/matlab/m_basic_function) by extension 'cmake'
[0.287s] Level 1:colcon.colcon_core.package_identification:_identify(src/DynamixelSDK/matlab/m_basic_function) by extension 'python'
[0.287s] Level 1:colcon.colcon_core.package_identification:_identify(src/DynamixelSDK/matlab/m_basic_function) by extensions ['python_setup_py']
[0.287s] Level 1:colcon.colcon_core.package_identification:_identify(src/DynamixelSDK/matlab/m_basic_function) by extension 'python_setup_py'
[0.287s] Level 1:colcon.colcon_core.package_identification:_identify(src/DynamixelSDK/matlab/m_basic_function/group_bulk_read) by extensions ['ignore', 'ignore_ament_install']
[0.287s] Level 1:colcon.colcon_core.package_identification:_identify(src/DynamixelSDK/matlab/m_basic_function/group_bulk_read) by extension 'ignore'
[0.287s] Level 1:colcon.colcon_core.package_identification:_identify(src/DynamixelSDK/matlab/m_basic_function/group_bulk_read) by extension 'ignore_ament_install'
[0.288s] Level 1:colcon.colcon_core.package_identification:_identify(src/DynamixelSDK/matlab/m_basic_function/group_bulk_read) by extensions ['colcon_pkg']
[0.288s] Level 1:colcon.colcon_core.package_identification:_identify(src/DynamixelSDK/matlab/m_basic_function/group_bulk_read) by extension 'colcon_pkg'
[0.288s] Level 1:colcon.colcon_core.package_identification:_identify(src/DynamixelSDK/matlab/m_basic_function/group_bulk_read) by extensions ['colcon_meta']
[0.288s] Level 1:colcon.colcon_core.package_identification:_identify(src/DynamixelSDK/matlab/m_basic_function/group_bulk_read) by extension 'colcon_meta'
[0.288s] Level 1:colcon.colcon_core.package_identification:_identify(src/DynamixelSDK/matlab/m_basic_function/group_bulk_read) by extensions ['ros']
[0.288s] Level 1:colcon.colcon_core.package_identification:_identify(src/DynamixelSDK/matlab/m_basic_function/group_bulk_read) by extension 'ros'
[0.288s] Level 1:colcon.colcon_core.package_identification:_identify(src/DynamixelSDK/matlab/m_basic_function/group_bulk_read) by extensions ['cmake', 'python']
[0.288s] Level 1:colcon.colcon_core.package_identification:_identify(src/DynamixelSDK/matlab/m_basic_function/group_bulk_read) by extension 'cmake'
[0.288s] Level 1:colcon.colcon_core.package_identification:_identify(src/DynamixelSDK/matlab/m_basic_function/group_bulk_read) by extension 'python'
[0.288s] Level 1:colcon.colcon_core.package_identification:_identify(src/DynamixelSDK/matlab/m_basic_function/group_bulk_read) by extensions ['python_setup_py']
[0.288s] Level 1:colcon.colcon_core.package_identification:_identify(src/DynamixelSDK/matlab/m_basic_function/group_bulk_read) by extension 'python_setup_py'
[0.288s] Level 1:colcon.colcon_core.package_identification:_identify(src/DynamixelSDK/matlab/m_basic_function/group_bulk_write) by extensions ['ignore', 'ignore_ament_install']
[0.288s] Level 1:colcon.colcon_core.package_identification:_identify(src/DynamixelSDK/matlab/m_basic_function/group_bulk_write) by extension 'ignore'
[0.288s] Level 1:colcon.colcon_core.package_identification:_identify(src/DynamixelSDK/matlab/m_basic_function/group_bulk_write) by extension 'ignore_ament_install'
[0.288s] Level 1:colcon.colcon_core.package_identification:_identify(src/DynamixelSDK/matlab/m_basic_function/group_bulk_write) by extensions ['colcon_pkg']
[0.288s] Level 1:colcon.colcon_core.package_identification:_identify(src/DynamixelSDK/matlab/m_basic_function/group_bulk_write) by extension 'colcon_pkg'
[0.288s] Level 1:colcon.colcon_core.package_identification:_identify(src/DynamixelSDK/matlab/m_basic_function/group_bulk_write) by extensions ['colcon_meta']
[0.288s] Level 1:colcon.colcon_core.package_identification:_identify(src/DynamixelSDK/matlab/m_basic_function/group_bulk_write) by extension 'colcon_meta'
[0.288s] Level 1:colcon.colcon_core.package_identification:_identify(src/DynamixelSDK/matlab/m_basic_function/group_bulk_write) by extensions ['ros']
[0.288s] Level 1:colcon.colcon_core.package_identification:_identify(src/DynamixelSDK/matlab/m_basic_function/group_bulk_write) by extension 'ros'
[0.288s] Level 1:colcon.colcon_core.package_identification:_identify(src/DynamixelSDK/matlab/m_basic_function/group_bulk_write) by extensions ['cmake', 'python']
[0.288s] Level 1:colcon.colcon_core.package_identification:_identify(src/DynamixelSDK/matlab/m_basic_function/group_bulk_write) by extension 'cmake'
[0.288s] Level 1:colcon.colcon_core.package_identification:_identify(src/DynamixelSDK/matlab/m_basic_function/group_bulk_write) by extension 'python'
[0.288s] Level 1:colcon.colcon_core.package_identification:_identify(src/DynamixelSDK/matlab/m_basic_function/group_bulk_write) by extensions ['python_setup_py']
[0.288s] Level 1:colcon.colcon_core.package_identification:_identify(src/DynamixelSDK/matlab/m_basic_function/group_bulk_write) by extension 'python_setup_py'
[0.289s] Level 1:colcon.colcon_core.package_identification:_identify(src/DynamixelSDK/matlab/m_basic_function/group_sync_read) by extensions ['ignore', 'ignore_ament_install']
[0.289s] Level 1:colcon.colcon_core.package_identification:_identify(src/DynamixelSDK/matlab/m_basic_function/group_sync_read) by extension 'ignore'
[0.289s] Level 1:colcon.colcon_core.package_identification:_identify(src/DynamixelSDK/matlab/m_basic_function/group_sync_read) by extension 'ignore_ament_install'
[0.289s] Level 1:colcon.colcon_core.package_identification:_identify(src/DynamixelSDK/matlab/m_basic_function/group_sync_read) by extensions ['colcon_pkg']
[0.289s] Level 1:colcon.colcon_core.package_identification:_identify(src/DynamixelSDK/matlab/m_basic_function/group_sync_read) by extension 'colcon_pkg'
[0.289s] Level 1:colcon.colcon_core.package_identification:_identify(src/DynamixelSDK/matlab/m_basic_function/group_sync_read) by extensions ['colcon_meta']
[0.289s] Level 1:colcon.colcon_core.package_identification:_identify(src/DynamixelSDK/matlab/m_basic_function/group_sync_read) by extension 'colcon_meta'
[0.289s] Level 1:colcon.colcon_core.package_identification:_identify(src/DynamixelSDK/matlab/m_basic_function/group_sync_read) by extensions ['ros']
[0.289s] Level 1:colcon.colcon_core.package_identification:_identify(src/DynamixelSDK/matlab/m_basic_function/group_sync_read) by extension 'ros'
[0.289s] Level 1:colcon.colcon_core.package_identification:_identify(src/DynamixelSDK/matlab/m_basic_function/group_sync_read) by extensions ['cmake', 'python']
[0.289s] Level 1:colcon.colcon_core.package_identification:_identify(src/DynamixelSDK/matlab/m_basic_function/group_sync_read) by extension 'cmake'
[0.289s] Level 1:colcon.colcon_core.package_identification:_identify(src/DynamixelSDK/matlab/m_basic_function/group_sync_read) by extension 'python'
[0.289s] Level 1:colcon.colcon_core.package_identification:_identify(src/DynamixelSDK/matlab/m_basic_function/group_sync_read) by extensions ['python_setup_py']
[0.289s] Level 1:colcon.colcon_core.package_identification:_identify(src/DynamixelSDK/matlab/m_basic_function/group_sync_read) by extension 'python_setup_py'
[0.289s] Level 1:colcon.colcon_core.package_identification:_identify(src/DynamixelSDK/matlab/m_basic_function/group_sync_write) by extensions ['ignore', 'ignore_ament_install']
[0.289s] Level 1:colcon.colcon_core.package_identification:_identify(src/DynamixelSDK/matlab/m_basic_function/group_sync_write) by extension 'ignore'
[0.289s] Level 1:colcon.colcon_core.package_identification:_identify(src/DynamixelSDK/matlab/m_basic_function/group_sync_write) by extension 'ignore_ament_install'
[0.289s] Level 1:colcon.colcon_core.package_identification:_identify(src/DynamixelSDK/matlab/m_basic_function/group_sync_write) by extensions ['colcon_pkg']
[0.289s] Level 1:colcon.colcon_core.package_identification:_identify(src/DynamixelSDK/matlab/m_basic_function/group_sync_write) by extension 'colcon_pkg'
[0.289s] Level 1:colcon.colcon_core.package_identification:_identify(src/DynamixelSDK/matlab/m_basic_function/group_sync_write) by extensions ['colcon_meta']
[0.289s] Level 1:colcon.colcon_core.package_identification:_identify(src/DynamixelSDK/matlab/m_basic_function/group_sync_write) by extension 'colcon_meta'
[0.289s] Level 1:colcon.colcon_core.package_identification:_identify(src/DynamixelSDK/matlab/m_basic_function/group_sync_write) by extensions ['ros']
[0.289s] Level 1:colcon.colcon_core.package_identification:_identify(src/DynamixelSDK/matlab/m_basic_function/group_sync_write) by extension 'ros'
[0.289s] Level 1:colcon.colcon_core.package_identification:_identify(src/DynamixelSDK/matlab/m_basic_function/group_sync_write) by extensions ['cmake', 'python']
[0.289s] Level 1:colcon.colcon_core.package_identification:_identify(src/DynamixelSDK/matlab/m_basic_function/group_sync_write) by extension 'cmake'
[0.290s] Level 1:colcon.colcon_core.package_identification:_identify(src/DynamixelSDK/matlab/m_basic_function/group_sync_write) by extension 'python'
[0.290s] Level 1:colcon.colcon_core.package_identification:_identify(src/DynamixelSDK/matlab/m_basic_function/group_sync_write) by extensions ['python_setup_py']
[0.290s] Level 1:colcon.colcon_core.package_identification:_identify(src/DynamixelSDK/matlab/m_basic_function/group_sync_write) by extension 'python_setup_py'
[0.290s] Level 1:colcon.colcon_core.package_identification:_identify(src/DynamixelSDK/matlab/m_basic_function/packet_handler) by extensions ['ignore', 'ignore_ament_install']
[0.290s] Level 1:colcon.colcon_core.package_identification:_identify(src/DynamixelSDK/matlab/m_basic_function/packet_handler) by extension 'ignore'
[0.290s] Level 1:colcon.colcon_core.package_identification:_identify(src/DynamixelSDK/matlab/m_basic_function/packet_handler) by extension 'ignore_ament_install'
[0.290s] Level 1:colcon.colcon_core.package_identification:_identify(src/DynamixelSDK/matlab/m_basic_function/packet_handler) by extensions ['colcon_pkg']
[0.290s] Level 1:colcon.colcon_core.package_identification:_identify(src/DynamixelSDK/matlab/m_basic_function/packet_handler) by extension 'colcon_pkg'
[0.290s] Level 1:colcon.colcon_core.package_identification:_identify(src/DynamixelSDK/matlab/m_basic_function/packet_handler) by extensions ['colcon_meta']
[0.290s] Level 1:colcon.colcon_core.package_identification:_identify(src/DynamixelSDK/matlab/m_basic_function/packet_handler) by extension 'colcon_meta'
[0.290s] Level 1:colcon.colcon_core.package_identification:_identify(src/DynamixelSDK/matlab/m_basic_function/packet_handler) by extensions ['ros']
[0.290s] Level 1:colcon.colcon_core.package_identification:_identify(src/DynamixelSDK/matlab/m_basic_function/packet_handler) by extension 'ros'
[0.290s] Level 1:colcon.colcon_core.package_identification:_identify(src/DynamixelSDK/matlab/m_basic_function/packet_handler) by extensions ['cmake', 'python']
[0.290s] Level 1:colcon.colcon_core.package_identification:_identify(src/DynamixelSDK/matlab/m_basic_function/packet_handler) by extension 'cmake'
[0.290s] Level 1:colcon.colcon_core.package_identification:_identify(src/DynamixelSDK/matlab/m_basic_function/packet_handler) by extension 'python'
[0.290s] Level 1:colcon.colcon_core.package_identification:_identify(src/DynamixelSDK/matlab/m_basic_function/packet_handler) by extensions ['python_setup_py']
[0.290s] Level 1:colcon.colcon_core.package_identification:_identify(src/DynamixelSDK/matlab/m_basic_function/packet_handler) by extension 'python_setup_py'
[0.290s] Level 1:colcon.colcon_core.package_identification:_identify(src/DynamixelSDK/matlab/m_basic_function/port_handler) by extensions ['ignore', 'ignore_ament_install']
[0.290s] Level 1:colcon.colcon_core.package_identification:_identify(src/DynamixelSDK/matlab/m_basic_function/port_handler) by extension 'ignore'
[0.290s] Level 1:colcon.colcon_core.package_identification:_identify(src/DynamixelSDK/matlab/m_basic_function/port_handler) by extension 'ignore_ament_install'
[0.290s] Level 1:colcon.colcon_core.package_identification:_identify(src/DynamixelSDK/matlab/m_basic_function/port_handler) by extensions ['colcon_pkg']
[0.290s] Level 1:colcon.colcon_core.package_identification:_identify(src/DynamixelSDK/matlab/m_basic_function/port_handler) by extension 'colcon_pkg'
[0.291s] Level 1:colcon.colcon_core.package_identification:_identify(src/DynamixelSDK/matlab/m_basic_function/port_handler) by extensions ['colcon_meta']
[0.291s] Level 1:colcon.colcon_core.package_identification:_identify(src/DynamixelSDK/matlab/m_basic_function/port_handler) by extension 'colcon_meta'
[0.291s] Level 1:colcon.colcon_core.package_identification:_identify(src/DynamixelSDK/matlab/m_basic_function/port_handler) by extensions ['ros']
[0.291s] Level 1:colcon.colcon_core.package_identification:_identify(src/DynamixelSDK/matlab/m_basic_function/port_handler) by extension 'ros'
[0.291s] Level 1:colcon.colcon_core.package_identification:_identify(src/DynamixelSDK/matlab/m_basic_function/port_handler) by extensions ['cmake', 'python']
[0.291s] Level 1:colcon.colcon_core.package_identification:_identify(src/DynamixelSDK/matlab/m_basic_function/port_handler) by extension 'cmake'
[0.291s] Level 1:colcon.colcon_core.package_identification:_identify(src/DynamixelSDK/matlab/m_basic_function/port_handler) by extension 'python'
[0.291s] Level 1:colcon.colcon_core.package_identification:_identify(src/DynamixelSDK/matlab/m_basic_function/port_handler) by extensions ['python_setup_py']
[0.291s] Level 1:colcon.colcon_core.package_identification:_identify(src/DynamixelSDK/matlab/m_basic_function/port_handler) by extension 'python_setup_py'
[0.291s] Level 1:colcon.colcon_core.package_identification:_identify(src/DynamixelSDK/matlab/protocol1.0) by extensions ['ignore', 'ignore_ament_install']
[0.291s] Level 1:colcon.colcon_core.package_identification:_identify(src/DynamixelSDK/matlab/protocol1.0) by extension 'ignore'
[0.291s] Level 1:colcon.colcon_core.package_identification:_identify(src/DynamixelSDK/matlab/protocol1.0) by extension 'ignore_ament_install'
[0.291s] Level 1:colcon.colcon_core.package_identification:_identify(src/DynamixelSDK/matlab/protocol1.0) by extensions ['colcon_pkg']
[0.291s] Level 1:colcon.colcon_core.package_identification:_identify(src/DynamixelSDK/matlab/protocol1.0) by extension 'colcon_pkg'
[0.291s] Level 1:colcon.colcon_core.package_identification:_identify(src/DynamixelSDK/matlab/protocol1.0) by extensions ['colcon_meta']
[0.291s] Level 1:colcon.colcon_core.package_identification:_identify(src/DynamixelSDK/matlab/protocol1.0) by extension 'colcon_meta'
[0.291s] Level 1:colcon.colcon_core.package_identification:_identify(src/DynamixelSDK/matlab/protocol1.0) by extensions ['ros']
[0.291s] Level 1:colcon.colcon_core.package_identification:_identify(src/DynamixelSDK/matlab/protocol1.0) by extension 'ros'
[0.291s] Level 1:colcon.colcon_core.package_identification:_identify(src/DynamixelSDK/matlab/protocol1.0) by extensions ['cmake', 'python']
[0.291s] Level 1:colcon.colcon_core.package_identification:_identify(src/DynamixelSDK/matlab/protocol1.0) by extension 'cmake'
[0.291s] Level 1:colcon.colcon_core.package_identification:_identify(src/DynamixelSDK/matlab/protocol1.0) by extension 'python'
[0.291s] Level 1:colcon.colcon_core.package_identification:_identify(src/DynamixelSDK/matlab/protocol1.0) by extensions ['python_setup_py']
[0.291s] Level 1:colcon.colcon_core.package_identification:_identify(src/DynamixelSDK/matlab/protocol1.0) by extension 'python_setup_py'
[0.292s] Level 1:colcon.colcon_core.package_identification:_identify(src/DynamixelSDK/matlab/protocol2.0) by extensions ['ignore', 'ignore_ament_install']
[0.292s] Level 1:colcon.colcon_core.package_identification:_identify(src/DynamixelSDK/matlab/protocol2.0) by extension 'ignore'
[0.292s] Level 1:colcon.colcon_core.package_identification:_identify(src/DynamixelSDK/matlab/protocol2.0) by extension 'ignore_ament_install'
[0.292s] Level 1:colcon.colcon_core.package_identification:_identify(src/DynamixelSDK/matlab/protocol2.0) by extensions ['colcon_pkg']
[0.292s] Level 1:colcon.colcon_core.package_identification:_identify(src/DynamixelSDK/matlab/protocol2.0) by extension 'colcon_pkg'
[0.292s] Level 1:colcon.colcon_core.package_identification:_identify(src/DynamixelSDK/matlab/protocol2.0) by extensions ['colcon_meta']
[0.292s] Level 1:colcon.colcon_core.package_identification:_identify(src/DynamixelSDK/matlab/protocol2.0) by extension 'colcon_meta'
[0.292s] Level 1:colcon.colcon_core.package_identification:_identify(src/DynamixelSDK/matlab/protocol2.0) by extensions ['ros']
[0.292s] Level 1:colcon.colcon_core.package_identification:_identify(src/DynamixelSDK/matlab/protocol2.0) by extension 'ros'
[0.292s] Level 1:colcon.colcon_core.package_identification:_identify(src/DynamixelSDK/matlab/protocol2.0) by extensions ['cmake', 'python']
[0.292s] Level 1:colcon.colcon_core.package_identification:_identify(src/DynamixelSDK/matlab/protocol2.0) by extension 'cmake'
[0.292s] Level 1:colcon.colcon_core.package_identification:_identify(src/DynamixelSDK/matlab/protocol2.0) by extension 'python'
[0.292s] Level 1:colcon.colcon_core.package_identification:_identify(src/DynamixelSDK/matlab/protocol2.0) by extensions ['python_setup_py']
[0.292s] Level 1:colcon.colcon_core.package_identification:_identify(src/DynamixelSDK/matlab/protocol2.0) by extension 'python_setup_py'
[0.292s] Level 1:colcon.colcon_core.package_identification:_identify(src/DynamixelSDK/matlab/protocol_combined) by extensions ['ignore', 'ignore_ament_install']
[0.292s] Level 1:colcon.colcon_core.package_identification:_identify(src/DynamixelSDK/matlab/protocol_combined) by extension 'ignore'
[0.292s] Level 1:colcon.colcon_core.package_identification:_identify(src/DynamixelSDK/matlab/protocol_combined) by extension 'ignore_ament_install'
[0.292s] Level 1:colcon.colcon_core.package_identification:_identify(src/DynamixelSDK/matlab/protocol_combined) by extensions ['colcon_pkg']
[0.292s] Level 1:colcon.colcon_core.package_identification:_identify(src/DynamixelSDK/matlab/protocol_combined) by extension 'colcon_pkg'
[0.292s] Level 1:colcon.colcon_core.package_identification:_identify(src/DynamixelSDK/matlab/protocol_combined) by extensions ['colcon_meta']
[0.292s] Level 1:colcon.colcon_core.package_identification:_identify(src/DynamixelSDK/matlab/protocol_combined) by extension 'colcon_meta'
[0.292s] Level 1:colcon.colcon_core.package_identification:_identify(src/DynamixelSDK/matlab/protocol_combined) by extensions ['ros']
[0.292s] Level 1:colcon.colcon_core.package_identification:_identify(src/DynamixelSDK/matlab/protocol_combined) by extension 'ros'
[0.292s] Level 1:colcon.colcon_core.package_identification:_identify(src/DynamixelSDK/matlab/protocol_combined) by extensions ['cmake', 'python']
[0.292s] Level 1:colcon.colcon_core.package_identification:_identify(src/DynamixelSDK/matlab/protocol_combined) by extension 'cmake'
[0.293s] Level 1:colcon.colcon_core.package_identification:_identify(src/DynamixelSDK/matlab/protocol_combined) by extension 'python'
[0.293s] Level 1:colcon.colcon_core.package_identification:_identify(src/DynamixelSDK/matlab/protocol_combined) by extensions ['python_setup_py']
[0.293s] Level 1:colcon.colcon_core.package_identification:_identify(src/DynamixelSDK/matlab/protocol_combined) by extension 'python_setup_py'
[0.293s] Level 1:colcon.colcon_core.package_identification:_identify(src/DynamixelSDK/python) by extensions ['ignore', 'ignore_ament_install']
[0.293s] Level 1:colcon.colcon_core.package_identification:_identify(src/DynamixelSDK/python) by extension 'ignore'
[0.293s] Level 1:colcon.colcon_core.package_identification:_identify(src/DynamixelSDK/python) by extension 'ignore_ament_install'
[0.293s] Level 1:colcon.colcon_core.package_identification:_identify(src/DynamixelSDK/python) by extensions ['colcon_pkg']
[0.293s] Level 1:colcon.colcon_core.package_identification:_identify(src/DynamixelSDK/python) by extension 'colcon_pkg'
[0.293s] Level 1:colcon.colcon_core.package_identification:_identify(src/DynamixelSDK/python) by extensions ['colcon_meta']
[0.293s] Level 1:colcon.colcon_core.package_identification:_identify(src/DynamixelSDK/python) by extension 'colcon_meta'
[0.293s] Level 1:colcon.colcon_core.package_identification:_identify(src/DynamixelSDK/python) by extensions ['ros']
[0.293s] Level 1:colcon.colcon_core.package_identification:_identify(src/DynamixelSDK/python) by extension 'ros'
[0.293s] Level 1:colcon.colcon_core.package_identification:_identify(src/DynamixelSDK/python) ignored
[0.293s] Level 1:colcon.colcon_core.package_identification:_identify(src/DynamixelSDK/ros) by extensions ['ignore', 'ignore_ament_install']
[0.293s] Level 1:colcon.colcon_core.package_identification:_identify(src/DynamixelSDK/ros) by extension 'ignore'
[0.293s] Level 1:colcon.colcon_core.package_identification:_identify(src/DynamixelSDK/ros) by extension 'ignore_ament_install'
[0.293s] Level 1:colcon.colcon_core.package_identification:_identify(src/DynamixelSDK/ros) by extensions ['colcon_pkg']
[0.293s] Level 1:colcon.colcon_core.package_identification:_identify(src/DynamixelSDK/ros) by extension 'colcon_pkg'
[0.293s] Level 1:colcon.colcon_core.package_identification:_identify(src/DynamixelSDK/ros) by extensions ['colcon_meta']
[0.293s] Level 1:colcon.colcon_core.package_identification:_identify(src/DynamixelSDK/ros) by extension 'colcon_meta'
[0.293s] Level 1:colcon.colcon_core.package_identification:_identify(src/DynamixelSDK/ros) by extensions ['ros']
[0.293s] Level 1:colcon.colcon_core.package_identification:_identify(src/DynamixelSDK/ros) by extension 'ros'
[0.293s] Level 1:colcon.colcon_core.package_identification:_identify(src/DynamixelSDK/ros) by extensions ['cmake', 'python']
[0.293s] Level 1:colcon.colcon_core.package_identification:_identify(src/DynamixelSDK/ros) by extension 'cmake'
[0.293s] Level 1:colcon.colcon_core.package_identification:_identify(src/DynamixelSDK/ros) by extension 'python'
[0.294s] Level 1:colcon.colcon_core.package_identification:_identify(src/DynamixelSDK/ros) by extensions ['python_setup_py']
[0.294s] Level 1:colcon.colcon_core.package_identification:_identify(src/DynamixelSDK/ros) by extension 'python_setup_py'
[0.294s] Level 1:colcon.colcon_core.package_identification:_identify(src/DynamixelSDK/ros/dynamixel_sdk) by extensions ['ignore', 'ignore_ament_install']
[0.294s] Level 1:colcon.colcon_core.package_identification:_identify(src/DynamixelSDK/ros/dynamixel_sdk) by extension 'ignore'
[0.294s] Level 1:colcon.colcon_core.package_identification:_identify(src/DynamixelSDK/ros/dynamixel_sdk) by extension 'ignore_ament_install'
[0.294s] Level 1:colcon.colcon_core.package_identification:_identify(src/DynamixelSDK/ros/dynamixel_sdk) by extensions ['colcon_pkg']
[0.294s] Level 1:colcon.colcon_core.package_identification:_identify(src/DynamixelSDK/ros/dynamixel_sdk) by extension 'colcon_pkg'
[0.294s] Level 1:colcon.colcon_core.package_identification:_identify(src/DynamixelSDK/ros/dynamixel_sdk) by extensions ['colcon_meta']
[0.294s] Level 1:colcon.colcon_core.package_identification:_identify(src/DynamixelSDK/ros/dynamixel_sdk) by extension 'colcon_meta'
[0.294s] Level 1:colcon.colcon_core.package_identification:_identify(src/DynamixelSDK/ros/dynamixel_sdk) by extensions ['ros']
[0.294s] Level 1:colcon.colcon_core.package_identification:_identify(src/DynamixelSDK/ros/dynamixel_sdk) by extension 'ros'
[0.296s] DEBUG:colcon.colcon_core.package_identification:Package 'src/DynamixelSDK/ros/dynamixel_sdk' with type 'ros.ament_cmake' and name 'dynamixel_sdk'
[0.296s] Level 1:colcon.colcon_core.package_identification:_identify(src/DynamixelSDK/ros/dynamixel_sdk_custom_interfaces) by extensions ['ignore', 'ignore_ament_install']
[0.296s] Level 1:colcon.colcon_core.package_identification:_identify(src/DynamixelSDK/ros/dynamixel_sdk_custom_interfaces) by extension 'ignore'
[0.296s] Level 1:colcon.colcon_core.package_identification:_identify(src/DynamixelSDK/ros/dynamixel_sdk_custom_interfaces) by extension 'ignore_ament_install'
[0.296s] Level 1:colcon.colcon_core.package_identification:_identify(src/DynamixelSDK/ros/dynamixel_sdk_custom_interfaces) by extensions ['colcon_pkg']
[0.296s] Level 1:colcon.colcon_core.package_identification:_identify(src/DynamixelSDK/ros/dynamixel_sdk_custom_interfaces) by extension 'colcon_pkg'
[0.296s] Level 1:colcon.colcon_core.package_identification:_identify(src/DynamixelSDK/ros/dynamixel_sdk_custom_interfaces) by extensions ['colcon_meta']
[0.296s] Level 1:colcon.colcon_core.package_identification:_identify(src/DynamixelSDK/ros/dynamixel_sdk_custom_interfaces) by extension 'colcon_meta'
[0.296s] Level 1:colcon.colcon_core.package_identification:_identify(src/DynamixelSDK/ros/dynamixel_sdk_custom_interfaces) by extensions ['ros']
[0.296s] Level 1:colcon.colcon_core.package_identification:_identify(src/DynamixelSDK/ros/dynamixel_sdk_custom_interfaces) by extension 'ros'
[0.297s] DEBUG:colcon.colcon_core.package_identification:Package 'src/DynamixelSDK/ros/dynamixel_sdk_custom_interfaces' with type 'ros.ament_cmake' and name 'dynamixel_sdk_custom_interfaces'
[0.297s] Level 1:colcon.colcon_core.package_identification:_identify(src/DynamixelSDK/ros/dynamixel_sdk_examples) by extensions ['ignore', 'ignore_ament_install']
[0.297s] Level 1:colcon.colcon_core.package_identification:_identify(src/DynamixelSDK/ros/dynamixel_sdk_examples) by extension 'ignore'
[0.297s] Level 1:colcon.colcon_core.package_identification:_identify(src/DynamixelSDK/ros/dynamixel_sdk_examples) by extension 'ignore_ament_install'
[0.297s] Level 1:colcon.colcon_core.package_identification:_identify(src/DynamixelSDK/ros/dynamixel_sdk_examples) by extensions ['colcon_pkg']
[0.297s] Level 1:colcon.colcon_core.package_identification:_identify(src/DynamixelSDK/ros/dynamixel_sdk_examples) by extension 'colcon_pkg'
[0.297s] Level 1:colcon.colcon_core.package_identification:_identify(src/DynamixelSDK/ros/dynamixel_sdk_examples) by extensions ['colcon_meta']
[0.297s] Level 1:colcon.colcon_core.package_identification:_identify(src/DynamixelSDK/ros/dynamixel_sdk_examples) by extension 'colcon_meta'
[0.297s] Level 1:colcon.colcon_core.package_identification:_identify(src/DynamixelSDK/ros/dynamixel_sdk_examples) by extensions ['ros']
[0.297s] Level 1:colcon.colcon_core.package_identification:_identify(src/DynamixelSDK/ros/dynamixel_sdk_examples) by extension 'ros'
[0.298s] DEBUG:colcon.colcon_core.package_identification:Package 'src/DynamixelSDK/ros/dynamixel_sdk_examples' with type 'ros.ament_cmake' and name 'dynamixel_sdk_examples'
[0.298s] Level 1:colcon.colcon_core.package_identification:_identify(src/dynamixel_hardware_interface) by extensions ['ignore', 'ignore_ament_install']
[0.298s] Level 1:colcon.colcon_core.package_identification:_identify(src/dynamixel_hardware_interface) by extension 'ignore'
[0.298s] Level 1:colcon.colcon_core.package_identification:_identify(src/dynamixel_hardware_interface) by extension 'ignore_ament_install'
[0.298s] Level 1:colcon.colcon_core.package_identification:_identify(src/dynamixel_hardware_interface) by extensions ['colcon_pkg']
[0.298s] Level 1:colcon.colcon_core.package_identification:_identify(src/dynamixel_hardware_interface) by extension 'colcon_pkg'
[0.298s] Level 1:colcon.colcon_core.package_identification:_identify(src/dynamixel_hardware_interface) by extensions ['colcon_meta']
[0.298s] Level 1:colcon.colcon_core.package_identification:_identify(src/dynamixel_hardware_interface) by extension 'colcon_meta'
[0.298s] Level 1:colcon.colcon_core.package_identification:_identify(src/dynamixel_hardware_interface) by extensions ['ros']
[0.298s] Level 1:colcon.colcon_core.package_identification:_identify(src/dynamixel_hardware_interface) by extension 'ros'
[0.299s] DEBUG:colcon.colcon_core.package_identification:Package 'src/dynamixel_hardware_interface' with type 'ros.ament_cmake' and name 'dynamixel_hardware_interface'
[0.299s] Level 1:colcon.colcon_core.package_identification:_identify(src/dynamixel_interfaces) by extensions ['ignore', 'ignore_ament_install']
[0.299s] Level 1:colcon.colcon_core.package_identification:_identify(src/dynamixel_interfaces) by extension 'ignore'
[0.299s] Level 1:colcon.colcon_core.package_identification:_identify(src/dynamixel_interfaces) by extension 'ignore_ament_install'
[0.299s] Level 1:colcon.colcon_core.package_identification:_identify(src/dynamixel_interfaces) by extensions ['colcon_pkg']
[0.299s] Level 1:colcon.colcon_core.package_identification:_identify(src/dynamixel_interfaces) by extension 'colcon_pkg'
[0.299s] Level 1:colcon.colcon_core.package_identification:_identify(src/dynamixel_interfaces) by extensions ['colcon_meta']
[0.299s] Level 1:colcon.colcon_core.package_identification:_identify(src/dynamixel_interfaces) by extension 'colcon_meta'
[0.299s] Level 1:colcon.colcon_core.package_identification:_identify(src/dynamixel_interfaces) by extensions ['ros']
[0.299s] Level 1:colcon.colcon_core.package_identification:_identify(src/dynamixel_interfaces) by extension 'ros'
[0.300s] DEBUG:colcon.colcon_core.package_identification:Package 'src/dynamixel_interfaces' with type 'ros.ament_cmake' and name 'dynamixel_interfaces'
[0.300s] Level 1:colcon.colcon_core.package_identification:_identify(src/open_manipulator) by extensions ['ignore', 'ignore_ament_install']
[0.300s] Level 1:colcon.colcon_core.package_identification:_identify(src/open_manipulator) by extension 'ignore'
[0.300s] Level 1:colcon.colcon_core.package_identification:_identify(src/open_manipulator) by extension 'ignore_ament_install'
[0.300s] Level 1:colcon.colcon_core.package_identification:_identify(src/open_manipulator) by extensions ['colcon_pkg']
[0.300s] Level 1:colcon.colcon_core.package_identification:_identify(src/open_manipulator) by extension 'colcon_pkg'
[0.300s] Level 1:colcon.colcon_core.package_identification:_identify(src/open_manipulator) by extensions ['colcon_meta']
[0.300s] Level 1:colcon.colcon_core.package_identification:_identify(src/open_manipulator) by extension 'colcon_meta'
[0.300s] Level 1:colcon.colcon_core.package_identification:_identify(src/open_manipulator) by extensions ['ros']
[0.300s] Level 1:colcon.colcon_core.package_identification:_identify(src/open_manipulator) by extension 'ros'
[0.300s] Level 1:colcon.colcon_core.package_identification:_identify(src/open_manipulator) by extensions ['cmake', 'python']
[0.300s] Level 1:colcon.colcon_core.package_identification:_identify(src/open_manipulator) by extension 'cmake'
[0.300s] Level 1:colcon.colcon_core.package_identification:_identify(src/open_manipulator) by extension 'python'
[0.300s] Level 1:colcon.colcon_core.package_identification:_identify(src/open_manipulator) by extensions ['python_setup_py']
[0.300s] Level 1:colcon.colcon_core.package_identification:_identify(src/open_manipulator) by extension 'python_setup_py'
[0.300s] Level 1:colcon.colcon_core.package_identification:_identify(src/open_manipulator/docker) by extensions ['ignore', 'ignore_ament_install']
[0.300s] Level 1:colcon.colcon_core.package_identification:_identify(src/open_manipulator/docker) by extension 'ignore'
[0.301s] Level 1:colcon.colcon_core.package_identification:_identify(src/open_manipulator/docker) ignored
[0.301s] Level 1:colcon.colcon_core.package_identification:_identify(src/open_manipulator/open_manipulator) by extensions ['ignore', 'ignore_ament_install']
[0.301s] Level 1:colcon.colcon_core.package_identification:_identify(src/open_manipulator/open_manipulator) by extension 'ignore'
[0.301s] Level 1:colcon.colcon_core.package_identification:_identify(src/open_manipulator/open_manipulator) by extension 'ignore_ament_install'
[0.301s] Level 1:colcon.colcon_core.package_identification:_identify(src/open_manipulator/open_manipulator) by extensions ['colcon_pkg']
[0.301s] Level 1:colcon.colcon_core.package_identification:_identify(src/open_manipulator/open_manipulator) by extension 'colcon_pkg'
[0.301s] Level 1:colcon.colcon_core.package_identification:_identify(src/open_manipulator/open_manipulator) by extensions ['colcon_meta']
[0.301s] Level 1:colcon.colcon_core.package_identification:_identify(src/open_manipulator/open_manipulator) by extension 'colcon_meta'
[0.301s] Level 1:colcon.colcon_core.package_identification:_identify(src/open_manipulator/open_manipulator) by extensions ['ros']
[0.301s] Level 1:colcon.colcon_core.package_identification:_identify(src/open_manipulator/open_manipulator) by extension 'ros'
[0.301s] DEBUG:colcon.colcon_core.package_identification:Package 'src/open_manipulator/open_manipulator' with type 'ros.ament_cmake' and name 'open_manipulator'
[0.301s] Level 1:colcon.colcon_core.package_identification:_identify(src/open_manipulator/open_manipulator_bringup) by extensions ['ignore', 'ignore_ament_install']
[0.302s] Level 1:colcon.colcon_core.package_identification:_identify(src/open_manipulator/open_manipulator_bringup) by extension 'ignore'
[0.302s] Level 1:colcon.colcon_core.package_identification:_identify(src/open_manipulator/open_manipulator_bringup) by extension 'ignore_ament_install'
[0.302s] Level 1:colcon.colcon_core.package_identification:_identify(src/open_manipulator/open_manipulator_bringup) by extensions ['colcon_pkg']
[0.302s] Level 1:colcon.colcon_core.package_identification:_identify(src/open_manipulator/open_manipulator_bringup) by extension 'colcon_pkg'
[0.302s] Level 1:colcon.colcon_core.package_identification:_identify(src/open_manipulator/open_manipulator_bringup) by extensions ['colcon_meta']
[0.302s] Level 1:colcon.colcon_core.package_identification:_identify(src/open_manipulator/open_manipulator_bringup) by extension 'colcon_meta'
[0.302s] Level 1:colcon.colcon_core.package_identification:_identify(src/open_manipulator/open_manipulator_bringup) by extensions ['ros']
[0.302s] Level 1:colcon.colcon_core.package_identification:_identify(src/open_manipulator/open_manipulator_bringup) by extension 'ros'
[0.302s] DEBUG:colcon.colcon_core.package_identification:Package 'src/open_manipulator/open_manipulator_bringup' with type 'ros.ament_python' and name 'open_manipulator_bringup'
[0.302s] Level 1:colcon.colcon_core.package_identification:_identify(src/open_manipulator/open_manipulator_collision) by extensions ['ignore', 'ignore_ament_install']
[0.303s] Level 1:colcon.colcon_core.package_identification:_identify(src/open_manipulator/open_manipulator_collision) by extension 'ignore'
[0.303s] Level 1:colcon.colcon_core.package_identification:_identify(src/open_manipulator/open_manipulator_collision) by extension 'ignore_ament_install'
[0.303s] Level 1:colcon.colcon_core.package_identification:_identify(src/open_manipulator/open_manipulator_collision) by extensions ['colcon_pkg']
[0.303s] Level 1:colcon.colcon_core.package_identification:_identify(src/open_manipulator/open_manipulator_collision) by extension 'colcon_pkg'
[0.303s] Level 1:colcon.colcon_core.package_identification:_identify(src/open_manipulator/open_manipulator_collision) by extensions ['colcon_meta']
[0.303s] Level 1:colcon.colcon_core.package_identification:_identify(src/open_manipulator/open_manipulator_collision) by extension 'colcon_meta'
[0.303s] Level 1:colcon.colcon_core.package_identification:_identify(src/open_manipulator/open_manipulator_collision) by extensions ['ros']
[0.303s] Level 1:colcon.colcon_core.package_identification:_identify(src/open_manipulator/open_manipulator_collision) by extension 'ros'
[0.303s] DEBUG:colcon.colcon_core.package_identification:Package 'src/open_manipulator/open_manipulator_collision' with type 'ros.ament_cmake' and name 'open_manipulator_collision'
[0.303s] Level 1:colcon.colcon_core.package_identification:_identify(src/open_manipulator/open_manipulator_description) by extensions ['ignore', 'ignore_ament_install']
[0.304s] Level 1:colcon.colcon_core.package_identification:_identify(src/open_manipulator/open_manipulator_description) by extension 'ignore'
[0.304s] Level 1:colcon.colcon_core.package_identification:_identify(src/open_manipulator/open_manipulator_description) by extension 'ignore_ament_install'
[0.304s] Level 1:colcon.colcon_core.package_identification:_identify(src/open_manipulator/open_manipulator_description) by extensions ['colcon_pkg']
[0.304s] Level 1:colcon.colcon_core.package_identification:_identify(src/open_manipulator/open_manipulator_description) by extension 'colcon_pkg'
[0.304s] Level 1:colcon.colcon_core.package_identification:_identify(src/open_manipulator/open_manipulator_description) by extensions ['colcon_meta']
[0.304s] Level 1:colcon.colcon_core.package_identification:_identify(src/open_manipulator/open_manipulator_description) by extension 'colcon_meta'
[0.304s] Level 1:colcon.colcon_core.package_identification:_identify(src/open_manipulator/open_manipulator_description) by extensions ['ros']
[0.304s] Level 1:colcon.colcon_core.package_identification:_identify(src/open_manipulator/open_manipulator_description) by extension 'ros'
[0.304s] DEBUG:colcon.colcon_core.package_identification:Package 'src/open_manipulator/open_manipulator_description' with type 'ros.ament_cmake' and name 'open_manipulator_description'
[0.304s] Level 1:colcon.colcon_core.package_identification:_identify(src/open_manipulator/open_manipulator_gui) by extensions ['ignore', 'ignore_ament_install']
[0.304s] Level 1:colcon.colcon_core.package_identification:_identify(src/open_manipulator/open_manipulator_gui) by extension 'ignore'
[0.304s] Level 1:colcon.colcon_core.package_identification:_identify(src/open_manipulator/open_manipulator_gui) by extension 'ignore_ament_install'
[0.304s] Level 1:colcon.colcon_core.package_identification:_identify(src/open_manipulator/open_manipulator_gui) by extensions ['colcon_pkg']
[0.304s] Level 1:colcon.colcon_core.package_identification:_identify(src/open_manipulator/open_manipulator_gui) by extension 'colcon_pkg'
[0.304s] Level 1:colcon.colcon_core.package_identification:_identify(src/open_manipulator/open_manipulator_gui) by extensions ['colcon_meta']
[0.304s] Level 1:colcon.colcon_core.package_identification:_identify(src/open_manipulator/open_manipulator_gui) by extension 'colcon_meta'
[0.305s] Level 1:colcon.colcon_core.package_identification:_identify(src/open_manipulator/open_manipulator_gui) by extensions ['ros']
[0.305s] Level 1:colcon.colcon_core.package_identification:_identify(src/open_manipulator/open_manipulator_gui) by extension 'ros'
[0.306s] DEBUG:colcon.colcon_core.package_identification:Package 'src/open_manipulator/open_manipulator_gui' with type 'ros.ament_cmake' and name 'open_manipulator_gui'
[0.306s] Level 1:colcon.colcon_core.package_identification:_identify(src/open_manipulator/open_manipulator_moveit_config) by extensions ['ignore', 'ignore_ament_install']
[0.306s] Level 1:colcon.colcon_core.package_identification:_identify(src/open_manipulator/open_manipulator_moveit_config) by extension 'ignore'
[0.306s] Level 1:colcon.colcon_core.package_identification:_identify(src/open_manipulator/open_manipulator_moveit_config) by extension 'ignore_ament_install'
[0.306s] Level 1:colcon.colcon_core.package_identification:_identify(src/open_manipulator/open_manipulator_moveit_config) by extensions ['colcon_pkg']
[0.306s] Level 1:colcon.colcon_core.package_identification:_identify(src/open_manipulator/open_manipulator_moveit_config) by extension 'colcon_pkg'
[0.306s] Level 1:colcon.colcon_core.package_identification:_identify(src/open_manipulator/open_manipulator_moveit_config) by extensions ['colcon_meta']
[0.306s] Level 1:colcon.colcon_core.package_identification:_identify(src/open_manipulator/open_manipulator_moveit_config) by extension 'colcon_meta'
[0.306s] Level 1:colcon.colcon_core.package_identification:_identify(src/open_manipulator/open_manipulator_moveit_config) by extensions ['ros']
[0.306s] Level 1:colcon.colcon_core.package_identification:_identify(src/open_manipulator/open_manipulator_moveit_config) by extension 'ros'
[0.306s] DEBUG:colcon.colcon_core.package_identification:Package 'src/open_manipulator/open_manipulator_moveit_config' with type 'ros.ament_cmake' and name 'open_manipulator_moveit_config'
[0.306s] Level 1:colcon.colcon_core.package_identification:_identify(src/open_manipulator/open_manipulator_playground) by extensions ['ignore', 'ignore_ament_install']
[0.307s] Level 1:colcon.colcon_core.package_identification:_identify(src/open_manipulator/open_manipulator_playground) by extension 'ignore'
[0.307s] Level 1:colcon.colcon_core.package_identification:_identify(src/open_manipulator/open_manipulator_playground) by extension 'ignore_ament_install'
[0.307s] Level 1:colcon.colcon_core.package_identification:_identify(src/open_manipulator/open_manipulator_playground) by extensions ['colcon_pkg']
[0.307s] Level 1:colcon.colcon_core.package_identification:_identify(src/open_manipulator/open_manipulator_playground) by extension 'colcon_pkg'
[0.307s] Level 1:colcon.colcon_core.package_identification:_identify(src/open_manipulator/open_manipulator_playground) by extensions ['colcon_meta']
[0.307s] Level 1:colcon.colcon_core.package_identification:_identify(src/open_manipulator/open_manipulator_playground) by extension 'colcon_meta'
[0.307s] Level 1:colcon.colcon_core.package_identification:_identify(src/open_manipulator/open_manipulator_playground) by extensions ['ros']
[0.307s] Level 1:colcon.colcon_core.package_identification:_identify(src/open_manipulator/open_manipulator_playground) by extension 'ros'
[0.307s] DEBUG:colcon.colcon_core.package_identification:Package 'src/open_manipulator/open_manipulator_playground' with type 'ros.ament_cmake' and name 'open_manipulator_playground'
[0.307s] Level 1:colcon.colcon_core.package_identification:_identify(src/open_manipulator/open_manipulator_teleop) by extensions ['ignore', 'ignore_ament_install']
[0.308s] Level 1:colcon.colcon_core.package_identification:_identify(src/open_manipulator/open_manipulator_teleop) by extension 'ignore'
[0.308s] Level 1:colcon.colcon_core.package_identification:_identify(src/open_manipulator/open_manipulator_teleop) by extension 'ignore_ament_install'
[0.308s] Level 1:colcon.colcon_core.package_identification:_identify(src/open_manipulator/open_manipulator_teleop) by extensions ['colcon_pkg']
[0.308s] Level 1:colcon.colcon_core.package_identification:_identify(src/open_manipulator/open_manipulator_teleop) by extension 'colcon_pkg'
[0.308s] Level 1:colcon.colcon_core.package_identification:_identify(src/open_manipulator/open_manipulator_teleop) by extensions ['colcon_meta']
[0.308s] Level 1:colcon.colcon_core.package_identification:_identify(src/open_manipulator/open_manipulator_teleop) by extension 'colcon_meta'
[0.308s] Level 1:colcon.colcon_core.package_identification:_identify(src/open_manipulator/open_manipulator_teleop) by extensions ['ros']
[0.308s] Level 1:colcon.colcon_core.package_identification:_identify(src/open_manipulator/open_manipulator_teleop) by extension 'ros'
[0.308s] DEBUG:colcon.colcon_core.package_identification:Package 'src/open_manipulator/open_manipulator_teleop' with type 'ros.ament_python' and name 'open_manipulator_teleop'
[0.308s] Level 1:colcon.colcon_core.package_identification:_identify(src/open_manipulator/ros2_controller) by extensions ['ignore', 'ignore_ament_install']
[0.308s] Level 1:colcon.colcon_core.package_identification:_identify(src/open_manipulator/ros2_controller) by extension 'ignore'
[0.308s] Level 1:colcon.colcon_core.package_identification:_identify(src/open_manipulator/ros2_controller) by extension 'ignore_ament_install'
[0.308s] Level 1:colcon.colcon_core.package_identification:_identify(src/open_manipulator/ros2_controller) by extensions ['colcon_pkg']
[0.309s] Level 1:colcon.colcon_core.package_identification:_identify(src/open_manipulator/ros2_controller) by extension 'colcon_pkg'
[0.309s] Level 1:colcon.colcon_core.package_identification:_identify(src/open_manipulator/ros2_controller) by extensions ['colcon_meta']
[0.309s] Level 1:colcon.colcon_core.package_identification:_identify(src/open_manipulator/ros2_controller) by extension 'colcon_meta'
[0.309s] Level 1:colcon.colcon_core.package_identification:_identify(src/open_manipulator/ros2_controller) by extensions ['ros']
[0.309s] Level 1:colcon.colcon_core.package_identification:_identify(src/open_manipulator/ros2_controller) by extension 'ros'
[0.309s] Level 1:colcon.colcon_core.package_identification:_identify(src/open_manipulator/ros2_controller) by extensions ['cmake', 'python']
[0.309s] Level 1:colcon.colcon_core.package_identification:_identify(src/open_manipulator/ros2_controller) by extension 'cmake'
[0.309s] Level 1:colcon.colcon_core.package_identification:_identify(src/open_manipulator/ros2_controller) by extension 'python'
[0.309s] Level 1:colcon.colcon_core.package_identification:_identify(src/open_manipulator/ros2_controller) by extensions ['python_setup_py']
[0.309s] Level 1:colcon.colcon_core.package_identification:_identify(src/open_manipulator/ros2_controller) by extension 'python_setup_py'
[0.309s] Level 1:colcon.colcon_core.package_identification:_identify(src/open_manipulator/ros2_controller/om_gravity_compensation_controller) by extensions ['ignore', 'ignore_ament_install']
[0.309s] Level 1:colcon.colcon_core.package_identification:_identify(src/open_manipulator/ros2_controller/om_gravity_compensation_controller) by extension 'ignore'
[0.309s] Level 1:colcon.colcon_core.package_identification:_identify(src/open_manipulator/ros2_controller/om_gravity_compensation_controller) by extension 'ignore_ament_install'
[0.309s] Level 1:colcon.colcon_core.package_identification:_identify(src/open_manipulator/ros2_controller/om_gravity_compensation_controller) by extensions ['colcon_pkg']
[0.309s] Level 1:colcon.colcon_core.package_identification:_identify(src/open_manipulator/ros2_controller/om_gravity_compensation_controller) by extension 'colcon_pkg'
[0.309s] Level 1:colcon.colcon_core.package_identification:_identify(src/open_manipulator/ros2_controller/om_gravity_compensation_controller) by extensions ['colcon_meta']
[0.309s] Level 1:colcon.colcon_core.package_identification:_identify(src/open_manipulator/ros2_controller/om_gravity_compensation_controller) by extension 'colcon_meta'
[0.309s] Level 1:colcon.colcon_core.package_identification:_identify(src/open_manipulator/ros2_controller/om_gravity_compensation_controller) by extensions ['ros']
[0.309s] Level 1:colcon.colcon_core.package_identification:_identify(src/open_manipulator/ros2_controller/om_gravity_compensation_controller) by extension 'ros'
[0.310s] DEBUG:colcon.colcon_core.package_identification:Package 'src/open_manipulator/ros2_controller/om_gravity_compensation_controller' with type 'ros.ament_cmake' and name 'om_gravity_compensation_controller'
[0.310s] Level 1:colcon.colcon_core.package_identification:_identify(src/open_manipulator/ros2_controller/om_joint_trajectory_command_broadcaster) by extensions ['ignore', 'ignore_ament_install']
[0.310s] Level 1:colcon.colcon_core.package_identification:_identify(src/open_manipulator/ros2_controller/om_joint_trajectory_command_broadcaster) by extension 'ignore'
[0.310s] Level 1:colcon.colcon_core.package_identification:_identify(src/open_manipulator/ros2_controller/om_joint_trajectory_command_broadcaster) by extension 'ignore_ament_install'
[0.310s] Level 1:colcon.colcon_core.package_identification:_identify(src/open_manipulator/ros2_controller/om_joint_trajectory_command_broadcaster) by extensions ['colcon_pkg']
[0.310s] Level 1:colcon.colcon_core.package_identification:_identify(src/open_manipulator/ros2_controller/om_joint_trajectory_command_broadcaster) by extension 'colcon_pkg'
[0.310s] Level 1:colcon.colcon_core.package_identification:_identify(src/open_manipulator/ros2_controller/om_joint_trajectory_command_broadcaster) by extensions ['colcon_meta']
[0.311s] Level 1:colcon.colcon_core.package_identification:_identify(src/open_manipulator/ros2_controller/om_joint_trajectory_command_broadcaster) by extension 'colcon_meta'
[0.311s] Level 1:colcon.colcon_core.package_identification:_identify(src/open_manipulator/ros2_controller/om_joint_trajectory_command_broadcaster) by extensions ['ros']
[0.311s] Level 1:colcon.colcon_core.package_identification:_identify(src/open_manipulator/ros2_controller/om_joint_trajectory_command_broadcaster) by extension 'ros'
[0.311s] DEBUG:colcon.colcon_core.package_identification:Package 'src/open_manipulator/ros2_controller/om_joint_trajectory_command_broadcaster' with type 'ros.ament_cmake' and name 'om_joint_trajectory_command_broadcaster'
[0.311s] Level 1:colcon.colcon_core.package_identification:_identify(src/open_manipulator/ros2_controller/om_spring_actuator_controller) by extensions ['ignore', 'ignore_ament_install']
[0.311s] Level 1:colcon.colcon_core.package_identification:_identify(src/open_manipulator/ros2_controller/om_spring_actuator_controller) by extension 'ignore'
[0.312s] Level 1:colcon.colcon_core.package_identification:_identify(src/open_manipulator/ros2_controller/om_spring_actuator_controller) by extension 'ignore_ament_install'
[0.312s] Level 1:colcon.colcon_core.package_identification:_identify(src/open_manipulator/ros2_controller/om_spring_actuator_controller) by extensions ['colcon_pkg']
[0.312s] Level 1:colcon.colcon_core.package_identification:_identify(src/open_manipulator/ros2_controller/om_spring_actuator_controller) by extension 'colcon_pkg'
[0.312s] Level 1:colcon.colcon_core.package_identification:_identify(src/open_manipulator/ros2_controller/om_spring_actuator_controller) by extensions ['colcon_meta']
[0.312s] Level 1:colcon.colcon_core.package_identification:_identify(src/open_manipulator/ros2_controller/om_spring_actuator_controller) by extension 'colcon_meta'
[0.312s] Level 1:colcon.colcon_core.package_identification:_identify(src/open_manipulator/ros2_controller/om_spring_actuator_controller) by extensions ['ros']
[0.312s] Level 1:colcon.colcon_core.package_identification:_identify(src/open_manipulator/ros2_controller/om_spring_actuator_controller) by extension 'ros'
[0.312s] DEBUG:colcon.colcon_core.package_identification:Package 'src/open_manipulator/ros2_controller/om_spring_actuator_controller' with type 'ros.ament_cmake' and name 'om_spring_actuator_controller'
[0.312s] Level 1:colcon.colcon_core.package_identification:_identify(src/robotis_interfaces) by extensions ['ignore', 'ignore_ament_install']
[0.312s] Level 1:colcon.colcon_core.package_identification:_identify(src/robotis_interfaces) by extension 'ignore'
[0.313s] Level 1:colcon.colcon_core.package_identification:_identify(src/robotis_interfaces) by extension 'ignore_ament_install'
[0.313s] Level 1:colcon.colcon_core.package_identification:_identify(src/robotis_interfaces) by extensions ['colcon_pkg']
[0.313s] Level 1:colcon.colcon_core.package_identification:_identify(src/robotis_interfaces) by extension 'colcon_pkg'
[0.313s] Level 1:colcon.colcon_core.package_identification:_identify(src/robotis_interfaces) by extensions ['colcon_meta']
[0.313s] Level 1:colcon.colcon_core.package_identification:_identify(src/robotis_interfaces) by extension 'colcon_meta'
[0.313s] Level 1:colcon.colcon_core.package_identification:_identify(src/robotis_interfaces) by extensions ['ros']
[0.313s] Level 1:colcon.colcon_core.package_identification:_identify(src/robotis_interfaces) by extension 'ros'
[0.313s] DEBUG:colcon.colcon_core.package_identification:Package 'src/robotis_interfaces' with type 'ros.ament_cmake' and name 'robotis_interfaces'
[0.313s] Level 1:colcon.colcon_core.package_discovery:discover_packages(recursive) using defaults
[0.313s] Level 1:colcon.colcon_core.package_discovery:discover_packages(ignore) discover
[0.313s] Level 1:colcon.colcon_core.package_discovery:discover_packages(ignore) using defaults
[0.313s] Level 1:colcon.colcon_core.package_discovery:discover_packages(path) discover
[0.313s] Level 1:colcon.colcon_core.package_discovery:discover_packages(path) using defaults
[0.332s] Level 1:colcon.colcon_core.package_discovery:discover_packages(prefix_path) check parameters
[0.332s] Level 1:colcon.colcon_core.package_discovery:discover_packages(prefix_path) discover
[0.334s] DEBUG:colcon.colcon_installed_package_information.package_discovery:Found 17 installed packages in /home/jamiek/2026_ROS_manipulator/open_manipulator_ws/install
[0.335s] DEBUG:colcon.colcon_installed_package_information.package_discovery:Found 3 installed packages in /home/jamiek/2026_ROS_manipulator/ros_ws/install
[0.336s] DEBUG:colcon.colcon_installed_package_information.package_discovery:Found 408 installed packages in /opt/ros/jazzy
[0.337s] Level 1:colcon.colcon_core.package_discovery:discover_packages(prefix_path) using defaults
[0.393s] Level 5:colcon.colcon_core.verb:set package 'dynamixel_interfaces' build argument 'cmake_args' from command line to 'None'
[0.393s] Level 5:colcon.colcon_core.verb:set package 'dynamixel_interfaces' build argument 'cmake_target' from command line to 'None'
[0.393s] Level 5:colcon.colcon_core.verb:set package 'dynamixel_interfaces' build argument 'cmake_target_skip_unavailable' from command line to 'False'
[0.393s] Level 5:colcon.colcon_core.verb:set package 'dynamixel_interfaces' build argument 'cmake_clean_cache' from command line to 'False'
[0.393s] Level 5:colcon.colcon_core.verb:set package 'dynamixel_interfaces' build argument 'cmake_clean_first' from command line to 'False'
[0.393s] Level 5:colcon.colcon_core.verb:set package 'dynamixel_interfaces' build argument 'cmake_force_configure' from command line to 'False'
[0.393s] Level 5:colcon.colcon_core.verb:set package 'dynamixel_interfaces' build argument 'ament_cmake_args' from command line to 'None'
[0.393s] Level 5:colcon.colcon_core.verb:set package 'dynamixel_interfaces' build argument 'catkin_cmake_args' from command line to 'None'
[0.393s] Level 5:colcon.colcon_core.verb:set package 'dynamixel_interfaces' build argument 'catkin_skip_building_tests' from command line to 'False'
[0.393s] DEBUG:colcon.colcon_core.verb:Building package 'dynamixel_interfaces' with the following arguments: {'ament_cmake_args': None, 'build_base': '/home/jamiek/2026_ROS_manipulator/open_manipulator_ws/build/dynamixel_interfaces', 'catkin_cmake_args': None, 'catkin_skip_building_tests': False, 'cmake_args': None, 'cmake_clean_cache': False, 'cmake_clean_first': False, 'cmake_force_configure': False, 'cmake_target': None, 'cmake_target_skip_unavailable': False, 'install_base': '/home/jamiek/2026_ROS_manipulator/open_manipulator_ws/install/dynamixel_interfaces', 'merge_install': False, 'path': '/home/jamiek/2026_ROS_manipulator/open_manipulator_ws/src/dynamixel_interfaces', 'symlink_install': False, 'test_result_base': None}
[0.393s] Level 5:colcon.colcon_core.verb:set package 'dynamixel_sdk' build argument 'cmake_args' from command line to 'None'
[0.393s] Level 5:colcon.colcon_core.verb:set package 'dynamixel_sdk' build argument 'cmake_target' from command line to 'None'
[0.393s] Level 5:colcon.colcon_core.verb:set package 'dynamixel_sdk' build argument 'cmake_target_skip_unavailable' from command line to 'False'
[0.393s] Level 5:colcon.colcon_core.verb:set package 'dynamixel_sdk' build argument 'cmake_clean_cache' from command line to 'False'
[0.393s] Level 5:colcon.colcon_core.verb:set package 'dynamixel_sdk' build argument 'cmake_clean_first' from command line to 'False'
[0.393s] Level 5:colcon.colcon_core.verb:set package 'dynamixel_sdk' build argument 'cmake_force_configure' from command line to 'False'
[0.393s] Level 5:colcon.colcon_core.verb:set package 'dynamixel_sdk' build argument 'ament_cmake_args' from command line to 'None'
[0.393s] Level 5:colcon.colcon_core.verb:set package 'dynamixel_sdk' build argument 'catkin_cmake_args' from command line to 'None'
[0.393s] Level 5:colcon.colcon_core.verb:set package 'dynamixel_sdk' build argument 'catkin_skip_building_tests' from command line to 'False'
[0.393s] DEBUG:colcon.colcon_core.verb:Building package 'dynamixel_sdk' with the following arguments: {'ament_cmake_args': None, 'build_base': '/home/jamiek/2026_ROS_manipulator/open_manipulator_ws/build/dynamixel_sdk', 'catkin_cmake_args': None, 'catkin_skip_building_tests': False, 'cmake_args': None, 'cmake_clean_cache': False, 'cmake_clean_first': False, 'cmake_force_configure': False, 'cmake_target': None, 'cmake_target_skip_unavailable': False, 'install_base': '/home/jamiek/2026_ROS_manipulator/open_manipulator_ws/install/dynamixel_sdk', 'merge_install': False, 'path': '/home/jamiek/2026_ROS_manipulator/open_manipulator_ws/src/DynamixelSDK/ros/dynamixel_sdk', 'symlink_install': False, 'test_result_base': None}
[0.394s] Level 5:colcon.colcon_core.verb:set package 'dynamixel_sdk_custom_interfaces' build argument 'cmake_args' from command line to 'None'
[0.394s] Level 5:colcon.colcon_core.verb:set package 'dynamixel_sdk_custom_interfaces' build argument 'cmake_target' from command line to 'None'
[0.394s] Level 5:colcon.colcon_core.verb:set package 'dynamixel_sdk_custom_interfaces' build argument 'cmake_target_skip_unavailable' from command line to 'False'
[0.394s] Level 5:colcon.colcon_core.verb:set package 'dynamixel_sdk_custom_interfaces' build argument 'cmake_clean_cache' from command line to 'False'
[0.394s] Level 5:colcon.colcon_core.verb:set package 'dynamixel_sdk_custom_interfaces' build argument 'cmake_clean_first' from command line to 'False'
[0.394s] Level 5:colcon.colcon_core.verb:set package 'dynamixel_sdk_custom_interfaces' build argument 'cmake_force_configure' from command line to 'False'
[0.394s] Level 5:colcon.colcon_core.verb:set package 'dynamixel_sdk_custom_interfaces' build argument 'ament_cmake_args' from command line to 'None'
[0.394s] Level 5:colcon.colcon_core.verb:set package 'dynamixel_sdk_custom_interfaces' build argument 'catkin_cmake_args' from command line to 'None'
[0.394s] Level 5:colcon.colcon_core.verb:set package 'dynamixel_sdk_custom_interfaces' build argument 'catkin_skip_building_tests' from command line to 'False'
[0.394s] DEBUG:colcon.colcon_core.verb:Building package 'dynamixel_sdk_custom_interfaces' with the following arguments: {'ament_cmake_args': None, 'build_base': '/home/jamiek/2026_ROS_manipulator/open_manipulator_ws/build/dynamixel_sdk_custom_interfaces', 'catkin_cmake_args': None, 'catkin_skip_building_tests': False, 'cmake_args': None, 'cmake_clean_cache': False, 'cmake_clean_first': False, 'cmake_force_configure': False, 'cmake_target': None, 'cmake_target_skip_unavailable': False, 'install_base': '/home/jamiek/2026_ROS_manipulator/open_manipulator_ws/install/dynamixel_sdk_custom_interfaces', 'merge_install': False, 'path': '/home/jamiek/2026_ROS_manipulator/open_manipulator_ws/src/DynamixelSDK/ros/dynamixel_sdk_custom_interfaces', 'symlink_install': False, 'test_result_base': None}
[0.394s] Level 5:colcon.colcon_core.verb:set package 'om_gravity_compensation_controller' build argument 'cmake_args' from command line to 'None'
[0.394s] Level 5:colcon.colcon_core.verb:set package 'om_gravity_compensation_controller' build argument 'cmake_target' from command line to 'None'
[0.394s] Level 5:colcon.colcon_core.verb:set package 'om_gravity_compensation_controller' build argument 'cmake_target_skip_unavailable' from command line to 'False'
[0.394s] Level 5:colcon.colcon_core.verb:set package 'om_gravity_compensation_controller' build argument 'cmake_clean_cache' from command line to 'False'
[0.394s] Level 5:colcon.colcon_core.verb:set package 'om_gravity_compensation_controller' build argument 'cmake_clean_first' from command line to 'False'
[0.394s] Level 5:colcon.colcon_core.verb:set package 'om_gravity_compensation_controller' build argument 'cmake_force_configure' from command line to 'False'
[0.394s] Level 5:colcon.colcon_core.verb:set package 'om_gravity_compensation_controller' build argument 'ament_cmake_args' from command line to 'None'
[0.394s] Level 5:colcon.colcon_core.verb:set package 'om_gravity_compensation_controller' build argument 'catkin_cmake_args' from command line to 'None'
[0.394s] Level 5:colcon.colcon_core.verb:set package 'om_gravity_compensation_controller' build argument 'catkin_skip_building_tests' from command line to 'False'
[0.394s] DEBUG:colcon.colcon_core.verb:Building package 'om_gravity_compensation_controller' with the following arguments: {'ament_cmake_args': None, 'build_base': '/home/jamiek/2026_ROS_manipulator/open_manipulator_ws/build/om_gravity_compensation_controller', 'catkin_cmake_args': None, 'catkin_skip_building_tests': False, 'cmake_args': None, 'cmake_clean_cache': False, 'cmake_clean_first': False, 'cmake_force_configure': False, 'cmake_target': None, 'cmake_target_skip_unavailable': False, 'install_base': '/home/jamiek/2026_ROS_manipulator/open_manipulator_ws/install/om_gravity_compensation_controller', 'merge_install': False, 'path': '/home/jamiek/2026_ROS_manipulator/open_manipulator_ws/src/open_manipulator/ros2_controller/om_gravity_compensation_controller', 'symlink_install': False, 'test_result_base': None}
[0.394s] Level 5:colcon.colcon_core.verb:set package 'om_joint_trajectory_command_broadcaster' build argument 'cmake_args' from command line to 'None'
[0.394s] Level 5:colcon.colcon_core.verb:set package 'om_joint_trajectory_command_broadcaster' build argument 'cmake_target' from command line to 'None'
[0.394s] Level 5:colcon.colcon_core.verb:set package 'om_joint_trajectory_command_broadcaster' build argument 'cmake_target_skip_unavailable' from command line to 'False'
[0.394s] Level 5:colcon.colcon_core.verb:set package 'om_joint_trajectory_command_broadcaster' build argument 'cmake_clean_cache' from command line to 'False'
[0.394s] Level 5:colcon.colcon_core.verb:set package 'om_joint_trajectory_command_broadcaster' build argument 'cmake_clean_first' from command line to 'False'
[0.395s] Level 5:colcon.colcon_core.verb:set package 'om_joint_trajectory_command_broadcaster' build argument 'cmake_force_configure' from command line to 'False'
[0.395s] Level 5:colcon.colcon_core.verb:set package 'om_joint_trajectory_command_broadcaster' build argument 'ament_cmake_args' from command line to 'None'
[0.395s] Level 5:colcon.colcon_core.verb:set package 'om_joint_trajectory_command_broadcaster' build argument 'catkin_cmake_args' from command line to 'None'
[0.395s] Level 5:colcon.colcon_core.verb:set package 'om_joint_trajectory_command_broadcaster' build argument 'catkin_skip_building_tests' from command line to 'False'
[0.395s] DEBUG:colcon.colcon_core.verb:Building package 'om_joint_trajectory_command_broadcaster' with the following arguments: {'ament_cmake_args': None, 'build_base': '/home/jamiek/2026_ROS_manipulator/open_manipulator_ws/build/om_joint_trajectory_command_broadcaster', 'catkin_cmake_args': None, 'catkin_skip_building_tests': False, 'cmake_args': None, 'cmake_clean_cache': False, 'cmake_clean_first': False, 'cmake_force_configure': False, 'cmake_target': None, 'cmake_target_skip_unavailable': False, 'install_base': '/home/jamiek/2026_ROS_manipulator/open_manipulator_ws/install/om_joint_trajectory_command_broadcaster', 'merge_install': False, 'path': '/home/jamiek/2026_ROS_manipulator/open_manipulator_ws/src/open_manipulator/ros2_controller/om_joint_trajectory_command_broadcaster', 'symlink_install': False, 'test_result_base': None}
[0.395s] Level 5:colcon.colcon_core.verb:set package 'om_spring_actuator_controller' build argument 'cmake_args' from command line to 'None'
[0.395s] Level 5:colcon.colcon_core.verb:set package 'om_spring_actuator_controller' build argument 'cmake_target' from command line to 'None'
[0.395s] Level 5:colcon.colcon_core.verb:set package 'om_spring_actuator_controller' build argument 'cmake_target_skip_unavailable' from command line to 'False'
[0.395s] Level 5:colcon.colcon_core.verb:set package 'om_spring_actuator_controller' build argument 'cmake_clean_cache' from command line to 'False'
[0.395s] Level 5:colcon.colcon_core.verb:set package 'om_spring_actuator_controller' build argument 'cmake_clean_first' from command line to 'False'
[0.395s] Level 5:colcon.colcon_core.verb:set package 'om_spring_actuator_controller' build argument 'cmake_force_configure' from command line to 'False'
[0.395s] Level 5:colcon.colcon_core.verb:set package 'om_spring_actuator_controller' build argument 'ament_cmake_args' from command line to 'None'
[0.395s] Level 5:colcon.colcon_core.verb:set package 'om_spring_actuator_controller' build argument 'catkin_cmake_args' from command line to 'None'
[0.395s] Level 5:colcon.colcon_core.verb:set package 'om_spring_actuator_controller' build argument 'catkin_skip_building_tests' from command line to 'False'
[0.395s] DEBUG:colcon.colcon_core.verb:Building package 'om_spring_actuator_controller' with the following arguments: {'ament_cmake_args': None, 'build_base': '/home/jamiek/2026_ROS_manipulator/open_manipulator_ws/build/om_spring_actuator_controller', 'catkin_cmake_args': None, 'catkin_skip_building_tests': False, 'cmake_args': None, 'cmake_clean_cache': False, 'cmake_clean_first': False, 'cmake_force_configure': False, 'cmake_target': None, 'cmake_target_skip_unavailable': False, 'install_base': '/home/jamiek/2026_ROS_manipulator/open_manipulator_ws/install/om_spring_actuator_controller', 'merge_install': False, 'path': '/home/jamiek/2026_ROS_manipulator/open_manipulator_ws/src/open_manipulator/ros2_controller/om_spring_actuator_controller', 'symlink_install': False, 'test_result_base': None}
[0.395s] Level 5:colcon.colcon_core.verb:set package 'open_manipulator_collision' build argument 'cmake_args' from command line to 'None'
[0.395s] Level 5:colcon.colcon_core.verb:set package 'open_manipulator_collision' build argument 'cmake_target' from command line to 'None'
[0.395s] Level 5:colcon.colcon_core.verb:set package 'open_manipulator_collision' build argument 'cmake_target_skip_unavailable' from command line to 'False'
[0.395s] Level 5:colcon.colcon_core.verb:set package 'open_manipulator_collision' build argument 'cmake_clean_cache' from command line to 'False'
[0.395s] Level 5:colcon.colcon_core.verb:set package 'open_manipulator_collision' build argument 'cmake_clean_first' from command line to 'False'
[0.395s] Level 5:colcon.colcon_core.verb:set package 'open_manipulator_collision' build argument 'cmake_force_configure' from command line to 'False'
[0.395s] Level 5:colcon.colcon_core.verb:set package 'open_manipulator_collision' build argument 'ament_cmake_args' from command line to 'None'
[0.395s] Level 5:colcon.colcon_core.verb:set package 'open_manipulator_collision' build argument 'catkin_cmake_args' from command line to 'None'
[0.395s] Level 5:colcon.colcon_core.verb:set package 'open_manipulator_collision' build argument 'catkin_skip_building_tests' from command line to 'False'
[0.395s] DEBUG:colcon.colcon_core.verb:Building package 'open_manipulator_collision' with the following arguments: {'ament_cmake_args': None, 'build_base': '/home/jamiek/2026_ROS_manipulator/open_manipulator_ws/build/open_manipulator_collision', 'catkin_cmake_args': None, 'catkin_skip_building_tests': False, 'cmake_args': None, 'cmake_clean_cache': False, 'cmake_clean_first': False, 'cmake_force_configure': False, 'cmake_target': None, 'cmake_target_skip_unavailable': False, 'install_base': '/home/jamiek/2026_ROS_manipulator/open_manipulator_ws/install/open_manipulator_collision', 'merge_install': False, 'path': '/home/jamiek/2026_ROS_manipulator/open_manipulator_ws/src/open_manipulator/open_manipulator_collision', 'symlink_install': False, 'test_result_base': None}
[0.395s] Level 5:colcon.colcon_core.verb:set package 'open_manipulator_description' build argument 'cmake_args' from command line to 'None'
[0.396s] Level 5:colcon.colcon_core.verb:set package 'open_manipulator_description' build argument 'cmake_target' from command line to 'None'
[0.396s] Level 5:colcon.colcon_core.verb:set package 'open_manipulator_description' build argument 'cmake_target_skip_unavailable' from command line to 'False'
[0.396s] Level 5:colcon.colcon_core.verb:set package 'open_manipulator_description' build argument 'cmake_clean_cache' from command line to 'False'
[0.396s] Level 5:colcon.colcon_core.verb:set package 'open_manipulator_description' build argument 'cmake_clean_first' from command line to 'False'
[0.396s] Level 5:colcon.colcon_core.verb:set package 'open_manipulator_description' build argument 'cmake_force_configure' from command line to 'False'
[0.396s] Level 5:colcon.colcon_core.verb:set package 'open_manipulator_description' build argument 'ament_cmake_args' from command line to 'None'
[0.396s] Level 5:colcon.colcon_core.verb:set package 'open_manipulator_description' build argument 'catkin_cmake_args' from command line to 'None'
[0.396s] Level 5:colcon.colcon_core.verb:set package 'open_manipulator_description' build argument 'catkin_skip_building_tests' from command line to 'False'
[0.396s] DEBUG:colcon.colcon_core.verb:Building package 'open_manipulator_description' with the following arguments: {'ament_cmake_args': None, 'build_base': '/home/jamiek/2026_ROS_manipulator/open_manipulator_ws/build/open_manipulator_description', 'catkin_cmake_args': None, 'catkin_skip_building_tests': False, 'cmake_args': None, 'cmake_clean_cache': False, 'cmake_clean_first': False, 'cmake_force_configure': False, 'cmake_target': None, 'cmake_target_skip_unavailable': False, 'install_base': '/home/jamiek/2026_ROS_manipulator/open_manipulator_ws/install/open_manipulator_description', 'merge_install': False, 'path': '/home/jamiek/2026_ROS_manipulator/open_manipulator_ws/src/open_manipulator/open_manipulator_description', 'symlink_install': False, 'test_result_base': None}
[0.396s] Level 5:colcon.colcon_core.verb:set package 'open_manipulator_gui' build argument 'cmake_args' from command line to 'None'
[0.396s] Level 5:colcon.colcon_core.verb:set package 'open_manipulator_gui' build argument 'cmake_target' from command line to 'None'
[0.396s] Level 5:colcon.colcon_core.verb:set package 'open_manipulator_gui' build argument 'cmake_target_skip_unavailable' from command line to 'False'
[0.396s] Level 5:colcon.colcon_core.verb:set package 'open_manipulator_gui' build argument 'cmake_clean_cache' from command line to 'False'
[0.396s] Level 5:colcon.colcon_core.verb:set package 'open_manipulator_gui' build argument 'cmake_clean_first' from command line to 'False'
[0.396s] Level 5:colcon.colcon_core.verb:set package 'open_manipulator_gui' build argument 'cmake_force_configure' from command line to 'False'
[0.396s] Level 5:colcon.colcon_core.verb:set package 'open_manipulator_gui' build argument 'ament_cmake_args' from command line to 'None'
[0.396s] Level 5:colcon.colcon_core.verb:set package 'open_manipulator_gui' build argument 'catkin_cmake_args' from command line to 'None'
[0.396s] Level 5:colcon.colcon_core.verb:set package 'open_manipulator_gui' build argument 'catkin_skip_building_tests' from command line to 'False'
[0.396s] DEBUG:colcon.colcon_core.verb:Building package 'open_manipulator_gui' with the following arguments: {'ament_cmake_args': None, 'build_base': '/home/jamiek/2026_ROS_manipulator/open_manipulator_ws/build/open_manipulator_gui', 'catkin_cmake_args': None, 'catkin_skip_building_tests': False, 'cmake_args': None, 'cmake_clean_cache': False, 'cmake_clean_first': False, 'cmake_force_configure': False, 'cmake_target': None, 'cmake_target_skip_unavailable': False, 'install_base': '/home/jamiek/2026_ROS_manipulator/open_manipulator_ws/install/open_manipulator_gui', 'merge_install': False, 'path': '/home/jamiek/2026_ROS_manipulator/open_manipulator_ws/src/open_manipulator/open_manipulator_gui', 'symlink_install': False, 'test_result_base': None}
[0.396s] Level 5:colcon.colcon_core.verb:set package 'open_manipulator_teleop' build argument 'cmake_args' from command line to 'None'
[0.396s] Level 5:colcon.colcon_core.verb:set package 'open_manipulator_teleop' build argument 'cmake_target' from command line to 'None'
[0.396s] Level 5:colcon.colcon_core.verb:set package 'open_manipulator_teleop' build argument 'cmake_target_skip_unavailable' from command line to 'False'
[0.396s] Level 5:colcon.colcon_core.verb:set package 'open_manipulator_teleop' build argument 'cmake_clean_cache' from command line to 'False'
[0.396s] Level 5:colcon.colcon_core.verb:set package 'open_manipulator_teleop' build argument 'cmake_clean_first' from command line to 'False'
[0.396s] Level 5:colcon.colcon_core.verb:set package 'open_manipulator_teleop' build argument 'cmake_force_configure' from command line to 'False'
[0.396s] Level 5:colcon.colcon_core.verb:set package 'open_manipulator_teleop' build argument 'ament_cmake_args' from command line to 'None'
[0.396s] Level 5:colcon.colcon_core.verb:set package 'open_manipulator_teleop' build argument 'catkin_cmake_args' from command line to 'None'
[0.396s] Level 5:colcon.colcon_core.verb:set package 'open_manipulator_teleop' build argument 'catkin_skip_building_tests' from command line to 'False'
[0.396s] DEBUG:colcon.colcon_core.verb:Building package 'open_manipulator_teleop' with the following arguments: {'ament_cmake_args': None, 'build_base': '/home/jamiek/2026_ROS_manipulator/open_manipulator_ws/build/open_manipulator_teleop', 'catkin_cmake_args': None, 'catkin_skip_building_tests': False, 'cmake_args': None, 'cmake_clean_cache': False, 'cmake_clean_first': False, 'cmake_force_configure': False, 'cmake_target': None, 'cmake_target_skip_unavailable': False, 'install_base': '/home/jamiek/2026_ROS_manipulator/open_manipulator_ws/install/open_manipulator_teleop', 'merge_install': False, 'path': '/home/jamiek/2026_ROS_manipulator/open_manipulator_ws/src/open_manipulator/open_manipulator_teleop', 'symlink_install': False, 'test_result_base': None}
[0.397s] Level 5:colcon.colcon_core.verb:set package 'robotis_interfaces' build argument 'cmake_args' from command line to 'None'
[0.397s] Level 5:colcon.colcon_core.verb:set package 'robotis_interfaces' build argument 'cmake_target' from command line to 'None'
[0.397s] Level 5:colcon.colcon_core.verb:set package 'robotis_interfaces' build argument 'cmake_target_skip_unavailable' from command line to 'False'
[0.397s] Level 5:colcon.colcon_core.verb:set package 'robotis_interfaces' build argument 'cmake_clean_cache' from command line to 'False'
[0.397s] Level 5:colcon.colcon_core.verb:set package 'robotis_interfaces' build argument 'cmake_clean_first' from command line to 'False'
[0.397s] Level 5:colcon.colcon_core.verb:set package 'robotis_interfaces' build argument 'cmake_force_configure' from command line to 'False'
[0.397s] Level 5:colcon.colcon_core.verb:set package 'robotis_interfaces' build argument 'ament_cmake_args' from command line to 'None'
[0.397s] Level 5:colcon.colcon_core.verb:set package 'robotis_interfaces' build argument 'catkin_cmake_args' from command line to 'None'
[0.397s] Level 5:colcon.colcon_core.verb:set package 'robotis_interfaces' build argument 'catkin_skip_building_tests' from command line to 'False'
[0.397s] DEBUG:colcon.colcon_core.verb:Building package 'robotis_interfaces' with the following arguments: {'ament_cmake_args': None, 'build_base': '/home/jamiek/2026_ROS_manipulator/open_manipulator_ws/build/robotis_interfaces', 'catkin_cmake_args': None, 'catkin_skip_building_tests': False, 'cmake_args': None, 'cmake_clean_cache': False, 'cmake_clean_first': False, 'cmake_force_configure': False, 'cmake_target': None, 'cmake_target_skip_unavailable': False, 'install_base': '/home/jamiek/2026_ROS_manipulator/open_manipulator_ws/install/robotis_interfaces', 'merge_install': False, 'path': '/home/jamiek/2026_ROS_manipulator/open_manipulator_ws/src/robotis_interfaces', 'symlink_install': False, 'test_result_base': None}
[0.397s] Level 5:colcon.colcon_core.verb:set package 'dynamixel_hardware_interface' build argument 'cmake_args' from command line to 'None'
[0.397s] Level 5:colcon.colcon_core.verb:set package 'dynamixel_hardware_interface' build argument 'cmake_target' from command line to 'None'
[0.397s] Level 5:colcon.colcon_core.verb:set package 'dynamixel_hardware_interface' build argument 'cmake_target_skip_unavailable' from command line to 'False'
[0.397s] Level 5:colcon.colcon_core.verb:set package 'dynamixel_hardware_interface' build argument 'cmake_clean_cache' from command line to 'False'
[0.397s] Level 5:colcon.colcon_core.verb:set package 'dynamixel_hardware_interface' build argument 'cmake_clean_first' from command line to 'False'
[0.397s] Level 5:colcon.colcon_core.verb:set package 'dynamixel_hardware_interface' build argument 'cmake_force_configure' from command line to 'False'
[0.397s] Level 5:colcon.colcon_core.verb:set package 'dynamixel_hardware_interface' build argument 'ament_cmake_args' from command line to 'None'
[0.397s] Level 5:colcon.colcon_core.verb:set package 'dynamixel_hardware_interface' build argument 'catkin_cmake_args' from command line to 'None'
[0.397s] Level 5:colcon.colcon_core.verb:set package 'dynamixel_hardware_interface' build argument 'catkin_skip_building_tests' from command line to 'False'
[0.397s] DEBUG:colcon.colcon_core.verb:Building package 'dynamixel_hardware_interface' with the following arguments: {'ament_cmake_args': None, 'build_base': '/home/jamiek/2026_ROS_manipulator/open_manipulator_ws/build/dynamixel_hardware_interface', 'catkin_cmake_args': None, 'catkin_skip_building_tests': False, 'cmake_args': None, 'cmake_clean_cache': False, 'cmake_clean_first': False, 'cmake_force_configure': False, 'cmake_target': None, 'cmake_target_skip_unavailable': False, 'install_base': '/home/jamiek/2026_ROS_manipulator/open_manipulator_ws/install/dynamixel_hardware_interface', 'merge_install': False, 'path': '/home/jamiek/2026_ROS_manipulator/open_manipulator_ws/src/dynamixel_hardware_interface', 'symlink_install': False, 'test_result_base': None}
[0.397s] Level 5:colcon.colcon_core.verb:set package 'dynamixel_sdk_examples' build argument 'cmake_args' from command line to 'None'
[0.397s] Level 5:colcon.colcon_core.verb:set package 'dynamixel_sdk_examples' build argument 'cmake_target' from command line to 'None'
[0.397s] Level 5:colcon.colcon_core.verb:set package 'dynamixel_sdk_examples' build argument 'cmake_target_skip_unavailable' from command line to 'False'
[0.397s] Level 5:colcon.colcon_core.verb:set package 'dynamixel_sdk_examples' build argument 'cmake_clean_cache' from command line to 'False'
[0.397s] Level 5:colcon.colcon_core.verb:set package 'dynamixel_sdk_examples' build argument 'cmake_clean_first' from command line to 'False'
[0.397s] Level 5:colcon.colcon_core.verb:set package 'dynamixel_sdk_examples' build argument 'cmake_force_configure' from command line to 'False'
[0.397s] Level 5:colcon.colcon_core.verb:set package 'dynamixel_sdk_examples' build argument 'ament_cmake_args' from command line to 'None'
[0.397s] Level 5:colcon.colcon_core.verb:set package 'dynamixel_sdk_examples' build argument 'catkin_cmake_args' from command line to 'None'
[0.397s] Level 5:colcon.colcon_core.verb:set package 'dynamixel_sdk_examples' build argument 'catkin_skip_building_tests' from command line to 'False'
[0.397s] DEBUG:colcon.colcon_core.verb:Building package 'dynamixel_sdk_examples' with the following arguments: {'ament_cmake_args': None, 'build_base': '/home/jamiek/2026_ROS_manipulator/open_manipulator_ws/build/dynamixel_sdk_examples', 'catkin_cmake_args': None, 'catkin_skip_building_tests': False, 'cmake_args': None, 'cmake_clean_cache': False, 'cmake_clean_first': False, 'cmake_force_configure': False, 'cmake_target': None, 'cmake_target_skip_unavailable': False, 'install_base': '/home/jamiek/2026_ROS_manipulator/open_manipulator_ws/install/dynamixel_sdk_examples', 'merge_install': False, 'path': '/home/jamiek/2026_ROS_manipulator/open_manipulator_ws/src/DynamixelSDK/ros/dynamixel_sdk_examples', 'symlink_install': False, 'test_result_base': None}
[0.398s] Level 5:colcon.colcon_core.verb:set package 'open_manipulator_moveit_config' build argument 'cmake_args' from command line to 'None'
[0.398s] Level 5:colcon.colcon_core.verb:set package 'open_manipulator_moveit_config' build argument 'cmake_target' from command line to 'None'
[0.398s] Level 5:colcon.colcon_core.verb:set package 'open_manipulator_moveit_config' build argument 'cmake_target_skip_unavailable' from command line to 'False'
[0.398s] Level 5:colcon.colcon_core.verb:set package 'open_manipulator_moveit_config' build argument 'cmake_clean_cache' from command line to 'False'
[0.398s] Level 5:colcon.colcon_core.verb:set package 'open_manipulator_moveit_config' build argument 'cmake_clean_first' from command line to 'False'
[0.398s] Level 5:colcon.colcon_core.verb:set package 'open_manipulator_moveit_config' build argument 'cmake_force_configure' from command line to 'False'
[0.398s] Level 5:colcon.colcon_core.verb:set package 'open_manipulator_moveit_config' build argument 'ament_cmake_args' from command line to 'None'
[0.398s] Level 5:colcon.colcon_core.verb:set package 'open_manipulator_moveit_config' build argument 'catkin_cmake_args' from command line to 'None'
[0.398s] Level 5:colcon.colcon_core.verb:set package 'open_manipulator_moveit_config' build argument 'catkin_skip_building_tests' from command line to 'False'
[0.398s] DEBUG:colcon.colcon_core.verb:Building package 'open_manipulator_moveit_config' with the following arguments: {'ament_cmake_args': None, 'build_base': '/home/jamiek/2026_ROS_manipulator/open_manipulator_ws/build/open_manipulator_moveit_config', 'catkin_cmake_args': None, 'catkin_skip_building_tests': False, 'cmake_args': None, 'cmake_clean_cache': False, 'cmake_clean_first': False, 'cmake_force_configure': False, 'cmake_target': None, 'cmake_target_skip_unavailable': False, 'install_base': '/home/jamiek/2026_ROS_manipulator/open_manipulator_ws/install/open_manipulator_moveit_config', 'merge_install': False, 'path': '/home/jamiek/2026_ROS_manipulator/open_manipulator_ws/src/open_manipulator/open_manipulator_moveit_config', 'symlink_install': False, 'test_result_base': None}
[0.398s] Level 5:colcon.colcon_core.verb:set package 'open_manipulator_playground' build argument 'cmake_args' from command line to 'None'
[0.398s] Level 5:colcon.colcon_core.verb:set package 'open_manipulator_playground' build argument 'cmake_target' from command line to 'None'
[0.398s] Level 5:colcon.colcon_core.verb:set package 'open_manipulator_playground' build argument 'cmake_target_skip_unavailable' from command line to 'False'
[0.398s] Level 5:colcon.colcon_core.verb:set package 'open_manipulator_playground' build argument 'cmake_clean_cache' from command line to 'False'
[0.398s] Level 5:colcon.colcon_core.verb:set package 'open_manipulator_playground' build argument 'cmake_clean_first' from command line to 'False'
[0.398s] Level 5:colcon.colcon_core.verb:set package 'open_manipulator_playground' build argument 'cmake_force_configure' from command line to 'False'
[0.398s] Level 5:colcon.colcon_core.verb:set package 'open_manipulator_playground' build argument 'ament_cmake_args' from command line to 'None'
[0.398s] Level 5:colcon.colcon_core.verb:set package 'open_manipulator_playground' build argument 'catkin_cmake_args' from command line to 'None'
[0.398s] Level 5:colcon.colcon_core.verb:set package 'open_manipulator_playground' build argument 'catkin_skip_building_tests' from command line to 'False'
[0.398s] DEBUG:colcon.colcon_core.verb:Building package 'open_manipulator_playground' with the following arguments: {'ament_cmake_args': None, 'build_base': '/home/jamiek/2026_ROS_manipulator/open_manipulator_ws/build/open_manipulator_playground', 'catkin_cmake_args': None, 'catkin_skip_building_tests': False, 'cmake_args': None, 'cmake_clean_cache': False, 'cmake_clean_first': False, 'cmake_force_configure': False, 'cmake_target': None, 'cmake_target_skip_unavailable': False, 'install_base': '/home/jamiek/2026_ROS_manipulator/open_manipulator_ws/install/open_manipulator_playground', 'merge_install': False, 'path': '/home/jamiek/2026_ROS_manipulator/open_manipulator_ws/src/open_manipulator/open_manipulator_playground', 'symlink_install': False, 'test_result_base': None}
[0.398s] Level 5:colcon.colcon_core.verb:set package 'open_manipulator_bringup' build argument 'cmake_args' from command line to 'None'
[0.398s] Level 5:colcon.colcon_core.verb:set package 'open_manipulator_bringup' build argument 'cmake_target' from command line to 'None'
[0.398s] Level 5:colcon.colcon_core.verb:set package 'open_manipulator_bringup' build argument 'cmake_target_skip_unavailable' from command line to 'False'
[0.398s] Level 5:colcon.colcon_core.verb:set package 'open_manipulator_bringup' build argument 'cmake_clean_cache' from command line to 'False'
[0.398s] Level 5:colcon.colcon_core.verb:set package 'open_manipulator_bringup' build argument 'cmake_clean_first' from command line to 'False'
[0.398s] Level 5:colcon.colcon_core.verb:set package 'open_manipulator_bringup' build argument 'cmake_force_configure' from command line to 'False'
[0.398s] Level 5:colcon.colcon_core.verb:set package 'open_manipulator_bringup' build argument 'ament_cmake_args' from command line to 'None'
[0.398s] Level 5:colcon.colcon_core.verb:set package 'open_manipulator_bringup' build argument 'catkin_cmake_args' from command line to 'None'
[0.398s] Level 5:colcon.colcon_core.verb:set package 'open_manipulator_bringup' build argument 'catkin_skip_building_tests' from command line to 'False'
[0.398s] DEBUG:colcon.colcon_core.verb:Building package 'open_manipulator_bringup' with the following arguments: {'ament_cmake_args': None, 'build_base': '/home/jamiek/2026_ROS_manipulator/open_manipulator_ws/build/open_manipulator_bringup', 'catkin_cmake_args': None, 'catkin_skip_building_tests': False, 'cmake_args': None, 'cmake_clean_cache': False, 'cmake_clean_first': False, 'cmake_force_configure': False, 'cmake_target': None, 'cmake_target_skip_unavailable': False, 'install_base': '/home/jamiek/2026_ROS_manipulator/open_manipulator_ws/install/open_manipulator_bringup', 'merge_install': False, 'path': '/home/jamiek/2026_ROS_manipulator/open_manipulator_ws/src/open_manipulator/open_manipulator_bringup', 'symlink_install': False, 'test_result_base': None}
[0.399s] Level 5:colcon.colcon_core.verb:set package 'open_manipulator' build argument 'cmake_args' from command line to 'None'
[0.399s] Level 5:colcon.colcon_core.verb:set package 'open_manipulator' build argument 'cmake_target' from command line to 'None'
[0.399s] Level 5:colcon.colcon_core.verb:set package 'open_manipulator' build argument 'cmake_target_skip_unavailable' from command line to 'False'
[0.399s] Level 5:colcon.colcon_core.verb:set package 'open_manipulator' build argument 'cmake_clean_cache' from command line to 'False'
[0.399s] Level 5:colcon.colcon_core.verb:set package 'open_manipulator' build argument 'cmake_clean_first' from command line to 'False'
[0.399s] Level 5:colcon.colcon_core.verb:set package 'open_manipulator' build argument 'cmake_force_configure' from command line to 'False'
[0.399s] Level 5:colcon.colcon_core.verb:set package 'open_manipulator' build argument 'ament_cmake_args' from command line to 'None'
[0.399s] Level 5:colcon.colcon_core.verb:set package 'open_manipulator' build argument 'catkin_cmake_args' from command line to 'None'
[0.399s] Level 5:colcon.colcon_core.verb:set package 'open_manipulator' build argument 'catkin_skip_building_tests' from command line to 'False'
[0.399s] DEBUG:colcon.colcon_core.verb:Building package 'open_manipulator' with the following arguments: {'ament_cmake_args': None, 'build_base': '/home/jamiek/2026_ROS_manipulator/open_manipulator_ws/build/open_manipulator', 'catkin_cmake_args': None, 'catkin_skip_building_tests': False, 'cmake_args': None, 'cmake_clean_cache': False, 'cmake_clean_first': False, 'cmake_force_configure': False, 'cmake_target': None, 'cmake_target_skip_unavailable': False, 'install_base': '/home/jamiek/2026_ROS_manipulator/open_manipulator_ws/install/open_manipulator', 'merge_install': False, 'path': '/home/jamiek/2026_ROS_manipulator/open_manipulator_ws/src/open_manipulator/open_manipulator', 'symlink_install': False, 'test_result_base': None}
[0.399s] INFO:colcon.colcon_core.executor:Executing jobs using 'parallel' executor
[0.400s] DEBUG:colcon.colcon_parallel_executor.executor.parallel:run_until_complete
[0.400s] INFO:colcon.colcon_ros.task.ament_cmake.build:Building ROS package in '/home/jamiek/2026_ROS_manipulator/open_manipulator_ws/src/DynamixelSDK/ros/dynamixel_sdk' with build type 'ament_cmake'
[0.400s] INFO:colcon.colcon_cmake.task.cmake.build:Building CMake package in '/home/jamiek/2026_ROS_manipulator/open_manipulator_ws/src/DynamixelSDK/ros/dynamixel_sdk'
[0.402s] INFO:colcon.colcon_core.plugin_system:Skipping extension 'colcon_core.shell.bat': Not used on non-Windows systems
[0.402s] INFO:colcon.colcon_core.shell:Skip shell extension 'powershell' for command environment: Not usable outside of PowerShell
[0.402s] DEBUG:colcon.colcon_core.shell:Skip shell extension 'dsv' for command environment
[0.407s] INFO:colcon.colcon_ros.task.ament_cmake.build:Building ROS package in '/home/jamiek/2026_ROS_manipulator/open_manipulator_ws/src/dynamixel_interfaces' with build type 'ament_cmake'
[0.407s] INFO:colcon.colcon_cmake.task.cmake.build:Building CMake package in '/home/jamiek/2026_ROS_manipulator/open_manipulator_ws/src/dynamixel_interfaces'
[0.407s] INFO:colcon.colcon_core.shell:Skip shell extension 'powershell' for command environment: Not usable outside of PowerShell
[0.407s] DEBUG:colcon.colcon_core.shell:Skip shell extension 'dsv' for command environment
[0.413s] INFO:colcon.colcon_ros.task.ament_cmake.build:Building ROS package in '/home/jamiek/2026_ROS_manipulator/open_manipulator_ws/src/open_manipulator/open_manipulator_description' with build type 'ament_cmake'
[0.413s] INFO:colcon.colcon_cmake.task.cmake.build:Building CMake package in '/home/jamiek/2026_ROS_manipulator/open_manipulator_ws/src/open_manipulator/open_manipulator_description'
[0.413s] INFO:colcon.colcon_core.shell:Skip shell extension 'powershell' for command environment: Not usable outside of PowerShell
[0.413s] DEBUG:colcon.colcon_core.shell:Skip shell extension 'dsv' for command environment
[0.418s] INFO:colcon.colcon_ros.task.ament_cmake.build:Building ROS package in '/home/jamiek/2026_ROS_manipulator/open_manipulator_ws/src/robotis_interfaces' with build type 'ament_cmake'
[0.418s] INFO:colcon.colcon_cmake.task.cmake.build:Building CMake package in '/home/jamiek/2026_ROS_manipulator/open_manipulator_ws/src/robotis_interfaces'
[0.418s] INFO:colcon.colcon_core.shell:Skip shell extension 'powershell' for command environment: Not usable outside of PowerShell
[0.419s] DEBUG:colcon.colcon_core.shell:Skip shell extension 'dsv' for command environment
[0.423s] INFO:colcon.colcon_ros.task.ament_cmake.build:Building ROS package in '/home/jamiek/2026_ROS_manipulator/open_manipulator_ws/src/DynamixelSDK/ros/dynamixel_sdk_custom_interfaces' with build type 'ament_cmake'
[0.423s] INFO:colcon.colcon_cmake.task.cmake.build:Building CMake package in '/home/jamiek/2026_ROS_manipulator/open_manipulator_ws/src/DynamixelSDK/ros/dynamixel_sdk_custom_interfaces'
[0.424s] INFO:colcon.colcon_core.shell:Skip shell extension 'powershell' for command environment: Not usable outside of PowerShell
[0.424s] DEBUG:colcon.colcon_core.shell:Skip shell extension 'dsv' for command environment
[0.429s] INFO:colcon.colcon_ros.task.ament_cmake.build:Building ROS package in '/home/jamiek/2026_ROS_manipulator/open_manipulator_ws/src/open_manipulator/ros2_controller/om_gravity_compensation_controller' with build type 'ament_cmake'
[0.429s] INFO:colcon.colcon_cmake.task.cmake.build:Building CMake package in '/home/jamiek/2026_ROS_manipulator/open_manipulator_ws/src/open_manipulator/ros2_controller/om_gravity_compensation_controller'
[0.429s] INFO:colcon.colcon_core.shell:Skip shell extension 'powershell' for command environment: Not usable outside of PowerShell
[0.429s] DEBUG:colcon.colcon_core.shell:Skip shell extension 'dsv' for command environment
[0.434s] INFO:colcon.colcon_ros.task.ament_cmake.build:Building ROS package in '/home/jamiek/2026_ROS_manipulator/open_manipulator_ws/src/open_manipulator/ros2_controller/om_joint_trajectory_command_broadcaster' with build type 'ament_cmake'
[0.435s] INFO:colcon.colcon_cmake.task.cmake.build:Building CMake package in '/home/jamiek/2026_ROS_manipulator/open_manipulator_ws/src/open_manipulator/ros2_controller/om_joint_trajectory_command_broadcaster'
[0.435s] INFO:colcon.colcon_core.shell:Skip shell extension 'powershell' for command environment: Not usable outside of PowerShell
[0.435s] DEBUG:colcon.colcon_core.shell:Skip shell extension 'dsv' for command environment
[0.440s] INFO:colcon.colcon_ros.task.ament_cmake.build:Building ROS package in '/home/jamiek/2026_ROS_manipulator/open_manipulator_ws/src/open_manipulator/ros2_controller/om_spring_actuator_controller' with build type 'ament_cmake'
[0.440s] INFO:colcon.colcon_cmake.task.cmake.build:Building CMake package in '/home/jamiek/2026_ROS_manipulator/open_manipulator_ws/src/open_manipulator/ros2_controller/om_spring_actuator_controller'
[0.440s] INFO:colcon.colcon_core.shell:Skip shell extension 'powershell' for command environment: Not usable outside of PowerShell
[0.440s] DEBUG:colcon.colcon_core.shell:Skip shell extension 'dsv' for command environment
[0.445s] INFO:colcon.colcon_ros.task.ament_cmake.build:Building ROS package in '/home/jamiek/2026_ROS_manipulator/open_manipulator_ws/src/open_manipulator/open_manipulator_collision' with build type 'ament_cmake'
[0.446s] INFO:colcon.colcon_cmake.task.cmake.build:Building CMake package in '/home/jamiek/2026_ROS_manipulator/open_manipulator_ws/src/open_manipulator/open_manipulator_collision'
[0.446s] INFO:colcon.colcon_core.shell:Skip shell extension 'powershell' for command environment: Not usable outside of PowerShell
[0.446s] DEBUG:colcon.colcon_core.shell:Skip shell extension 'dsv' for command environment
[0.451s] INFO:colcon.colcon_ros.task.ament_cmake.build:Building ROS package in '/home/jamiek/2026_ROS_manipulator/open_manipulator_ws/src/open_manipulator/open_manipulator_gui' with build type 'ament_cmake'
[0.451s] INFO:colcon.colcon_cmake.task.cmake.build:Building CMake package in '/home/jamiek/2026_ROS_manipulator/open_manipulator_ws/src/open_manipulator/open_manipulator_gui'
[0.452s] INFO:colcon.colcon_core.shell:Skip shell extension 'powershell' for command environment: Not usable outside of PowerShell
[0.452s] DEBUG:colcon.colcon_core.shell:Skip shell extension 'dsv' for command environment
[0.457s] INFO:colcon.colcon_ros.task.ament_python.build:Building ROS package in '/home/jamiek/2026_ROS_manipulator/open_manipulator_ws/src/open_manipulator/open_manipulator_teleop' with build type 'ament_python'
[0.457s] Level 1:colcon.colcon_core.shell:create_environment_hook('open_manipulator_teleop', 'ament_prefix_path')
[0.457s] INFO:colcon.colcon_core.shell:Creating environment hook '/home/jamiek/2026_ROS_manipulator/open_manipulator_ws/install/open_manipulator_teleop/share/open_manipulator_teleop/hook/ament_prefix_path.ps1'
[0.458s] INFO:colcon.colcon_core.shell:Creating environment descriptor '/home/jamiek/2026_ROS_manipulator/open_manipulator_ws/install/open_manipulator_teleop/share/open_manipulator_teleop/hook/ament_prefix_path.dsv'
[0.458s] INFO:colcon.colcon_core.shell:Creating environment hook '/home/jamiek/2026_ROS_manipulator/open_manipulator_ws/install/open_manipulator_teleop/share/open_manipulator_teleop/hook/ament_prefix_path.sh'
[0.459s] INFO:colcon.colcon_core.shell:Skip shell extension 'powershell' for command environment: Not usable outside of PowerShell
[0.459s] DEBUG:colcon.colcon_core.shell:Skip shell extension 'dsv' for command environment
[0.470s] DEBUG:colcon.colcon_core.event_handler.log_command:Invoking command in '/home/jamiek/2026_ROS_manipulator/open_manipulator_ws/build/dynamixel_sdk': CMAKE_PREFIX_PATH=${CMAKE_PREFIX_PATH}:/home/jamiek/2026_ROS_manipulator/open_manipulator_ws/install/open_manipulator_teleop:/home/jamiek/2026_ROS_manipulator/open_manipulator_ws/install/open_manipulator_bringup:/home/jamiek/2026_ROS_manipulator/ros_ws/install/tf2_basic:/home/jamiek/2026_ROS_manipulator/ros_ws/install/ros_basic:/opt/ros/jazzy DEBUGINFOD_URLS=https://debuginfod.ubuntu.com /usr/bin/cmake /home/jamiek/2026_ROS_manipulator/open_manipulator_ws/src/DynamixelSDK/ros/dynamixel_sdk -DCMAKE_INSTALL_PREFIX=/home/jamiek/2026_ROS_manipulator/open_manipulator_ws/install/dynamixel_sdk
[0.472s] DEBUG:colcon.colcon_core.event_handler.log_command:Invoking command in '/home/jamiek/2026_ROS_manipulator/open_manipulator_ws/build/dynamixel_interfaces': CMAKE_PREFIX_PATH=${CMAKE_PREFIX_PATH}:/home/jamiek/2026_ROS_manipulator/open_manipulator_ws/install/open_manipulator_teleop:/home/jamiek/2026_ROS_manipulator/open_manipulator_ws/install/open_manipulator_bringup:/home/jamiek/2026_ROS_manipulator/ros_ws/install/tf2_basic:/home/jamiek/2026_ROS_manipulator/ros_ws/install/ros_basic:/opt/ros/jazzy DEBUGINFOD_URLS=https://debuginfod.ubuntu.com /usr/bin/cmake /home/jamiek/2026_ROS_manipulator/open_manipulator_ws/src/dynamixel_interfaces -DCMAKE_INSTALL_PREFIX=/home/jamiek/2026_ROS_manipulator/open_manipulator_ws/install/dynamixel_interfaces
[0.473s] DEBUG:colcon.colcon_core.event_handler.log_command:Invoking command in '/home/jamiek/2026_ROS_manipulator/open_manipulator_ws/build/open_manipulator_description': CMAKE_PREFIX_PATH=${CMAKE_PREFIX_PATH}:/home/jamiek/2026_ROS_manipulator/open_manipulator_ws/install/open_manipulator_teleop:/home/jamiek/2026_ROS_manipulator/open_manipulator_ws/install/open_manipulator_bringup:/home/jamiek/2026_ROS_manipulator/ros_ws/install/tf2_basic:/home/jamiek/2026_ROS_manipulator/ros_ws/install/ros_basic:/opt/ros/jazzy DEBUGINFOD_URLS=https://debuginfod.ubuntu.com /usr/bin/cmake /home/jamiek/2026_ROS_manipulator/open_manipulator_ws/src/open_manipulator/open_manipulator_description -DCMAKE_INSTALL_PREFIX=/home/jamiek/2026_ROS_manipulator/open_manipulator_ws/install/open_manipulator_description
[0.475s] DEBUG:colcon.colcon_core.event_handler.log_command:Invoking command in '/home/jamiek/2026_ROS_manipulator/open_manipulator_ws/build/robotis_interfaces': CMAKE_PREFIX_PATH=${CMAKE_PREFIX_PATH}:/home/jamiek/2026_ROS_manipulator/open_manipulator_ws/install/open_manipulator_teleop:/home/jamiek/2026_ROS_manipulator/open_manipulator_ws/install/open_manipulator_bringup:/home/jamiek/2026_ROS_manipulator/ros_ws/install/tf2_basic:/home/jamiek/2026_ROS_manipulator/ros_ws/install/ros_basic:/opt/ros/jazzy DEBUGINFOD_URLS=https://debuginfod.ubuntu.com /usr/bin/cmake /home/jamiek/2026_ROS_manipulator/open_manipulator_ws/src/robotis_interfaces -DCMAKE_INSTALL_PREFIX=/home/jamiek/2026_ROS_manipulator/open_manipulator_ws/install/robotis_interfaces
[0.477s] DEBUG:colcon.colcon_core.event_handler.log_command:Invoking command in '/home/jamiek/2026_ROS_manipulator/open_manipulator_ws/build/dynamixel_sdk_custom_interfaces': CMAKE_PREFIX_PATH=${CMAKE_PREFIX_PATH}:/home/jamiek/2026_ROS_manipulator/open_manipulator_ws/install/open_manipulator_teleop:/home/jamiek/2026_ROS_manipulator/open_manipulator_ws/install/open_manipulator_bringup:/home/jamiek/2026_ROS_manipulator/ros_ws/install/tf2_basic:/home/jamiek/2026_ROS_manipulator/ros_ws/install/ros_basic:/opt/ros/jazzy DEBUGINFOD_URLS=https://debuginfod.ubuntu.com /usr/bin/cmake /home/jamiek/2026_ROS_manipulator/open_manipulator_ws/src/DynamixelSDK/ros/dynamixel_sdk_custom_interfaces -DCMAKE_INSTALL_PREFIX=/home/jamiek/2026_ROS_manipulator/open_manipulator_ws/install/dynamixel_sdk_custom_interfaces
[0.479s] DEBUG:colcon.colcon_core.event_handler.log_command:Invoking command in '/home/jamiek/2026_ROS_manipulator/open_manipulator_ws/build/om_gravity_compensation_controller': CMAKE_PREFIX_PATH=${CMAKE_PREFIX_PATH}:/home/jamiek/2026_ROS_manipulator/open_manipulator_ws/install/open_manipulator_teleop:/home/jamiek/2026_ROS_manipulator/open_manipulator_ws/install/open_manipulator_bringup:/home/jamiek/2026_ROS_manipulator/ros_ws/install/tf2_basic:/home/jamiek/2026_ROS_manipulator/ros_ws/install/ros_basic:/opt/ros/jazzy DEBUGINFOD_URLS=https://debuginfod.ubuntu.com /usr/bin/cmake /home/jamiek/2026_ROS_manipulator/open_manipulator_ws/src/open_manipulator/ros2_controller/om_gravity_compensation_controller -DCMAKE_INSTALL_PREFIX=/home/jamiek/2026_ROS_manipulator/open_manipulator_ws/install/om_gravity_compensation_controller
[0.481s] DEBUG:colcon.colcon_core.event_handler.log_command:Invoking command in '/home/jamiek/2026_ROS_manipulator/open_manipulator_ws/build/om_joint_trajectory_command_broadcaster': CMAKE_PREFIX_PATH=${CMAKE_PREFIX_PATH}:/home/jamiek/2026_ROS_manipulator/open_manipulator_ws/install/open_manipulator_teleop:/home/jamiek/2026_ROS_manipulator/open_manipulator_ws/install/open_manipulator_bringup:/home/jamiek/2026_ROS_manipulator/ros_ws/install/tf2_basic:/home/jamiek/2026_ROS_manipulator/ros_ws/install/ros_basic:/opt/ros/jazzy DEBUGINFOD_URLS=https://debuginfod.ubuntu.com /usr/bin/cmake /home/jamiek/2026_ROS_manipulator/open_manipulator_ws/src/open_manipulator/ros2_controller/om_joint_trajectory_command_broadcaster -DCMAKE_INSTALL_PREFIX=/home/jamiek/2026_ROS_manipulator/open_manipulator_ws/install/om_joint_trajectory_command_broadcaster
[0.484s] DEBUG:colcon.colcon_core.event_handler.log_command:Invoking command in '/home/jamiek/2026_ROS_manipulator/open_manipulator_ws/build/om_spring_actuator_controller': CMAKE_PREFIX_PATH=${CMAKE_PREFIX_PATH}:/home/jamiek/2026_ROS_manipulator/open_manipulator_ws/install/open_manipulator_teleop:/home/jamiek/2026_ROS_manipulator/open_manipulator_ws/install/open_manipulator_bringup:/home/jamiek/2026_ROS_manipulator/ros_ws/install/tf2_basic:/home/jamiek/2026_ROS_manipulator/ros_ws/install/ros_basic:/opt/ros/jazzy DEBUGINFOD_URLS=https://debuginfod.ubuntu.com /usr/bin/cmake /home/jamiek/2026_ROS_manipulator/open_manipulator_ws/src/open_manipulator/ros2_controller/om_spring_actuator_controller -DCMAKE_INSTALL_PREFIX=/home/jamiek/2026_ROS_manipulator/open_manipulator_ws/install/om_spring_actuator_controller
[0.487s] DEBUG:colcon.colcon_core.event_handler.log_command:Invoking command in '/home/jamiek/2026_ROS_manipulator/open_manipulator_ws/build/open_manipulator_collision': CMAKE_PREFIX_PATH=${CMAKE_PREFIX_PATH}:/home/jamiek/2026_ROS_manipulator/open_manipulator_ws/install/open_manipulator_teleop:/home/jamiek/2026_ROS_manipulator/open_manipulator_ws/install/open_manipulator_bringup:/home/jamiek/2026_ROS_manipulator/ros_ws/install/tf2_basic:/home/jamiek/2026_ROS_manipulator/ros_ws/install/ros_basic:/opt/ros/jazzy DEBUGINFOD_URLS=https://debuginfod.ubuntu.com /usr/bin/cmake /home/jamiek/2026_ROS_manipulator/open_manipulator_ws/src/open_manipulator/open_manipulator_collision -DCMAKE_INSTALL_PREFIX=/home/jamiek/2026_ROS_manipulator/open_manipulator_ws/install/open_manipulator_collision
[0.490s] DEBUG:colcon.colcon_core.event_handler.log_command:Invoking command in '/home/jamiek/2026_ROS_manipulator/open_manipulator_ws/build/open_manipulator_gui': CMAKE_PREFIX_PATH=${CMAKE_PREFIX_PATH}:/home/jamiek/2026_ROS_manipulator/open_manipulator_ws/install/open_manipulator_teleop:/home/jamiek/2026_ROS_manipulator/open_manipulator_ws/install/open_manipulator_bringup:/home/jamiek/2026_ROS_manipulator/ros_ws/install/tf2_basic:/home/jamiek/2026_ROS_manipulator/ros_ws/install/ros_basic:/opt/ros/jazzy DEBUGINFOD_URLS=https://debuginfod.ubuntu.com /usr/bin/cmake /home/jamiek/2026_ROS_manipulator/open_manipulator_ws/src/open_manipulator/open_manipulator_gui -DCMAKE_INSTALL_PREFIX=/home/jamiek/2026_ROS_manipulator/open_manipulator_ws/install/open_manipulator_gui
[0.854s] INFO:colcon.colcon_core.task.python.build:Building Python package in '/home/jamiek/2026_ROS_manipulator/open_manipulator_ws/src/open_manipulator/open_manipulator_teleop'
[0.855s] INFO:colcon.colcon_core.shell:Skip shell extension 'powershell' for command environment: Not usable outside of PowerShell
[0.855s] DEBUG:colcon.colcon_core.shell:Skip shell extension 'dsv' for command environment
[1.015s] DEBUG:colcon.colcon_core.event_handler.log_command:Invoked command in '/home/jamiek/2026_ROS_manipulator/open_manipulator_ws/build/open_manipulator_description' returned '0': CMAKE_PREFIX_PATH=${CMAKE_PREFIX_PATH}:/home/jamiek/2026_ROS_manipulator/open_manipulator_ws/install/open_manipulator_teleop:/home/jamiek/2026_ROS_manipulator/open_manipulator_ws/install/open_manipulator_bringup:/home/jamiek/2026_ROS_manipulator/ros_ws/install/tf2_basic:/home/jamiek/2026_ROS_manipulator/ros_ws/install/ros_basic:/opt/ros/jazzy DEBUGINFOD_URLS=https://debuginfod.ubuntu.com /usr/bin/cmake /home/jamiek/2026_ROS_manipulator/open_manipulator_ws/src/open_manipulator/open_manipulator_description -DCMAKE_INSTALL_PREFIX=/home/jamiek/2026_ROS_manipulator/open_manipulator_ws/install/open_manipulator_description
[1.017s] DEBUG:colcon.colcon_core.event_handler.log_command:Invoking command in '/home/jamiek/2026_ROS_manipulator/open_manipulator_ws/build/open_manipulator_description': CMAKE_PREFIX_PATH=${CMAKE_PREFIX_PATH}:/home/jamiek/2026_ROS_manipulator/open_manipulator_ws/install/open_manipulator_teleop:/home/jamiek/2026_ROS_manipulator/open_manipulator_ws/install/open_manipulator_bringup:/home/jamiek/2026_ROS_manipulator/ros_ws/install/tf2_basic:/home/jamiek/2026_ROS_manipulator/ros_ws/install/ros_basic:/opt/ros/jazzy DEBUGINFOD_URLS=https://debuginfod.ubuntu.com /usr/bin/cmake --build /home/jamiek/2026_ROS_manipulator/open_manipulator_ws/build/open_manipulator_description
[1.082s] DEBUG:colcon.colcon_core.event_handler.log_command:Invoked command in '/home/jamiek/2026_ROS_manipulator/open_manipulator_ws/build/open_manipulator_description' returned '0': CMAKE_PREFIX_PATH=${CMAKE_PREFIX_PATH}:/home/jamiek/2026_ROS_manipulator/open_manipulator_ws/install/open_manipulator_teleop:/home/jamiek/2026_ROS_manipulator/open_manipulator_ws/install/open_manipulator_bringup:/home/jamiek/2026_ROS_manipulator/ros_ws/install/tf2_basic:/home/jamiek/2026_ROS_manipulator/ros_ws/install/ros_basic:/opt/ros/jazzy DEBUGINFOD_URLS=https://debuginfod.ubuntu.com /usr/bin/cmake --build /home/jamiek/2026_ROS_manipulator/open_manipulator_ws/build/open_manipulator_description
[1.097s] DEBUG:colcon.colcon_core.event_handler.log_command:Invoking command in '/home/jamiek/2026_ROS_manipulator/open_manipulator_ws/build/open_manipulator_description': CMAKE_PREFIX_PATH=${CMAKE_PREFIX_PATH}:/home/jamiek/2026_ROS_manipulator/open_manipulator_ws/install/open_manipulator_teleop:/home/jamiek/2026_ROS_manipulator/open_manipulator_ws/install/open_manipulator_bringup:/home/jamiek/2026_ROS_manipulator/ros_ws/install/tf2_basic:/home/jamiek/2026_ROS_manipulator/ros_ws/install/ros_basic:/opt/ros/jazzy DEBUGINFOD_URLS=https://debuginfod.ubuntu.com /usr/bin/cmake --install /home/jamiek/2026_ROS_manipulator/open_manipulator_ws/build/open_manipulator_description
[1.162s] Level 1:colcon.colcon_core.environment:create_environment_scripts_only(open_manipulator_description)
[1.163s] DEBUG:colcon.colcon_core.event_handler.log_command:Invoked command in '/home/jamiek/2026_ROS_manipulator/open_manipulator_ws/build/open_manipulator_description' returned '0': CMAKE_PREFIX_PATH=${CMAKE_PREFIX_PATH}:/home/jamiek/2026_ROS_manipulator/open_manipulator_ws/install/open_manipulator_teleop:/home/jamiek/2026_ROS_manipulator/open_manipulator_ws/install/open_manipulator_bringup:/home/jamiek/2026_ROS_manipulator/ros_ws/install/tf2_basic:/home/jamiek/2026_ROS_manipulator/ros_ws/install/ros_basic:/opt/ros/jazzy DEBUGINFOD_URLS=https://debuginfod.ubuntu.com /usr/bin/cmake --install /home/jamiek/2026_ROS_manipulator/open_manipulator_ws/build/open_manipulator_description
[1.165s] Level 1:colcon.colcon_core.environment:checking '/home/jamiek/2026_ROS_manipulator/open_manipulator_ws/install/open_manipulator_description' for CMake module files
[1.166s] Level 1:colcon.colcon_core.environment:checking '/home/jamiek/2026_ROS_manipulator/open_manipulator_ws/install/open_manipulator_description' for CMake config files
[1.167s] Level 1:colcon.colcon_core.shell:create_environment_hook('open_manipulator_description', 'cmake_prefix_path')
[1.168s] INFO:colcon.colcon_core.shell:Creating environment hook '/home/jamiek/2026_ROS_manipulator/open_manipulator_ws/install/open_manipulator_description/share/open_manipulator_description/hook/cmake_prefix_path.ps1'
[1.169s] INFO:colcon.colcon_core.shell:Creating environment descriptor '/home/jamiek/2026_ROS_manipulator/open_manipulator_ws/install/open_manipulator_description/share/open_manipulator_description/hook/cmake_prefix_path.dsv'
[1.169s] INFO:colcon.colcon_core.shell:Creating environment hook '/home/jamiek/2026_ROS_manipulator/open_manipulator_ws/install/open_manipulator_description/share/open_manipulator_description/hook/cmake_prefix_path.sh'
[1.170s] Level 1:colcon.colcon_core.environment:checking '/home/jamiek/2026_ROS_manipulator/open_manipulator_ws/install/open_manipulator_description/bin'
[1.170s] Level 1:colcon.colcon_core.environment:checking '/home/jamiek/2026_ROS_manipulator/open_manipulator_ws/install/open_manipulator_description/lib/pkgconfig/open_manipulator_description.pc'
[1.170s] Level 1:colcon.colcon_core.environment:checking '/home/jamiek/2026_ROS_manipulator/open_manipulator_ws/install/open_manipulator_description/lib/python3.12/site-packages'
[1.171s] Level 1:colcon.colcon_core.environment:checking '/home/jamiek/2026_ROS_manipulator/open_manipulator_ws/install/open_manipulator_description/bin'
[1.171s] INFO:colcon.colcon_core.shell:Creating package script '/home/jamiek/2026_ROS_manipulator/open_manipulator_ws/install/open_manipulator_description/share/open_manipulator_description/package.ps1'
[1.172s] INFO:colcon.colcon_core.shell:Creating package descriptor '/home/jamiek/2026_ROS_manipulator/open_manipulator_ws/install/open_manipulator_description/share/open_manipulator_description/package.dsv'
[1.173s] INFO:colcon.colcon_core.shell:Creating package script '/home/jamiek/2026_ROS_manipulator/open_manipulator_ws/install/open_manipulator_description/share/open_manipulator_description/package.sh'
[1.174s] INFO:colcon.colcon_core.shell:Creating package script '/home/jamiek/2026_ROS_manipulator/open_manipulator_ws/install/open_manipulator_description/share/open_manipulator_description/package.bash'
[1.175s] INFO:colcon.colcon_core.shell:Creating package script '/home/jamiek/2026_ROS_manipulator/open_manipulator_ws/install/open_manipulator_description/share/open_manipulator_description/package.zsh'
[1.176s] Level 1:colcon.colcon_core.environment:create_file_with_runtime_dependencies(/home/jamiek/2026_ROS_manipulator/open_manipulator_ws/install/open_manipulator_description/share/colcon-core/packages/open_manipulator_description)
[1.177s] Level 1:colcon.colcon_core.environment:create_environment_scripts_only(open_manipulator_description)
[1.177s] Level 1:colcon.colcon_core.environment:checking '/home/jamiek/2026_ROS_manipulator/open_manipulator_ws/install/open_manipulator_description' for CMake module files
[1.178s] Level 1:colcon.colcon_core.environment:checking '/home/jamiek/2026_ROS_manipulator/open_manipulator_ws/install/open_manipulator_description' for CMake config files
[1.179s] Level 1:colcon.colcon_core.shell:create_environment_hook('open_manipulator_description', 'cmake_prefix_path')
[1.179s] INFO:colcon.colcon_core.shell:Creating environment hook '/home/jamiek/2026_ROS_manipulator/open_manipulator_ws/install/open_manipulator_description/share/open_manipulator_description/hook/cmake_prefix_path.ps1'
[1.180s] INFO:colcon.colcon_core.shell:Creating environment descriptor '/home/jamiek/2026_ROS_manipulator/open_manipulator_ws/install/open_manipulator_description/share/open_manipulator_description/hook/cmake_prefix_path.dsv'
[1.180s] INFO:colcon.colcon_core.shell:Creating environment hook '/home/jamiek/2026_ROS_manipulator/open_manipulator_ws/install/open_manipulator_description/share/open_manipulator_description/hook/cmake_prefix_path.sh'
[1.181s] Level 1:colcon.colcon_core.environment:checking '/home/jamiek/2026_ROS_manipulator/open_manipulator_ws/install/open_manipulator_description/bin'
[1.181s] Level 1:colcon.colcon_core.environment:checking '/home/jamiek/2026_ROS_manipulator/open_manipulator_ws/install/open_manipulator_description/lib/pkgconfig/open_manipulator_description.pc'
[1.181s] Level 1:colcon.colcon_core.environment:checking '/home/jamiek/2026_ROS_manipulator/open_manipulator_ws/install/open_manipulator_description/lib/python3.12/site-packages'
[1.181s] Level 1:colcon.colcon_core.environment:checking '/home/jamiek/2026_ROS_manipulator/open_manipulator_ws/install/open_manipulator_description/bin'
[1.182s] INFO:colcon.colcon_core.shell:Creating package script '/home/jamiek/2026_ROS_manipulator/open_manipulator_ws/install/open_manipulator_description/share/open_manipulator_description/package.ps1'
[1.182s] INFO:colcon.colcon_core.shell:Creating package descriptor '/home/jamiek/2026_ROS_manipulator/open_manipulator_ws/install/open_manipulator_description/share/open_manipulator_description/package.dsv'
[1.183s] INFO:colcon.colcon_core.shell:Creating package script '/home/jamiek/2026_ROS_manipulator/open_manipulator_ws/install/open_manipulator_description/share/open_manipulator_description/package.sh'
[1.183s] INFO:colcon.colcon_core.shell:Creating package script '/home/jamiek/2026_ROS_manipulator/open_manipulator_ws/install/open_manipulator_description/share/open_manipulator_description/package.bash'
[1.184s] INFO:colcon.colcon_core.shell:Creating package script '/home/jamiek/2026_ROS_manipulator/open_manipulator_ws/install/open_manipulator_description/share/open_manipulator_description/package.zsh'
[1.185s] Level 1:colcon.colcon_core.environment:create_file_with_runtime_dependencies(/home/jamiek/2026_ROS_manipulator/open_manipulator_ws/install/open_manipulator_description/share/colcon-core/packages/open_manipulator_description)
[1.185s] INFO:colcon.colcon_ros.task.ament_cmake.build:Building ROS package in '/home/jamiek/2026_ROS_manipulator/open_manipulator_ws/src/open_manipulator/open_manipulator_moveit_config' with build type 'ament_cmake'
[1.185s] INFO:colcon.colcon_cmake.task.cmake.build:Building CMake package in '/home/jamiek/2026_ROS_manipulator/open_manipulator_ws/src/open_manipulator/open_manipulator_moveit_config'
[1.185s] INFO:colcon.colcon_core.shell:Skip shell extension 'powershell' for command environment: Not usable outside of PowerShell
[1.186s] DEBUG:colcon.colcon_core.shell:Skip shell extension 'dsv' for command environment
[1.200s] DEBUG:colcon.colcon_core.event_handler.log_command:Invoking command in '/home/jamiek/2026_ROS_manipulator/open_manipulator_ws/build/open_manipulator_moveit_config': CMAKE_PREFIX_PATH=/home/jamiek/2026_ROS_manipulator/open_manipulator_ws/install/open_manipulator_description:/home/jamiek/2026_ROS_manipulator/open_manipulator_ws/install/open_manipulator:/home/jamiek/2026_ROS_manipulator/open_manipulator_ws/install/open_manipulator_playground:/home/jamiek/2026_ROS_manipulator/open_manipulator_ws/install/robotis_interfaces:/home/jamiek/2026_ROS_manipulator/open_manipulator_ws/install/open_manipulator_moveit_config:/home/jamiek/2026_ROS_manipulator/open_manipulator_ws/install/open_manipulator_gui:/home/jamiek/2026_ROS_manipulator/open_manipulator_ws/install/open_manipulator_collision:/home/jamiek/2026_ROS_manipulator/open_manipulator_ws/install/om_spring_actuator_controller:/home/jamiek/2026_ROS_manipulator/open_manipulator_ws/install/om_joint_trajectory_command_broadcaster:/home/jamiek/2026_ROS_manipulator/open_manipulator_ws/install/om_gravity_compensation_controller:/home/jamiek/2026_ROS_manipulator/open_manipulator_ws/install/dynamixel_sdk_examples:/home/jamiek/2026_ROS_manipulator/open_manipulator_ws/install/dynamixel_sdk_custom_interfaces:/home/jamiek/2026_ROS_manipulator/open_manipulator_ws/install/dynamixel_hardware_interface:/home/jamiek/2026_ROS_manipulator/open_manipulator_ws/install/dynamixel_sdk:/home/jamiek/2026_ROS_manipulator/open_manipulator_ws/install/dynamixel_interfaces:/home/jamiek/2026_ROS_manipulator/ros_ws/install/user_interface:/opt/ros/jazzy/opt/gz_sim_vendor:/opt/ros/jazzy/opt/gz_sensors_vendor:/opt/ros/jazzy/opt/gz_physics_vendor:/opt/ros/jazzy/opt/sdformat_vendor:/opt/ros/jazzy/opt/gz_gui_vendor:/opt/ros/jazzy/opt/gz_transport_vendor:/opt/ros/jazzy/opt/gz_rendering_vendor:/opt/ros/jazzy/opt/gz_plugin_vendor:/opt/ros/jazzy/opt/gz_fuel_tools_vendor:/opt/ros/jazzy/opt/gz_msgs_vendor:/opt/ros/jazzy/opt/gz_common_vendor:/opt/ros/jazzy/opt/gz_math_vendor:/opt/ros/jazzy/opt/gz_utils_vendor:/opt/ros/jazzy/opt/gz_tools_vendor:/opt/ros/jazzy/opt/gz_ogre_next_vendor:/opt/ros/jazzy/opt/gz_dartsim_vendor:/opt/ros/jazzy/opt/gz_cmake_vendor:/home/jamiek/2026_ROS_manipulator/open_manipulator_ws/install/open_manipulator_teleop:/home/jamiek/2026_ROS_manipulator/open_manipulator_ws/install/open_manipulator_bringup:/home/jamiek/2026_ROS_manipulator/ros_ws/install/tf2_basic:/home/jamiek/2026_ROS_manipulator/ros_ws/install/ros_basic:/opt/ros/jazzy DEBUGINFOD_URLS=https://debuginfod.ubuntu.com /usr/bin/cmake /home/jamiek/2026_ROS_manipulator/open_manipulator_ws/src/open_manipulator/open_manipulator_moveit_config -DCMAKE_INSTALL_PREFIX=/home/jamiek/2026_ROS_manipulator/open_manipulator_ws/install/open_manipulator_moveit_config
[1.329s] DEBUG:colcon.colcon_core.event_handler.log_command:Invoked command in '/home/jamiek/2026_ROS_manipulator/open_manipulator_ws/build/dynamixel_sdk' returned '0': CMAKE_PREFIX_PATH=${CMAKE_PREFIX_PATH}:/home/jamiek/2026_ROS_manipulator/open_manipulator_ws/install/open_manipulator_teleop:/home/jamiek/2026_ROS_manipulator/open_manipulator_ws/install/open_manipulator_bringup:/home/jamiek/2026_ROS_manipulator/ros_ws/install/tf2_basic:/home/jamiek/2026_ROS_manipulator/ros_ws/install/ros_basic:/opt/ros/jazzy DEBUGINFOD_URLS=https://debuginfod.ubuntu.com /usr/bin/cmake /home/jamiek/2026_ROS_manipulator/open_manipulator_ws/src/DynamixelSDK/ros/dynamixel_sdk -DCMAKE_INSTALL_PREFIX=/home/jamiek/2026_ROS_manipulator/open_manipulator_ws/install/dynamixel_sdk
[1.331s] DEBUG:colcon.colcon_core.event_handler.log_command:Invoking command in '/home/jamiek/2026_ROS_manipulator/open_manipulator_ws/build/dynamixel_sdk': CMAKE_PREFIX_PATH=${CMAKE_PREFIX_PATH}:/home/jamiek/2026_ROS_manipulator/open_manipulator_ws/install/open_manipulator_teleop:/home/jamiek/2026_ROS_manipulator/open_manipulator_ws/install/open_manipulator_bringup:/home/jamiek/2026_ROS_manipulator/ros_ws/install/tf2_basic:/home/jamiek/2026_ROS_manipulator/ros_ws/install/ros_basic:/opt/ros/jazzy DEBUGINFOD_URLS=https://debuginfod.ubuntu.com /usr/bin/cmake --build /home/jamiek/2026_ROS_manipulator/open_manipulator_ws/build/dynamixel_sdk
[1.550s] DEBUG:colcon.colcon_core.event_handler.log_command:Invoked command in '/home/jamiek/2026_ROS_manipulator/open_manipulator_ws/build/open_manipulator_collision' returned '0': CMAKE_PREFIX_PATH=${CMAKE_PREFIX_PATH}:/home/jamiek/2026_ROS_manipulator/open_manipulator_ws/install/open_manipulator_teleop:/home/jamiek/2026_ROS_manipulator/open_manipulator_ws/install/open_manipulator_bringup:/home/jamiek/2026_ROS_manipulator/ros_ws/install/tf2_basic:/home/jamiek/2026_ROS_manipulator/ros_ws/install/ros_basic:/opt/ros/jazzy DEBUGINFOD_URLS=https://debuginfod.ubuntu.com /usr/bin/cmake /home/jamiek/2026_ROS_manipulator/open_manipulator_ws/src/open_manipulator/open_manipulator_collision -DCMAKE_INSTALL_PREFIX=/home/jamiek/2026_ROS_manipulator/open_manipulator_ws/install/open_manipulator_collision
[1.552s] DEBUG:colcon.colcon_core.event_handler.log_command:Invoking command in '/home/jamiek/2026_ROS_manipulator/open_manipulator_ws/build/open_manipulator_collision': CMAKE_PREFIX_PATH=${CMAKE_PREFIX_PATH}:/home/jamiek/2026_ROS_manipulator/open_manipulator_ws/install/open_manipulator_teleop:/home/jamiek/2026_ROS_manipulator/open_manipulator_ws/install/open_manipulator_bringup:/home/jamiek/2026_ROS_manipulator/ros_ws/install/tf2_basic:/home/jamiek/2026_ROS_manipulator/ros_ws/install/ros_basic:/opt/ros/jazzy DEBUGINFOD_URLS=https://debuginfod.ubuntu.com /usr/bin/cmake --build /home/jamiek/2026_ROS_manipulator/open_manipulator_ws/build/open_manipulator_collision
[1.708s] DEBUG:colcon.colcon_core.event_handler.log_command:Invoked command in '/home/jamiek/2026_ROS_manipulator/open_manipulator_ws/build/open_manipulator_moveit_config' returned '0': CMAKE_PREFIX_PATH=/home/jamiek/2026_ROS_manipulator/open_manipulator_ws/install/open_manipulator_description:/home/jamiek/2026_ROS_manipulator/open_manipulator_ws/install/open_manipulator:/home/jamiek/2026_ROS_manipulator/open_manipulator_ws/install/open_manipulator_playground:/home/jamiek/2026_ROS_manipulator/open_manipulator_ws/install/robotis_interfaces:/home/jamiek/2026_ROS_manipulator/open_manipulator_ws/install/open_manipulator_moveit_config:/home/jamiek/2026_ROS_manipulator/open_manipulator_ws/install/open_manipulator_gui:/home/jamiek/2026_ROS_manipulator/open_manipulator_ws/install/open_manipulator_collision:/home/jamiek/2026_ROS_manipulator/open_manipulator_ws/install/om_spring_actuator_controller:/home/jamiek/2026_ROS_manipulator/open_manipulator_ws/install/om_joint_trajectory_command_broadcaster:/home/jamiek/2026_ROS_manipulator/open_manipulator_ws/install/om_gravity_compensation_controller:/home/jamiek/2026_ROS_manipulator/open_manipulator_ws/install/dynamixel_sdk_examples:/home/jamiek/2026_ROS_manipulator/open_manipulator_ws/install/dynamixel_sdk_custom_interfaces:/home/jamiek/2026_ROS_manipulator/open_manipulator_ws/install/dynamixel_hardware_interface:/home/jamiek/2026_ROS_manipulator/open_manipulator_ws/install/dynamixel_sdk:/home/jamiek/2026_ROS_manipulator/open_manipulator_ws/install/dynamixel_interfaces:/home/jamiek/2026_ROS_manipulator/ros_ws/install/user_interface:/opt/ros/jazzy/opt/gz_sim_vendor:/opt/ros/jazzy/opt/gz_sensors_vendor:/opt/ros/jazzy/opt/gz_physics_vendor:/opt/ros/jazzy/opt/sdformat_vendor:/opt/ros/jazzy/opt/gz_gui_vendor:/opt/ros/jazzy/opt/gz_transport_vendor:/opt/ros/jazzy/opt/gz_rendering_vendor:/opt/ros/jazzy/opt/gz_plugin_vendor:/opt/ros/jazzy/opt/gz_fuel_tools_vendor:/opt/ros/jazzy/opt/gz_msgs_vendor:/opt/ros/jazzy/opt/gz_common_vendor:/opt/ros/jazzy/opt/gz_math_vendor:/opt/ros/jazzy/opt/gz_utils_vendor:/opt/ros/jazzy/opt/gz_tools_vendor:/opt/ros/jazzy/opt/gz_ogre_next_vendor:/opt/ros/jazzy/opt/gz_dartsim_vendor:/opt/ros/jazzy/opt/gz_cmake_vendor:/home/jamiek/2026_ROS_manipulator/open_manipulator_ws/install/open_manipulator_teleop:/home/jamiek/2026_ROS_manipulator/open_manipulator_ws/install/open_manipulator_bringup:/home/jamiek/2026_ROS_manipulator/ros_ws/install/tf2_basic:/home/jamiek/2026_ROS_manipulator/ros_ws/install/ros_basic:/opt/ros/jazzy DEBUGINFOD_URLS=https://debuginfod.ubuntu.com /usr/bin/cmake /home/jamiek/2026_ROS_manipulator/open_manipulator_ws/src/open_manipulator/open_manipulator_moveit_config -DCMAKE_INSTALL_PREFIX=/home/jamiek/2026_ROS_manipulator/open_manipulator_ws/install/open_manipulator_moveit_config
[1.709s] DEBUG:colcon.colcon_core.event_handler.log_command:Invoking command in '/home/jamiek/2026_ROS_manipulator/open_manipulator_ws/build/open_manipulator_moveit_config': CMAKE_PREFIX_PATH=/home/jamiek/2026_ROS_manipulator/open_manipulator_ws/install/open_manipulator_description:/home/jamiek/2026_ROS_manipulator/open_manipulator_ws/install/open_manipulator:/home/jamiek/2026_ROS_manipulator/open_manipulator_ws/install/open_manipulator_playground:/home/jamiek/2026_ROS_manipulator/open_manipulator_ws/install/robotis_interfaces:/home/jamiek/2026_ROS_manipulator/open_manipulator_ws/install/open_manipulator_moveit_config:/home/jamiek/2026_ROS_manipulator/open_manipulator_ws/install/open_manipulator_gui:/home/jamiek/2026_ROS_manipulator/open_manipulator_ws/install/open_manipulator_collision:/home/jamiek/2026_ROS_manipulator/open_manipulator_ws/install/om_spring_actuator_controller:/home/jamiek/2026_ROS_manipulator/open_manipulator_ws/install/om_joint_trajectory_command_broadcaster:/home/jamiek/2026_ROS_manipulator/open_manipulator_ws/install/om_gravity_compensation_controller:/home/jamiek/2026_ROS_manipulator/open_manipulator_ws/install/dynamixel_sdk_examples:/home/jamiek/2026_ROS_manipulator/open_manipulator_ws/install/dynamixel_sdk_custom_interfaces:/home/jamiek/2026_ROS_manipulator/open_manipulator_ws/install/dynamixel_hardware_interface:/home/jamiek/2026_ROS_manipulator/open_manipulator_ws/install/dynamixel_sdk:/home/jamiek/2026_ROS_manipulator/open_manipulator_ws/install/dynamixel_interfaces:/home/jamiek/2026_ROS_manipulator/ros_ws/install/user_interface:/opt/ros/jazzy/opt/gz_sim_vendor:/opt/ros/jazzy/opt/gz_sensors_vendor:/opt/ros/jazzy/opt/gz_physics_vendor:/opt/ros/jazzy/opt/sdformat_vendor:/opt/ros/jazzy/opt/gz_gui_vendor:/opt/ros/jazzy/opt/gz_transport_vendor:/opt/ros/jazzy/opt/gz_rendering_vendor:/opt/ros/jazzy/opt/gz_plugin_vendor:/opt/ros/jazzy/opt/gz_fuel_tools_vendor:/opt/ros/jazzy/opt/gz_msgs_vendor:/opt/ros/jazzy/opt/gz_common_vendor:/opt/ros/jazzy/opt/gz_math_vendor:/opt/ros/jazzy/opt/gz_utils_vendor:/opt/ros/jazzy/opt/gz_tools_vendor:/opt/ros/jazzy/opt/gz_ogre_next_vendor:/opt/ros/jazzy/opt/gz_dartsim_vendor:/opt/ros/jazzy/opt/gz_cmake_vendor:/home/jamiek/2026_ROS_manipulator/open_manipulator_ws/install/open_manipulator_teleop:/home/jamiek/2026_ROS_manipulator/open_manipulator_ws/install/open_manipulator_bringup:/home/jamiek/2026_ROS_manipulator/ros_ws/install/tf2_basic:/home/jamiek/2026_ROS_manipulator/ros_ws/install/ros_basic:/opt/ros/jazzy DEBUGINFOD_URLS=https://debuginfod.ubuntu.com /usr/bin/cmake --build /home/jamiek/2026_ROS_manipulator/open_manipulator_ws/build/open_manipulator_moveit_config
[1.720s] DEBUG:colcon.colcon_core.event_handler.log_command:Invoked command in '/home/jamiek/2026_ROS_manipulator/open_manipulator_ws/build/open_manipulator_collision' returned '0': CMAKE_PREFIX_PATH=${CMAKE_PREFIX_PATH}:/home/jamiek/2026_ROS_manipulator/open_manipulator_ws/install/open_manipulator_teleop:/home/jamiek/2026_ROS_manipulator/open_manipulator_ws/install/open_manipulator_bringup:/home/jamiek/2026_ROS_manipulator/ros_ws/install/tf2_basic:/home/jamiek/2026_ROS_manipulator/ros_ws/install/ros_basic:/opt/ros/jazzy DEBUGINFOD_URLS=https://debuginfod.ubuntu.com /usr/bin/cmake --build /home/jamiek/2026_ROS_manipulator/open_manipulator_ws/build/open_manipulator_collision
[1.721s] DEBUG:colcon.colcon_core.event_handler.log_command:Invoking command in '/home/jamiek/2026_ROS_manipulator/open_manipulator_ws/build/open_manipulator_collision': CMAKE_PREFIX_PATH=${CMAKE_PREFIX_PATH}:/home/jamiek/2026_ROS_manipulator/open_manipulator_ws/install/open_manipulator_teleop:/home/jamiek/2026_ROS_manipulator/open_manipulator_ws/install/open_manipulator_bringup:/home/jamiek/2026_ROS_manipulator/ros_ws/install/tf2_basic:/home/jamiek/2026_ROS_manipulator/ros_ws/install/ros_basic:/opt/ros/jazzy DEBUGINFOD_URLS=https://debuginfod.ubuntu.com /usr/bin/cmake --install /home/jamiek/2026_ROS_manipulator/open_manipulator_ws/build/open_manipulator_collision
[1.748s] DEBUG:colcon.colcon_core.event_handler.log_command:Invoked command in '/home/jamiek/2026_ROS_manipulator/open_manipulator_ws/build/om_spring_actuator_controller' returned '0': CMAKE_PREFIX_PATH=${CMAKE_PREFIX_PATH}:/home/jamiek/2026_ROS_manipulator/open_manipulator_ws/install/open_manipulator_teleop:/home/jamiek/2026_ROS_manipulator/open_manipulator_ws/install/open_manipulator_bringup:/home/jamiek/2026_ROS_manipulator/ros_ws/install/tf2_basic:/home/jamiek/2026_ROS_manipulator/ros_ws/install/ros_basic:/opt/ros/jazzy DEBUGINFOD_URLS=https://debuginfod.ubuntu.com /usr/bin/cmake /home/jamiek/2026_ROS_manipulator/open_manipulator_ws/src/open_manipulator/ros2_controller/om_spring_actuator_controller -DCMAKE_INSTALL_PREFIX=/home/jamiek/2026_ROS_manipulator/open_manipulator_ws/install/om_spring_actuator_controller
[1.750s] DEBUG:colcon.colcon_core.event_handler.log_command:Invoking command in '/home/jamiek/2026_ROS_manipulator/open_manipulator_ws/build/om_spring_actuator_controller': CMAKE_PREFIX_PATH=${CMAKE_PREFIX_PATH}:/home/jamiek/2026_ROS_manipulator/open_manipulator_ws/install/open_manipulator_teleop:/home/jamiek/2026_ROS_manipulator/open_manipulator_ws/install/open_manipulator_bringup:/home/jamiek/2026_ROS_manipulator/ros_ws/install/tf2_basic:/home/jamiek/2026_ROS_manipulator/ros_ws/install/ros_basic:/opt/ros/jazzy DEBUGINFOD_URLS=https://debuginfod.ubuntu.com /usr/bin/cmake --build /home/jamiek/2026_ROS_manipulator/open_manipulator_ws/build/om_spring_actuator_controller
[1.763s] DEBUG:colcon.colcon_core.task.python.build:Available setuptools commands: register, alias, install_egg_info, egg_info, setopt, build, bdist_dumb, compile_catalog, clean, easy_install, editable_wheel, update_catalog, bdist_rpm, build_ext, install_data, saveopts, upload, bdist_egg, test, extract_messages, bdist, sdist, dist_info, install_lib, rotate, install, install_scripts, install_headers, build_clib, symlink_data, init_catalog, build_py, build_scripts, check, develop, upload_docs
[1.764s] DEBUG:colcon.colcon_core.event_handler.log_command:Invoking command in '/home/jamiek/2026_ROS_manipulator/open_manipulator_ws/build/open_manipulator_teleop': DEBUGINFOD_URLS=https://debuginfod.ubuntu.com PYTHONPATH=/home/jamiek/2026_ROS_manipulator/open_manipulator_ws/build/open_manipulator_teleop/prefix_override:/usr/lib/python3/dist-packages/colcon_core/task/python/colcon_distutils_commands:/home/jamiek/2026_ROS_manipulator/open_manipulator_ws/install/open_manipulator_teleop/lib/python3.12/site-packages:${PYTHONPATH} /usr/bin/python3 -W ignore:setup.py install is deprecated -W ignore:easy_install command is deprecated setup.py develop --uninstall --editable --build-directory /home/jamiek/2026_ROS_manipulator/open_manipulator_ws/build/open_manipulator_teleop/build
[1.779s] Level 1:colcon.colcon_core.environment:create_environment_scripts_only(open_manipulator_collision)
[1.779s] Level 1:colcon.colcon_core.environment:checking '/home/jamiek/2026_ROS_manipulator/open_manipulator_ws/install/open_manipulator_collision' for CMake module files
[1.780s] Level 1:colcon.colcon_core.environment:checking '/home/jamiek/2026_ROS_manipulator/open_manipulator_ws/install/open_manipulator_collision' for CMake config files
[1.781s] Level 1:colcon.colcon_core.shell:create_environment_hook('open_manipulator_collision', 'cmake_prefix_path')
[1.783s] INFO:colcon.colcon_core.shell:Creating environment hook '/home/jamiek/2026_ROS_manipulator/open_manipulator_ws/install/open_manipulator_collision/share/open_manipulator_collision/hook/cmake_prefix_path.ps1'
[1.783s] DEBUG:colcon.colcon_core.event_handler.log_command:Invoked command in '/home/jamiek/2026_ROS_manipulator/open_manipulator_ws/build/open_manipulator_collision' returned '0': CMAKE_PREFIX_PATH=${CMAKE_PREFIX_PATH}:/home/jamiek/2026_ROS_manipulator/open_manipulator_ws/install/open_manipulator_teleop:/home/jamiek/2026_ROS_manipulator/open_manipulator_ws/install/open_manipulator_bringup:/home/jamiek/2026_ROS_manipulator/ros_ws/install/tf2_basic:/home/jamiek/2026_ROS_manipulator/ros_ws/install/ros_basic:/opt/ros/jazzy DEBUGINFOD_URLS=https://debuginfod.ubuntu.com /usr/bin/cmake --install /home/jamiek/2026_ROS_manipulator/open_manipulator_ws/build/open_manipulator_collision
[1.786s] INFO:colcon.colcon_core.shell:Creating environment descriptor '/home/jamiek/2026_ROS_manipulator/open_manipulator_ws/install/open_manipulator_collision/share/open_manipulator_collision/hook/cmake_prefix_path.dsv'
[1.787s] INFO:colcon.colcon_core.shell:Creating environment hook '/home/jamiek/2026_ROS_manipulator/open_manipulator_ws/install/open_manipulator_collision/share/open_manipulator_collision/hook/cmake_prefix_path.sh'
[1.788s] Level 1:colcon.colcon_core.environment:checking '/home/jamiek/2026_ROS_manipulator/open_manipulator_ws/install/open_manipulator_collision/lib'
[1.788s] Level 1:colcon.colcon_core.environment:checking '/home/jamiek/2026_ROS_manipulator/open_manipulator_ws/install/open_manipulator_collision/bin'
[1.788s] Level 1:colcon.colcon_core.environment:checking '/home/jamiek/2026_ROS_manipulator/open_manipulator_ws/install/open_manipulator_collision/lib/pkgconfig/open_manipulator_collision.pc'
[1.789s] Level 1:colcon.colcon_core.environment:checking '/home/jamiek/2026_ROS_manipulator/open_manipulator_ws/install/open_manipulator_collision/lib/python3.12/site-packages'
[1.789s] Level 1:colcon.colcon_core.environment:checking '/home/jamiek/2026_ROS_manipulator/open_manipulator_ws/install/open_manipulator_collision/bin'
[1.789s] INFO:colcon.colcon_core.shell:Creating package script '/home/jamiek/2026_ROS_manipulator/open_manipulator_ws/install/open_manipulator_collision/share/open_manipulator_collision/package.ps1'
[1.790s] INFO:colcon.colcon_core.shell:Creating package descriptor '/home/jamiek/2026_ROS_manipulator/open_manipulator_ws/install/open_manipulator_collision/share/open_manipulator_collision/package.dsv'
[1.791s] INFO:colcon.colcon_core.shell:Creating package script '/home/jamiek/2026_ROS_manipulator/open_manipulator_ws/install/open_manipulator_collision/share/open_manipulator_collision/package.sh'
[1.792s] INFO:colcon.colcon_core.shell:Creating package script '/home/jamiek/2026_ROS_manipulator/open_manipulator_ws/install/open_manipulator_collision/share/open_manipulator_collision/package.bash'
[1.792s] INFO:colcon.colcon_core.shell:Creating package script '/home/jamiek/2026_ROS_manipulator/open_manipulator_ws/install/open_manipulator_collision/share/open_manipulator_collision/package.zsh'
[1.792s] Level 1:colcon.colcon_core.environment:create_file_with_runtime_dependencies(/home/jamiek/2026_ROS_manipulator/open_manipulator_ws/install/open_manipulator_collision/share/colcon-core/packages/open_manipulator_collision)
[1.793s] Level 1:colcon.colcon_core.environment:create_environment_scripts_only(open_manipulator_collision)
[1.793s] Level 1:colcon.colcon_core.environment:checking '/home/jamiek/2026_ROS_manipulator/open_manipulator_ws/install/open_manipulator_collision' for CMake module files
[1.794s] Level 1:colcon.colcon_core.environment:checking '/home/jamiek/2026_ROS_manipulator/open_manipulator_ws/install/open_manipulator_collision' for CMake config files
[1.795s] Level 1:colcon.colcon_core.shell:create_environment_hook('open_manipulator_collision', 'cmake_prefix_path')
[1.795s] INFO:colcon.colcon_core.shell:Creating environment hook '/home/jamiek/2026_ROS_manipulator/open_manipulator_ws/install/open_manipulator_collision/share/open_manipulator_collision/hook/cmake_prefix_path.ps1'
[1.796s] INFO:colcon.colcon_core.shell:Creating environment descriptor '/home/jamiek/2026_ROS_manipulator/open_manipulator_ws/install/open_manipulator_collision/share/open_manipulator_collision/hook/cmake_prefix_path.dsv'
[1.796s] INFO:colcon.colcon_core.shell:Creating environment hook '/home/jamiek/2026_ROS_manipulator/open_manipulator_ws/install/open_manipulator_collision/share/open_manipulator_collision/hook/cmake_prefix_path.sh'
[1.797s] Level 1:colcon.colcon_core.environment:checking '/home/jamiek/2026_ROS_manipulator/open_manipulator_ws/install/open_manipulator_collision/lib'
[1.797s] Level 1:colcon.colcon_core.environment:checking '/home/jamiek/2026_ROS_manipulator/open_manipulator_ws/install/open_manipulator_collision/bin'
[1.797s] Level 1:colcon.colcon_core.environment:checking '/home/jamiek/2026_ROS_manipulator/open_manipulator_ws/install/open_manipulator_collision/lib/pkgconfig/open_manipulator_collision.pc'
[1.797s] Level 1:colcon.colcon_core.environment:checking '/home/jamiek/2026_ROS_manipulator/open_manipulator_ws/install/open_manipulator_collision/lib/python3.12/site-packages'
[1.798s] Level 1:colcon.colcon_core.environment:checking '/home/jamiek/2026_ROS_manipulator/open_manipulator_ws/install/open_manipulator_collision/bin'
[1.798s] INFO:colcon.colcon_core.shell:Creating package script '/home/jamiek/2026_ROS_manipulator/open_manipulator_ws/install/open_manipulator_collision/share/open_manipulator_collision/package.ps1'
[1.800s] INFO:colcon.colcon_core.shell:Creating package descriptor '/home/jamiek/2026_ROS_manipulator/open_manipulator_ws/install/open_manipulator_collision/share/open_manipulator_collision/package.dsv'
[1.800s] INFO:colcon.colcon_core.shell:Creating package script '/home/jamiek/2026_ROS_manipulator/open_manipulator_ws/install/open_manipulator_collision/share/open_manipulator_collision/package.sh'
[1.801s] INFO:colcon.colcon_core.shell:Creating package script '/home/jamiek/2026_ROS_manipulator/open_manipulator_ws/install/open_manipulator_collision/share/open_manipulator_collision/package.bash'
[1.802s] INFO:colcon.colcon_core.shell:Creating package script '/home/jamiek/2026_ROS_manipulator/open_manipulator_ws/install/open_manipulator_collision/share/open_manipulator_collision/package.zsh'
[1.802s] Level 1:colcon.colcon_core.environment:create_file_with_runtime_dependencies(/home/jamiek/2026_ROS_manipulator/open_manipulator_ws/install/open_manipulator_collision/share/colcon-core/packages/open_manipulator_collision)
[1.805s] DEBUG:colcon.colcon_core.event_handler.log_command:Invoked command in '/home/jamiek/2026_ROS_manipulator/open_manipulator_ws/build/om_joint_trajectory_command_broadcaster' returned '0': CMAKE_PREFIX_PATH=${CMAKE_PREFIX_PATH}:/home/jamiek/2026_ROS_manipulator/open_manipulator_ws/install/open_manipulator_teleop:/home/jamiek/2026_ROS_manipulator/open_manipulator_ws/install/open_manipulator_bringup:/home/jamiek/2026_ROS_manipulator/ros_ws/install/tf2_basic:/home/jamiek/2026_ROS_manipulator/ros_ws/install/ros_basic:/opt/ros/jazzy DEBUGINFOD_URLS=https://debuginfod.ubuntu.com /usr/bin/cmake /home/jamiek/2026_ROS_manipulator/open_manipulator_ws/src/open_manipulator/ros2_controller/om_joint_trajectory_command_broadcaster -DCMAKE_INSTALL_PREFIX=/home/jamiek/2026_ROS_manipulator/open_manipulator_ws/install/om_joint_trajectory_command_broadcaster
[1.806s] DEBUG:colcon.colcon_core.event_handler.log_command:Invoking command in '/home/jamiek/2026_ROS_manipulator/open_manipulator_ws/build/om_joint_trajectory_command_broadcaster': CMAKE_PREFIX_PATH=${CMAKE_PREFIX_PATH}:/home/jamiek/2026_ROS_manipulator/open_manipulator_ws/install/open_manipulator_teleop:/home/jamiek/2026_ROS_manipulator/open_manipulator_ws/install/open_manipulator_bringup:/home/jamiek/2026_ROS_manipulator/ros_ws/install/tf2_basic:/home/jamiek/2026_ROS_manipulator/ros_ws/install/ros_basic:/opt/ros/jazzy DEBUGINFOD_URLS=https://debuginfod.ubuntu.com /usr/bin/cmake --build /home/jamiek/2026_ROS_manipulator/open_manipulator_ws/build/om_joint_trajectory_command_broadcaster
[1.809s] DEBUG:colcon.colcon_core.event_handler.log_command:Invoked command in '/home/jamiek/2026_ROS_manipulator/open_manipulator_ws/build/open_manipulator_moveit_config' returned '0': CMAKE_PREFIX_PATH=/home/jamiek/2026_ROS_manipulator/open_manipulator_ws/install/open_manipulator_description:/home/jamiek/2026_ROS_manipulator/open_manipulator_ws/install/open_manipulator:/home/jamiek/2026_ROS_manipulator/open_manipulator_ws/install/open_manipulator_playground:/home/jamiek/2026_ROS_manipulator/open_manipulator_ws/install/robotis_interfaces:/home/jamiek/2026_ROS_manipulator/open_manipulator_ws/install/open_manipulator_moveit_config:/home/jamiek/2026_ROS_manipulator/open_manipulator_ws/install/open_manipulator_gui:/home/jamiek/2026_ROS_manipulator/open_manipulator_ws/install/open_manipulator_collision:/home/jamiek/2026_ROS_manipulator/open_manipulator_ws/install/om_spring_actuator_controller:/home/jamiek/2026_ROS_manipulator/open_manipulator_ws/install/om_joint_trajectory_command_broadcaster:/home/jamiek/2026_ROS_manipulator/open_manipulator_ws/install/om_gravity_compensation_controller:/home/jamiek/2026_ROS_manipulator/open_manipulator_ws/install/dynamixel_sdk_examples:/home/jamiek/2026_ROS_manipulator/open_manipulator_ws/install/dynamixel_sdk_custom_interfaces:/home/jamiek/2026_ROS_manipulator/open_manipulator_ws/install/dynamixel_hardware_interface:/home/jamiek/2026_ROS_manipulator/open_manipulator_ws/install/dynamixel_sdk:/home/jamiek/2026_ROS_manipulator/open_manipulator_ws/install/dynamixel_interfaces:/home/jamiek/2026_ROS_manipulator/ros_ws/install/user_interface:/opt/ros/jazzy/opt/gz_sim_vendor:/opt/ros/jazzy/opt/gz_sensors_vendor:/opt/ros/jazzy/opt/gz_physics_vendor:/opt/ros/jazzy/opt/sdformat_vendor:/opt/ros/jazzy/opt/gz_gui_vendor:/opt/ros/jazzy/opt/gz_transport_vendor:/opt/ros/jazzy/opt/gz_rendering_vendor:/opt/ros/jazzy/opt/gz_plugin_vendor:/opt/ros/jazzy/opt/gz_fuel_tools_vendor:/opt/ros/jazzy/opt/gz_msgs_vendor:/opt/ros/jazzy/opt/gz_common_vendor:/opt/ros/jazzy/opt/gz_math_vendor:/opt/ros/jazzy/opt/gz_utils_vendor:/opt/ros/jazzy/opt/gz_tools_vendor:/opt/ros/jazzy/opt/gz_ogre_next_vendor:/opt/ros/jazzy/opt/gz_dartsim_vendor:/opt/ros/jazzy/opt/gz_cmake_vendor:/home/jamiek/2026_ROS_manipulator/open_manipulator_ws/install/open_manipulator_teleop:/home/jamiek/2026_ROS_manipulator/open_manipulator_ws/install/open_manipulator_bringup:/home/jamiek/2026_ROS_manipulator/ros_ws/install/tf2_basic:/home/jamiek/2026_ROS_manipulator/ros_ws/install/ros_basic:/opt/ros/jazzy DEBUGINFOD_URLS=https://debuginfod.ubuntu.com /usr/bin/cmake --build /home/jamiek/2026_ROS_manipulator/open_manipulator_ws/build/open_manipulator_moveit_config
[1.809s] DEBUG:colcon.colcon_core.event_handler.log_command:Invoking command in '/home/jamiek/2026_ROS_manipulator/open_manipulator_ws/build/open_manipulator_moveit_config': CMAKE_PREFIX_PATH=/home/jamiek/2026_ROS_manipulator/open_manipulator_ws/install/open_manipulator_description:/home/jamiek/2026_ROS_manipulator/open_manipulator_ws/install/open_manipulator:/home/jamiek/2026_ROS_manipulator/open_manipulator_ws/install/open_manipulator_playground:/home/jamiek/2026_ROS_manipulator/open_manipulator_ws/install/robotis_interfaces:/home/jamiek/2026_ROS_manipulator/open_manipulator_ws/install/open_manipulator_moveit_config:/home/jamiek/2026_ROS_manipulator/open_manipulator_ws/install/open_manipulator_gui:/home/jamiek/2026_ROS_manipulator/open_manipulator_ws/install/open_manipulator_collision:/home/jamiek/2026_ROS_manipulator/open_manipulator_ws/install/om_spring_actuator_controller:/home/jamiek/2026_ROS_manipulator/open_manipulator_ws/install/om_joint_trajectory_command_broadcaster:/home/jamiek/2026_ROS_manipulator/open_manipulator_ws/install/om_gravity_compensation_controller:/home/jamiek/2026_ROS_manipulator/open_manipulator_ws/install/dynamixel_sdk_examples:/home/jamiek/2026_ROS_manipulator/open_manipulator_ws/install/dynamixel_sdk_custom_interfaces:/home/jamiek/2026_ROS_manipulator/open_manipulator_ws/install/dynamixel_hardware_interface:/home/jamiek/2026_ROS_manipulator/open_manipulator_ws/install/dynamixel_sdk:/home/jamiek/2026_ROS_manipulator/open_manipulator_ws/install/dynamixel_interfaces:/home/jamiek/2026_ROS_manipulator/ros_ws/install/user_interface:/opt/ros/jazzy/opt/gz_sim_vendor:/opt/ros/jazzy/opt/gz_sensors_vendor:/opt/ros/jazzy/opt/gz_physics_vendor:/opt/ros/jazzy/opt/sdformat_vendor:/opt/ros/jazzy/opt/gz_gui_vendor:/opt/ros/jazzy/opt/gz_transport_vendor:/opt/ros/jazzy/opt/gz_rendering_vendor:/opt/ros/jazzy/opt/gz_plugin_vendor:/opt/ros/jazzy/opt/gz_fuel_tools_vendor:/opt/ros/jazzy/opt/gz_msgs_vendor:/opt/ros/jazzy/opt/gz_common_vendor:/opt/ros/jazzy/opt/gz_math_vendor:/opt/ros/jazzy/opt/gz_utils_vendor:/opt/ros/jazzy/opt/gz_tools_vendor:/opt/ros/jazzy/opt/gz_ogre_next_vendor:/opt/ros/jazzy/opt/gz_dartsim_vendor:/opt/ros/jazzy/opt/gz_cmake_vendor:/home/jamiek/2026_ROS_manipulator/open_manipulator_ws/install/open_manipulator_teleop:/home/jamiek/2026_ROS_manipulator/open_manipulator_ws/install/open_manipulator_bringup:/home/jamiek/2026_ROS_manipulator/ros_ws/install/tf2_basic:/home/jamiek/2026_ROS_manipulator/ros_ws/install/ros_basic:/opt/ros/jazzy DEBUGINFOD_URLS=https://debuginfod.ubuntu.com /usr/bin/cmake --install /home/jamiek/2026_ROS_manipulator/open_manipulator_ws/build/open_manipulator_moveit_config
[1.857s] Level 1:colcon.colcon_core.environment:create_environment_scripts_only(open_manipulator_moveit_config)
[1.857s] Level 1:colcon.colcon_core.environment:checking '/home/jamiek/2026_ROS_manipulator/open_manipulator_ws/install/open_manipulator_moveit_config' for CMake module files
[1.858s] DEBUG:colcon.colcon_core.event_handler.log_command:Invoked command in '/home/jamiek/2026_ROS_manipulator/open_manipulator_ws/build/open_manipulator_moveit_config' returned '0': CMAKE_PREFIX_PATH=/home/jamiek/2026_ROS_manipulator/open_manipulator_ws/install/open_manipulator_description:/home/jamiek/2026_ROS_manipulator/open_manipulator_ws/install/open_manipulator:/home/jamiek/2026_ROS_manipulator/open_manipulator_ws/install/open_manipulator_playground:/home/jamiek/2026_ROS_manipulator/open_manipulator_ws/install/robotis_interfaces:/home/jamiek/2026_ROS_manipulator/open_manipulator_ws/install/open_manipulator_moveit_config:/home/jamiek/2026_ROS_manipulator/open_manipulator_ws/install/open_manipulator_gui:/home/jamiek/2026_ROS_manipulator/open_manipulator_ws/install/open_manipulator_collision:/home/jamiek/2026_ROS_manipulator/open_manipulator_ws/install/om_spring_actuator_controller:/home/jamiek/2026_ROS_manipulator/open_manipulator_ws/install/om_joint_trajectory_command_broadcaster:/home/jamiek/2026_ROS_manipulator/open_manipulator_ws/install/om_gravity_compensation_controller:/home/jamiek/2026_ROS_manipulator/open_manipulator_ws/install/dynamixel_sdk_examples:/home/jamiek/2026_ROS_manipulator/open_manipulator_ws/install/dynamixel_sdk_custom_interfaces:/home/jamiek/2026_ROS_manipulator/open_manipulator_ws/install/dynamixel_hardware_interface:/home/jamiek/2026_ROS_manipulator/open_manipulator_ws/install/dynamixel_sdk:/home/jamiek/2026_ROS_manipulator/open_manipulator_ws/install/dynamixel_interfaces:/home/jamiek/2026_ROS_manipulator/ros_ws/install/user_interface:/opt/ros/jazzy/opt/gz_sim_vendor:/opt/ros/jazzy/opt/gz_sensors_vendor:/opt/ros/jazzy/opt/gz_physics_vendor:/opt/ros/jazzy/opt/sdformat_vendor:/opt/ros/jazzy/opt/gz_gui_vendor:/opt/ros/jazzy/opt/gz_transport_vendor:/opt/ros/jazzy/opt/gz_rendering_vendor:/opt/ros/jazzy/opt/gz_plugin_vendor:/opt/ros/jazzy/opt/gz_fuel_tools_vendor:/opt/ros/jazzy/opt/gz_msgs_vendor:/opt/ros/jazzy/opt/gz_common_vendor:/opt/ros/jazzy/opt/gz_math_vendor:/opt/ros/jazzy/opt/gz_utils_vendor:/opt/ros/jazzy/opt/gz_tools_vendor:/opt/ros/jazzy/opt/gz_ogre_next_vendor:/opt/ros/jazzy/opt/gz_dartsim_vendor:/opt/ros/jazzy/opt/gz_cmake_vendor:/home/jamiek/2026_ROS_manipulator/open_manipulator_ws/install/open_manipulator_teleop:/home/jamiek/2026_ROS_manipulator/open_manipulator_ws/install/open_manipulator_bringup:/home/jamiek/2026_ROS_manipulator/ros_ws/install/tf2_basic:/home/jamiek/2026_ROS_manipulator/ros_ws/install/ros_basic:/opt/ros/jazzy DEBUGINFOD_URLS=https://debuginfod.ubuntu.com /usr/bin/cmake --install /home/jamiek/2026_ROS_manipulator/open_manipulator_ws/build/open_manipulator_moveit_config
[1.858s] Level 1:colcon.colcon_core.environment:checking '/home/jamiek/2026_ROS_manipulator/open_manipulator_ws/install/open_manipulator_moveit_config' for CMake config files
[1.859s] Level 1:colcon.colcon_core.shell:create_environment_hook('open_manipulator_moveit_config', 'cmake_prefix_path')
[1.859s] INFO:colcon.colcon_core.shell:Creating environment hook '/home/jamiek/2026_ROS_manipulator/open_manipulator_ws/install/open_manipulator_moveit_config/share/open_manipulator_moveit_config/hook/cmake_prefix_path.ps1'
[1.860s] INFO:colcon.colcon_core.shell:Creating environment descriptor '/home/jamiek/2026_ROS_manipulator/open_manipulator_ws/install/open_manipulator_moveit_config/share/open_manipulator_moveit_config/hook/cmake_prefix_path.dsv'
[1.860s] INFO:colcon.colcon_core.shell:Creating environment hook '/home/jamiek/2026_ROS_manipulator/open_manipulator_ws/install/open_manipulator_moveit_config/share/open_manipulator_moveit_config/hook/cmake_prefix_path.sh'
[1.861s] Level 1:colcon.colcon_core.environment:checking '/home/jamiek/2026_ROS_manipulator/open_manipulator_ws/install/open_manipulator_moveit_config/bin'
[1.861s] Level 1:colcon.colcon_core.environment:checking '/home/jamiek/2026_ROS_manipulator/open_manipulator_ws/install/open_manipulator_moveit_config/lib/pkgconfig/open_manipulator_moveit_config.pc'
[1.862s] Level 1:colcon.colcon_core.environment:checking '/home/jamiek/2026_ROS_manipulator/open_manipulator_ws/install/open_manipulator_moveit_config/lib/python3.12/site-packages'
[1.862s] Level 1:colcon.colcon_core.environment:checking '/home/jamiek/2026_ROS_manipulator/open_manipulator_ws/install/open_manipulator_moveit_config/bin'
[1.863s] INFO:colcon.colcon_core.shell:Creating package script '/home/jamiek/2026_ROS_manipulator/open_manipulator_ws/install/open_manipulator_moveit_config/share/open_manipulator_moveit_config/package.ps1'
[1.864s] INFO:colcon.colcon_core.shell:Creating package descriptor '/home/jamiek/2026_ROS_manipulator/open_manipulator_ws/install/open_manipulator_moveit_config/share/open_manipulator_moveit_config/package.dsv'
[1.865s] INFO:colcon.colcon_core.shell:Creating package script '/home/jamiek/2026_ROS_manipulator/open_manipulator_ws/install/open_manipulator_moveit_config/share/open_manipulator_moveit_config/package.sh'
[1.865s] INFO:colcon.colcon_core.shell:Creating package script '/home/jamiek/2026_ROS_manipulator/open_manipulator_ws/install/open_manipulator_moveit_config/share/open_manipulator_moveit_config/package.bash'
[1.865s] INFO:colcon.colcon_core.shell:Creating package script '/home/jamiek/2026_ROS_manipulator/open_manipulator_ws/install/open_manipulator_moveit_config/share/open_manipulator_moveit_config/package.zsh'
[1.866s] Level 1:colcon.colcon_core.environment:create_file_with_runtime_dependencies(/home/jamiek/2026_ROS_manipulator/open_manipulator_ws/install/open_manipulator_moveit_config/share/colcon-core/packages/open_manipulator_moveit_config)
[1.867s] Level 1:colcon.colcon_core.environment:create_environment_scripts_only(open_manipulator_moveit_config)
[1.867s] Level 1:colcon.colcon_core.environment:checking '/home/jamiek/2026_ROS_manipulator/open_manipulator_ws/install/open_manipulator_moveit_config' for CMake module files
[1.868s] Level 1:colcon.colcon_core.environment:checking '/home/jamiek/2026_ROS_manipulator/open_manipulator_ws/install/open_manipulator_moveit_config' for CMake config files
[1.868s] Level 1:colcon.colcon_core.shell:create_environment_hook('open_manipulator_moveit_config', 'cmake_prefix_path')
[1.869s] INFO:colcon.colcon_core.shell:Creating environment hook '/home/jamiek/2026_ROS_manipulator/open_manipulator_ws/install/open_manipulator_moveit_config/share/open_manipulator_moveit_config/hook/cmake_prefix_path.ps1'
[1.869s] INFO:colcon.colcon_core.shell:Creating environment descriptor '/home/jamiek/2026_ROS_manipulator/open_manipulator_ws/install/open_manipulator_moveit_config/share/open_manipulator_moveit_config/hook/cmake_prefix_path.dsv'
[1.870s] INFO:colcon.colcon_core.shell:Creating environment hook '/home/jamiek/2026_ROS_manipulator/open_manipulator_ws/install/open_manipulator_moveit_config/share/open_manipulator_moveit_config/hook/cmake_prefix_path.sh'
[1.870s] Level 1:colcon.colcon_core.environment:checking '/home/jamiek/2026_ROS_manipulator/open_manipulator_ws/install/open_manipulator_moveit_config/bin'
[1.871s] Level 1:colcon.colcon_core.environment:checking '/home/jamiek/2026_ROS_manipulator/open_manipulator_ws/install/open_manipulator_moveit_config/lib/pkgconfig/open_manipulator_moveit_config.pc'
[1.871s] Level 1:colcon.colcon_core.environment:checking '/home/jamiek/2026_ROS_manipulator/open_manipulator_ws/install/open_manipulator_moveit_config/lib/python3.12/site-packages'
[1.871s] Level 1:colcon.colcon_core.environment:checking '/home/jamiek/2026_ROS_manipulator/open_manipulator_ws/install/open_manipulator_moveit_config/bin'
[1.872s] INFO:colcon.colcon_core.shell:Creating package script '/home/jamiek/2026_ROS_manipulator/open_manipulator_ws/install/open_manipulator_moveit_config/share/open_manipulator_moveit_config/package.ps1'
[1.873s] INFO:colcon.colcon_core.shell:Creating package descriptor '/home/jamiek/2026_ROS_manipulator/open_manipulator_ws/install/open_manipulator_moveit_config/share/open_manipulator_moveit_config/package.dsv'
[1.873s] INFO:colcon.colcon_core.shell:Creating package script '/home/jamiek/2026_ROS_manipulator/open_manipulator_ws/install/open_manipulator_moveit_config/share/open_manipulator_moveit_config/package.sh'
[1.874s] INFO:colcon.colcon_core.shell:Creating package script '/home/jamiek/2026_ROS_manipulator/open_manipulator_ws/install/open_manipulator_moveit_config/share/open_manipulator_moveit_config/package.bash'
[1.874s] INFO:colcon.colcon_core.shell:Creating package script '/home/jamiek/2026_ROS_manipulator/open_manipulator_ws/install/open_manipulator_moveit_config/share/open_manipulator_moveit_config/package.zsh'
[1.875s] Level 1:colcon.colcon_core.environment:create_file_with_runtime_dependencies(/home/jamiek/2026_ROS_manipulator/open_manipulator_ws/install/open_manipulator_moveit_config/share/colcon-core/packages/open_manipulator_moveit_config)
[1.954s] DEBUG:colcon.colcon_core.event_handler.log_command:Invoked command in '/home/jamiek/2026_ROS_manipulator/open_manipulator_ws/build/om_spring_actuator_controller' returned '0': CMAKE_PREFIX_PATH=${CMAKE_PREFIX_PATH}:/home/jamiek/2026_ROS_manipulator/open_manipulator_ws/install/open_manipulator_teleop:/home/jamiek/2026_ROS_manipulator/open_manipulator_ws/install/open_manipulator_bringup:/home/jamiek/2026_ROS_manipulator/ros_ws/install/tf2_basic:/home/jamiek/2026_ROS_manipulator/ros_ws/install/ros_basic:/opt/ros/jazzy DEBUGINFOD_URLS=https://debuginfod.ubuntu.com /usr/bin/cmake --build /home/jamiek/2026_ROS_manipulator/open_manipulator_ws/build/om_spring_actuator_controller
[1.956s] DEBUG:colcon.colcon_core.event_handler.log_command:Invoking command in '/home/jamiek/2026_ROS_manipulator/open_manipulator_ws/build/om_spring_actuator_controller': CMAKE_PREFIX_PATH=${CMAKE_PREFIX_PATH}:/home/jamiek/2026_ROS_manipulator/open_manipulator_ws/install/open_manipulator_teleop:/home/jamiek/2026_ROS_manipulator/open_manipulator_ws/install/open_manipulator_bringup:/home/jamiek/2026_ROS_manipulator/ros_ws/install/tf2_basic:/home/jamiek/2026_ROS_manipulator/ros_ws/install/ros_basic:/opt/ros/jazzy DEBUGINFOD_URLS=https://debuginfod.ubuntu.com /usr/bin/cmake --install /home/jamiek/2026_ROS_manipulator/open_manipulator_ws/build/om_spring_actuator_controller
[1.990s] DEBUG:colcon.colcon_core.event_handler.log_command:Invoked command in '/home/jamiek/2026_ROS_manipulator/open_manipulator_ws/build/om_gravity_compensation_controller' returned '0': CMAKE_PREFIX_PATH=${CMAKE_PREFIX_PATH}:/home/jamiek/2026_ROS_manipulator/open_manipulator_ws/install/open_manipulator_teleop:/home/jamiek/2026_ROS_manipulator/open_manipulator_ws/install/open_manipulator_bringup:/home/jamiek/2026_ROS_manipulator/ros_ws/install/tf2_basic:/home/jamiek/2026_ROS_manipulator/ros_ws/install/ros_basic:/opt/ros/jazzy DEBUGINFOD_URLS=https://debuginfod.ubuntu.com /usr/bin/cmake /home/jamiek/2026_ROS_manipulator/open_manipulator_ws/src/open_manipulator/ros2_controller/om_gravity_compensation_controller -DCMAKE_INSTALL_PREFIX=/home/jamiek/2026_ROS_manipulator/open_manipulator_ws/install/om_gravity_compensation_controller
[1.992s] DEBUG:colcon.colcon_core.event_handler.log_command:Invoking command in '/home/jamiek/2026_ROS_manipulator/open_manipulator_ws/build/om_gravity_compensation_controller': CMAKE_PREFIX_PATH=${CMAKE_PREFIX_PATH}:/home/jamiek/2026_ROS_manipulator/open_manipulator_ws/install/open_manipulator_teleop:/home/jamiek/2026_ROS_manipulator/open_manipulator_ws/install/open_manipulator_bringup:/home/jamiek/2026_ROS_manipulator/ros_ws/install/tf2_basic:/home/jamiek/2026_ROS_manipulator/ros_ws/install/ros_basic:/opt/ros/jazzy DEBUGINFOD_URLS=https://debuginfod.ubuntu.com /usr/bin/cmake --build /home/jamiek/2026_ROS_manipulator/open_manipulator_ws/build/om_gravity_compensation_controller
[1.994s] DEBUG:colcon.colcon_core.event_handler.log_command:Invoked command in '/home/jamiek/2026_ROS_manipulator/open_manipulator_ws/build/om_joint_trajectory_command_broadcaster' returned '0': CMAKE_PREFIX_PATH=${CMAKE_PREFIX_PATH}:/home/jamiek/2026_ROS_manipulator/open_manipulator_ws/install/open_manipulator_teleop:/home/jamiek/2026_ROS_manipulator/open_manipulator_ws/install/open_manipulator_bringup:/home/jamiek/2026_ROS_manipulator/ros_ws/install/tf2_basic:/home/jamiek/2026_ROS_manipulator/ros_ws/install/ros_basic:/opt/ros/jazzy DEBUGINFOD_URLS=https://debuginfod.ubuntu.com /usr/bin/cmake --build /home/jamiek/2026_ROS_manipulator/open_manipulator_ws/build/om_joint_trajectory_command_broadcaster
[1.996s] DEBUG:colcon.colcon_core.event_handler.log_command:Invoking command in '/home/jamiek/2026_ROS_manipulator/open_manipulator_ws/build/om_joint_trajectory_command_broadcaster': CMAKE_PREFIX_PATH=${CMAKE_PREFIX_PATH}:/home/jamiek/2026_ROS_manipulator/open_manipulator_ws/install/open_manipulator_teleop:/home/jamiek/2026_ROS_manipulator/open_manipulator_ws/install/open_manipulator_bringup:/home/jamiek/2026_ROS_manipulator/ros_ws/install/tf2_basic:/home/jamiek/2026_ROS_manipulator/ros_ws/install/ros_basic:/opt/ros/jazzy DEBUGINFOD_URLS=https://debuginfod.ubuntu.com /usr/bin/cmake --install /home/jamiek/2026_ROS_manipulator/open_manipulator_ws/build/om_joint_trajectory_command_broadcaster
[1.999s] Level 1:colcon.colcon_core.environment:create_environment_scripts_only(om_spring_actuator_controller)
[2.000s] Level 1:colcon.colcon_core.environment:checking '/home/jamiek/2026_ROS_manipulator/open_manipulator_ws/install/om_spring_actuator_controller' for CMake module files
[2.001s] DEBUG:colcon.colcon_core.event_handler.log_command:Invoked command in '/home/jamiek/2026_ROS_manipulator/open_manipulator_ws/build/om_spring_actuator_controller' returned '0': CMAKE_PREFIX_PATH=${CMAKE_PREFIX_PATH}:/home/jamiek/2026_ROS_manipulator/open_manipulator_ws/install/open_manipulator_teleop:/home/jamiek/2026_ROS_manipulator/open_manipulator_ws/install/open_manipulator_bringup:/home/jamiek/2026_ROS_manipulator/ros_ws/install/tf2_basic:/home/jamiek/2026_ROS_manipulator/ros_ws/install/ros_basic:/opt/ros/jazzy DEBUGINFOD_URLS=https://debuginfod.ubuntu.com /usr/bin/cmake --install /home/jamiek/2026_ROS_manipulator/open_manipulator_ws/build/om_spring_actuator_controller
[2.002s] Level 1:colcon.colcon_core.environment:checking '/home/jamiek/2026_ROS_manipulator/open_manipulator_ws/install/om_spring_actuator_controller' for CMake config files
[2.003s] Level 1:colcon.colcon_core.shell:create_environment_hook('om_spring_actuator_controller', 'cmake_prefix_path')
[2.003s] INFO:colcon.colcon_core.shell:Creating environment hook '/home/jamiek/2026_ROS_manipulator/open_manipulator_ws/install/om_spring_actuator_controller/share/om_spring_actuator_controller/hook/cmake_prefix_path.ps1'
[2.004s] INFO:colcon.colcon_core.shell:Creating environment descriptor '/home/jamiek/2026_ROS_manipulator/open_manipulator_ws/install/om_spring_actuator_controller/share/om_spring_actuator_controller/hook/cmake_prefix_path.dsv'
[2.004s] INFO:colcon.colcon_core.shell:Creating environment hook '/home/jamiek/2026_ROS_manipulator/open_manipulator_ws/install/om_spring_actuator_controller/share/om_spring_actuator_controller/hook/cmake_prefix_path.sh'
[2.005s] Level 1:colcon.colcon_core.environment:checking '/home/jamiek/2026_ROS_manipulator/open_manipulator_ws/install/om_spring_actuator_controller/lib'
[2.005s] Level 1:colcon.colcon_core.shell:create_environment_hook('om_spring_actuator_controller', 'ld_library_path_lib')
[2.006s] INFO:colcon.colcon_core.shell:Creating environment hook '/home/jamiek/2026_ROS_manipulator/open_manipulator_ws/install/om_spring_actuator_controller/share/om_spring_actuator_controller/hook/ld_library_path_lib.ps1'
[2.006s] INFO:colcon.colcon_core.shell:Creating environment descriptor '/home/jamiek/2026_ROS_manipulator/open_manipulator_ws/install/om_spring_actuator_controller/share/om_spring_actuator_controller/hook/ld_library_path_lib.dsv'
[2.007s] INFO:colcon.colcon_core.shell:Creating environment hook '/home/jamiek/2026_ROS_manipulator/open_manipulator_ws/install/om_spring_actuator_controller/share/om_spring_actuator_controller/hook/ld_library_path_lib.sh'
[2.008s] Level 1:colcon.colcon_core.environment:checking '/home/jamiek/2026_ROS_manipulator/open_manipulator_ws/install/om_spring_actuator_controller/bin'
[2.008s] Level 1:colcon.colcon_core.environment:checking '/home/jamiek/2026_ROS_manipulator/open_manipulator_ws/install/om_spring_actuator_controller/lib/pkgconfig/om_spring_actuator_controller.pc'
[2.008s] Level 1:colcon.colcon_core.environment:checking '/home/jamiek/2026_ROS_manipulator/open_manipulator_ws/install/om_spring_actuator_controller/lib/python3.12/site-packages'
[2.009s] Level 1:colcon.colcon_core.environment:checking '/home/jamiek/2026_ROS_manipulator/open_manipulator_ws/install/om_spring_actuator_controller/bin'
[2.010s] INFO:colcon.colcon_core.shell:Creating package script '/home/jamiek/2026_ROS_manipulator/open_manipulator_ws/install/om_spring_actuator_controller/share/om_spring_actuator_controller/package.ps1'
[2.011s] INFO:colcon.colcon_core.shell:Creating package descriptor '/home/jamiek/2026_ROS_manipulator/open_manipulator_ws/install/om_spring_actuator_controller/share/om_spring_actuator_controller/package.dsv'
[2.012s] INFO:colcon.colcon_core.shell:Creating package script '/home/jamiek/2026_ROS_manipulator/open_manipulator_ws/install/om_spring_actuator_controller/share/om_spring_actuator_controller/package.sh'
[2.013s] INFO:colcon.colcon_core.shell:Creating package script '/home/jamiek/2026_ROS_manipulator/open_manipulator_ws/install/om_spring_actuator_controller/share/om_spring_actuator_controller/package.bash'
[2.014s] INFO:colcon.colcon_core.shell:Creating package script '/home/jamiek/2026_ROS_manipulator/open_manipulator_ws/install/om_spring_actuator_controller/share/om_spring_actuator_controller/package.zsh'
[2.015s] Level 1:colcon.colcon_core.environment:create_file_with_runtime_dependencies(/home/jamiek/2026_ROS_manipulator/open_manipulator_ws/install/om_spring_actuator_controller/share/colcon-core/packages/om_spring_actuator_controller)
[2.017s] Level 1:colcon.colcon_core.environment:create_environment_scripts_only(om_spring_actuator_controller)
[2.017s] Level 1:colcon.colcon_core.environment:checking '/home/jamiek/2026_ROS_manipulator/open_manipulator_ws/install/om_spring_actuator_controller' for CMake module files
[2.018s] Level 1:colcon.colcon_core.environment:checking '/home/jamiek/2026_ROS_manipulator/open_manipulator_ws/install/om_spring_actuator_controller' for CMake config files
[2.018s] Level 1:colcon.colcon_core.shell:create_environment_hook('om_spring_actuator_controller', 'cmake_prefix_path')
[2.019s] INFO:colcon.colcon_core.shell:Creating environment hook '/home/jamiek/2026_ROS_manipulator/open_manipulator_ws/install/om_spring_actuator_controller/share/om_spring_actuator_controller/hook/cmake_prefix_path.ps1'
[2.019s] INFO:colcon.colcon_core.shell:Creating environment descriptor '/home/jamiek/2026_ROS_manipulator/open_manipulator_ws/install/om_spring_actuator_controller/share/om_spring_actuator_controller/hook/cmake_prefix_path.dsv'
[2.020s] INFO:colcon.colcon_core.shell:Creating environment hook '/home/jamiek/2026_ROS_manipulator/open_manipulator_ws/install/om_spring_actuator_controller/share/om_spring_actuator_controller/hook/cmake_prefix_path.sh'
[2.021s] Level 1:colcon.colcon_core.environment:checking '/home/jamiek/2026_ROS_manipulator/open_manipulator_ws/install/om_spring_actuator_controller/lib'
[2.021s] Level 1:colcon.colcon_core.shell:create_environment_hook('om_spring_actuator_controller', 'ld_library_path_lib')
[2.021s] INFO:colcon.colcon_core.shell:Creating environment hook '/home/jamiek/2026_ROS_manipulator/open_manipulator_ws/install/om_spring_actuator_controller/share/om_spring_actuator_controller/hook/ld_library_path_lib.ps1'
[2.022s] INFO:colcon.colcon_core.shell:Creating environment descriptor '/home/jamiek/2026_ROS_manipulator/open_manipulator_ws/install/om_spring_actuator_controller/share/om_spring_actuator_controller/hook/ld_library_path_lib.dsv'
[2.022s] INFO:colcon.colcon_core.shell:Creating environment hook '/home/jamiek/2026_ROS_manipulator/open_manipulator_ws/install/om_spring_actuator_controller/share/om_spring_actuator_controller/hook/ld_library_path_lib.sh'
[2.023s] Level 1:colcon.colcon_core.environment:checking '/home/jamiek/2026_ROS_manipulator/open_manipulator_ws/install/om_spring_actuator_controller/bin'
[2.023s] Level 1:colcon.colcon_core.environment:checking '/home/jamiek/2026_ROS_manipulator/open_manipulator_ws/install/om_spring_actuator_controller/lib/pkgconfig/om_spring_actuator_controller.pc'
[2.023s] Level 1:colcon.colcon_core.environment:checking '/home/jamiek/2026_ROS_manipulator/open_manipulator_ws/install/om_spring_actuator_controller/lib/python3.12/site-packages'
[2.024s] Level 1:colcon.colcon_core.environment:checking '/home/jamiek/2026_ROS_manipulator/open_manipulator_ws/install/om_spring_actuator_controller/bin'
[2.024s] INFO:colcon.colcon_core.shell:Creating package script '/home/jamiek/2026_ROS_manipulator/open_manipulator_ws/install/om_spring_actuator_controller/share/om_spring_actuator_controller/package.ps1'
[2.025s] INFO:colcon.colcon_core.shell:Creating package descriptor '/home/jamiek/2026_ROS_manipulator/open_manipulator_ws/install/om_spring_actuator_controller/share/om_spring_actuator_controller/package.dsv'
[2.026s] INFO:colcon.colcon_core.shell:Creating package script '/home/jamiek/2026_ROS_manipulator/open_manipulator_ws/install/om_spring_actuator_controller/share/om_spring_actuator_controller/package.sh'
[2.027s] INFO:colcon.colcon_core.shell:Creating package script '/home/jamiek/2026_ROS_manipulator/open_manipulator_ws/install/om_spring_actuator_controller/share/om_spring_actuator_controller/package.bash'
[2.028s] INFO:colcon.colcon_core.shell:Creating package script '/home/jamiek/2026_ROS_manipulator/open_manipulator_ws/install/om_spring_actuator_controller/share/om_spring_actuator_controller/package.zsh'
[2.028s] Level 1:colcon.colcon_core.environment:create_file_with_runtime_dependencies(/home/jamiek/2026_ROS_manipulator/open_manipulator_ws/install/om_spring_actuator_controller/share/colcon-core/packages/om_spring_actuator_controller)
[2.037s] Level 1:colcon.colcon_core.environment:create_environment_scripts_only(om_joint_trajectory_command_broadcaster)
[2.037s] Level 1:colcon.colcon_core.environment:checking '/home/jamiek/2026_ROS_manipulator/open_manipulator_ws/install/om_joint_trajectory_command_broadcaster' for CMake module files
[2.038s] Level 1:colcon.colcon_core.environment:checking '/home/jamiek/2026_ROS_manipulator/open_manipulator_ws/install/om_joint_trajectory_command_broadcaster' for CMake config files
[2.039s] Level 1:colcon.colcon_core.shell:create_environment_hook('om_joint_trajectory_command_broadcaster', 'cmake_prefix_path')
[2.039s] INFO:colcon.colcon_core.shell:Creating environment hook '/home/jamiek/2026_ROS_manipulator/open_manipulator_ws/install/om_joint_trajectory_command_broadcaster/share/om_joint_trajectory_command_broadcaster/hook/cmake_prefix_path.ps1'
[2.040s] INFO:colcon.colcon_core.shell:Creating environment descriptor '/home/jamiek/2026_ROS_manipulator/open_manipulator_ws/install/om_joint_trajectory_command_broadcaster/share/om_joint_trajectory_command_broadcaster/hook/cmake_prefix_path.dsv'
[2.040s] INFO:colcon.colcon_core.shell:Creating environment hook '/home/jamiek/2026_ROS_manipulator/open_manipulator_ws/install/om_joint_trajectory_command_broadcaster/share/om_joint_trajectory_command_broadcaster/hook/cmake_prefix_path.sh'
[2.041s] DEBUG:colcon.colcon_core.event_handler.log_command:Invoked command in '/home/jamiek/2026_ROS_manipulator/open_manipulator_ws/build/om_joint_trajectory_command_broadcaster' returned '0': CMAKE_PREFIX_PATH=${CMAKE_PREFIX_PATH}:/home/jamiek/2026_ROS_manipulator/open_manipulator_ws/install/open_manipulator_teleop:/home/jamiek/2026_ROS_manipulator/open_manipulator_ws/install/open_manipulator_bringup:/home/jamiek/2026_ROS_manipulator/ros_ws/install/tf2_basic:/home/jamiek/2026_ROS_manipulator/ros_ws/install/ros_basic:/opt/ros/jazzy DEBUGINFOD_URLS=https://debuginfod.ubuntu.com /usr/bin/cmake --install /home/jamiek/2026_ROS_manipulator/open_manipulator_ws/build/om_joint_trajectory_command_broadcaster
[2.042s] Level 1:colcon.colcon_core.environment:checking '/home/jamiek/2026_ROS_manipulator/open_manipulator_ws/install/om_joint_trajectory_command_broadcaster/lib'
[2.042s] Level 1:colcon.colcon_core.shell:create_environment_hook('om_joint_trajectory_command_broadcaster', 'ld_library_path_lib')
[2.042s] INFO:colcon.colcon_core.shell:Creating environment hook '/home/jamiek/2026_ROS_manipulator/open_manipulator_ws/install/om_joint_trajectory_command_broadcaster/share/om_joint_trajectory_command_broadcaster/hook/ld_library_path_lib.ps1'
[2.043s] INFO:colcon.colcon_core.shell:Creating environment descriptor '/home/jamiek/2026_ROS_manipulator/open_manipulator_ws/install/om_joint_trajectory_command_broadcaster/share/om_joint_trajectory_command_broadcaster/hook/ld_library_path_lib.dsv'
[2.043s] INFO:colcon.colcon_core.shell:Creating environment hook '/home/jamiek/2026_ROS_manipulator/open_manipulator_ws/install/om_joint_trajectory_command_broadcaster/share/om_joint_trajectory_command_broadcaster/hook/ld_library_path_lib.sh'
[2.044s] Level 1:colcon.colcon_core.environment:checking '/home/jamiek/2026_ROS_manipulator/open_manipulator_ws/install/om_joint_trajectory_command_broadcaster/bin'
[2.044s] Level 1:colcon.colcon_core.environment:checking '/home/jamiek/2026_ROS_manipulator/open_manipulator_ws/install/om_joint_trajectory_command_broadcaster/lib/pkgconfig/om_joint_trajectory_command_broadcaster.pc'
[2.044s] Level 1:colcon.colcon_core.environment:checking '/home/jamiek/2026_ROS_manipulator/open_manipulator_ws/install/om_joint_trajectory_command_broadcaster/lib/python3.12/site-packages'
[2.045s] Level 1:colcon.colcon_core.environment:checking '/home/jamiek/2026_ROS_manipulator/open_manipulator_ws/install/om_joint_trajectory_command_broadcaster/bin'
[2.045s] INFO:colcon.colcon_core.shell:Creating package script '/home/jamiek/2026_ROS_manipulator/open_manipulator_ws/install/om_joint_trajectory_command_broadcaster/share/om_joint_trajectory_command_broadcaster/package.ps1'
[2.046s] INFO:colcon.colcon_core.shell:Creating package descriptor '/home/jamiek/2026_ROS_manipulator/open_manipulator_ws/install/om_joint_trajectory_command_broadcaster/share/om_joint_trajectory_command_broadcaster/package.dsv'
[2.046s] INFO:colcon.colcon_core.shell:Creating package script '/home/jamiek/2026_ROS_manipulator/open_manipulator_ws/install/om_joint_trajectory_command_broadcaster/share/om_joint_trajectory_command_broadcaster/package.sh'
[2.047s] INFO:colcon.colcon_core.shell:Creating package script '/home/jamiek/2026_ROS_manipulator/open_manipulator_ws/install/om_joint_trajectory_command_broadcaster/share/om_joint_trajectory_command_broadcaster/package.bash'
[2.047s] INFO:colcon.colcon_core.shell:Creating package script '/home/jamiek/2026_ROS_manipulator/open_manipulator_ws/install/om_joint_trajectory_command_broadcaster/share/om_joint_trajectory_command_broadcaster/package.zsh'
[2.048s] Level 1:colcon.colcon_core.environment:create_file_with_runtime_dependencies(/home/jamiek/2026_ROS_manipulator/open_manipulator_ws/install/om_joint_trajectory_command_broadcaster/share/colcon-core/packages/om_joint_trajectory_command_broadcaster)
[2.049s] Level 1:colcon.colcon_core.environment:create_environment_scripts_only(om_joint_trajectory_command_broadcaster)
[2.049s] Level 1:colcon.colcon_core.environment:checking '/home/jamiek/2026_ROS_manipulator/open_manipulator_ws/install/om_joint_trajectory_command_broadcaster' for CMake module files
[2.051s] Level 1:colcon.colcon_core.environment:checking '/home/jamiek/2026_ROS_manipulator/open_manipulator_ws/install/om_joint_trajectory_command_broadcaster' for CMake config files
[2.051s] Level 1:colcon.colcon_core.shell:create_environment_hook('om_joint_trajectory_command_broadcaster', 'cmake_prefix_path')
[2.052s] INFO:colcon.colcon_core.shell:Creating environment hook '/home/jamiek/2026_ROS_manipulator/open_manipulator_ws/install/om_joint_trajectory_command_broadcaster/share/om_joint_trajectory_command_broadcaster/hook/cmake_prefix_path.ps1'
[2.052s] INFO:colcon.colcon_core.shell:Creating environment descriptor '/home/jamiek/2026_ROS_manipulator/open_manipulator_ws/install/om_joint_trajectory_command_broadcaster/share/om_joint_trajectory_command_broadcaster/hook/cmake_prefix_path.dsv'
[2.052s] INFO:colcon.colcon_core.shell:Creating environment hook '/home/jamiek/2026_ROS_manipulator/open_manipulator_ws/install/om_joint_trajectory_command_broadcaster/share/om_joint_trajectory_command_broadcaster/hook/cmake_prefix_path.sh'
[2.053s] Level 1:colcon.colcon_core.environment:checking '/home/jamiek/2026_ROS_manipulator/open_manipulator_ws/install/om_joint_trajectory_command_broadcaster/lib'
[2.053s] Level 1:colcon.colcon_core.shell:create_environment_hook('om_joint_trajectory_command_broadcaster', 'ld_library_path_lib')
[2.053s] INFO:colcon.colcon_core.shell:Creating environment hook '/home/jamiek/2026_ROS_manipulator/open_manipulator_ws/install/om_joint_trajectory_command_broadcaster/share/om_joint_trajectory_command_broadcaster/hook/ld_library_path_lib.ps1'
[2.054s] INFO:colcon.colcon_core.shell:Creating environment descriptor '/home/jamiek/2026_ROS_manipulator/open_manipulator_ws/install/om_joint_trajectory_command_broadcaster/share/om_joint_trajectory_command_broadcaster/hook/ld_library_path_lib.dsv'
[2.054s] INFO:colcon.colcon_core.shell:Creating environment hook '/home/jamiek/2026_ROS_manipulator/open_manipulator_ws/install/om_joint_trajectory_command_broadcaster/share/om_joint_trajectory_command_broadcaster/hook/ld_library_path_lib.sh'
[2.054s] Level 1:colcon.colcon_core.environment:checking '/home/jamiek/2026_ROS_manipulator/open_manipulator_ws/install/om_joint_trajectory_command_broadcaster/bin'
[2.054s] Level 1:colcon.colcon_core.environment:checking '/home/jamiek/2026_ROS_manipulator/open_manipulator_ws/install/om_joint_trajectory_command_broadcaster/lib/pkgconfig/om_joint_trajectory_command_broadcaster.pc'
[2.055s] Level 1:colcon.colcon_core.environment:checking '/home/jamiek/2026_ROS_manipulator/open_manipulator_ws/install/om_joint_trajectory_command_broadcaster/lib/python3.12/site-packages'
[2.055s] Level 1:colcon.colcon_core.environment:checking '/home/jamiek/2026_ROS_manipulator/open_manipulator_ws/install/om_joint_trajectory_command_broadcaster/bin'
[2.056s] INFO:colcon.colcon_core.shell:Creating package script '/home/jamiek/2026_ROS_manipulator/open_manipulator_ws/install/om_joint_trajectory_command_broadcaster/share/om_joint_trajectory_command_broadcaster/package.ps1'
[2.057s] INFO:colcon.colcon_core.shell:Creating package descriptor '/home/jamiek/2026_ROS_manipulator/open_manipulator_ws/install/om_joint_trajectory_command_broadcaster/share/om_joint_trajectory_command_broadcaster/package.dsv'
[2.057s] INFO:colcon.colcon_core.shell:Creating package script '/home/jamiek/2026_ROS_manipulator/open_manipulator_ws/install/om_joint_trajectory_command_broadcaster/share/om_joint_trajectory_command_broadcaster/package.sh'
[2.058s] INFO:colcon.colcon_core.shell:Creating package script '/home/jamiek/2026_ROS_manipulator/open_manipulator_ws/install/om_joint_trajectory_command_broadcaster/share/om_joint_trajectory_command_broadcaster/package.bash'
[2.058s] INFO:colcon.colcon_core.shell:Creating package script '/home/jamiek/2026_ROS_manipulator/open_manipulator_ws/install/om_joint_trajectory_command_broadcaster/share/om_joint_trajectory_command_broadcaster/package.zsh'
[2.058s] Level 1:colcon.colcon_core.environment:create_file_with_runtime_dependencies(/home/jamiek/2026_ROS_manipulator/open_manipulator_ws/install/om_joint_trajectory_command_broadcaster/share/colcon-core/packages/om_joint_trajectory_command_broadcaster)
[2.169s] DEBUG:colcon.colcon_core.event_handler.log_command:Invoked command in '/home/jamiek/2026_ROS_manipulator/open_manipulator_ws/build/om_gravity_compensation_controller' returned '0': CMAKE_PREFIX_PATH=${CMAKE_PREFIX_PATH}:/home/jamiek/2026_ROS_manipulator/open_manipulator_ws/install/open_manipulator_teleop:/home/jamiek/2026_ROS_manipulator/open_manipulator_ws/install/open_manipulator_bringup:/home/jamiek/2026_ROS_manipulator/ros_ws/install/tf2_basic:/home/jamiek/2026_ROS_manipulator/ros_ws/install/ros_basic:/opt/ros/jazzy DEBUGINFOD_URLS=https://debuginfod.ubuntu.com /usr/bin/cmake --build /home/jamiek/2026_ROS_manipulator/open_manipulator_ws/build/om_gravity_compensation_controller
[2.171s] DEBUG:colcon.colcon_core.event_handler.log_command:Invoking command in '/home/jamiek/2026_ROS_manipulator/open_manipulator_ws/build/om_gravity_compensation_controller': CMAKE_PREFIX_PATH=${CMAKE_PREFIX_PATH}:/home/jamiek/2026_ROS_manipulator/open_manipulator_ws/install/open_manipulator_teleop:/home/jamiek/2026_ROS_manipulator/open_manipulator_ws/install/open_manipulator_bringup:/home/jamiek/2026_ROS_manipulator/ros_ws/install/tf2_basic:/home/jamiek/2026_ROS_manipulator/ros_ws/install/ros_basic:/opt/ros/jazzy DEBUGINFOD_URLS=https://debuginfod.ubuntu.com /usr/bin/cmake --install /home/jamiek/2026_ROS_manipulator/open_manipulator_ws/build/om_gravity_compensation_controller
[2.195s] DEBUG:colcon.colcon_core.event_handler.log_command:Invoked command in '/home/jamiek/2026_ROS_manipulator/open_manipulator_ws/build/dynamixel_sdk_custom_interfaces' returned '0': CMAKE_PREFIX_PATH=${CMAKE_PREFIX_PATH}:/home/jamiek/2026_ROS_manipulator/open_manipulator_ws/install/open_manipulator_teleop:/home/jamiek/2026_ROS_manipulator/open_manipulator_ws/install/open_manipulator_bringup:/home/jamiek/2026_ROS_manipulator/ros_ws/install/tf2_basic:/home/jamiek/2026_ROS_manipulator/ros_ws/install/ros_basic:/opt/ros/jazzy DEBUGINFOD_URLS=https://debuginfod.ubuntu.com /usr/bin/cmake /home/jamiek/2026_ROS_manipulator/open_manipulator_ws/src/DynamixelSDK/ros/dynamixel_sdk_custom_interfaces -DCMAKE_INSTALL_PREFIX=/home/jamiek/2026_ROS_manipulator/open_manipulator_ws/install/dynamixel_sdk_custom_interfaces
[2.197s] DEBUG:colcon.colcon_core.event_handler.log_command:Invoking command in '/home/jamiek/2026_ROS_manipulator/open_manipulator_ws/build/dynamixel_sdk_custom_interfaces': CMAKE_PREFIX_PATH=${CMAKE_PREFIX_PATH}:/home/jamiek/2026_ROS_manipulator/open_manipulator_ws/install/open_manipulator_teleop:/home/jamiek/2026_ROS_manipulator/open_manipulator_ws/install/open_manipulator_bringup:/home/jamiek/2026_ROS_manipulator/ros_ws/install/tf2_basic:/home/jamiek/2026_ROS_manipulator/ros_ws/install/ros_basic:/opt/ros/jazzy DEBUGINFOD_URLS=https://debuginfod.ubuntu.com /usr/bin/cmake --build /home/jamiek/2026_ROS_manipulator/open_manipulator_ws/build/dynamixel_sdk_custom_interfaces
[2.225s] Level 1:colcon.colcon_core.environment:create_environment_scripts_only(om_gravity_compensation_controller)
[2.225s] Level 1:colcon.colcon_core.environment:checking '/home/jamiek/2026_ROS_manipulator/open_manipulator_ws/install/om_gravity_compensation_controller' for CMake module files
[2.226s] DEBUG:colcon.colcon_core.event_handler.log_command:Invoked command in '/home/jamiek/2026_ROS_manipulator/open_manipulator_ws/build/om_gravity_compensation_controller' returned '0': CMAKE_PREFIX_PATH=${CMAKE_PREFIX_PATH}:/home/jamiek/2026_ROS_manipulator/open_manipulator_ws/install/open_manipulator_teleop:/home/jamiek/2026_ROS_manipulator/open_manipulator_ws/install/open_manipulator_bringup:/home/jamiek/2026_ROS_manipulator/ros_ws/install/tf2_basic:/home/jamiek/2026_ROS_manipulator/ros_ws/install/ros_basic:/opt/ros/jazzy DEBUGINFOD_URLS=https://debuginfod.ubuntu.com /usr/bin/cmake --install /home/jamiek/2026_ROS_manipulator/open_manipulator_ws/build/om_gravity_compensation_controller
[2.227s] Level 1:colcon.colcon_core.environment:checking '/home/jamiek/2026_ROS_manipulator/open_manipulator_ws/install/om_gravity_compensation_controller' for CMake config files
[2.228s] Level 1:colcon.colcon_core.shell:create_environment_hook('om_gravity_compensation_controller', 'cmake_prefix_path')
[2.228s] INFO:colcon.colcon_core.shell:Creating environment hook '/home/jamiek/2026_ROS_manipulator/open_manipulator_ws/install/om_gravity_compensation_controller/share/om_gravity_compensation_controller/hook/cmake_prefix_path.ps1'
[2.229s] INFO:colcon.colcon_core.shell:Creating environment descriptor '/home/jamiek/2026_ROS_manipulator/open_manipulator_ws/install/om_gravity_compensation_controller/share/om_gravity_compensation_controller/hook/cmake_prefix_path.dsv'
[2.229s] INFO:colcon.colcon_core.shell:Creating environment hook '/home/jamiek/2026_ROS_manipulator/open_manipulator_ws/install/om_gravity_compensation_controller/share/om_gravity_compensation_controller/hook/cmake_prefix_path.sh'
[2.230s] Level 1:colcon.colcon_core.environment:checking '/home/jamiek/2026_ROS_manipulator/open_manipulator_ws/install/om_gravity_compensation_controller/lib'
[2.230s] Level 1:colcon.colcon_core.shell:create_environment_hook('om_gravity_compensation_controller', 'ld_library_path_lib')
[2.230s] INFO:colcon.colcon_core.shell:Creating environment hook '/home/jamiek/2026_ROS_manipulator/open_manipulator_ws/install/om_gravity_compensation_controller/share/om_gravity_compensation_controller/hook/ld_library_path_lib.ps1'
[2.230s] INFO:colcon.colcon_core.shell:Creating environment descriptor '/home/jamiek/2026_ROS_manipulator/open_manipulator_ws/install/om_gravity_compensation_controller/share/om_gravity_compensation_controller/hook/ld_library_path_lib.dsv'
[2.231s] INFO:colcon.colcon_core.shell:Creating environment hook '/home/jamiek/2026_ROS_manipulator/open_manipulator_ws/install/om_gravity_compensation_controller/share/om_gravity_compensation_controller/hook/ld_library_path_lib.sh'
[2.231s] Level 1:colcon.colcon_core.environment:checking '/home/jamiek/2026_ROS_manipulator/open_manipulator_ws/install/om_gravity_compensation_controller/bin'
[2.231s] Level 1:colcon.colcon_core.environment:checking '/home/jamiek/2026_ROS_manipulator/open_manipulator_ws/install/om_gravity_compensation_controller/lib/pkgconfig/om_gravity_compensation_controller.pc'
[2.231s] Level 1:colcon.colcon_core.environment:checking '/home/jamiek/2026_ROS_manipulator/open_manipulator_ws/install/om_gravity_compensation_controller/lib/python3.12/site-packages'
[2.232s] Level 1:colcon.colcon_core.environment:checking '/home/jamiek/2026_ROS_manipulator/open_manipulator_ws/install/om_gravity_compensation_controller/bin'
[2.232s] INFO:colcon.colcon_core.shell:Creating package script '/home/jamiek/2026_ROS_manipulator/open_manipulator_ws/install/om_gravity_compensation_controller/share/om_gravity_compensation_controller/package.ps1'
[2.232s] INFO:colcon.colcon_core.shell:Creating package descriptor '/home/jamiek/2026_ROS_manipulator/open_manipulator_ws/install/om_gravity_compensation_controller/share/om_gravity_compensation_controller/package.dsv'
[2.233s] INFO:colcon.colcon_core.shell:Creating package script '/home/jamiek/2026_ROS_manipulator/open_manipulator_ws/install/om_gravity_compensation_controller/share/om_gravity_compensation_controller/package.sh'
[2.233s] INFO:colcon.colcon_core.shell:Creating package script '/home/jamiek/2026_ROS_manipulator/open_manipulator_ws/install/om_gravity_compensation_controller/share/om_gravity_compensation_controller/package.bash'
[2.234s] INFO:colcon.colcon_core.shell:Creating package script '/home/jamiek/2026_ROS_manipulator/open_manipulator_ws/install/om_gravity_compensation_controller/share/om_gravity_compensation_controller/package.zsh'
[2.234s] Level 1:colcon.colcon_core.environment:create_file_with_runtime_dependencies(/home/jamiek/2026_ROS_manipulator/open_manipulator_ws/install/om_gravity_compensation_controller/share/colcon-core/packages/om_gravity_compensation_controller)
[2.235s] Level 1:colcon.colcon_core.environment:create_environment_scripts_only(om_gravity_compensation_controller)
[2.235s] Level 1:colcon.colcon_core.environment:checking '/home/jamiek/2026_ROS_manipulator/open_manipulator_ws/install/om_gravity_compensation_controller' for CMake module files
[2.236s] Level 1:colcon.colcon_core.environment:checking '/home/jamiek/2026_ROS_manipulator/open_manipulator_ws/install/om_gravity_compensation_controller' for CMake config files
[2.237s] Level 1:colcon.colcon_core.shell:create_environment_hook('om_gravity_compensation_controller', 'cmake_prefix_path')
[2.237s] INFO:colcon.colcon_core.shell:Creating environment hook '/home/jamiek/2026_ROS_manipulator/open_manipulator_ws/install/om_gravity_compensation_controller/share/om_gravity_compensation_controller/hook/cmake_prefix_path.ps1'
[2.238s] INFO:colcon.colcon_core.shell:Creating environment descriptor '/home/jamiek/2026_ROS_manipulator/open_manipulator_ws/install/om_gravity_compensation_controller/share/om_gravity_compensation_controller/hook/cmake_prefix_path.dsv'
[2.238s] INFO:colcon.colcon_core.shell:Creating environment hook '/home/jamiek/2026_ROS_manipulator/open_manipulator_ws/install/om_gravity_compensation_controller/share/om_gravity_compensation_controller/hook/cmake_prefix_path.sh'
[2.238s] Level 1:colcon.colcon_core.environment:checking '/home/jamiek/2026_ROS_manipulator/open_manipulator_ws/install/om_gravity_compensation_controller/lib'
[2.239s] Level 1:colcon.colcon_core.shell:create_environment_hook('om_gravity_compensation_controller', 'ld_library_path_lib')
[2.239s] INFO:colcon.colcon_core.shell:Creating environment hook '/home/jamiek/2026_ROS_manipulator/open_manipulator_ws/install/om_gravity_compensation_controller/share/om_gravity_compensation_controller/hook/ld_library_path_lib.ps1'
[2.239s] INFO:colcon.colcon_core.shell:Creating environment descriptor '/home/jamiek/2026_ROS_manipulator/open_manipulator_ws/install/om_gravity_compensation_controller/share/om_gravity_compensation_controller/hook/ld_library_path_lib.dsv'
[2.240s] INFO:colcon.colcon_core.shell:Creating environment hook '/home/jamiek/2026_ROS_manipulator/open_manipulator_ws/install/om_gravity_compensation_controller/share/om_gravity_compensation_controller/hook/ld_library_path_lib.sh'
[2.240s] Level 1:colcon.colcon_core.environment:checking '/home/jamiek/2026_ROS_manipulator/open_manipulator_ws/install/om_gravity_compensation_controller/bin'
[2.240s] Level 1:colcon.colcon_core.environment:checking '/home/jamiek/2026_ROS_manipulator/open_manipulator_ws/install/om_gravity_compensation_controller/lib/pkgconfig/om_gravity_compensation_controller.pc'
[2.240s] Level 1:colcon.colcon_core.environment:checking '/home/jamiek/2026_ROS_manipulator/open_manipulator_ws/install/om_gravity_compensation_controller/lib/python3.12/site-packages'
[2.241s] Level 1:colcon.colcon_core.environment:checking '/home/jamiek/2026_ROS_manipulator/open_manipulator_ws/install/om_gravity_compensation_controller/bin'
[2.241s] INFO:colcon.colcon_core.shell:Creating package script '/home/jamiek/2026_ROS_manipulator/open_manipulator_ws/install/om_gravity_compensation_controller/share/om_gravity_compensation_controller/package.ps1'
[2.242s] INFO:colcon.colcon_core.shell:Creating package descriptor '/home/jamiek/2026_ROS_manipulator/open_manipulator_ws/install/om_gravity_compensation_controller/share/om_gravity_compensation_controller/package.dsv'
[2.242s] INFO:colcon.colcon_core.shell:Creating package script '/home/jamiek/2026_ROS_manipulator/open_manipulator_ws/install/om_gravity_compensation_controller/share/om_gravity_compensation_controller/package.sh'
[2.243s] INFO:colcon.colcon_core.shell:Creating package script '/home/jamiek/2026_ROS_manipulator/open_manipulator_ws/install/om_gravity_compensation_controller/share/om_gravity_compensation_controller/package.bash'
[2.243s] INFO:colcon.colcon_core.shell:Creating package script '/home/jamiek/2026_ROS_manipulator/open_manipulator_ws/install/om_gravity_compensation_controller/share/om_gravity_compensation_controller/package.zsh'
[2.243s] Level 1:colcon.colcon_core.environment:create_file_with_runtime_dependencies(/home/jamiek/2026_ROS_manipulator/open_manipulator_ws/install/om_gravity_compensation_controller/share/colcon-core/packages/om_gravity_compensation_controller)
[2.453s] DEBUG:colcon.colcon_core.event_handler.log_command:Invoked command in '/home/jamiek/2026_ROS_manipulator/open_manipulator_ws/build/open_manipulator_gui' returned '0': CMAKE_PREFIX_PATH=${CMAKE_PREFIX_PATH}:/home/jamiek/2026_ROS_manipulator/open_manipulator_ws/install/open_manipulator_teleop:/home/jamiek/2026_ROS_manipulator/open_manipulator_ws/install/open_manipulator_bringup:/home/jamiek/2026_ROS_manipulator/ros_ws/install/tf2_basic:/home/jamiek/2026_ROS_manipulator/ros_ws/install/ros_basic:/opt/ros/jazzy DEBUGINFOD_URLS=https://debuginfod.ubuntu.com /usr/bin/cmake /home/jamiek/2026_ROS_manipulator/open_manipulator_ws/src/open_manipulator/open_manipulator_gui -DCMAKE_INSTALL_PREFIX=/home/jamiek/2026_ROS_manipulator/open_manipulator_ws/install/open_manipulator_gui
[2.453s] DEBUG:colcon.colcon_core.event_handler.log_command:Invoking command in '/home/jamiek/2026_ROS_manipulator/open_manipulator_ws/build/open_manipulator_gui': CMAKE_PREFIX_PATH=${CMAKE_PREFIX_PATH}:/home/jamiek/2026_ROS_manipulator/open_manipulator_ws/install/open_manipulator_teleop:/home/jamiek/2026_ROS_manipulator/open_manipulator_ws/install/open_manipulator_bringup:/home/jamiek/2026_ROS_manipulator/ros_ws/install/tf2_basic:/home/jamiek/2026_ROS_manipulator/ros_ws/install/ros_basic:/opt/ros/jazzy DEBUGINFOD_URLS=https://debuginfod.ubuntu.com /usr/bin/cmake --build /home/jamiek/2026_ROS_manipulator/open_manipulator_ws/build/open_manipulator_gui
[2.516s] DEBUG:colcon.colcon_core.event_handler.log_command:Invoked command in '/home/jamiek/2026_ROS_manipulator/open_manipulator_ws/build/robotis_interfaces' returned '0': CMAKE_PREFIX_PATH=${CMAKE_PREFIX_PATH}:/home/jamiek/2026_ROS_manipulator/open_manipulator_ws/install/open_manipulator_teleop:/home/jamiek/2026_ROS_manipulator/open_manipulator_ws/install/open_manipulator_bringup:/home/jamiek/2026_ROS_manipulator/ros_ws/install/tf2_basic:/home/jamiek/2026_ROS_manipulator/ros_ws/install/ros_basic:/opt/ros/jazzy DEBUGINFOD_URLS=https://debuginfod.ubuntu.com /usr/bin/cmake /home/jamiek/2026_ROS_manipulator/open_manipulator_ws/src/robotis_interfaces -DCMAKE_INSTALL_PREFIX=/home/jamiek/2026_ROS_manipulator/open_manipulator_ws/install/robotis_interfaces
[2.517s] DEBUG:colcon.colcon_core.event_handler.log_command:Invoking command in '/home/jamiek/2026_ROS_manipulator/open_manipulator_ws/build/robotis_interfaces': CMAKE_PREFIX_PATH=${CMAKE_PREFIX_PATH}:/home/jamiek/2026_ROS_manipulator/open_manipulator_ws/install/open_manipulator_teleop:/home/jamiek/2026_ROS_manipulator/open_manipulator_ws/install/open_manipulator_bringup:/home/jamiek/2026_ROS_manipulator/ros_ws/install/tf2_basic:/home/jamiek/2026_ROS_manipulator/ros_ws/install/ros_basic:/opt/ros/jazzy DEBUGINFOD_URLS=https://debuginfod.ubuntu.com /usr/bin/cmake --build /home/jamiek/2026_ROS_manipulator/open_manipulator_ws/build/robotis_interfaces
[2.547s] DEBUG:colcon.colcon_core.event_handler.log_command:Invoked command in '/home/jamiek/2026_ROS_manipulator/open_manipulator_ws/build/dynamixel_sdk' returned '0': CMAKE_PREFIX_PATH=${CMAKE_PREFIX_PATH}:/home/jamiek/2026_ROS_manipulator/open_manipulator_ws/install/open_manipulator_teleop:/home/jamiek/2026_ROS_manipulator/open_manipulator_ws/install/open_manipulator_bringup:/home/jamiek/2026_ROS_manipulator/ros_ws/install/tf2_basic:/home/jamiek/2026_ROS_manipulator/ros_ws/install/ros_basic:/opt/ros/jazzy DEBUGINFOD_URLS=https://debuginfod.ubuntu.com /usr/bin/cmake --build /home/jamiek/2026_ROS_manipulator/open_manipulator_ws/build/dynamixel_sdk
[2.549s] DEBUG:colcon.colcon_core.event_handler.log_command:Invoking command in '/home/jamiek/2026_ROS_manipulator/open_manipulator_ws/build/dynamixel_sdk': CMAKE_PREFIX_PATH=${CMAKE_PREFIX_PATH}:/home/jamiek/2026_ROS_manipulator/open_manipulator_ws/install/open_manipulator_teleop:/home/jamiek/2026_ROS_manipulator/open_manipulator_ws/install/open_manipulator_bringup:/home/jamiek/2026_ROS_manipulator/ros_ws/install/tf2_basic:/home/jamiek/2026_ROS_manipulator/ros_ws/install/ros_basic:/opt/ros/jazzy DEBUGINFOD_URLS=https://debuginfod.ubuntu.com /usr/bin/cmake --install /home/jamiek/2026_ROS_manipulator/open_manipulator_ws/build/dynamixel_sdk
[2.586s] DEBUG:colcon.colcon_core.event_handler.log_command:Invoked command in '/home/jamiek/2026_ROS_manipulator/open_manipulator_ws/build/open_manipulator_teleop' returned '0': DEBUGINFOD_URLS=https://debuginfod.ubuntu.com PYTHONPATH=/home/jamiek/2026_ROS_manipulator/open_manipulator_ws/build/open_manipulator_teleop/prefix_override:/usr/lib/python3/dist-packages/colcon_core/task/python/colcon_distutils_commands:/home/jamiek/2026_ROS_manipulator/open_manipulator_ws/install/open_manipulator_teleop/lib/python3.12/site-packages:${PYTHONPATH} /usr/bin/python3 -W ignore:setup.py install is deprecated -W ignore:easy_install command is deprecated setup.py develop --uninstall --editable --build-directory /home/jamiek/2026_ROS_manipulator/open_manipulator_ws/build/open_manipulator_teleop/build
[2.587s] DEBUG:colcon.colcon_core.event_handler.log_command:Invoking command in '/home/jamiek/2026_ROS_manipulator/open_manipulator_ws/src/open_manipulator/open_manipulator_teleop': DEBUGINFOD_URLS=https://debuginfod.ubuntu.com PYTHONPATH=/home/jamiek/2026_ROS_manipulator/open_manipulator_ws/build/open_manipulator_teleop/prefix_override:/usr/lib/python3/dist-packages/colcon_core/task/python/colcon_distutils_commands:/home/jamiek/2026_ROS_manipulator/open_manipulator_ws/install/open_manipulator_teleop/lib/python3.12/site-packages:${PYTHONPATH} /usr/bin/python3 -W ignore:setup.py install is deprecated -W ignore:easy_install command is deprecated setup.py egg_info --egg-base ../../../build/open_manipulator_teleop build --build-base /home/jamiek/2026_ROS_manipulator/open_manipulator_ws/build/open_manipulator_teleop/build install --record /home/jamiek/2026_ROS_manipulator/open_manipulator_ws/build/open_manipulator_teleop/install.log --install-scripts $base/lib/open_manipulator_teleop --single-version-externally-managed install_data --force
[2.593s] DEBUG:colcon.colcon_core.event_handler.log_command:Invoked command in '/home/jamiek/2026_ROS_manipulator/open_manipulator_ws/build/dynamixel_interfaces' returned '0': CMAKE_PREFIX_PATH=${CMAKE_PREFIX_PATH}:/home/jamiek/2026_ROS_manipulator/open_manipulator_ws/install/open_manipulator_teleop:/home/jamiek/2026_ROS_manipulator/open_manipulator_ws/install/open_manipulator_bringup:/home/jamiek/2026_ROS_manipulator/ros_ws/install/tf2_basic:/home/jamiek/2026_ROS_manipulator/ros_ws/install/ros_basic:/opt/ros/jazzy DEBUGINFOD_URLS=https://debuginfod.ubuntu.com /usr/bin/cmake /home/jamiek/2026_ROS_manipulator/open_manipulator_ws/src/dynamixel_interfaces -DCMAKE_INSTALL_PREFIX=/home/jamiek/2026_ROS_manipulator/open_manipulator_ws/install/dynamixel_interfaces
[2.594s] DEBUG:colcon.colcon_core.event_handler.log_command:Invoking command in '/home/jamiek/2026_ROS_manipulator/open_manipulator_ws/build/dynamixel_interfaces': CMAKE_PREFIX_PATH=${CMAKE_PREFIX_PATH}:/home/jamiek/2026_ROS_manipulator/open_manipulator_ws/install/open_manipulator_teleop:/home/jamiek/2026_ROS_manipulator/open_manipulator_ws/install/open_manipulator_bringup:/home/jamiek/2026_ROS_manipulator/ros_ws/install/tf2_basic:/home/jamiek/2026_ROS_manipulator/ros_ws/install/ros_basic:/opt/ros/jazzy DEBUGINFOD_URLS=https://debuginfod.ubuntu.com /usr/bin/cmake --build /home/jamiek/2026_ROS_manipulator/open_manipulator_ws/build/dynamixel_interfaces
[2.719s] Level 1:colcon.colcon_core.environment:create_environment_scripts_only(dynamixel_sdk)
[2.719s] Level 1:colcon.colcon_core.environment:checking '/home/jamiek/2026_ROS_manipulator/open_manipulator_ws/install/dynamixel_sdk' for CMake module files
[2.720s] DEBUG:colcon.colcon_core.event_handler.log_command:Invoked command in '/home/jamiek/2026_ROS_manipulator/open_manipulator_ws/build/dynamixel_sdk' returned '0': CMAKE_PREFIX_PATH=${CMAKE_PREFIX_PATH}:/home/jamiek/2026_ROS_manipulator/open_manipulator_ws/install/open_manipulator_teleop:/home/jamiek/2026_ROS_manipulator/open_manipulator_ws/install/open_manipulator_bringup:/home/jamiek/2026_ROS_manipulator/ros_ws/install/tf2_basic:/home/jamiek/2026_ROS_manipulator/ros_ws/install/ros_basic:/opt/ros/jazzy DEBUGINFOD_URLS=https://debuginfod.ubuntu.com /usr/bin/cmake --install /home/jamiek/2026_ROS_manipulator/open_manipulator_ws/build/dynamixel_sdk
[2.720s] Level 1:colcon.colcon_core.environment:checking '/home/jamiek/2026_ROS_manipulator/open_manipulator_ws/install/dynamixel_sdk' for CMake config files
[2.721s] Level 1:colcon.colcon_core.shell:create_environment_hook('dynamixel_sdk', 'cmake_prefix_path')
[2.722s] INFO:colcon.colcon_core.shell:Creating environment hook '/home/jamiek/2026_ROS_manipulator/open_manipulator_ws/install/dynamixel_sdk/share/dynamixel_sdk/hook/cmake_prefix_path.ps1'
[2.723s] INFO:colcon.colcon_core.shell:Creating environment descriptor '/home/jamiek/2026_ROS_manipulator/open_manipulator_ws/install/dynamixel_sdk/share/dynamixel_sdk/hook/cmake_prefix_path.dsv'
[2.723s] INFO:colcon.colcon_core.shell:Creating environment hook '/home/jamiek/2026_ROS_manipulator/open_manipulator_ws/install/dynamixel_sdk/share/dynamixel_sdk/hook/cmake_prefix_path.sh'
[2.724s] Level 1:colcon.colcon_core.environment:checking '/home/jamiek/2026_ROS_manipulator/open_manipulator_ws/install/dynamixel_sdk/lib'
[2.724s] Level 1:colcon.colcon_core.shell:create_environment_hook('dynamixel_sdk', 'ld_library_path_lib')
[2.724s] INFO:colcon.colcon_core.shell:Creating environment hook '/home/jamiek/2026_ROS_manipulator/open_manipulator_ws/install/dynamixel_sdk/share/dynamixel_sdk/hook/ld_library_path_lib.ps1'
[2.725s] INFO:colcon.colcon_core.shell:Creating environment descriptor '/home/jamiek/2026_ROS_manipulator/open_manipulator_ws/install/dynamixel_sdk/share/dynamixel_sdk/hook/ld_library_path_lib.dsv'
[2.725s] INFO:colcon.colcon_core.shell:Creating environment hook '/home/jamiek/2026_ROS_manipulator/open_manipulator_ws/install/dynamixel_sdk/share/dynamixel_sdk/hook/ld_library_path_lib.sh'
[2.726s] Level 1:colcon.colcon_core.environment:checking '/home/jamiek/2026_ROS_manipulator/open_manipulator_ws/install/dynamixel_sdk/bin'
[2.726s] Level 1:colcon.colcon_core.environment:checking '/home/jamiek/2026_ROS_manipulator/open_manipulator_ws/install/dynamixel_sdk/lib/pkgconfig/dynamixel_sdk.pc'
[2.726s] Level 1:colcon.colcon_core.environment:checking '/home/jamiek/2026_ROS_manipulator/open_manipulator_ws/install/dynamixel_sdk/lib/python3.12/site-packages'
[2.726s] Level 1:colcon.colcon_core.shell:create_environment_hook('dynamixel_sdk', 'pythonpath')
[2.726s] INFO:colcon.colcon_core.shell:Creating environment hook '/home/jamiek/2026_ROS_manipulator/open_manipulator_ws/install/dynamixel_sdk/share/dynamixel_sdk/hook/pythonpath.ps1'
[2.727s] INFO:colcon.colcon_core.shell:Creating environment descriptor '/home/jamiek/2026_ROS_manipulator/open_manipulator_ws/install/dynamixel_sdk/share/dynamixel_sdk/hook/pythonpath.dsv'
[2.727s] INFO:colcon.colcon_core.shell:Creating environment hook '/home/jamiek/2026_ROS_manipulator/open_manipulator_ws/install/dynamixel_sdk/share/dynamixel_sdk/hook/pythonpath.sh'
[2.728s] Level 1:colcon.colcon_core.environment:checking '/home/jamiek/2026_ROS_manipulator/open_manipulator_ws/install/dynamixel_sdk/bin'
[2.729s] INFO:colcon.colcon_core.shell:Creating package script '/home/jamiek/2026_ROS_manipulator/open_manipulator_ws/install/dynamixel_sdk/share/dynamixel_sdk/package.ps1'
[2.729s] INFO:colcon.colcon_core.shell:Creating package descriptor '/home/jamiek/2026_ROS_manipulator/open_manipulator_ws/install/dynamixel_sdk/share/dynamixel_sdk/package.dsv'
[2.730s] INFO:colcon.colcon_core.shell:Creating package script '/home/jamiek/2026_ROS_manipulator/open_manipulator_ws/install/dynamixel_sdk/share/dynamixel_sdk/package.sh'
[2.731s] INFO:colcon.colcon_core.shell:Creating package script '/home/jamiek/2026_ROS_manipulator/open_manipulator_ws/install/dynamixel_sdk/share/dynamixel_sdk/package.bash'
[2.731s] INFO:colcon.colcon_core.shell:Creating package script '/home/jamiek/2026_ROS_manipulator/open_manipulator_ws/install/dynamixel_sdk/share/dynamixel_sdk/package.zsh'
[2.731s] Level 1:colcon.colcon_core.environment:create_file_with_runtime_dependencies(/home/jamiek/2026_ROS_manipulator/open_manipulator_ws/install/dynamixel_sdk/share/colcon-core/packages/dynamixel_sdk)
[2.732s] Level 1:colcon.colcon_core.environment:create_environment_scripts_only(dynamixel_sdk)
[2.732s] Level 1:colcon.colcon_core.environment:checking '/home/jamiek/2026_ROS_manipulator/open_manipulator_ws/install/dynamixel_sdk' for CMake module files
[2.733s] Level 1:colcon.colcon_core.environment:checking '/home/jamiek/2026_ROS_manipulator/open_manipulator_ws/install/dynamixel_sdk' for CMake config files
[2.734s] Level 1:colcon.colcon_core.shell:create_environment_hook('dynamixel_sdk', 'cmake_prefix_path')
[2.734s] INFO:colcon.colcon_core.shell:Creating environment hook '/home/jamiek/2026_ROS_manipulator/open_manipulator_ws/install/dynamixel_sdk/share/dynamixel_sdk/hook/cmake_prefix_path.ps1'
[2.734s] INFO:colcon.colcon_core.shell:Creating environment descriptor '/home/jamiek/2026_ROS_manipulator/open_manipulator_ws/install/dynamixel_sdk/share/dynamixel_sdk/hook/cmake_prefix_path.dsv'
[2.734s] INFO:colcon.colcon_core.shell:Creating environment hook '/home/jamiek/2026_ROS_manipulator/open_manipulator_ws/install/dynamixel_sdk/share/dynamixel_sdk/hook/cmake_prefix_path.sh'
[2.735s] Level 1:colcon.colcon_core.environment:checking '/home/jamiek/2026_ROS_manipulator/open_manipulator_ws/install/dynamixel_sdk/lib'
[2.735s] Level 1:colcon.colcon_core.shell:create_environment_hook('dynamixel_sdk', 'ld_library_path_lib')
[2.735s] INFO:colcon.colcon_core.shell:Creating environment hook '/home/jamiek/2026_ROS_manipulator/open_manipulator_ws/install/dynamixel_sdk/share/dynamixel_sdk/hook/ld_library_path_lib.ps1'
[2.735s] INFO:colcon.colcon_core.shell:Creating environment descriptor '/home/jamiek/2026_ROS_manipulator/open_manipulator_ws/install/dynamixel_sdk/share/dynamixel_sdk/hook/ld_library_path_lib.dsv'
[2.736s] INFO:colcon.colcon_core.shell:Creating environment hook '/home/jamiek/2026_ROS_manipulator/open_manipulator_ws/install/dynamixel_sdk/share/dynamixel_sdk/hook/ld_library_path_lib.sh'
[2.736s] Level 1:colcon.colcon_core.environment:checking '/home/jamiek/2026_ROS_manipulator/open_manipulator_ws/install/dynamixel_sdk/bin'
[2.736s] Level 1:colcon.colcon_core.environment:checking '/home/jamiek/2026_ROS_manipulator/open_manipulator_ws/install/dynamixel_sdk/lib/pkgconfig/dynamixel_sdk.pc'
[2.736s] Level 1:colcon.colcon_core.environment:checking '/home/jamiek/2026_ROS_manipulator/open_manipulator_ws/install/dynamixel_sdk/lib/python3.12/site-packages'
[2.737s] Level 1:colcon.colcon_core.shell:create_environment_hook('dynamixel_sdk', 'pythonpath')
[2.737s] INFO:colcon.colcon_core.shell:Creating environment hook '/home/jamiek/2026_ROS_manipulator/open_manipulator_ws/install/dynamixel_sdk/share/dynamixel_sdk/hook/pythonpath.ps1'
[2.737s] INFO:colcon.colcon_core.shell:Creating environment descriptor '/home/jamiek/2026_ROS_manipulator/open_manipulator_ws/install/dynamixel_sdk/share/dynamixel_sdk/hook/pythonpath.dsv'
[2.738s] INFO:colcon.colcon_core.shell:Creating environment hook '/home/jamiek/2026_ROS_manipulator/open_manipulator_ws/install/dynamixel_sdk/share/dynamixel_sdk/hook/pythonpath.sh'
[2.738s] Level 1:colcon.colcon_core.environment:checking '/home/jamiek/2026_ROS_manipulator/open_manipulator_ws/install/dynamixel_sdk/bin'
[2.739s] INFO:colcon.colcon_core.shell:Creating package script '/home/jamiek/2026_ROS_manipulator/open_manipulator_ws/install/dynamixel_sdk/share/dynamixel_sdk/package.ps1'
[2.739s] INFO:colcon.colcon_core.shell:Creating package descriptor '/home/jamiek/2026_ROS_manipulator/open_manipulator_ws/install/dynamixel_sdk/share/dynamixel_sdk/package.dsv'
[2.740s] INFO:colcon.colcon_core.shell:Creating package script '/home/jamiek/2026_ROS_manipulator/open_manipulator_ws/install/dynamixel_sdk/share/dynamixel_sdk/package.sh'
[2.740s] INFO:colcon.colcon_core.shell:Creating package script '/home/jamiek/2026_ROS_manipulator/open_manipulator_ws/install/dynamixel_sdk/share/dynamixel_sdk/package.bash'
[2.741s] INFO:colcon.colcon_core.shell:Creating package script '/home/jamiek/2026_ROS_manipulator/open_manipulator_ws/install/dynamixel_sdk/share/dynamixel_sdk/package.zsh'
[2.741s] Level 1:colcon.colcon_core.environment:create_file_with_runtime_dependencies(/home/jamiek/2026_ROS_manipulator/open_manipulator_ws/install/dynamixel_sdk/share/colcon-core/packages/dynamixel_sdk)
[3.253s] Level 1:colcon.colcon_core.environment:checking '/home/jamiek/2026_ROS_manipulator/open_manipulator_ws/install/open_manipulator_teleop' for CMake module files
[3.254s] DEBUG:colcon.colcon_core.event_handler.log_command:Invoked command in '/home/jamiek/2026_ROS_manipulator/open_manipulator_ws/src/open_manipulator/open_manipulator_teleop' returned '0': DEBUGINFOD_URLS=https://debuginfod.ubuntu.com PYTHONPATH=/home/jamiek/2026_ROS_manipulator/open_manipulator_ws/build/open_manipulator_teleop/prefix_override:/usr/lib/python3/dist-packages/colcon_core/task/python/colcon_distutils_commands:/home/jamiek/2026_ROS_manipulator/open_manipulator_ws/install/open_manipulator_teleop/lib/python3.12/site-packages:${PYTHONPATH} /usr/bin/python3 -W ignore:setup.py install is deprecated -W ignore:easy_install command is deprecated setup.py egg_info --egg-base ../../../build/open_manipulator_teleop build --build-base /home/jamiek/2026_ROS_manipulator/open_manipulator_ws/build/open_manipulator_teleop/build install --record /home/jamiek/2026_ROS_manipulator/open_manipulator_ws/build/open_manipulator_teleop/install.log --install-scripts $base/lib/open_manipulator_teleop --single-version-externally-managed install_data --force
[3.254s] Level 1:colcon.colcon_core.environment:checking '/home/jamiek/2026_ROS_manipulator/open_manipulator_ws/install/open_manipulator_teleop' for CMake config files
[3.255s] Level 1:colcon.colcon_core.environment:checking '/home/jamiek/2026_ROS_manipulator/open_manipulator_ws/install/open_manipulator_teleop/lib'
[3.255s] Level 1:colcon.colcon_core.environment:checking '/home/jamiek/2026_ROS_manipulator/open_manipulator_ws/install/open_manipulator_teleop/bin'
[3.255s] Level 1:colcon.colcon_core.environment:checking '/home/jamiek/2026_ROS_manipulator/open_manipulator_ws/install/open_manipulator_teleop/lib/pkgconfig/open_manipulator_teleop.pc'
[3.255s] Level 1:colcon.colcon_core.environment:checking '/home/jamiek/2026_ROS_manipulator/open_manipulator_ws/install/open_manipulator_teleop/lib/python3.12/site-packages'
[3.255s] Level 1:colcon.colcon_core.shell:create_environment_hook('open_manipulator_teleop', 'pythonpath')
[3.255s] INFO:colcon.colcon_core.shell:Creating environment hook '/home/jamiek/2026_ROS_manipulator/open_manipulator_ws/install/open_manipulator_teleop/share/open_manipulator_teleop/hook/pythonpath.ps1'
[3.256s] INFO:colcon.colcon_core.shell:Creating environment descriptor '/home/jamiek/2026_ROS_manipulator/open_manipulator_ws/install/open_manipulator_teleop/share/open_manipulator_teleop/hook/pythonpath.dsv'
[3.256s] INFO:colcon.colcon_core.shell:Creating environment hook '/home/jamiek/2026_ROS_manipulator/open_manipulator_ws/install/open_manipulator_teleop/share/open_manipulator_teleop/hook/pythonpath.sh'
[3.257s] Level 1:colcon.colcon_core.environment:checking '/home/jamiek/2026_ROS_manipulator/open_manipulator_ws/install/open_manipulator_teleop/bin'
[3.257s] Level 1:colcon.colcon_core.environment:create_environment_scripts_only(open_manipulator_teleop)
[3.257s] INFO:colcon.colcon_core.shell:Creating package script '/home/jamiek/2026_ROS_manipulator/open_manipulator_ws/install/open_manipulator_teleop/share/open_manipulator_teleop/package.ps1'
[3.257s] INFO:colcon.colcon_core.shell:Creating package descriptor '/home/jamiek/2026_ROS_manipulator/open_manipulator_ws/install/open_manipulator_teleop/share/open_manipulator_teleop/package.dsv'
[3.258s] INFO:colcon.colcon_core.shell:Creating package script '/home/jamiek/2026_ROS_manipulator/open_manipulator_ws/install/open_manipulator_teleop/share/open_manipulator_teleop/package.sh'
[3.258s] INFO:colcon.colcon_core.shell:Creating package script '/home/jamiek/2026_ROS_manipulator/open_manipulator_ws/install/open_manipulator_teleop/share/open_manipulator_teleop/package.bash'
[3.258s] INFO:colcon.colcon_core.shell:Creating package script '/home/jamiek/2026_ROS_manipulator/open_manipulator_ws/install/open_manipulator_teleop/share/open_manipulator_teleop/package.zsh'
[3.259s] Level 1:colcon.colcon_core.environment:create_file_with_runtime_dependencies(/home/jamiek/2026_ROS_manipulator/open_manipulator_ws/install/open_manipulator_teleop/share/colcon-core/packages/open_manipulator_teleop)
[3.322s] DEBUG:colcon.colcon_core.event_handler.log_command:Invoked command in '/home/jamiek/2026_ROS_manipulator/open_manipulator_ws/build/dynamixel_sdk_custom_interfaces' returned '0': CMAKE_PREFIX_PATH=${CMAKE_PREFIX_PATH}:/home/jamiek/2026_ROS_manipulator/open_manipulator_ws/install/open_manipulator_teleop:/home/jamiek/2026_ROS_manipulator/open_manipulator_ws/install/open_manipulator_bringup:/home/jamiek/2026_ROS_manipulator/ros_ws/install/tf2_basic:/home/jamiek/2026_ROS_manipulator/ros_ws/install/ros_basic:/opt/ros/jazzy DEBUGINFOD_URLS=https://debuginfod.ubuntu.com /usr/bin/cmake --build /home/jamiek/2026_ROS_manipulator/open_manipulator_ws/build/dynamixel_sdk_custom_interfaces
[3.323s] DEBUG:colcon.colcon_core.event_handler.log_command:Invoking command in '/home/jamiek/2026_ROS_manipulator/open_manipulator_ws/build/dynamixel_sdk_custom_interfaces': CMAKE_PREFIX_PATH=${CMAKE_PREFIX_PATH}:/home/jamiek/2026_ROS_manipulator/open_manipulator_ws/install/open_manipulator_teleop:/home/jamiek/2026_ROS_manipulator/open_manipulator_ws/install/open_manipulator_bringup:/home/jamiek/2026_ROS_manipulator/ros_ws/install/tf2_basic:/home/jamiek/2026_ROS_manipulator/ros_ws/install/ros_basic:/opt/ros/jazzy DEBUGINFOD_URLS=https://debuginfod.ubuntu.com /usr/bin/cmake --install /home/jamiek/2026_ROS_manipulator/open_manipulator_ws/build/dynamixel_sdk_custom_interfaces
[3.422s] Level 1:colcon.colcon_core.environment:create_environment_scripts_only(dynamixel_sdk_custom_interfaces)
[3.422s] Level 1:colcon.colcon_core.environment:checking '/home/jamiek/2026_ROS_manipulator/open_manipulator_ws/install/dynamixel_sdk_custom_interfaces' for CMake module files
[3.422s] DEBUG:colcon.colcon_core.event_handler.log_command:Invoked command in '/home/jamiek/2026_ROS_manipulator/open_manipulator_ws/build/dynamixel_sdk_custom_interfaces' returned '0': CMAKE_PREFIX_PATH=${CMAKE_PREFIX_PATH}:/home/jamiek/2026_ROS_manipulator/open_manipulator_ws/install/open_manipulator_teleop:/home/jamiek/2026_ROS_manipulator/open_manipulator_ws/install/open_manipulator_bringup:/home/jamiek/2026_ROS_manipulator/ros_ws/install/tf2_basic:/home/jamiek/2026_ROS_manipulator/ros_ws/install/ros_basic:/opt/ros/jazzy DEBUGINFOD_URLS=https://debuginfod.ubuntu.com /usr/bin/cmake --install /home/jamiek/2026_ROS_manipulator/open_manipulator_ws/build/dynamixel_sdk_custom_interfaces
[3.423s] Level 1:colcon.colcon_core.environment:checking '/home/jamiek/2026_ROS_manipulator/open_manipulator_ws/install/dynamixel_sdk_custom_interfaces' for CMake config files
[3.424s] Level 1:colcon.colcon_core.shell:create_environment_hook('dynamixel_sdk_custom_interfaces', 'cmake_prefix_path')
[3.425s] INFO:colcon.colcon_core.shell:Creating environment hook '/home/jamiek/2026_ROS_manipulator/open_manipulator_ws/install/dynamixel_sdk_custom_interfaces/share/dynamixel_sdk_custom_interfaces/hook/cmake_prefix_path.ps1'
[3.425s] INFO:colcon.colcon_core.shell:Creating environment descriptor '/home/jamiek/2026_ROS_manipulator/open_manipulator_ws/install/dynamixel_sdk_custom_interfaces/share/dynamixel_sdk_custom_interfaces/hook/cmake_prefix_path.dsv'
[3.426s] INFO:colcon.colcon_core.shell:Creating environment hook '/home/jamiek/2026_ROS_manipulator/open_manipulator_ws/install/dynamixel_sdk_custom_interfaces/share/dynamixel_sdk_custom_interfaces/hook/cmake_prefix_path.sh'
[3.426s] Level 1:colcon.colcon_core.environment:checking '/home/jamiek/2026_ROS_manipulator/open_manipulator_ws/install/dynamixel_sdk_custom_interfaces/lib'
[3.426s] Level 1:colcon.colcon_core.shell:create_environment_hook('dynamixel_sdk_custom_interfaces', 'ld_library_path_lib')
[3.427s] INFO:colcon.colcon_core.shell:Creating environment hook '/home/jamiek/2026_ROS_manipulator/open_manipulator_ws/install/dynamixel_sdk_custom_interfaces/share/dynamixel_sdk_custom_interfaces/hook/ld_library_path_lib.ps1'
[3.427s] INFO:colcon.colcon_core.shell:Creating environment descriptor '/home/jamiek/2026_ROS_manipulator/open_manipulator_ws/install/dynamixel_sdk_custom_interfaces/share/dynamixel_sdk_custom_interfaces/hook/ld_library_path_lib.dsv'
[3.427s] INFO:colcon.colcon_core.shell:Creating environment hook '/home/jamiek/2026_ROS_manipulator/open_manipulator_ws/install/dynamixel_sdk_custom_interfaces/share/dynamixel_sdk_custom_interfaces/hook/ld_library_path_lib.sh'
[3.428s] Level 1:colcon.colcon_core.environment:checking '/home/jamiek/2026_ROS_manipulator/open_manipulator_ws/install/dynamixel_sdk_custom_interfaces/bin'
[3.428s] Level 1:colcon.colcon_core.environment:checking '/home/jamiek/2026_ROS_manipulator/open_manipulator_ws/install/dynamixel_sdk_custom_interfaces/lib/pkgconfig/dynamixel_sdk_custom_interfaces.pc'
[3.428s] Level 1:colcon.colcon_core.environment:checking '/home/jamiek/2026_ROS_manipulator/open_manipulator_ws/install/dynamixel_sdk_custom_interfaces/lib/python3.12/site-packages'
[3.428s] Level 1:colcon.colcon_core.shell:create_environment_hook('dynamixel_sdk_custom_interfaces', 'pythonpath')
[3.428s] INFO:colcon.colcon_core.shell:Creating environment hook '/home/jamiek/2026_ROS_manipulator/open_manipulator_ws/install/dynamixel_sdk_custom_interfaces/share/dynamixel_sdk_custom_interfaces/hook/pythonpath.ps1'
[3.428s] INFO:colcon.colcon_core.shell:Creating environment descriptor '/home/jamiek/2026_ROS_manipulator/open_manipulator_ws/install/dynamixel_sdk_custom_interfaces/share/dynamixel_sdk_custom_interfaces/hook/pythonpath.dsv'
[3.429s] INFO:colcon.colcon_core.shell:Creating environment hook '/home/jamiek/2026_ROS_manipulator/open_manipulator_ws/install/dynamixel_sdk_custom_interfaces/share/dynamixel_sdk_custom_interfaces/hook/pythonpath.sh'
[3.429s] Level 1:colcon.colcon_core.environment:checking '/home/jamiek/2026_ROS_manipulator/open_manipulator_ws/install/dynamixel_sdk_custom_interfaces/bin'
[3.430s] INFO:colcon.colcon_core.shell:Creating package script '/home/jamiek/2026_ROS_manipulator/open_manipulator_ws/install/dynamixel_sdk_custom_interfaces/share/dynamixel_sdk_custom_interfaces/package.ps1'
[3.430s] INFO:colcon.colcon_core.shell:Creating package descriptor '/home/jamiek/2026_ROS_manipulator/open_manipulator_ws/install/dynamixel_sdk_custom_interfaces/share/dynamixel_sdk_custom_interfaces/package.dsv'
[3.431s] INFO:colcon.colcon_core.shell:Creating package script '/home/jamiek/2026_ROS_manipulator/open_manipulator_ws/install/dynamixel_sdk_custom_interfaces/share/dynamixel_sdk_custom_interfaces/package.sh'
[3.431s] INFO:colcon.colcon_core.shell:Creating package script '/home/jamiek/2026_ROS_manipulator/open_manipulator_ws/install/dynamixel_sdk_custom_interfaces/share/dynamixel_sdk_custom_interfaces/package.bash'
[3.431s] INFO:colcon.colcon_core.shell:Creating package script '/home/jamiek/2026_ROS_manipulator/open_manipulator_ws/install/dynamixel_sdk_custom_interfaces/share/dynamixel_sdk_custom_interfaces/package.zsh'
[3.432s] Level 1:colcon.colcon_core.environment:create_file_with_runtime_dependencies(/home/jamiek/2026_ROS_manipulator/open_manipulator_ws/install/dynamixel_sdk_custom_interfaces/share/colcon-core/packages/dynamixel_sdk_custom_interfaces)
[3.432s] Level 1:colcon.colcon_core.environment:create_environment_scripts_only(dynamixel_sdk_custom_interfaces)
[3.432s] Level 1:colcon.colcon_core.environment:checking '/home/jamiek/2026_ROS_manipulator/open_manipulator_ws/install/dynamixel_sdk_custom_interfaces' for CMake module files
[3.433s] Level 1:colcon.colcon_core.environment:checking '/home/jamiek/2026_ROS_manipulator/open_manipulator_ws/install/dynamixel_sdk_custom_interfaces' for CMake config files
[3.434s] Level 1:colcon.colcon_core.shell:create_environment_hook('dynamixel_sdk_custom_interfaces', 'cmake_prefix_path')
[3.434s] INFO:colcon.colcon_core.shell:Creating environment hook '/home/jamiek/2026_ROS_manipulator/open_manipulator_ws/install/dynamixel_sdk_custom_interfaces/share/dynamixel_sdk_custom_interfaces/hook/cmake_prefix_path.ps1'
[3.435s] INFO:colcon.colcon_core.shell:Creating environment descriptor '/home/jamiek/2026_ROS_manipulator/open_manipulator_ws/install/dynamixel_sdk_custom_interfaces/share/dynamixel_sdk_custom_interfaces/hook/cmake_prefix_path.dsv'
[3.435s] INFO:colcon.colcon_core.shell:Creating environment hook '/home/jamiek/2026_ROS_manipulator/open_manipulator_ws/install/dynamixel_sdk_custom_interfaces/share/dynamixel_sdk_custom_interfaces/hook/cmake_prefix_path.sh'
[3.435s] Level 1:colcon.colcon_core.environment:checking '/home/jamiek/2026_ROS_manipulator/open_manipulator_ws/install/dynamixel_sdk_custom_interfaces/lib'
[3.436s] Level 1:colcon.colcon_core.shell:create_environment_hook('dynamixel_sdk_custom_interfaces', 'ld_library_path_lib')
[3.436s] INFO:colcon.colcon_core.shell:Creating environment hook '/home/jamiek/2026_ROS_manipulator/open_manipulator_ws/install/dynamixel_sdk_custom_interfaces/share/dynamixel_sdk_custom_interfaces/hook/ld_library_path_lib.ps1'
[3.436s] INFO:colcon.colcon_core.shell:Creating environment descriptor '/home/jamiek/2026_ROS_manipulator/open_manipulator_ws/install/dynamixel_sdk_custom_interfaces/share/dynamixel_sdk_custom_interfaces/hook/ld_library_path_lib.dsv'
[3.436s] INFO:colcon.colcon_core.shell:Creating environment hook '/home/jamiek/2026_ROS_manipulator/open_manipulator_ws/install/dynamixel_sdk_custom_interfaces/share/dynamixel_sdk_custom_interfaces/hook/ld_library_path_lib.sh'
[3.437s] Level 1:colcon.colcon_core.environment:checking '/home/jamiek/2026_ROS_manipulator/open_manipulator_ws/install/dynamixel_sdk_custom_interfaces/bin'
[3.437s] Level 1:colcon.colcon_core.environment:checking '/home/jamiek/2026_ROS_manipulator/open_manipulator_ws/install/dynamixel_sdk_custom_interfaces/lib/pkgconfig/dynamixel_sdk_custom_interfaces.pc'
[3.437s] Level 1:colcon.colcon_core.environment:checking '/home/jamiek/2026_ROS_manipulator/open_manipulator_ws/install/dynamixel_sdk_custom_interfaces/lib/python3.12/site-packages'
[3.437s] Level 1:colcon.colcon_core.shell:create_environment_hook('dynamixel_sdk_custom_interfaces', 'pythonpath')
[3.437s] INFO:colcon.colcon_core.shell:Creating environment hook '/home/jamiek/2026_ROS_manipulator/open_manipulator_ws/install/dynamixel_sdk_custom_interfaces/share/dynamixel_sdk_custom_interfaces/hook/pythonpath.ps1'
[3.437s] INFO:colcon.colcon_core.shell:Creating environment descriptor '/home/jamiek/2026_ROS_manipulator/open_manipulator_ws/install/dynamixel_sdk_custom_interfaces/share/dynamixel_sdk_custom_interfaces/hook/pythonpath.dsv'
[3.438s] INFO:colcon.colcon_core.shell:Creating environment hook '/home/jamiek/2026_ROS_manipulator/open_manipulator_ws/install/dynamixel_sdk_custom_interfaces/share/dynamixel_sdk_custom_interfaces/hook/pythonpath.sh'
[3.439s] Level 1:colcon.colcon_core.environment:checking '/home/jamiek/2026_ROS_manipulator/open_manipulator_ws/install/dynamixel_sdk_custom_interfaces/bin'
[3.439s] INFO:colcon.colcon_core.shell:Creating package script '/home/jamiek/2026_ROS_manipulator/open_manipulator_ws/install/dynamixel_sdk_custom_interfaces/share/dynamixel_sdk_custom_interfaces/package.ps1'
[3.440s] INFO:colcon.colcon_core.shell:Creating package descriptor '/home/jamiek/2026_ROS_manipulator/open_manipulator_ws/install/dynamixel_sdk_custom_interfaces/share/dynamixel_sdk_custom_interfaces/package.dsv'
[3.440s] INFO:colcon.colcon_core.shell:Creating package script '/home/jamiek/2026_ROS_manipulator/open_manipulator_ws/install/dynamixel_sdk_custom_interfaces/share/dynamixel_sdk_custom_interfaces/package.sh'
[3.441s] INFO:colcon.colcon_core.shell:Creating package script '/home/jamiek/2026_ROS_manipulator/open_manipulator_ws/install/dynamixel_sdk_custom_interfaces/share/dynamixel_sdk_custom_interfaces/package.bash'
[3.441s] INFO:colcon.colcon_core.shell:Creating package script '/home/jamiek/2026_ROS_manipulator/open_manipulator_ws/install/dynamixel_sdk_custom_interfaces/share/dynamixel_sdk_custom_interfaces/package.zsh'
[3.442s] Level 1:colcon.colcon_core.environment:create_file_with_runtime_dependencies(/home/jamiek/2026_ROS_manipulator/open_manipulator_ws/install/dynamixel_sdk_custom_interfaces/share/colcon-core/packages/dynamixel_sdk_custom_interfaces)
[3.442s] INFO:colcon.colcon_ros.task.ament_cmake.build:Building ROS package in '/home/jamiek/2026_ROS_manipulator/open_manipulator_ws/src/DynamixelSDK/ros/dynamixel_sdk_examples' with build type 'ament_cmake'
[3.442s] INFO:colcon.colcon_cmake.task.cmake.build:Building CMake package in '/home/jamiek/2026_ROS_manipulator/open_manipulator_ws/src/DynamixelSDK/ros/dynamixel_sdk_examples'
[3.443s] INFO:colcon.colcon_core.shell:Skip shell extension 'powershell' for command environment: Not usable outside of PowerShell
[3.443s] DEBUG:colcon.colcon_core.shell:Skip shell extension 'dsv' for command environment
[3.462s] DEBUG:colcon.colcon_core.event_handler.log_command:Invoking command in '/home/jamiek/2026_ROS_manipulator/open_manipulator_ws/build/dynamixel_sdk_examples': CMAKE_PREFIX_PATH=/home/jamiek/2026_ROS_manipulator/open_manipulator_ws/install/dynamixel_sdk_custom_interfaces:/home/jamiek/2026_ROS_manipulator/open_manipulator_ws/install/dynamixel_sdk:/home/jamiek/2026_ROS_manipulator/open_manipulator_ws/install/open_manipulator:/home/jamiek/2026_ROS_manipulator/open_manipulator_ws/install/open_manipulator_playground:/home/jamiek/2026_ROS_manipulator/open_manipulator_ws/install/robotis_interfaces:/home/jamiek/2026_ROS_manipulator/open_manipulator_ws/install/open_manipulator_moveit_config:/home/jamiek/2026_ROS_manipulator/open_manipulator_ws/install/open_manipulator_gui:/home/jamiek/2026_ROS_manipulator/open_manipulator_ws/install/open_manipulator_description:/home/jamiek/2026_ROS_manipulator/open_manipulator_ws/install/open_manipulator_collision:/home/jamiek/2026_ROS_manipulator/open_manipulator_ws/install/om_spring_actuator_controller:/home/jamiek/2026_ROS_manipulator/open_manipulator_ws/install/om_joint_trajectory_command_broadcaster:/home/jamiek/2026_ROS_manipulator/open_manipulator_ws/install/om_gravity_compensation_controller:/home/jamiek/2026_ROS_manipulator/open_manipulator_ws/install/dynamixel_sdk_examples:/home/jamiek/2026_ROS_manipulator/open_manipulator_ws/install/dynamixel_hardware_interface:/home/jamiek/2026_ROS_manipulator/open_manipulator_ws/install/dynamixel_interfaces:/home/jamiek/2026_ROS_manipulator/ros_ws/install/user_interface:/opt/ros/jazzy/opt/gz_sim_vendor:/opt/ros/jazzy/opt/gz_sensors_vendor:/opt/ros/jazzy/opt/gz_physics_vendor:/opt/ros/jazzy/opt/sdformat_vendor:/opt/ros/jazzy/opt/gz_gui_vendor:/opt/ros/jazzy/opt/gz_transport_vendor:/opt/ros/jazzy/opt/gz_rendering_vendor:/opt/ros/jazzy/opt/gz_plugin_vendor:/opt/ros/jazzy/opt/gz_fuel_tools_vendor:/opt/ros/jazzy/opt/gz_msgs_vendor:/opt/ros/jazzy/opt/gz_common_vendor:/opt/ros/jazzy/opt/gz_math_vendor:/opt/ros/jazzy/opt/gz_utils_vendor:/opt/ros/jazzy/opt/gz_tools_vendor:/opt/ros/jazzy/opt/gz_ogre_next_vendor:/opt/ros/jazzy/opt/gz_dartsim_vendor:/opt/ros/jazzy/opt/gz_cmake_vendor:/home/jamiek/2026_ROS_manipulator/open_manipulator_ws/install/open_manipulator_teleop:/home/jamiek/2026_ROS_manipulator/open_manipulator_ws/install/open_manipulator_bringup:/home/jamiek/2026_ROS_manipulator/ros_ws/install/tf2_basic:/home/jamiek/2026_ROS_manipulator/ros_ws/install/ros_basic:/opt/ros/jazzy DEBUGINFOD_URLS=https://debuginfod.ubuntu.com LD_LIBRARY_PATH=/home/jamiek/2026_ROS_manipulator/open_manipulator_ws/install/dynamixel_sdk_custom_interfaces/lib:/home/jamiek/2026_ROS_manipulator/open_manipulator_ws/install/dynamixel_sdk/lib:/home/jamiek/2026_ROS_manipulator/open_manipulator_ws/install/robotis_interfaces/lib:/home/jamiek/2026_ROS_manipulator/open_manipulator_ws/install/open_manipulator_gui/lib:/home/jamiek/2026_ROS_manipulator/open_manipulator_ws/install/open_manipulator_collision/lib:/home/jamiek/2026_ROS_manipulator/open_manipulator_ws/install/om_spring_actuator_controller/lib:/home/jamiek/2026_ROS_manipulator/open_manipulator_ws/install/om_joint_trajectory_command_broadcaster/lib:/home/jamiek/2026_ROS_manipulator/open_manipulator_ws/install/om_gravity_compensation_controller/lib:/home/jamiek/2026_ROS_manipulator/open_manipulator_ws/install/dynamixel_hardware_interface/lib:/home/jamiek/2026_ROS_manipulator/open_manipulator_ws/install/dynamixel_interfaces/lib:/home/jamiek/2026_ROS_manipulator/ros_ws/install/user_interface/lib:/opt/ros/jazzy/opt/gz_sim_vendor/lib:/opt/ros/jazzy/opt/gz_sensors_vendor/lib:/opt/ros/jazzy/opt/gz_physics_vendor/lib:/opt/ros/jazzy/opt/sdformat_vendor/lib:/opt/ros/jazzy/opt/rviz_ogre_vendor/lib:/opt/ros/jazzy/lib/x86_64-linux-gnu:/opt/ros/jazzy/opt/gz_gui_vendor/lib:/opt/ros/jazzy/opt/gz_transport_vendor/lib:/opt/ros/jazzy/opt/gz_rendering_vendor/lib:/opt/ros/jazzy/opt/gz_plugin_vendor/lib:/opt/ros/jazzy/opt/gz_fuel_tools_vendor/lib:/opt/ros/jazzy/opt/gz_msgs_vendor/lib:/opt/ros/jazzy/opt/gz_common_vendor/lib:/opt/ros/jazzy/opt/gz_math_vendor/lib:/opt/ros/jazzy/opt/gz_utils_vendor/lib:/opt/ros/jazzy/opt/gz_tools_vendor/lib:/opt/ros/jazzy/opt/gz_ogre_next_vendor/lib:/opt/ros/jazzy/opt/gz_dartsim_vendor/lib:/opt/ros/jazzy/opt/gz_cmake_vendor/lib:/opt/ros/jazzy/lib PYTHONPATH=/home/jamiek/2026_ROS_manipulator/open_manipulator_ws/install/dynamixel_sdk_custom_interfaces/lib/python3.12/site-packages:/home/jamiek/2026_ROS_manipulator/open_manipulator_ws/install/dynamixel_sdk/lib/python3.12/site-packages:/home/jamiek/2026_ROS_manipulator/open_manipulator_ws/install/robotis_interfaces/lib/python3.12/site-packages:/home/jamiek/2026_ROS_manipulator/open_manipulator_ws/build/open_manipulator_teleop:/home/jamiek/2026_ROS_manipulator/open_manipulator_ws/install/open_manipulator_teleop/lib/python3.12/site-packages:/home/jamiek/2026_ROS_manipulator/open_manipulator_ws/build/open_manipulator_bringup:/home/jamiek/2026_ROS_manipulator/open_manipulator_ws/install/open_manipulator_bringup/lib/python3.12/site-packages:/home/jamiek/2026_ROS_manipulator/open_manipulator_ws/install/dynamixel_interfaces/lib/python3.12/site-packages:/home/jamiek/2026_ROS_manipulator/ros_ws/install/user_interface/lib/python3.12/site-packages:/home/jamiek/2026_ROS_manipulator/ros_ws/build/tf2_basic:/home/jamiek/2026_ROS_manipulator/ros_ws/install/tf2_basic/lib/python3.12/site-packages:/home/jamiek/2026_ROS_manipulator/ros_ws/build/ros_basic:/home/jamiek/2026_ROS_manipulator/ros_ws/install/ros_basic/lib/python3.12/site-packages:/opt/ros/jazzy/lib/python3.12/site-packages /usr/bin/cmake /home/jamiek/2026_ROS_manipulator/open_manipulator_ws/src/DynamixelSDK/ros/dynamixel_sdk_examples -DCMAKE_INSTALL_PREFIX=/home/jamiek/2026_ROS_manipulator/open_manipulator_ws/install/dynamixel_sdk_examples
[3.611s] DEBUG:colcon.colcon_core.event_handler.log_command:Invoked command in '/home/jamiek/2026_ROS_manipulator/open_manipulator_ws/build/open_manipulator_gui' returned '0': CMAKE_PREFIX_PATH=${CMAKE_PREFIX_PATH}:/home/jamiek/2026_ROS_manipulator/open_manipulator_ws/install/open_manipulator_teleop:/home/jamiek/2026_ROS_manipulator/open_manipulator_ws/install/open_manipulator_bringup:/home/jamiek/2026_ROS_manipulator/ros_ws/install/tf2_basic:/home/jamiek/2026_ROS_manipulator/ros_ws/install/ros_basic:/opt/ros/jazzy DEBUGINFOD_URLS=https://debuginfod.ubuntu.com /usr/bin/cmake --build /home/jamiek/2026_ROS_manipulator/open_manipulator_ws/build/open_manipulator_gui
[3.613s] DEBUG:colcon.colcon_core.event_handler.log_command:Invoking command in '/home/jamiek/2026_ROS_manipulator/open_manipulator_ws/build/open_manipulator_gui': CMAKE_PREFIX_PATH=${CMAKE_PREFIX_PATH}:/home/jamiek/2026_ROS_manipulator/open_manipulator_ws/install/open_manipulator_teleop:/home/jamiek/2026_ROS_manipulator/open_manipulator_ws/install/open_manipulator_bringup:/home/jamiek/2026_ROS_manipulator/ros_ws/install/tf2_basic:/home/jamiek/2026_ROS_manipulator/ros_ws/install/ros_basic:/opt/ros/jazzy DEBUGINFOD_URLS=https://debuginfod.ubuntu.com /usr/bin/cmake --install /home/jamiek/2026_ROS_manipulator/open_manipulator_ws/build/open_manipulator_gui
[3.626s] DEBUG:colcon.colcon_core.event_handler.log_command:Invoked command in '/home/jamiek/2026_ROS_manipulator/open_manipulator_ws/build/robotis_interfaces' returned '0': CMAKE_PREFIX_PATH=${CMAKE_PREFIX_PATH}:/home/jamiek/2026_ROS_manipulator/open_manipulator_ws/install/open_manipulator_teleop:/home/jamiek/2026_ROS_manipulator/open_manipulator_ws/install/open_manipulator_bringup:/home/jamiek/2026_ROS_manipulator/ros_ws/install/tf2_basic:/home/jamiek/2026_ROS_manipulator/ros_ws/install/ros_basic:/opt/ros/jazzy DEBUGINFOD_URLS=https://debuginfod.ubuntu.com /usr/bin/cmake --build /home/jamiek/2026_ROS_manipulator/open_manipulator_ws/build/robotis_interfaces
[3.627s] DEBUG:colcon.colcon_core.event_handler.log_command:Invoking command in '/home/jamiek/2026_ROS_manipulator/open_manipulator_ws/build/robotis_interfaces': CMAKE_PREFIX_PATH=${CMAKE_PREFIX_PATH}:/home/jamiek/2026_ROS_manipulator/open_manipulator_ws/install/open_manipulator_teleop:/home/jamiek/2026_ROS_manipulator/open_manipulator_ws/install/open_manipulator_bringup:/home/jamiek/2026_ROS_manipulator/ros_ws/install/tf2_basic:/home/jamiek/2026_ROS_manipulator/ros_ws/install/ros_basic:/opt/ros/jazzy DEBUGINFOD_URLS=https://debuginfod.ubuntu.com /usr/bin/cmake --install /home/jamiek/2026_ROS_manipulator/open_manipulator_ws/build/robotis_interfaces
[3.649s] Level 1:colcon.colcon_core.environment:create_environment_scripts_only(open_manipulator_gui)
[3.650s] Level 1:colcon.colcon_core.environment:checking '/home/jamiek/2026_ROS_manipulator/open_manipulator_ws/install/open_manipulator_gui' for CMake module files
[3.650s] DEBUG:colcon.colcon_core.event_handler.log_command:Invoked command in '/home/jamiek/2026_ROS_manipulator/open_manipulator_ws/build/open_manipulator_gui' returned '0': CMAKE_PREFIX_PATH=${CMAKE_PREFIX_PATH}:/home/jamiek/2026_ROS_manipulator/open_manipulator_ws/install/open_manipulator_teleop:/home/jamiek/2026_ROS_manipulator/open_manipulator_ws/install/open_manipulator_bringup:/home/jamiek/2026_ROS_manipulator/ros_ws/install/tf2_basic:/home/jamiek/2026_ROS_manipulator/ros_ws/install/ros_basic:/opt/ros/jazzy DEBUGINFOD_URLS=https://debuginfod.ubuntu.com /usr/bin/cmake --install /home/jamiek/2026_ROS_manipulator/open_manipulator_ws/build/open_manipulator_gui
[3.653s] Level 1:colcon.colcon_core.environment:checking '/home/jamiek/2026_ROS_manipulator/open_manipulator_ws/install/open_manipulator_gui' for CMake config files
[3.656s] Level 1:colcon.colcon_core.shell:create_environment_hook('open_manipulator_gui', 'cmake_prefix_path')
[3.657s] INFO:colcon.colcon_core.shell:Creating environment hook '/home/jamiek/2026_ROS_manipulator/open_manipulator_ws/install/open_manipulator_gui/share/open_manipulator_gui/hook/cmake_prefix_path.ps1'
[3.658s] INFO:colcon.colcon_core.shell:Creating environment descriptor '/home/jamiek/2026_ROS_manipulator/open_manipulator_ws/install/open_manipulator_gui/share/open_manipulator_gui/hook/cmake_prefix_path.dsv'
[3.659s] INFO:colcon.colcon_core.shell:Creating environment hook '/home/jamiek/2026_ROS_manipulator/open_manipulator_ws/install/open_manipulator_gui/share/open_manipulator_gui/hook/cmake_prefix_path.sh'
[3.663s] Level 1:colcon.colcon_core.environment:checking '/home/jamiek/2026_ROS_manipulator/open_manipulator_ws/install/open_manipulator_gui/lib'
[3.663s] Level 1:colcon.colcon_core.environment:checking '/home/jamiek/2026_ROS_manipulator/open_manipulator_ws/install/open_manipulator_gui/bin'
[3.663s] Level 1:colcon.colcon_core.environment:checking '/home/jamiek/2026_ROS_manipulator/open_manipulator_ws/install/open_manipulator_gui/lib/pkgconfig/open_manipulator_gui.pc'
[3.664s] Level 1:colcon.colcon_core.environment:checking '/home/jamiek/2026_ROS_manipulator/open_manipulator_ws/install/open_manipulator_gui/lib/python3.12/site-packages'
[3.664s] Level 1:colcon.colcon_core.environment:checking '/home/jamiek/2026_ROS_manipulator/open_manipulator_ws/install/open_manipulator_gui/bin'
[3.664s] INFO:colcon.colcon_core.shell:Creating package script '/home/jamiek/2026_ROS_manipulator/open_manipulator_ws/install/open_manipulator_gui/share/open_manipulator_gui/package.ps1'
[3.665s] INFO:colcon.colcon_core.shell:Creating package descriptor '/home/jamiek/2026_ROS_manipulator/open_manipulator_ws/install/open_manipulator_gui/share/open_manipulator_gui/package.dsv'
[3.666s] INFO:colcon.colcon_core.shell:Creating package script '/home/jamiek/2026_ROS_manipulator/open_manipulator_ws/install/open_manipulator_gui/share/open_manipulator_gui/package.sh'
[3.667s] INFO:colcon.colcon_core.shell:Creating package script '/home/jamiek/2026_ROS_manipulator/open_manipulator_ws/install/open_manipulator_gui/share/open_manipulator_gui/package.bash'
[3.667s] INFO:colcon.colcon_core.shell:Creating package script '/home/jamiek/2026_ROS_manipulator/open_manipulator_ws/install/open_manipulator_gui/share/open_manipulator_gui/package.zsh'
[3.668s] Level 1:colcon.colcon_core.environment:create_file_with_runtime_dependencies(/home/jamiek/2026_ROS_manipulator/open_manipulator_ws/install/open_manipulator_gui/share/colcon-core/packages/open_manipulator_gui)
[3.670s] Level 1:colcon.colcon_core.environment:create_environment_scripts_only(open_manipulator_gui)
[3.670s] Level 1:colcon.colcon_core.environment:checking '/home/jamiek/2026_ROS_manipulator/open_manipulator_ws/install/open_manipulator_gui' for CMake module files
[3.671s] Level 1:colcon.colcon_core.environment:checking '/home/jamiek/2026_ROS_manipulator/open_manipulator_ws/install/open_manipulator_gui' for CMake config files
[3.671s] Level 1:colcon.colcon_core.shell:create_environment_hook('open_manipulator_gui', 'cmake_prefix_path')
[3.672s] INFO:colcon.colcon_core.shell:Creating environment hook '/home/jamiek/2026_ROS_manipulator/open_manipulator_ws/install/open_manipulator_gui/share/open_manipulator_gui/hook/cmake_prefix_path.ps1'
[3.672s] INFO:colcon.colcon_core.shell:Creating environment descriptor '/home/jamiek/2026_ROS_manipulator/open_manipulator_ws/install/open_manipulator_gui/share/open_manipulator_gui/hook/cmake_prefix_path.dsv'
[3.672s] INFO:colcon.colcon_core.shell:Creating environment hook '/home/jamiek/2026_ROS_manipulator/open_manipulator_ws/install/open_manipulator_gui/share/open_manipulator_gui/hook/cmake_prefix_path.sh'
[3.673s] Level 1:colcon.colcon_core.environment:checking '/home/jamiek/2026_ROS_manipulator/open_manipulator_ws/install/open_manipulator_gui/lib'
[3.673s] Level 1:colcon.colcon_core.environment:checking '/home/jamiek/2026_ROS_manipulator/open_manipulator_ws/install/open_manipulator_gui/bin'
[3.673s] Level 1:colcon.colcon_core.environment:checking '/home/jamiek/2026_ROS_manipulator/open_manipulator_ws/install/open_manipulator_gui/lib/pkgconfig/open_manipulator_gui.pc'
[3.674s] Level 1:colcon.colcon_core.environment:checking '/home/jamiek/2026_ROS_manipulator/open_manipulator_ws/install/open_manipulator_gui/lib/python3.12/site-packages'
[3.674s] Level 1:colcon.colcon_core.environment:checking '/home/jamiek/2026_ROS_manipulator/open_manipulator_ws/install/open_manipulator_gui/bin'
[3.674s] INFO:colcon.colcon_core.shell:Creating package script '/home/jamiek/2026_ROS_manipulator/open_manipulator_ws/install/open_manipulator_gui/share/open_manipulator_gui/package.ps1'
[3.675s] INFO:colcon.colcon_core.shell:Creating package descriptor '/home/jamiek/2026_ROS_manipulator/open_manipulator_ws/install/open_manipulator_gui/share/open_manipulator_gui/package.dsv'
[3.675s] INFO:colcon.colcon_core.shell:Creating package script '/home/jamiek/2026_ROS_manipulator/open_manipulator_ws/install/open_manipulator_gui/share/open_manipulator_gui/package.sh'
[3.676s] INFO:colcon.colcon_core.shell:Creating package script '/home/jamiek/2026_ROS_manipulator/open_manipulator_ws/install/open_manipulator_gui/share/open_manipulator_gui/package.bash'
[3.676s] INFO:colcon.colcon_core.shell:Creating package script '/home/jamiek/2026_ROS_manipulator/open_manipulator_ws/install/open_manipulator_gui/share/open_manipulator_gui/package.zsh'
[3.676s] Level 1:colcon.colcon_core.environment:create_file_with_runtime_dependencies(/home/jamiek/2026_ROS_manipulator/open_manipulator_ws/install/open_manipulator_gui/share/colcon-core/packages/open_manipulator_gui)
[3.689s] DEBUG:colcon.colcon_core.event_handler.log_command:Invoked command in '/home/jamiek/2026_ROS_manipulator/open_manipulator_ws/build/dynamixel_interfaces' returned '0': CMAKE_PREFIX_PATH=${CMAKE_PREFIX_PATH}:/home/jamiek/2026_ROS_manipulator/open_manipulator_ws/install/open_manipulator_teleop:/home/jamiek/2026_ROS_manipulator/open_manipulator_ws/install/open_manipulator_bringup:/home/jamiek/2026_ROS_manipulator/ros_ws/install/tf2_basic:/home/jamiek/2026_ROS_manipulator/ros_ws/install/ros_basic:/opt/ros/jazzy DEBUGINFOD_URLS=https://debuginfod.ubuntu.com /usr/bin/cmake --build /home/jamiek/2026_ROS_manipulator/open_manipulator_ws/build/dynamixel_interfaces
[3.691s] DEBUG:colcon.colcon_core.event_handler.log_command:Invoking command in '/home/jamiek/2026_ROS_manipulator/open_manipulator_ws/build/dynamixel_interfaces': CMAKE_PREFIX_PATH=${CMAKE_PREFIX_PATH}:/home/jamiek/2026_ROS_manipulator/open_manipulator_ws/install/open_manipulator_teleop:/home/jamiek/2026_ROS_manipulator/open_manipulator_ws/install/open_manipulator_bringup:/home/jamiek/2026_ROS_manipulator/ros_ws/install/tf2_basic:/home/jamiek/2026_ROS_manipulator/ros_ws/install/ros_basic:/opt/ros/jazzy DEBUGINFOD_URLS=https://debuginfod.ubuntu.com /usr/bin/cmake --install /home/jamiek/2026_ROS_manipulator/open_manipulator_ws/build/dynamixel_interfaces
[3.745s] Level 1:colcon.colcon_core.environment:create_environment_scripts_only(robotis_interfaces)
[3.746s] Level 1:colcon.colcon_core.environment:checking '/home/jamiek/2026_ROS_manipulator/open_manipulator_ws/install/robotis_interfaces' for CMake module files
[3.746s] DEBUG:colcon.colcon_core.event_handler.log_command:Invoked command in '/home/jamiek/2026_ROS_manipulator/open_manipulator_ws/build/robotis_interfaces' returned '0': CMAKE_PREFIX_PATH=${CMAKE_PREFIX_PATH}:/home/jamiek/2026_ROS_manipulator/open_manipulator_ws/install/open_manipulator_teleop:/home/jamiek/2026_ROS_manipulator/open_manipulator_ws/install/open_manipulator_bringup:/home/jamiek/2026_ROS_manipulator/ros_ws/install/tf2_basic:/home/jamiek/2026_ROS_manipulator/ros_ws/install/ros_basic:/opt/ros/jazzy DEBUGINFOD_URLS=https://debuginfod.ubuntu.com /usr/bin/cmake --install /home/jamiek/2026_ROS_manipulator/open_manipulator_ws/build/robotis_interfaces
[3.748s] Level 1:colcon.colcon_core.environment:checking '/home/jamiek/2026_ROS_manipulator/open_manipulator_ws/install/robotis_interfaces' for CMake config files
[3.749s] Level 1:colcon.colcon_core.shell:create_environment_hook('robotis_interfaces', 'cmake_prefix_path')
[3.749s] INFO:colcon.colcon_core.shell:Creating environment hook '/home/jamiek/2026_ROS_manipulator/open_manipulator_ws/install/robotis_interfaces/share/robotis_interfaces/hook/cmake_prefix_path.ps1'
[3.750s] INFO:colcon.colcon_core.shell:Creating environment descriptor '/home/jamiek/2026_ROS_manipulator/open_manipulator_ws/install/robotis_interfaces/share/robotis_interfaces/hook/cmake_prefix_path.dsv'
[3.750s] INFO:colcon.colcon_core.shell:Creating environment hook '/home/jamiek/2026_ROS_manipulator/open_manipulator_ws/install/robotis_interfaces/share/robotis_interfaces/hook/cmake_prefix_path.sh'
[3.751s] Level 1:colcon.colcon_core.environment:checking '/home/jamiek/2026_ROS_manipulator/open_manipulator_ws/install/robotis_interfaces/lib'
[3.751s] Level 1:colcon.colcon_core.shell:create_environment_hook('robotis_interfaces', 'ld_library_path_lib')
[3.751s] INFO:colcon.colcon_core.shell:Creating environment hook '/home/jamiek/2026_ROS_manipulator/open_manipulator_ws/install/robotis_interfaces/share/robotis_interfaces/hook/ld_library_path_lib.ps1'
[3.751s] INFO:colcon.colcon_core.shell:Creating environment descriptor '/home/jamiek/2026_ROS_manipulator/open_manipulator_ws/install/robotis_interfaces/share/robotis_interfaces/hook/ld_library_path_lib.dsv'
[3.751s] INFO:colcon.colcon_core.shell:Creating environment hook '/home/jamiek/2026_ROS_manipulator/open_manipulator_ws/install/robotis_interfaces/share/robotis_interfaces/hook/ld_library_path_lib.sh'
[3.752s] Level 1:colcon.colcon_core.environment:checking '/home/jamiek/2026_ROS_manipulator/open_manipulator_ws/install/robotis_interfaces/bin'
[3.752s] Level 1:colcon.colcon_core.environment:checking '/home/jamiek/2026_ROS_manipulator/open_manipulator_ws/install/robotis_interfaces/lib/pkgconfig/robotis_interfaces.pc'
[3.752s] Level 1:colcon.colcon_core.environment:checking '/home/jamiek/2026_ROS_manipulator/open_manipulator_ws/install/robotis_interfaces/lib/python3.12/site-packages'
[3.752s] Level 1:colcon.colcon_core.shell:create_environment_hook('robotis_interfaces', 'pythonpath')
[3.752s] INFO:colcon.colcon_core.shell:Creating environment hook '/home/jamiek/2026_ROS_manipulator/open_manipulator_ws/install/robotis_interfaces/share/robotis_interfaces/hook/pythonpath.ps1'
[3.753s] INFO:colcon.colcon_core.shell:Creating environment descriptor '/home/jamiek/2026_ROS_manipulator/open_manipulator_ws/install/robotis_interfaces/share/robotis_interfaces/hook/pythonpath.dsv'
[3.753s] INFO:colcon.colcon_core.shell:Creating environment hook '/home/jamiek/2026_ROS_manipulator/open_manipulator_ws/install/robotis_interfaces/share/robotis_interfaces/hook/pythonpath.sh'
[3.754s] Level 1:colcon.colcon_core.environment:checking '/home/jamiek/2026_ROS_manipulator/open_manipulator_ws/install/robotis_interfaces/bin'
[3.754s] INFO:colcon.colcon_core.shell:Creating package script '/home/jamiek/2026_ROS_manipulator/open_manipulator_ws/install/robotis_interfaces/share/robotis_interfaces/package.ps1'
[3.754s] INFO:colcon.colcon_core.shell:Creating package descriptor '/home/jamiek/2026_ROS_manipulator/open_manipulator_ws/install/robotis_interfaces/share/robotis_interfaces/package.dsv'
[3.755s] INFO:colcon.colcon_core.shell:Creating package script '/home/jamiek/2026_ROS_manipulator/open_manipulator_ws/install/robotis_interfaces/share/robotis_interfaces/package.sh'
[3.755s] INFO:colcon.colcon_core.shell:Creating package script '/home/jamiek/2026_ROS_manipulator/open_manipulator_ws/install/robotis_interfaces/share/robotis_interfaces/package.bash'
[3.755s] INFO:colcon.colcon_core.shell:Creating package script '/home/jamiek/2026_ROS_manipulator/open_manipulator_ws/install/robotis_interfaces/share/robotis_interfaces/package.zsh'
[3.756s] Level 1:colcon.colcon_core.environment:create_file_with_runtime_dependencies(/home/jamiek/2026_ROS_manipulator/open_manipulator_ws/install/robotis_interfaces/share/colcon-core/packages/robotis_interfaces)
[3.756s] Level 1:colcon.colcon_core.environment:create_environment_scripts_only(robotis_interfaces)
[3.756s] Level 1:colcon.colcon_core.environment:checking '/home/jamiek/2026_ROS_manipulator/open_manipulator_ws/install/robotis_interfaces' for CMake module files
[3.757s] Level 1:colcon.colcon_core.environment:checking '/home/jamiek/2026_ROS_manipulator/open_manipulator_ws/install/robotis_interfaces' for CMake config files
[3.759s] Level 1:colcon.colcon_core.shell:create_environment_hook('robotis_interfaces', 'cmake_prefix_path')
[3.759s] INFO:colcon.colcon_core.shell:Creating environment hook '/home/jamiek/2026_ROS_manipulator/open_manipulator_ws/install/robotis_interfaces/share/robotis_interfaces/hook/cmake_prefix_path.ps1'
[3.759s] INFO:colcon.colcon_core.shell:Creating environment descriptor '/home/jamiek/2026_ROS_manipulator/open_manipulator_ws/install/robotis_interfaces/share/robotis_interfaces/hook/cmake_prefix_path.dsv'
[3.759s] INFO:colcon.colcon_core.shell:Creating environment hook '/home/jamiek/2026_ROS_manipulator/open_manipulator_ws/install/robotis_interfaces/share/robotis_interfaces/hook/cmake_prefix_path.sh'
[3.760s] Level 1:colcon.colcon_core.environment:checking '/home/jamiek/2026_ROS_manipulator/open_manipulator_ws/install/robotis_interfaces/lib'
[3.760s] Level 1:colcon.colcon_core.shell:create_environment_hook('robotis_interfaces', 'ld_library_path_lib')
[3.760s] INFO:colcon.colcon_core.shell:Creating environment hook '/home/jamiek/2026_ROS_manipulator/open_manipulator_ws/install/robotis_interfaces/share/robotis_interfaces/hook/ld_library_path_lib.ps1'
[3.761s] INFO:colcon.colcon_core.shell:Creating environment descriptor '/home/jamiek/2026_ROS_manipulator/open_manipulator_ws/install/robotis_interfaces/share/robotis_interfaces/hook/ld_library_path_lib.dsv'
[3.761s] INFO:colcon.colcon_core.shell:Creating environment hook '/home/jamiek/2026_ROS_manipulator/open_manipulator_ws/install/robotis_interfaces/share/robotis_interfaces/hook/ld_library_path_lib.sh'
[3.761s] Level 1:colcon.colcon_core.environment:checking '/home/jamiek/2026_ROS_manipulator/open_manipulator_ws/install/robotis_interfaces/bin'
[3.761s] Level 1:colcon.colcon_core.environment:checking '/home/jamiek/2026_ROS_manipulator/open_manipulator_ws/install/robotis_interfaces/lib/pkgconfig/robotis_interfaces.pc'
[3.761s] Level 1:colcon.colcon_core.environment:checking '/home/jamiek/2026_ROS_manipulator/open_manipulator_ws/install/robotis_interfaces/lib/python3.12/site-packages'
[3.762s] Level 1:colcon.colcon_core.shell:create_environment_hook('robotis_interfaces', 'pythonpath')
[3.762s] INFO:colcon.colcon_core.shell:Creating environment hook '/home/jamiek/2026_ROS_manipulator/open_manipulator_ws/install/robotis_interfaces/share/robotis_interfaces/hook/pythonpath.ps1'
[3.762s] INFO:colcon.colcon_core.shell:Creating environment descriptor '/home/jamiek/2026_ROS_manipulator/open_manipulator_ws/install/robotis_interfaces/share/robotis_interfaces/hook/pythonpath.dsv'
[3.762s] INFO:colcon.colcon_core.shell:Creating environment hook '/home/jamiek/2026_ROS_manipulator/open_manipulator_ws/install/robotis_interfaces/share/robotis_interfaces/hook/pythonpath.sh'
[3.763s] Level 1:colcon.colcon_core.environment:checking '/home/jamiek/2026_ROS_manipulator/open_manipulator_ws/install/robotis_interfaces/bin'
[3.763s] INFO:colcon.colcon_core.shell:Creating package script '/home/jamiek/2026_ROS_manipulator/open_manipulator_ws/install/robotis_interfaces/share/robotis_interfaces/package.ps1'
[3.764s] INFO:colcon.colcon_core.shell:Creating package descriptor '/home/jamiek/2026_ROS_manipulator/open_manipulator_ws/install/robotis_interfaces/share/robotis_interfaces/package.dsv'
[3.764s] INFO:colcon.colcon_core.shell:Creating package script '/home/jamiek/2026_ROS_manipulator/open_manipulator_ws/install/robotis_interfaces/share/robotis_interfaces/package.sh'
[3.765s] INFO:colcon.colcon_core.shell:Creating package script '/home/jamiek/2026_ROS_manipulator/open_manipulator_ws/install/robotis_interfaces/share/robotis_interfaces/package.bash'
[3.765s] INFO:colcon.colcon_core.shell:Creating package script '/home/jamiek/2026_ROS_manipulator/open_manipulator_ws/install/robotis_interfaces/share/robotis_interfaces/package.zsh'
[3.765s] Level 1:colcon.colcon_core.environment:create_file_with_runtime_dependencies(/home/jamiek/2026_ROS_manipulator/open_manipulator_ws/install/robotis_interfaces/share/colcon-core/packages/robotis_interfaces)
[3.766s] INFO:colcon.colcon_ros.task.ament_cmake.build:Building ROS package in '/home/jamiek/2026_ROS_manipulator/open_manipulator_ws/src/open_manipulator/open_manipulator_playground' with build type 'ament_cmake'
[3.766s] INFO:colcon.colcon_cmake.task.cmake.build:Building CMake package in '/home/jamiek/2026_ROS_manipulator/open_manipulator_ws/src/open_manipulator/open_manipulator_playground'
[3.766s] INFO:colcon.colcon_core.shell:Skip shell extension 'powershell' for command environment: Not usable outside of PowerShell
[3.766s] DEBUG:colcon.colcon_core.shell:Skip shell extension 'dsv' for command environment
[3.781s] DEBUG:colcon.colcon_core.event_handler.log_command:Invoking command in '/home/jamiek/2026_ROS_manipulator/open_manipulator_ws/build/open_manipulator_playground': CMAKE_PREFIX_PATH=/home/jamiek/2026_ROS_manipulator/open_manipulator_ws/install/robotis_interfaces:/home/jamiek/2026_ROS_manipulator/open_manipulator_ws/install/open_manipulator:/home/jamiek/2026_ROS_manipulator/open_manipulator_ws/install/open_manipulator_playground:/home/jamiek/2026_ROS_manipulator/open_manipulator_ws/install/open_manipulator_moveit_config:/home/jamiek/2026_ROS_manipulator/open_manipulator_ws/install/open_manipulator_gui:/home/jamiek/2026_ROS_manipulator/open_manipulator_ws/install/open_manipulator_description:/home/jamiek/2026_ROS_manipulator/open_manipulator_ws/install/open_manipulator_collision:/home/jamiek/2026_ROS_manipulator/open_manipulator_ws/install/om_spring_actuator_controller:/home/jamiek/2026_ROS_manipulator/open_manipulator_ws/install/om_joint_trajectory_command_broadcaster:/home/jamiek/2026_ROS_manipulator/open_manipulator_ws/install/om_gravity_compensation_controller:/home/jamiek/2026_ROS_manipulator/open_manipulator_ws/install/dynamixel_sdk_examples:/home/jamiek/2026_ROS_manipulator/open_manipulator_ws/install/dynamixel_sdk_custom_interfaces:/home/jamiek/2026_ROS_manipulator/open_manipulator_ws/install/dynamixel_hardware_interface:/home/jamiek/2026_ROS_manipulator/open_manipulator_ws/install/dynamixel_sdk:/home/jamiek/2026_ROS_manipulator/open_manipulator_ws/install/dynamixel_interfaces:/home/jamiek/2026_ROS_manipulator/ros_ws/install/user_interface:/opt/ros/jazzy/opt/gz_sim_vendor:/opt/ros/jazzy/opt/gz_sensors_vendor:/opt/ros/jazzy/opt/gz_physics_vendor:/opt/ros/jazzy/opt/sdformat_vendor:/opt/ros/jazzy/opt/gz_gui_vendor:/opt/ros/jazzy/opt/gz_transport_vendor:/opt/ros/jazzy/opt/gz_rendering_vendor:/opt/ros/jazzy/opt/gz_plugin_vendor:/opt/ros/jazzy/opt/gz_fuel_tools_vendor:/opt/ros/jazzy/opt/gz_msgs_vendor:/opt/ros/jazzy/opt/gz_common_vendor:/opt/ros/jazzy/opt/gz_math_vendor:/opt/ros/jazzy/opt/gz_utils_vendor:/opt/ros/jazzy/opt/gz_tools_vendor:/opt/ros/jazzy/opt/gz_ogre_next_vendor:/opt/ros/jazzy/opt/gz_dartsim_vendor:/opt/ros/jazzy/opt/gz_cmake_vendor:/home/jamiek/2026_ROS_manipulator/open_manipulator_ws/install/open_manipulator_teleop:/home/jamiek/2026_ROS_manipulator/open_manipulator_ws/install/open_manipulator_bringup:/home/jamiek/2026_ROS_manipulator/ros_ws/install/tf2_basic:/home/jamiek/2026_ROS_manipulator/ros_ws/install/ros_basic:/opt/ros/jazzy DEBUGINFOD_URLS=https://debuginfod.ubuntu.com /usr/bin/cmake /home/jamiek/2026_ROS_manipulator/open_manipulator_ws/src/open_manipulator/open_manipulator_playground -DCMAKE_INSTALL_PREFIX=/home/jamiek/2026_ROS_manipulator/open_manipulator_ws/install/open_manipulator_playground
[3.803s] Level 1:colcon.colcon_core.environment:create_environment_scripts_only(dynamixel_interfaces)
[3.803s] Level 1:colcon.colcon_core.environment:checking '/home/jamiek/2026_ROS_manipulator/open_manipulator_ws/install/dynamixel_interfaces' for CMake module files
[3.804s] DEBUG:colcon.colcon_core.event_handler.log_command:Invoked command in '/home/jamiek/2026_ROS_manipulator/open_manipulator_ws/build/dynamixel_interfaces' returned '0': CMAKE_PREFIX_PATH=${CMAKE_PREFIX_PATH}:/home/jamiek/2026_ROS_manipulator/open_manipulator_ws/install/open_manipulator_teleop:/home/jamiek/2026_ROS_manipulator/open_manipulator_ws/install/open_manipulator_bringup:/home/jamiek/2026_ROS_manipulator/ros_ws/install/tf2_basic:/home/jamiek/2026_ROS_manipulator/ros_ws/install/ros_basic:/opt/ros/jazzy DEBUGINFOD_URLS=https://debuginfod.ubuntu.com /usr/bin/cmake --install /home/jamiek/2026_ROS_manipulator/open_manipulator_ws/build/dynamixel_interfaces
[3.805s] Level 1:colcon.colcon_core.environment:checking '/home/jamiek/2026_ROS_manipulator/open_manipulator_ws/install/dynamixel_interfaces' for CMake config files
[3.806s] Level 1:colcon.colcon_core.shell:create_environment_hook('dynamixel_interfaces', 'cmake_prefix_path')
[3.806s] INFO:colcon.colcon_core.shell:Creating environment hook '/home/jamiek/2026_ROS_manipulator/open_manipulator_ws/install/dynamixel_interfaces/share/dynamixel_interfaces/hook/cmake_prefix_path.ps1'
[3.807s] INFO:colcon.colcon_core.shell:Creating environment descriptor '/home/jamiek/2026_ROS_manipulator/open_manipulator_ws/install/dynamixel_interfaces/share/dynamixel_interfaces/hook/cmake_prefix_path.dsv'
[3.807s] INFO:colcon.colcon_core.shell:Creating environment hook '/home/jamiek/2026_ROS_manipulator/open_manipulator_ws/install/dynamixel_interfaces/share/dynamixel_interfaces/hook/cmake_prefix_path.sh'
[3.808s] Level 1:colcon.colcon_core.environment:checking '/home/jamiek/2026_ROS_manipulator/open_manipulator_ws/install/dynamixel_interfaces/lib'
[3.808s] Level 1:colcon.colcon_core.shell:create_environment_hook('dynamixel_interfaces', 'ld_library_path_lib')
[3.808s] INFO:colcon.colcon_core.shell:Creating environment hook '/home/jamiek/2026_ROS_manipulator/open_manipulator_ws/install/dynamixel_interfaces/share/dynamixel_interfaces/hook/ld_library_path_lib.ps1'
[3.808s] INFO:colcon.colcon_core.shell:Creating environment descriptor '/home/jamiek/2026_ROS_manipulator/open_manipulator_ws/install/dynamixel_interfaces/share/dynamixel_interfaces/hook/ld_library_path_lib.dsv'
[3.809s] INFO:colcon.colcon_core.shell:Creating environment hook '/home/jamiek/2026_ROS_manipulator/open_manipulator_ws/install/dynamixel_interfaces/share/dynamixel_interfaces/hook/ld_library_path_lib.sh'
[3.809s] Level 1:colcon.colcon_core.environment:checking '/home/jamiek/2026_ROS_manipulator/open_manipulator_ws/install/dynamixel_interfaces/bin'
[3.809s] Level 1:colcon.colcon_core.environment:checking '/home/jamiek/2026_ROS_manipulator/open_manipulator_ws/install/dynamixel_interfaces/lib/pkgconfig/dynamixel_interfaces.pc'
[3.809s] Level 1:colcon.colcon_core.environment:checking '/home/jamiek/2026_ROS_manipulator/open_manipulator_ws/install/dynamixel_interfaces/lib/python3.12/site-packages'
[3.809s] Level 1:colcon.colcon_core.shell:create_environment_hook('dynamixel_interfaces', 'pythonpath')
[3.810s] INFO:colcon.colcon_core.shell:Creating environment hook '/home/jamiek/2026_ROS_manipulator/open_manipulator_ws/install/dynamixel_interfaces/share/dynamixel_interfaces/hook/pythonpath.ps1'
[3.810s] INFO:colcon.colcon_core.shell:Creating environment descriptor '/home/jamiek/2026_ROS_manipulator/open_manipulator_ws/install/dynamixel_interfaces/share/dynamixel_interfaces/hook/pythonpath.dsv'
[3.810s] INFO:colcon.colcon_core.shell:Creating environment hook '/home/jamiek/2026_ROS_manipulator/open_manipulator_ws/install/dynamixel_interfaces/share/dynamixel_interfaces/hook/pythonpath.sh'
[3.811s] Level 1:colcon.colcon_core.environment:checking '/home/jamiek/2026_ROS_manipulator/open_manipulator_ws/install/dynamixel_interfaces/bin'
[3.811s] INFO:colcon.colcon_core.shell:Creating package script '/home/jamiek/2026_ROS_manipulator/open_manipulator_ws/install/dynamixel_interfaces/share/dynamixel_interfaces/package.ps1'
[3.812s] INFO:colcon.colcon_core.shell:Creating package descriptor '/home/jamiek/2026_ROS_manipulator/open_manipulator_ws/install/dynamixel_interfaces/share/dynamixel_interfaces/package.dsv'
[3.812s] INFO:colcon.colcon_core.shell:Creating package script '/home/jamiek/2026_ROS_manipulator/open_manipulator_ws/install/dynamixel_interfaces/share/dynamixel_interfaces/package.sh'
[3.813s] INFO:colcon.colcon_core.shell:Creating package script '/home/jamiek/2026_ROS_manipulator/open_manipulator_ws/install/dynamixel_interfaces/share/dynamixel_interfaces/package.bash'
[3.813s] INFO:colcon.colcon_core.shell:Creating package script '/home/jamiek/2026_ROS_manipulator/open_manipulator_ws/install/dynamixel_interfaces/share/dynamixel_interfaces/package.zsh'
[3.813s] Level 1:colcon.colcon_core.environment:create_file_with_runtime_dependencies(/home/jamiek/2026_ROS_manipulator/open_manipulator_ws/install/dynamixel_interfaces/share/colcon-core/packages/dynamixel_interfaces)
[3.814s] Level 1:colcon.colcon_core.environment:create_environment_scripts_only(dynamixel_interfaces)
[3.814s] Level 1:colcon.colcon_core.environment:checking '/home/jamiek/2026_ROS_manipulator/open_manipulator_ws/install/dynamixel_interfaces' for CMake module files
[3.815s] Level 1:colcon.colcon_core.environment:checking '/home/jamiek/2026_ROS_manipulator/open_manipulator_ws/install/dynamixel_interfaces' for CMake config files
[3.816s] Level 1:colcon.colcon_core.shell:create_environment_hook('dynamixel_interfaces', 'cmake_prefix_path')
[3.816s] INFO:colcon.colcon_core.shell:Creating environment hook '/home/jamiek/2026_ROS_manipulator/open_manipulator_ws/install/dynamixel_interfaces/share/dynamixel_interfaces/hook/cmake_prefix_path.ps1'
[3.816s] INFO:colcon.colcon_core.shell:Creating environment descriptor '/home/jamiek/2026_ROS_manipulator/open_manipulator_ws/install/dynamixel_interfaces/share/dynamixel_interfaces/hook/cmake_prefix_path.dsv'
[3.817s] INFO:colcon.colcon_core.shell:Creating environment hook '/home/jamiek/2026_ROS_manipulator/open_manipulator_ws/install/dynamixel_interfaces/share/dynamixel_interfaces/hook/cmake_prefix_path.sh'
[3.817s] Level 1:colcon.colcon_core.environment:checking '/home/jamiek/2026_ROS_manipulator/open_manipulator_ws/install/dynamixel_interfaces/lib'
[3.817s] Level 1:colcon.colcon_core.shell:create_environment_hook('dynamixel_interfaces', 'ld_library_path_lib')
[3.818s] INFO:colcon.colcon_core.shell:Creating environment hook '/home/jamiek/2026_ROS_manipulator/open_manipulator_ws/install/dynamixel_interfaces/share/dynamixel_interfaces/hook/ld_library_path_lib.ps1'
[3.818s] INFO:colcon.colcon_core.shell:Creating environment descriptor '/home/jamiek/2026_ROS_manipulator/open_manipulator_ws/install/dynamixel_interfaces/share/dynamixel_interfaces/hook/ld_library_path_lib.dsv'
[3.818s] INFO:colcon.colcon_core.shell:Creating environment hook '/home/jamiek/2026_ROS_manipulator/open_manipulator_ws/install/dynamixel_interfaces/share/dynamixel_interfaces/hook/ld_library_path_lib.sh'
[3.818s] Level 1:colcon.colcon_core.environment:checking '/home/jamiek/2026_ROS_manipulator/open_manipulator_ws/install/dynamixel_interfaces/bin'
[3.819s] Level 1:colcon.colcon_core.environment:checking '/home/jamiek/2026_ROS_manipulator/open_manipulator_ws/install/dynamixel_interfaces/lib/pkgconfig/dynamixel_interfaces.pc'
[3.819s] Level 1:colcon.colcon_core.environment:checking '/home/jamiek/2026_ROS_manipulator/open_manipulator_ws/install/dynamixel_interfaces/lib/python3.12/site-packages'
[3.819s] Level 1:colcon.colcon_core.shell:create_environment_hook('dynamixel_interfaces', 'pythonpath')
[3.819s] INFO:colcon.colcon_core.shell:Creating environment hook '/home/jamiek/2026_ROS_manipulator/open_manipulator_ws/install/dynamixel_interfaces/share/dynamixel_interfaces/hook/pythonpath.ps1'
[3.819s] INFO:colcon.colcon_core.shell:Creating environment descriptor '/home/jamiek/2026_ROS_manipulator/open_manipulator_ws/install/dynamixel_interfaces/share/dynamixel_interfaces/hook/pythonpath.dsv'
[3.820s] INFO:colcon.colcon_core.shell:Creating environment hook '/home/jamiek/2026_ROS_manipulator/open_manipulator_ws/install/dynamixel_interfaces/share/dynamixel_interfaces/hook/pythonpath.sh'
[3.820s] Level 1:colcon.colcon_core.environment:checking '/home/jamiek/2026_ROS_manipulator/open_manipulator_ws/install/dynamixel_interfaces/bin'
[3.821s] INFO:colcon.colcon_core.shell:Creating package script '/home/jamiek/2026_ROS_manipulator/open_manipulator_ws/install/dynamixel_interfaces/share/dynamixel_interfaces/package.ps1'
[3.821s] INFO:colcon.colcon_core.shell:Creating package descriptor '/home/jamiek/2026_ROS_manipulator/open_manipulator_ws/install/dynamixel_interfaces/share/dynamixel_interfaces/package.dsv'
[3.822s] INFO:colcon.colcon_core.shell:Creating package script '/home/jamiek/2026_ROS_manipulator/open_manipulator_ws/install/dynamixel_interfaces/share/dynamixel_interfaces/package.sh'
[3.822s] INFO:colcon.colcon_core.shell:Creating package script '/home/jamiek/2026_ROS_manipulator/open_manipulator_ws/install/dynamixel_interfaces/share/dynamixel_interfaces/package.bash'
[3.822s] INFO:colcon.colcon_core.shell:Creating package script '/home/jamiek/2026_ROS_manipulator/open_manipulator_ws/install/dynamixel_interfaces/share/dynamixel_interfaces/package.zsh'
[3.823s] Level 1:colcon.colcon_core.environment:create_file_with_runtime_dependencies(/home/jamiek/2026_ROS_manipulator/open_manipulator_ws/install/dynamixel_interfaces/share/colcon-core/packages/dynamixel_interfaces)
[3.823s] INFO:colcon.colcon_ros.task.ament_cmake.build:Building ROS package in '/home/jamiek/2026_ROS_manipulator/open_manipulator_ws/src/dynamixel_hardware_interface' with build type 'ament_cmake'
[3.823s] INFO:colcon.colcon_cmake.task.cmake.build:Building CMake package in '/home/jamiek/2026_ROS_manipulator/open_manipulator_ws/src/dynamixel_hardware_interface'
[3.823s] INFO:colcon.colcon_core.shell:Skip shell extension 'powershell' for command environment: Not usable outside of PowerShell
[3.823s] DEBUG:colcon.colcon_core.shell:Skip shell extension 'dsv' for command environment
[3.842s] DEBUG:colcon.colcon_core.event_handler.log_command:Invoking command in '/home/jamiek/2026_ROS_manipulator/open_manipulator_ws/build/dynamixel_hardware_interface': CMAKE_PREFIX_PATH=/home/jamiek/2026_ROS_manipulator/open_manipulator_ws/install/dynamixel_sdk:/home/jamiek/2026_ROS_manipulator/open_manipulator_ws/install/dynamixel_interfaces:/home/jamiek/2026_ROS_manipulator/open_manipulator_ws/install/open_manipulator:/home/jamiek/2026_ROS_manipulator/open_manipulator_ws/install/open_manipulator_playground:/home/jamiek/2026_ROS_manipulator/open_manipulator_ws/install/robotis_interfaces:/home/jamiek/2026_ROS_manipulator/open_manipulator_ws/install/open_manipulator_moveit_config:/home/jamiek/2026_ROS_manipulator/open_manipulator_ws/install/open_manipulator_gui:/home/jamiek/2026_ROS_manipulator/open_manipulator_ws/install/open_manipulator_description:/home/jamiek/2026_ROS_manipulator/open_manipulator_ws/install/open_manipulator_collision:/home/jamiek/2026_ROS_manipulator/open_manipulator_ws/install/om_spring_actuator_controller:/home/jamiek/2026_ROS_manipulator/open_manipulator_ws/install/om_joint_trajectory_command_broadcaster:/home/jamiek/2026_ROS_manipulator/open_manipulator_ws/install/om_gravity_compensation_controller:/home/jamiek/2026_ROS_manipulator/open_manipulator_ws/install/dynamixel_sdk_examples:/home/jamiek/2026_ROS_manipulator/open_manipulator_ws/install/dynamixel_sdk_custom_interfaces:/home/jamiek/2026_ROS_manipulator/open_manipulator_ws/install/dynamixel_hardware_interface:/home/jamiek/2026_ROS_manipulator/ros_ws/install/user_interface:/opt/ros/jazzy/opt/gz_sim_vendor:/opt/ros/jazzy/opt/gz_sensors_vendor:/opt/ros/jazzy/opt/gz_physics_vendor:/opt/ros/jazzy/opt/sdformat_vendor:/opt/ros/jazzy/opt/gz_gui_vendor:/opt/ros/jazzy/opt/gz_transport_vendor:/opt/ros/jazzy/opt/gz_rendering_vendor:/opt/ros/jazzy/opt/gz_plugin_vendor:/opt/ros/jazzy/opt/gz_fuel_tools_vendor:/opt/ros/jazzy/opt/gz_msgs_vendor:/opt/ros/jazzy/opt/gz_common_vendor:/opt/ros/jazzy/opt/gz_math_vendor:/opt/ros/jazzy/opt/gz_utils_vendor:/opt/ros/jazzy/opt/gz_tools_vendor:/opt/ros/jazzy/opt/gz_ogre_next_vendor:/opt/ros/jazzy/opt/gz_dartsim_vendor:/opt/ros/jazzy/opt/gz_cmake_vendor:/home/jamiek/2026_ROS_manipulator/open_manipulator_ws/install/open_manipulator_teleop:/home/jamiek/2026_ROS_manipulator/open_manipulator_ws/install/open_manipulator_bringup:/home/jamiek/2026_ROS_manipulator/ros_ws/install/tf2_basic:/home/jamiek/2026_ROS_manipulator/ros_ws/install/ros_basic:/opt/ros/jazzy DEBUGINFOD_URLS=https://debuginfod.ubuntu.com LD_LIBRARY_PATH=/home/jamiek/2026_ROS_manipulator/open_manipulator_ws/install/dynamixel_sdk/lib:/home/jamiek/2026_ROS_manipulator/open_manipulator_ws/install/dynamixel_interfaces/lib:/home/jamiek/2026_ROS_manipulator/open_manipulator_ws/install/robotis_interfaces/lib:/home/jamiek/2026_ROS_manipulator/open_manipulator_ws/install/open_manipulator_gui/lib:/home/jamiek/2026_ROS_manipulator/open_manipulator_ws/install/open_manipulator_collision/lib:/home/jamiek/2026_ROS_manipulator/open_manipulator_ws/install/om_spring_actuator_controller/lib:/home/jamiek/2026_ROS_manipulator/open_manipulator_ws/install/om_joint_trajectory_command_broadcaster/lib:/home/jamiek/2026_ROS_manipulator/open_manipulator_ws/install/om_gravity_compensation_controller/lib:/home/jamiek/2026_ROS_manipulator/open_manipulator_ws/install/dynamixel_sdk_custom_interfaces/lib:/home/jamiek/2026_ROS_manipulator/open_manipulator_ws/install/dynamixel_hardware_interface/lib:/home/jamiek/2026_ROS_manipulator/ros_ws/install/user_interface/lib:/opt/ros/jazzy/opt/gz_sim_vendor/lib:/opt/ros/jazzy/opt/gz_sensors_vendor/lib:/opt/ros/jazzy/opt/gz_physics_vendor/lib:/opt/ros/jazzy/opt/sdformat_vendor/lib:/opt/ros/jazzy/opt/rviz_ogre_vendor/lib:/opt/ros/jazzy/lib/x86_64-linux-gnu:/opt/ros/jazzy/opt/gz_gui_vendor/lib:/opt/ros/jazzy/opt/gz_transport_vendor/lib:/opt/ros/jazzy/opt/gz_rendering_vendor/lib:/opt/ros/jazzy/opt/gz_plugin_vendor/lib:/opt/ros/jazzy/opt/gz_fuel_tools_vendor/lib:/opt/ros/jazzy/opt/gz_msgs_vendor/lib:/opt/ros/jazzy/opt/gz_common_vendor/lib:/opt/ros/jazzy/opt/gz_math_vendor/lib:/opt/ros/jazzy/opt/gz_utils_vendor/lib:/opt/ros/jazzy/opt/gz_tools_vendor/lib:/opt/ros/jazzy/opt/gz_ogre_next_vendor/lib:/opt/ros/jazzy/opt/gz_dartsim_vendor/lib:/opt/ros/jazzy/opt/gz_cmake_vendor/lib:/opt/ros/jazzy/lib PYTHONPATH=/home/jamiek/2026_ROS_manipulator/open_manipulator_ws/install/dynamixel_sdk/lib/python3.12/site-packages:/home/jamiek/2026_ROS_manipulator/open_manipulator_ws/install/dynamixel_interfaces/lib/python3.12/site-packages:/home/jamiek/2026_ROS_manipulator/open_manipulator_ws/install/robotis_interfaces/lib/python3.12/site-packages:/home/jamiek/2026_ROS_manipulator/open_manipulator_ws/build/open_manipulator_teleop:/home/jamiek/2026_ROS_manipulator/open_manipulator_ws/install/open_manipulator_teleop/lib/python3.12/site-packages:/home/jamiek/2026_ROS_manipulator/open_manipulator_ws/build/open_manipulator_bringup:/home/jamiek/2026_ROS_manipulator/open_manipulator_ws/install/open_manipulator_bringup/lib/python3.12/site-packages:/home/jamiek/2026_ROS_manipulator/open_manipulator_ws/install/dynamixel_sdk_custom_interfaces/lib/python3.12/site-packages:/home/jamiek/2026_ROS_manipulator/ros_ws/install/user_interface/lib/python3.12/site-packages:/home/jamiek/2026_ROS_manipulator/ros_ws/build/tf2_basic:/home/jamiek/2026_ROS_manipulator/ros_ws/install/tf2_basic/lib/python3.12/site-packages:/home/jamiek/2026_ROS_manipulator/ros_ws/build/ros_basic:/home/jamiek/2026_ROS_manipulator/ros_ws/install/ros_basic/lib/python3.12/site-packages:/opt/ros/jazzy/lib/python3.12/site-packages /usr/bin/cmake /home/jamiek/2026_ROS_manipulator/open_manipulator_ws/src/dynamixel_hardware_interface -DCMAKE_INSTALL_PREFIX=/home/jamiek/2026_ROS_manipulator/open_manipulator_ws/install/dynamixel_hardware_interface
[4.156s] DEBUG:colcon.colcon_core.event_handler.log_command:Invoked command in '/home/jamiek/2026_ROS_manipulator/open_manipulator_ws/build/dynamixel_sdk_examples' returned '0': CMAKE_PREFIX_PATH=/home/jamiek/2026_ROS_manipulator/open_manipulator_ws/install/dynamixel_sdk_custom_interfaces:/home/jamiek/2026_ROS_manipulator/open_manipulator_ws/install/dynamixel_sdk:/home/jamiek/2026_ROS_manipulator/open_manipulator_ws/install/open_manipulator:/home/jamiek/2026_ROS_manipulator/open_manipulator_ws/install/open_manipulator_playground:/home/jamiek/2026_ROS_manipulator/open_manipulator_ws/install/robotis_interfaces:/home/jamiek/2026_ROS_manipulator/open_manipulator_ws/install/open_manipulator_moveit_config:/home/jamiek/2026_ROS_manipulator/open_manipulator_ws/install/open_manipulator_gui:/home/jamiek/2026_ROS_manipulator/open_manipulator_ws/install/open_manipulator_description:/home/jamiek/2026_ROS_manipulator/open_manipulator_ws/install/open_manipulator_collision:/home/jamiek/2026_ROS_manipulator/open_manipulator_ws/install/om_spring_actuator_controller:/home/jamiek/2026_ROS_manipulator/open_manipulator_ws/install/om_joint_trajectory_command_broadcaster:/home/jamiek/2026_ROS_manipulator/open_manipulator_ws/install/om_gravity_compensation_controller:/home/jamiek/2026_ROS_manipulator/open_manipulator_ws/install/dynamixel_sdk_examples:/home/jamiek/2026_ROS_manipulator/open_manipulator_ws/install/dynamixel_hardware_interface:/home/jamiek/2026_ROS_manipulator/open_manipulator_ws/install/dynamixel_interfaces:/home/jamiek/2026_ROS_manipulator/ros_ws/install/user_interface:/opt/ros/jazzy/opt/gz_sim_vendor:/opt/ros/jazzy/opt/gz_sensors_vendor:/opt/ros/jazzy/opt/gz_physics_vendor:/opt/ros/jazzy/opt/sdformat_vendor:/opt/ros/jazzy/opt/gz_gui_vendor:/opt/ros/jazzy/opt/gz_transport_vendor:/opt/ros/jazzy/opt/gz_rendering_vendor:/opt/ros/jazzy/opt/gz_plugin_vendor:/opt/ros/jazzy/opt/gz_fuel_tools_vendor:/opt/ros/jazzy/opt/gz_msgs_vendor:/opt/ros/jazzy/opt/gz_common_vendor:/opt/ros/jazzy/opt/gz_math_vendor:/opt/ros/jazzy/opt/gz_utils_vendor:/opt/ros/jazzy/opt/gz_tools_vendor:/opt/ros/jazzy/opt/gz_ogre_next_vendor:/opt/ros/jazzy/opt/gz_dartsim_vendor:/opt/ros/jazzy/opt/gz_cmake_vendor:/home/jamiek/2026_ROS_manipulator/open_manipulator_ws/install/open_manipulator_teleop:/home/jamiek/2026_ROS_manipulator/open_manipulator_ws/install/open_manipulator_bringup:/home/jamiek/2026_ROS_manipulator/ros_ws/install/tf2_basic:/home/jamiek/2026_ROS_manipulator/ros_ws/install/ros_basic:/opt/ros/jazzy DEBUGINFOD_URLS=https://debuginfod.ubuntu.com LD_LIBRARY_PATH=/home/jamiek/2026_ROS_manipulator/open_manipulator_ws/install/dynamixel_sdk_custom_interfaces/lib:/home/jamiek/2026_ROS_manipulator/open_manipulator_ws/install/dynamixel_sdk/lib:/home/jamiek/2026_ROS_manipulator/open_manipulator_ws/install/robotis_interfaces/lib:/home/jamiek/2026_ROS_manipulator/open_manipulator_ws/install/open_manipulator_gui/lib:/home/jamiek/2026_ROS_manipulator/open_manipulator_ws/install/open_manipulator_collision/lib:/home/jamiek/2026_ROS_manipulator/open_manipulator_ws/install/om_spring_actuator_controller/lib:/home/jamiek/2026_ROS_manipulator/open_manipulator_ws/install/om_joint_trajectory_command_broadcaster/lib:/home/jamiek/2026_ROS_manipulator/open_manipulator_ws/install/om_gravity_compensation_controller/lib:/home/jamiek/2026_ROS_manipulator/open_manipulator_ws/install/dynamixel_hardware_interface/lib:/home/jamiek/2026_ROS_manipulator/open_manipulator_ws/install/dynamixel_interfaces/lib:/home/jamiek/2026_ROS_manipulator/ros_ws/install/user_interface/lib:/opt/ros/jazzy/opt/gz_sim_vendor/lib:/opt/ros/jazzy/opt/gz_sensors_vendor/lib:/opt/ros/jazzy/opt/gz_physics_vendor/lib:/opt/ros/jazzy/opt/sdformat_vendor/lib:/opt/ros/jazzy/opt/rviz_ogre_vendor/lib:/opt/ros/jazzy/lib/x86_64-linux-gnu:/opt/ros/jazzy/opt/gz_gui_vendor/lib:/opt/ros/jazzy/opt/gz_transport_vendor/lib:/opt/ros/jazzy/opt/gz_rendering_vendor/lib:/opt/ros/jazzy/opt/gz_plugin_vendor/lib:/opt/ros/jazzy/opt/gz_fuel_tools_vendor/lib:/opt/ros/jazzy/opt/gz_msgs_vendor/lib:/opt/ros/jazzy/opt/gz_common_vendor/lib:/opt/ros/jazzy/opt/gz_math_vendor/lib:/opt/ros/jazzy/opt/gz_utils_vendor/lib:/opt/ros/jazzy/opt/gz_tools_vendor/lib:/opt/ros/jazzy/opt/gz_ogre_next_vendor/lib:/opt/ros/jazzy/opt/gz_dartsim_vendor/lib:/opt/ros/jazzy/opt/gz_cmake_vendor/lib:/opt/ros/jazzy/lib PYTHONPATH=/home/jamiek/2026_ROS_manipulator/open_manipulator_ws/install/dynamixel_sdk_custom_interfaces/lib/python3.12/site-packages:/home/jamiek/2026_ROS_manipulator/open_manipulator_ws/install/dynamixel_sdk/lib/python3.12/site-packages:/home/jamiek/2026_ROS_manipulator/open_manipulator_ws/install/robotis_interfaces/lib/python3.12/site-packages:/home/jamiek/2026_ROS_manipulator/open_manipulator_ws/build/open_manipulator_teleop:/home/jamiek/2026_ROS_manipulator/open_manipulator_ws/install/open_manipulator_teleop/lib/python3.12/site-packages:/home/jamiek/2026_ROS_manipulator/open_manipulator_ws/build/open_manipulator_bringup:/home/jamiek/2026_ROS_manipulator/open_manipulator_ws/install/open_manipulator_bringup/lib/python3.12/site-packages:/home/jamiek/2026_ROS_manipulator/open_manipulator_ws/install/dynamixel_interfaces/lib/python3.12/site-packages:/home/jamiek/2026_ROS_manipulator/ros_ws/install/user_interface/lib/python3.12/site-packages:/home/jamiek/2026_ROS_manipulator/ros_ws/build/tf2_basic:/home/jamiek/2026_ROS_manipulator/ros_ws/install/tf2_basic/lib/python3.12/site-packages:/home/jamiek/2026_ROS_manipulator/ros_ws/build/ros_basic:/home/jamiek/2026_ROS_manipulator/ros_ws/install/ros_basic/lib/python3.12/site-packages:/opt/ros/jazzy/lib/python3.12/site-packages /usr/bin/cmake /home/jamiek/2026_ROS_manipulator/open_manipulator_ws/src/DynamixelSDK/ros/dynamixel_sdk_examples -DCMAKE_INSTALL_PREFIX=/home/jamiek/2026_ROS_manipulator/open_manipulator_ws/install/dynamixel_sdk_examples
[4.157s] DEBUG:colcon.colcon_core.event_handler.log_command:Invoking command in '/home/jamiek/2026_ROS_manipulator/open_manipulator_ws/build/dynamixel_sdk_examples': CMAKE_PREFIX_PATH=/home/jamiek/2026_ROS_manipulator/open_manipulator_ws/install/dynamixel_sdk_custom_interfaces:/home/jamiek/2026_ROS_manipulator/open_manipulator_ws/install/dynamixel_sdk:/home/jamiek/2026_ROS_manipulator/open_manipulator_ws/install/open_manipulator:/home/jamiek/2026_ROS_manipulator/open_manipulator_ws/install/open_manipulator_playground:/home/jamiek/2026_ROS_manipulator/open_manipulator_ws/install/robotis_interfaces:/home/jamiek/2026_ROS_manipulator/open_manipulator_ws/install/open_manipulator_moveit_config:/home/jamiek/2026_ROS_manipulator/open_manipulator_ws/install/open_manipulator_gui:/home/jamiek/2026_ROS_manipulator/open_manipulator_ws/install/open_manipulator_description:/home/jamiek/2026_ROS_manipulator/open_manipulator_ws/install/open_manipulator_collision:/home/jamiek/2026_ROS_manipulator/open_manipulator_ws/install/om_spring_actuator_controller:/home/jamiek/2026_ROS_manipulator/open_manipulator_ws/install/om_joint_trajectory_command_broadcaster:/home/jamiek/2026_ROS_manipulator/open_manipulator_ws/install/om_gravity_compensation_controller:/home/jamiek/2026_ROS_manipulator/open_manipulator_ws/install/dynamixel_sdk_examples:/home/jamiek/2026_ROS_manipulator/open_manipulator_ws/install/dynamixel_hardware_interface:/home/jamiek/2026_ROS_manipulator/open_manipulator_ws/install/dynamixel_interfaces:/home/jamiek/2026_ROS_manipulator/ros_ws/install/user_interface:/opt/ros/jazzy/opt/gz_sim_vendor:/opt/ros/jazzy/opt/gz_sensors_vendor:/opt/ros/jazzy/opt/gz_physics_vendor:/opt/ros/jazzy/opt/sdformat_vendor:/opt/ros/jazzy/opt/gz_gui_vendor:/opt/ros/jazzy/opt/gz_transport_vendor:/opt/ros/jazzy/opt/gz_rendering_vendor:/opt/ros/jazzy/opt/gz_plugin_vendor:/opt/ros/jazzy/opt/gz_fuel_tools_vendor:/opt/ros/jazzy/opt/gz_msgs_vendor:/opt/ros/jazzy/opt/gz_common_vendor:/opt/ros/jazzy/opt/gz_math_vendor:/opt/ros/jazzy/opt/gz_utils_vendor:/opt/ros/jazzy/opt/gz_tools_vendor:/opt/ros/jazzy/opt/gz_ogre_next_vendor:/opt/ros/jazzy/opt/gz_dartsim_vendor:/opt/ros/jazzy/opt/gz_cmake_vendor:/home/jamiek/2026_ROS_manipulator/open_manipulator_ws/install/open_manipulator_teleop:/home/jamiek/2026_ROS_manipulator/open_manipulator_ws/install/open_manipulator_bringup:/home/jamiek/2026_ROS_manipulator/ros_ws/install/tf2_basic:/home/jamiek/2026_ROS_manipulator/ros_ws/install/ros_basic:/opt/ros/jazzy DEBUGINFOD_URLS=https://debuginfod.ubuntu.com LD_LIBRARY_PATH=/home/jamiek/2026_ROS_manipulator/open_manipulator_ws/install/dynamixel_sdk_custom_interfaces/lib:/home/jamiek/2026_ROS_manipulator/open_manipulator_ws/install/dynamixel_sdk/lib:/home/jamiek/2026_ROS_manipulator/open_manipulator_ws/install/robotis_interfaces/lib:/home/jamiek/2026_ROS_manipulator/open_manipulator_ws/install/open_manipulator_gui/lib:/home/jamiek/2026_ROS_manipulator/open_manipulator_ws/install/open_manipulator_collision/lib:/home/jamiek/2026_ROS_manipulator/open_manipulator_ws/install/om_spring_actuator_controller/lib:/home/jamiek/2026_ROS_manipulator/open_manipulator_ws/install/om_joint_trajectory_command_broadcaster/lib:/home/jamiek/2026_ROS_manipulator/open_manipulator_ws/install/om_gravity_compensation_controller/lib:/home/jamiek/2026_ROS_manipulator/open_manipulator_ws/install/dynamixel_hardware_interface/lib:/home/jamiek/2026_ROS_manipulator/open_manipulator_ws/install/dynamixel_interfaces/lib:/home/jamiek/2026_ROS_manipulator/ros_ws/install/user_interface/lib:/opt/ros/jazzy/opt/gz_sim_vendor/lib:/opt/ros/jazzy/opt/gz_sensors_vendor/lib:/opt/ros/jazzy/opt/gz_physics_vendor/lib:/opt/ros/jazzy/opt/sdformat_vendor/lib:/opt/ros/jazzy/opt/rviz_ogre_vendor/lib:/opt/ros/jazzy/lib/x86_64-linux-gnu:/opt/ros/jazzy/opt/gz_gui_vendor/lib:/opt/ros/jazzy/opt/gz_transport_vendor/lib:/opt/ros/jazzy/opt/gz_rendering_vendor/lib:/opt/ros/jazzy/opt/gz_plugin_vendor/lib:/opt/ros/jazzy/opt/gz_fuel_tools_vendor/lib:/opt/ros/jazzy/opt/gz_msgs_vendor/lib:/opt/ros/jazzy/opt/gz_common_vendor/lib:/opt/ros/jazzy/opt/gz_math_vendor/lib:/opt/ros/jazzy/opt/gz_utils_vendor/lib:/opt/ros/jazzy/opt/gz_tools_vendor/lib:/opt/ros/jazzy/opt/gz_ogre_next_vendor/lib:/opt/ros/jazzy/opt/gz_dartsim_vendor/lib:/opt/ros/jazzy/opt/gz_cmake_vendor/lib:/opt/ros/jazzy/lib PYTHONPATH=/home/jamiek/2026_ROS_manipulator/open_manipulator_ws/install/dynamixel_sdk_custom_interfaces/lib/python3.12/site-packages:/home/jamiek/2026_ROS_manipulator/open_manipulator_ws/install/dynamixel_sdk/lib/python3.12/site-packages:/home/jamiek/2026_ROS_manipulator/open_manipulator_ws/install/robotis_interfaces/lib/python3.12/site-packages:/home/jamiek/2026_ROS_manipulator/open_manipulator_ws/build/open_manipulator_teleop:/home/jamiek/2026_ROS_manipulator/open_manipulator_ws/install/open_manipulator_teleop/lib/python3.12/site-packages:/home/jamiek/2026_ROS_manipulator/open_manipulator_ws/build/open_manipulator_bringup:/home/jamiek/2026_ROS_manipulator/open_manipulator_ws/install/open_manipulator_bringup/lib/python3.12/site-packages:/home/jamiek/2026_ROS_manipulator/open_manipulator_ws/install/dynamixel_interfaces/lib/python3.12/site-packages:/home/jamiek/2026_ROS_manipulator/ros_ws/install/user_interface/lib/python3.12/site-packages:/home/jamiek/2026_ROS_manipulator/ros_ws/build/tf2_basic:/home/jamiek/2026_ROS_manipulator/ros_ws/install/tf2_basic/lib/python3.12/site-packages:/home/jamiek/2026_ROS_manipulator/ros_ws/build/ros_basic:/home/jamiek/2026_ROS_manipulator/ros_ws/install/ros_basic/lib/python3.12/site-packages:/opt/ros/jazzy/lib/python3.12/site-packages /usr/bin/cmake --build /home/jamiek/2026_ROS_manipulator/open_manipulator_ws/build/dynamixel_sdk_examples
[4.253s] DEBUG:colcon.colcon_core.event_handler.log_command:Invoked command in '/home/jamiek/2026_ROS_manipulator/open_manipulator_ws/build/dynamixel_sdk_examples' returned '0': CMAKE_PREFIX_PATH=/home/jamiek/2026_ROS_manipulator/open_manipulator_ws/install/dynamixel_sdk_custom_interfaces:/home/jamiek/2026_ROS_manipulator/open_manipulator_ws/install/dynamixel_sdk:/home/jamiek/2026_ROS_manipulator/open_manipulator_ws/install/open_manipulator:/home/jamiek/2026_ROS_manipulator/open_manipulator_ws/install/open_manipulator_playground:/home/jamiek/2026_ROS_manipulator/open_manipulator_ws/install/robotis_interfaces:/home/jamiek/2026_ROS_manipulator/open_manipulator_ws/install/open_manipulator_moveit_config:/home/jamiek/2026_ROS_manipulator/open_manipulator_ws/install/open_manipulator_gui:/home/jamiek/2026_ROS_manipulator/open_manipulator_ws/install/open_manipulator_description:/home/jamiek/2026_ROS_manipulator/open_manipulator_ws/install/open_manipulator_collision:/home/jamiek/2026_ROS_manipulator/open_manipulator_ws/install/om_spring_actuator_controller:/home/jamiek/2026_ROS_manipulator/open_manipulator_ws/install/om_joint_trajectory_command_broadcaster:/home/jamiek/2026_ROS_manipulator/open_manipulator_ws/install/om_gravity_compensation_controller:/home/jamiek/2026_ROS_manipulator/open_manipulator_ws/install/dynamixel_sdk_examples:/home/jamiek/2026_ROS_manipulator/open_manipulator_ws/install/dynamixel_hardware_interface:/home/jamiek/2026_ROS_manipulator/open_manipulator_ws/install/dynamixel_interfaces:/home/jamiek/2026_ROS_manipulator/ros_ws/install/user_interface:/opt/ros/jazzy/opt/gz_sim_vendor:/opt/ros/jazzy/opt/gz_sensors_vendor:/opt/ros/jazzy/opt/gz_physics_vendor:/opt/ros/jazzy/opt/sdformat_vendor:/opt/ros/jazzy/opt/gz_gui_vendor:/opt/ros/jazzy/opt/gz_transport_vendor:/opt/ros/jazzy/opt/gz_rendering_vendor:/opt/ros/jazzy/opt/gz_plugin_vendor:/opt/ros/jazzy/opt/gz_fuel_tools_vendor:/opt/ros/jazzy/opt/gz_msgs_vendor:/opt/ros/jazzy/opt/gz_common_vendor:/opt/ros/jazzy/opt/gz_math_vendor:/opt/ros/jazzy/opt/gz_utils_vendor:/opt/ros/jazzy/opt/gz_tools_vendor:/opt/ros/jazzy/opt/gz_ogre_next_vendor:/opt/ros/jazzy/opt/gz_dartsim_vendor:/opt/ros/jazzy/opt/gz_cmake_vendor:/home/jamiek/2026_ROS_manipulator/open_manipulator_ws/install/open_manipulator_teleop:/home/jamiek/2026_ROS_manipulator/open_manipulator_ws/install/open_manipulator_bringup:/home/jamiek/2026_ROS_manipulator/ros_ws/install/tf2_basic:/home/jamiek/2026_ROS_manipulator/ros_ws/install/ros_basic:/opt/ros/jazzy DEBUGINFOD_URLS=https://debuginfod.ubuntu.com LD_LIBRARY_PATH=/home/jamiek/2026_ROS_manipulator/open_manipulator_ws/install/dynamixel_sdk_custom_interfaces/lib:/home/jamiek/2026_ROS_manipulator/open_manipulator_ws/install/dynamixel_sdk/lib:/home/jamiek/2026_ROS_manipulator/open_manipulator_ws/install/robotis_interfaces/lib:/home/jamiek/2026_ROS_manipulator/open_manipulator_ws/install/open_manipulator_gui/lib:/home/jamiek/2026_ROS_manipulator/open_manipulator_ws/install/open_manipulator_collision/lib:/home/jamiek/2026_ROS_manipulator/open_manipulator_ws/install/om_spring_actuator_controller/lib:/home/jamiek/2026_ROS_manipulator/open_manipulator_ws/install/om_joint_trajectory_command_broadcaster/lib:/home/jamiek/2026_ROS_manipulator/open_manipulator_ws/install/om_gravity_compensation_controller/lib:/home/jamiek/2026_ROS_manipulator/open_manipulator_ws/install/dynamixel_hardware_interface/lib:/home/jamiek/2026_ROS_manipulator/open_manipulator_ws/install/dynamixel_interfaces/lib:/home/jamiek/2026_ROS_manipulator/ros_ws/install/user_interface/lib:/opt/ros/jazzy/opt/gz_sim_vendor/lib:/opt/ros/jazzy/opt/gz_sensors_vendor/lib:/opt/ros/jazzy/opt/gz_physics_vendor/lib:/opt/ros/jazzy/opt/sdformat_vendor/lib:/opt/ros/jazzy/opt/rviz_ogre_vendor/lib:/opt/ros/jazzy/lib/x86_64-linux-gnu:/opt/ros/jazzy/opt/gz_gui_vendor/lib:/opt/ros/jazzy/opt/gz_transport_vendor/lib:/opt/ros/jazzy/opt/gz_rendering_vendor/lib:/opt/ros/jazzy/opt/gz_plugin_vendor/lib:/opt/ros/jazzy/opt/gz_fuel_tools_vendor/lib:/opt/ros/jazzy/opt/gz_msgs_vendor/lib:/opt/ros/jazzy/opt/gz_common_vendor/lib:/opt/ros/jazzy/opt/gz_math_vendor/lib:/opt/ros/jazzy/opt/gz_utils_vendor/lib:/opt/ros/jazzy/opt/gz_tools_vendor/lib:/opt/ros/jazzy/opt/gz_ogre_next_vendor/lib:/opt/ros/jazzy/opt/gz_dartsim_vendor/lib:/opt/ros/jazzy/opt/gz_cmake_vendor/lib:/opt/ros/jazzy/lib PYTHONPATH=/home/jamiek/2026_ROS_manipulator/open_manipulator_ws/install/dynamixel_sdk_custom_interfaces/lib/python3.12/site-packages:/home/jamiek/2026_ROS_manipulator/open_manipulator_ws/install/dynamixel_sdk/lib/python3.12/site-packages:/home/jamiek/2026_ROS_manipulator/open_manipulator_ws/install/robotis_interfaces/lib/python3.12/site-packages:/home/jamiek/2026_ROS_manipulator/open_manipulator_ws/build/open_manipulator_teleop:/home/jamiek/2026_ROS_manipulator/open_manipulator_ws/install/open_manipulator_teleop/lib/python3.12/site-packages:/home/jamiek/2026_ROS_manipulator/open_manipulator_ws/build/open_manipulator_bringup:/home/jamiek/2026_ROS_manipulator/open_manipulator_ws/install/open_manipulator_bringup/lib/python3.12/site-packages:/home/jamiek/2026_ROS_manipulator/open_manipulator_ws/install/dynamixel_interfaces/lib/python3.12/site-packages:/home/jamiek/2026_ROS_manipulator/ros_ws/install/user_interface/lib/python3.12/site-packages:/home/jamiek/2026_ROS_manipulator/ros_ws/build/tf2_basic:/home/jamiek/2026_ROS_manipulator/ros_ws/install/tf2_basic/lib/python3.12/site-packages:/home/jamiek/2026_ROS_manipulator/ros_ws/build/ros_basic:/home/jamiek/2026_ROS_manipulator/ros_ws/install/ros_basic/lib/python3.12/site-packages:/opt/ros/jazzy/lib/python3.12/site-packages /usr/bin/cmake --build /home/jamiek/2026_ROS_manipulator/open_manipulator_ws/build/dynamixel_sdk_examples
[4.254s] DEBUG:colcon.colcon_core.event_handler.log_command:Invoking command in '/home/jamiek/2026_ROS_manipulator/open_manipulator_ws/build/dynamixel_sdk_examples': CMAKE_PREFIX_PATH=/home/jamiek/2026_ROS_manipulator/open_manipulator_ws/install/dynamixel_sdk_custom_interfaces:/home/jamiek/2026_ROS_manipulator/open_manipulator_ws/install/dynamixel_sdk:/home/jamiek/2026_ROS_manipulator/open_manipulator_ws/install/open_manipulator:/home/jamiek/2026_ROS_manipulator/open_manipulator_ws/install/open_manipulator_playground:/home/jamiek/2026_ROS_manipulator/open_manipulator_ws/install/robotis_interfaces:/home/jamiek/2026_ROS_manipulator/open_manipulator_ws/install/open_manipulator_moveit_config:/home/jamiek/2026_ROS_manipulator/open_manipulator_ws/install/open_manipulator_gui:/home/jamiek/2026_ROS_manipulator/open_manipulator_ws/install/open_manipulator_description:/home/jamiek/2026_ROS_manipulator/open_manipulator_ws/install/open_manipulator_collision:/home/jamiek/2026_ROS_manipulator/open_manipulator_ws/install/om_spring_actuator_controller:/home/jamiek/2026_ROS_manipulator/open_manipulator_ws/install/om_joint_trajectory_command_broadcaster:/home/jamiek/2026_ROS_manipulator/open_manipulator_ws/install/om_gravity_compensation_controller:/home/jamiek/2026_ROS_manipulator/open_manipulator_ws/install/dynamixel_sdk_examples:/home/jamiek/2026_ROS_manipulator/open_manipulator_ws/install/dynamixel_hardware_interface:/home/jamiek/2026_ROS_manipulator/open_manipulator_ws/install/dynamixel_interfaces:/home/jamiek/2026_ROS_manipulator/ros_ws/install/user_interface:/opt/ros/jazzy/opt/gz_sim_vendor:/opt/ros/jazzy/opt/gz_sensors_vendor:/opt/ros/jazzy/opt/gz_physics_vendor:/opt/ros/jazzy/opt/sdformat_vendor:/opt/ros/jazzy/opt/gz_gui_vendor:/opt/ros/jazzy/opt/gz_transport_vendor:/opt/ros/jazzy/opt/gz_rendering_vendor:/opt/ros/jazzy/opt/gz_plugin_vendor:/opt/ros/jazzy/opt/gz_fuel_tools_vendor:/opt/ros/jazzy/opt/gz_msgs_vendor:/opt/ros/jazzy/opt/gz_common_vendor:/opt/ros/jazzy/opt/gz_math_vendor:/opt/ros/jazzy/opt/gz_utils_vendor:/opt/ros/jazzy/opt/gz_tools_vendor:/opt/ros/jazzy/opt/gz_ogre_next_vendor:/opt/ros/jazzy/opt/gz_dartsim_vendor:/opt/ros/jazzy/opt/gz_cmake_vendor:/home/jamiek/2026_ROS_manipulator/open_manipulator_ws/install/open_manipulator_teleop:/home/jamiek/2026_ROS_manipulator/open_manipulator_ws/install/open_manipulator_bringup:/home/jamiek/2026_ROS_manipulator/ros_ws/install/tf2_basic:/home/jamiek/2026_ROS_manipulator/ros_ws/install/ros_basic:/opt/ros/jazzy DEBUGINFOD_URLS=https://debuginfod.ubuntu.com LD_LIBRARY_PATH=/home/jamiek/2026_ROS_manipulator/open_manipulator_ws/install/dynamixel_sdk_custom_interfaces/lib:/home/jamiek/2026_ROS_manipulator/open_manipulator_ws/install/dynamixel_sdk/lib:/home/jamiek/2026_ROS_manipulator/open_manipulator_ws/install/robotis_interfaces/lib:/home/jamiek/2026_ROS_manipulator/open_manipulator_ws/install/open_manipulator_gui/lib:/home/jamiek/2026_ROS_manipulator/open_manipulator_ws/install/open_manipulator_collision/lib:/home/jamiek/2026_ROS_manipulator/open_manipulator_ws/install/om_spring_actuator_controller/lib:/home/jamiek/2026_ROS_manipulator/open_manipulator_ws/install/om_joint_trajectory_command_broadcaster/lib:/home/jamiek/2026_ROS_manipulator/open_manipulator_ws/install/om_gravity_compensation_controller/lib:/home/jamiek/2026_ROS_manipulator/open_manipulator_ws/install/dynamixel_hardware_interface/lib:/home/jamiek/2026_ROS_manipulator/open_manipulator_ws/install/dynamixel_interfaces/lib:/home/jamiek/2026_ROS_manipulator/ros_ws/install/user_interface/lib:/opt/ros/jazzy/opt/gz_sim_vendor/lib:/opt/ros/jazzy/opt/gz_sensors_vendor/lib:/opt/ros/jazzy/opt/gz_physics_vendor/lib:/opt/ros/jazzy/opt/sdformat_vendor/lib:/opt/ros/jazzy/opt/rviz_ogre_vendor/lib:/opt/ros/jazzy/lib/x86_64-linux-gnu:/opt/ros/jazzy/opt/gz_gui_vendor/lib:/opt/ros/jazzy/opt/gz_transport_vendor/lib:/opt/ros/jazzy/opt/gz_rendering_vendor/lib:/opt/ros/jazzy/opt/gz_plugin_vendor/lib:/opt/ros/jazzy/opt/gz_fuel_tools_vendor/lib:/opt/ros/jazzy/opt/gz_msgs_vendor/lib:/opt/ros/jazzy/opt/gz_common_vendor/lib:/opt/ros/jazzy/opt/gz_math_vendor/lib:/opt/ros/jazzy/opt/gz_utils_vendor/lib:/opt/ros/jazzy/opt/gz_tools_vendor/lib:/opt/ros/jazzy/opt/gz_ogre_next_vendor/lib:/opt/ros/jazzy/opt/gz_dartsim_vendor/lib:/opt/ros/jazzy/opt/gz_cmake_vendor/lib:/opt/ros/jazzy/lib PYTHONPATH=/home/jamiek/2026_ROS_manipulator/open_manipulator_ws/install/dynamixel_sdk_custom_interfaces/lib/python3.12/site-packages:/home/jamiek/2026_ROS_manipulator/open_manipulator_ws/install/dynamixel_sdk/lib/python3.12/site-packages:/home/jamiek/2026_ROS_manipulator/open_manipulator_ws/install/robotis_interfaces/lib/python3.12/site-packages:/home/jamiek/2026_ROS_manipulator/open_manipulator_ws/build/open_manipulator_teleop:/home/jamiek/2026_ROS_manipulator/open_manipulator_ws/install/open_manipulator_teleop/lib/python3.12/site-packages:/home/jamiek/2026_ROS_manipulator/open_manipulator_ws/build/open_manipulator_bringup:/home/jamiek/2026_ROS_manipulator/open_manipulator_ws/install/open_manipulator_bringup/lib/python3.12/site-packages:/home/jamiek/2026_ROS_manipulator/open_manipulator_ws/install/dynamixel_interfaces/lib/python3.12/site-packages:/home/jamiek/2026_ROS_manipulator/ros_ws/install/user_interface/lib/python3.12/site-packages:/home/jamiek/2026_ROS_manipulator/ros_ws/build/tf2_basic:/home/jamiek/2026_ROS_manipulator/ros_ws/install/tf2_basic/lib/python3.12/site-packages:/home/jamiek/2026_ROS_manipulator/ros_ws/build/ros_basic:/home/jamiek/2026_ROS_manipulator/ros_ws/install/ros_basic/lib/python3.12/site-packages:/opt/ros/jazzy/lib/python3.12/site-packages /usr/bin/cmake --install /home/jamiek/2026_ROS_manipulator/open_manipulator_ws/build/dynamixel_sdk_examples
[4.282s] Level 1:colcon.colcon_core.environment:create_environment_scripts_only(dynamixel_sdk_examples)
[4.283s] Level 1:colcon.colcon_core.environment:checking '/home/jamiek/2026_ROS_manipulator/open_manipulator_ws/install/dynamixel_sdk_examples' for CMake module files
[4.283s] DEBUG:colcon.colcon_core.event_handler.log_command:Invoked command in '/home/jamiek/2026_ROS_manipulator/open_manipulator_ws/build/dynamixel_sdk_examples' returned '0': CMAKE_PREFIX_PATH=/home/jamiek/2026_ROS_manipulator/open_manipulator_ws/install/dynamixel_sdk_custom_interfaces:/home/jamiek/2026_ROS_manipulator/open_manipulator_ws/install/dynamixel_sdk:/home/jamiek/2026_ROS_manipulator/open_manipulator_ws/install/open_manipulator:/home/jamiek/2026_ROS_manipulator/open_manipulator_ws/install/open_manipulator_playground:/home/jamiek/2026_ROS_manipulator/open_manipulator_ws/install/robotis_interfaces:/home/jamiek/2026_ROS_manipulator/open_manipulator_ws/install/open_manipulator_moveit_config:/home/jamiek/2026_ROS_manipulator/open_manipulator_ws/install/open_manipulator_gui:/home/jamiek/2026_ROS_manipulator/open_manipulator_ws/install/open_manipulator_description:/home/jamiek/2026_ROS_manipulator/open_manipulator_ws/install/open_manipulator_collision:/home/jamiek/2026_ROS_manipulator/open_manipulator_ws/install/om_spring_actuator_controller:/home/jamiek/2026_ROS_manipulator/open_manipulator_ws/install/om_joint_trajectory_command_broadcaster:/home/jamiek/2026_ROS_manipulator/open_manipulator_ws/install/om_gravity_compensation_controller:/home/jamiek/2026_ROS_manipulator/open_manipulator_ws/install/dynamixel_sdk_examples:/home/jamiek/2026_ROS_manipulator/open_manipulator_ws/install/dynamixel_hardware_interface:/home/jamiek/2026_ROS_manipulator/open_manipulator_ws/install/dynamixel_interfaces:/home/jamiek/2026_ROS_manipulator/ros_ws/install/user_interface:/opt/ros/jazzy/opt/gz_sim_vendor:/opt/ros/jazzy/opt/gz_sensors_vendor:/opt/ros/jazzy/opt/gz_physics_vendor:/opt/ros/jazzy/opt/sdformat_vendor:/opt/ros/jazzy/opt/gz_gui_vendor:/opt/ros/jazzy/opt/gz_transport_vendor:/opt/ros/jazzy/opt/gz_rendering_vendor:/opt/ros/jazzy/opt/gz_plugin_vendor:/opt/ros/jazzy/opt/gz_fuel_tools_vendor:/opt/ros/jazzy/opt/gz_msgs_vendor:/opt/ros/jazzy/opt/gz_common_vendor:/opt/ros/jazzy/opt/gz_math_vendor:/opt/ros/jazzy/opt/gz_utils_vendor:/opt/ros/jazzy/opt/gz_tools_vendor:/opt/ros/jazzy/opt/gz_ogre_next_vendor:/opt/ros/jazzy/opt/gz_dartsim_vendor:/opt/ros/jazzy/opt/gz_cmake_vendor:/home/jamiek/2026_ROS_manipulator/open_manipulator_ws/install/open_manipulator_teleop:/home/jamiek/2026_ROS_manipulator/open_manipulator_ws/install/open_manipulator_bringup:/home/jamiek/2026_ROS_manipulator/ros_ws/install/tf2_basic:/home/jamiek/2026_ROS_manipulator/ros_ws/install/ros_basic:/opt/ros/jazzy DEBUGINFOD_URLS=https://debuginfod.ubuntu.com LD_LIBRARY_PATH=/home/jamiek/2026_ROS_manipulator/open_manipulator_ws/install/dynamixel_sdk_custom_interfaces/lib:/home/jamiek/2026_ROS_manipulator/open_manipulator_ws/install/dynamixel_sdk/lib:/home/jamiek/2026_ROS_manipulator/open_manipulator_ws/install/robotis_interfaces/lib:/home/jamiek/2026_ROS_manipulator/open_manipulator_ws/install/open_manipulator_gui/lib:/home/jamiek/2026_ROS_manipulator/open_manipulator_ws/install/open_manipulator_collision/lib:/home/jamiek/2026_ROS_manipulator/open_manipulator_ws/install/om_spring_actuator_controller/lib:/home/jamiek/2026_ROS_manipulator/open_manipulator_ws/install/om_joint_trajectory_command_broadcaster/lib:/home/jamiek/2026_ROS_manipulator/open_manipulator_ws/install/om_gravity_compensation_controller/lib:/home/jamiek/2026_ROS_manipulator/open_manipulator_ws/install/dynamixel_hardware_interface/lib:/home/jamiek/2026_ROS_manipulator/open_manipulator_ws/install/dynamixel_interfaces/lib:/home/jamiek/2026_ROS_manipulator/ros_ws/install/user_interface/lib:/opt/ros/jazzy/opt/gz_sim_vendor/lib:/opt/ros/jazzy/opt/gz_sensors_vendor/lib:/opt/ros/jazzy/opt/gz_physics_vendor/lib:/opt/ros/jazzy/opt/sdformat_vendor/lib:/opt/ros/jazzy/opt/rviz_ogre_vendor/lib:/opt/ros/jazzy/lib/x86_64-linux-gnu:/opt/ros/jazzy/opt/gz_gui_vendor/lib:/opt/ros/jazzy/opt/gz_transport_vendor/lib:/opt/ros/jazzy/opt/gz_rendering_vendor/lib:/opt/ros/jazzy/opt/gz_plugin_vendor/lib:/opt/ros/jazzy/opt/gz_fuel_tools_vendor/lib:/opt/ros/jazzy/opt/gz_msgs_vendor/lib:/opt/ros/jazzy/opt/gz_common_vendor/lib:/opt/ros/jazzy/opt/gz_math_vendor/lib:/opt/ros/jazzy/opt/gz_utils_vendor/lib:/opt/ros/jazzy/opt/gz_tools_vendor/lib:/opt/ros/jazzy/opt/gz_ogre_next_vendor/lib:/opt/ros/jazzy/opt/gz_dartsim_vendor/lib:/opt/ros/jazzy/opt/gz_cmake_vendor/lib:/opt/ros/jazzy/lib PYTHONPATH=/home/jamiek/2026_ROS_manipulator/open_manipulator_ws/install/dynamixel_sdk_custom_interfaces/lib/python3.12/site-packages:/home/jamiek/2026_ROS_manipulator/open_manipulator_ws/install/dynamixel_sdk/lib/python3.12/site-packages:/home/jamiek/2026_ROS_manipulator/open_manipulator_ws/install/robotis_interfaces/lib/python3.12/site-packages:/home/jamiek/2026_ROS_manipulator/open_manipulator_ws/build/open_manipulator_teleop:/home/jamiek/2026_ROS_manipulator/open_manipulator_ws/install/open_manipulator_teleop/lib/python3.12/site-packages:/home/jamiek/2026_ROS_manipulator/open_manipulator_ws/build/open_manipulator_bringup:/home/jamiek/2026_ROS_manipulator/open_manipulator_ws/install/open_manipulator_bringup/lib/python3.12/site-packages:/home/jamiek/2026_ROS_manipulator/open_manipulator_ws/install/dynamixel_interfaces/lib/python3.12/site-packages:/home/jamiek/2026_ROS_manipulator/ros_ws/install/user_interface/lib/python3.12/site-packages:/home/jamiek/2026_ROS_manipulator/ros_ws/build/tf2_basic:/home/jamiek/2026_ROS_manipulator/ros_ws/install/tf2_basic/lib/python3.12/site-packages:/home/jamiek/2026_ROS_manipulator/ros_ws/build/ros_basic:/home/jamiek/2026_ROS_manipulator/ros_ws/install/ros_basic/lib/python3.12/site-packages:/opt/ros/jazzy/lib/python3.12/site-packages /usr/bin/cmake --install /home/jamiek/2026_ROS_manipulator/open_manipulator_ws/build/dynamixel_sdk_examples
[4.283s] Level 1:colcon.colcon_core.environment:checking '/home/jamiek/2026_ROS_manipulator/open_manipulator_ws/install/dynamixel_sdk_examples' for CMake config files
[4.284s] Level 1:colcon.colcon_core.shell:create_environment_hook('dynamixel_sdk_examples', 'cmake_prefix_path')
[4.284s] INFO:colcon.colcon_core.shell:Creating environment hook '/home/jamiek/2026_ROS_manipulator/open_manipulator_ws/install/dynamixel_sdk_examples/share/dynamixel_sdk_examples/hook/cmake_prefix_path.ps1'
[4.284s] INFO:colcon.colcon_core.shell:Creating environment descriptor '/home/jamiek/2026_ROS_manipulator/open_manipulator_ws/install/dynamixel_sdk_examples/share/dynamixel_sdk_examples/hook/cmake_prefix_path.dsv'
[4.285s] INFO:colcon.colcon_core.shell:Creating environment hook '/home/jamiek/2026_ROS_manipulator/open_manipulator_ws/install/dynamixel_sdk_examples/share/dynamixel_sdk_examples/hook/cmake_prefix_path.sh'
[4.285s] Level 1:colcon.colcon_core.environment:checking '/home/jamiek/2026_ROS_manipulator/open_manipulator_ws/install/dynamixel_sdk_examples/lib'
[4.285s] Level 1:colcon.colcon_core.environment:checking '/home/jamiek/2026_ROS_manipulator/open_manipulator_ws/install/dynamixel_sdk_examples/bin'
[4.285s] Level 1:colcon.colcon_core.environment:checking '/home/jamiek/2026_ROS_manipulator/open_manipulator_ws/install/dynamixel_sdk_examples/lib/pkgconfig/dynamixel_sdk_examples.pc'
[4.285s] Level 1:colcon.colcon_core.environment:checking '/home/jamiek/2026_ROS_manipulator/open_manipulator_ws/install/dynamixel_sdk_examples/lib/python3.12/site-packages'
[4.286s] Level 1:colcon.colcon_core.environment:checking '/home/jamiek/2026_ROS_manipulator/open_manipulator_ws/install/dynamixel_sdk_examples/bin'
[4.286s] INFO:colcon.colcon_core.shell:Creating package script '/home/jamiek/2026_ROS_manipulator/open_manipulator_ws/install/dynamixel_sdk_examples/share/dynamixel_sdk_examples/package.ps1'
[4.286s] INFO:colcon.colcon_core.shell:Creating package descriptor '/home/jamiek/2026_ROS_manipulator/open_manipulator_ws/install/dynamixel_sdk_examples/share/dynamixel_sdk_examples/package.dsv'
[4.287s] INFO:colcon.colcon_core.shell:Creating package script '/home/jamiek/2026_ROS_manipulator/open_manipulator_ws/install/dynamixel_sdk_examples/share/dynamixel_sdk_examples/package.sh'
[4.287s] INFO:colcon.colcon_core.shell:Creating package script '/home/jamiek/2026_ROS_manipulator/open_manipulator_ws/install/dynamixel_sdk_examples/share/dynamixel_sdk_examples/package.bash'
[4.287s] INFO:colcon.colcon_core.shell:Creating package script '/home/jamiek/2026_ROS_manipulator/open_manipulator_ws/install/dynamixel_sdk_examples/share/dynamixel_sdk_examples/package.zsh'
[4.287s] Level 1:colcon.colcon_core.environment:create_file_with_runtime_dependencies(/home/jamiek/2026_ROS_manipulator/open_manipulator_ws/install/dynamixel_sdk_examples/share/colcon-core/packages/dynamixel_sdk_examples)
[4.288s] Level 1:colcon.colcon_core.environment:create_environment_scripts_only(dynamixel_sdk_examples)
[4.288s] Level 1:colcon.colcon_core.environment:checking '/home/jamiek/2026_ROS_manipulator/open_manipulator_ws/install/dynamixel_sdk_examples' for CMake module files
[4.288s] Level 1:colcon.colcon_core.environment:checking '/home/jamiek/2026_ROS_manipulator/open_manipulator_ws/install/dynamixel_sdk_examples' for CMake config files
[4.288s] Level 1:colcon.colcon_core.shell:create_environment_hook('dynamixel_sdk_examples', 'cmake_prefix_path')
[4.289s] INFO:colcon.colcon_core.shell:Creating environment hook '/home/jamiek/2026_ROS_manipulator/open_manipulator_ws/install/dynamixel_sdk_examples/share/dynamixel_sdk_examples/hook/cmake_prefix_path.ps1'
[4.289s] INFO:colcon.colcon_core.shell:Creating environment descriptor '/home/jamiek/2026_ROS_manipulator/open_manipulator_ws/install/dynamixel_sdk_examples/share/dynamixel_sdk_examples/hook/cmake_prefix_path.dsv'
[4.289s] INFO:colcon.colcon_core.shell:Creating environment hook '/home/jamiek/2026_ROS_manipulator/open_manipulator_ws/install/dynamixel_sdk_examples/share/dynamixel_sdk_examples/hook/cmake_prefix_path.sh'
[4.290s] Level 1:colcon.colcon_core.environment:checking '/home/jamiek/2026_ROS_manipulator/open_manipulator_ws/install/dynamixel_sdk_examples/lib'
[4.290s] Level 1:colcon.colcon_core.environment:checking '/home/jamiek/2026_ROS_manipulator/open_manipulator_ws/install/dynamixel_sdk_examples/bin'
[4.290s] Level 1:colcon.colcon_core.environment:checking '/home/jamiek/2026_ROS_manipulator/open_manipulator_ws/install/dynamixel_sdk_examples/lib/pkgconfig/dynamixel_sdk_examples.pc'
[4.290s] Level 1:colcon.colcon_core.environment:checking '/home/jamiek/2026_ROS_manipulator/open_manipulator_ws/install/dynamixel_sdk_examples/lib/python3.12/site-packages'
[4.290s] Level 1:colcon.colcon_core.environment:checking '/home/jamiek/2026_ROS_manipulator/open_manipulator_ws/install/dynamixel_sdk_examples/bin'
[4.290s] INFO:colcon.colcon_core.shell:Creating package script '/home/jamiek/2026_ROS_manipulator/open_manipulator_ws/install/dynamixel_sdk_examples/share/dynamixel_sdk_examples/package.ps1'
[4.291s] INFO:colcon.colcon_core.shell:Creating package descriptor '/home/jamiek/2026_ROS_manipulator/open_manipulator_ws/install/dynamixel_sdk_examples/share/dynamixel_sdk_examples/package.dsv'
[4.291s] INFO:colcon.colcon_core.shell:Creating package script '/home/jamiek/2026_ROS_manipulator/open_manipulator_ws/install/dynamixel_sdk_examples/share/dynamixel_sdk_examples/package.sh'
[4.292s] INFO:colcon.colcon_core.shell:Creating package script '/home/jamiek/2026_ROS_manipulator/open_manipulator_ws/install/dynamixel_sdk_examples/share/dynamixel_sdk_examples/package.bash'
[4.292s] INFO:colcon.colcon_core.shell:Creating package script '/home/jamiek/2026_ROS_manipulator/open_manipulator_ws/install/dynamixel_sdk_examples/share/dynamixel_sdk_examples/package.zsh'
[4.293s] Level 1:colcon.colcon_core.environment:create_file_with_runtime_dependencies(/home/jamiek/2026_ROS_manipulator/open_manipulator_ws/install/dynamixel_sdk_examples/share/colcon-core/packages/dynamixel_sdk_examples)
[4.768s] DEBUG:colcon.colcon_core.event_handler.log_command:Invoked command in '/home/jamiek/2026_ROS_manipulator/open_manipulator_ws/build/dynamixel_hardware_interface' returned '0': CMAKE_PREFIX_PATH=/home/jamiek/2026_ROS_manipulator/open_manipulator_ws/install/dynamixel_sdk:/home/jamiek/2026_ROS_manipulator/open_manipulator_ws/install/dynamixel_interfaces:/home/jamiek/2026_ROS_manipulator/open_manipulator_ws/install/open_manipulator:/home/jamiek/2026_ROS_manipulator/open_manipulator_ws/install/open_manipulator_playground:/home/jamiek/2026_ROS_manipulator/open_manipulator_ws/install/robotis_interfaces:/home/jamiek/2026_ROS_manipulator/open_manipulator_ws/install/open_manipulator_moveit_config:/home/jamiek/2026_ROS_manipulator/open_manipulator_ws/install/open_manipulator_gui:/home/jamiek/2026_ROS_manipulator/open_manipulator_ws/install/open_manipulator_description:/home/jamiek/2026_ROS_manipulator/open_manipulator_ws/install/open_manipulator_collision:/home/jamiek/2026_ROS_manipulator/open_manipulator_ws/install/om_spring_actuator_controller:/home/jamiek/2026_ROS_manipulator/open_manipulator_ws/install/om_joint_trajectory_command_broadcaster:/home/jamiek/2026_ROS_manipulator/open_manipulator_ws/install/om_gravity_compensation_controller:/home/jamiek/2026_ROS_manipulator/open_manipulator_ws/install/dynamixel_sdk_examples:/home/jamiek/2026_ROS_manipulator/open_manipulator_ws/install/dynamixel_sdk_custom_interfaces:/home/jamiek/2026_ROS_manipulator/open_manipulator_ws/install/dynamixel_hardware_interface:/home/jamiek/2026_ROS_manipulator/ros_ws/install/user_interface:/opt/ros/jazzy/opt/gz_sim_vendor:/opt/ros/jazzy/opt/gz_sensors_vendor:/opt/ros/jazzy/opt/gz_physics_vendor:/opt/ros/jazzy/opt/sdformat_vendor:/opt/ros/jazzy/opt/gz_gui_vendor:/opt/ros/jazzy/opt/gz_transport_vendor:/opt/ros/jazzy/opt/gz_rendering_vendor:/opt/ros/jazzy/opt/gz_plugin_vendor:/opt/ros/jazzy/opt/gz_fuel_tools_vendor:/opt/ros/jazzy/opt/gz_msgs_vendor:/opt/ros/jazzy/opt/gz_common_vendor:/opt/ros/jazzy/opt/gz_math_vendor:/opt/ros/jazzy/opt/gz_utils_vendor:/opt/ros/jazzy/opt/gz_tools_vendor:/opt/ros/jazzy/opt/gz_ogre_next_vendor:/opt/ros/jazzy/opt/gz_dartsim_vendor:/opt/ros/jazzy/opt/gz_cmake_vendor:/home/jamiek/2026_ROS_manipulator/open_manipulator_ws/install/open_manipulator_teleop:/home/jamiek/2026_ROS_manipulator/open_manipulator_ws/install/open_manipulator_bringup:/home/jamiek/2026_ROS_manipulator/ros_ws/install/tf2_basic:/home/jamiek/2026_ROS_manipulator/ros_ws/install/ros_basic:/opt/ros/jazzy DEBUGINFOD_URLS=https://debuginfod.ubuntu.com LD_LIBRARY_PATH=/home/jamiek/2026_ROS_manipulator/open_manipulator_ws/install/dynamixel_sdk/lib:/home/jamiek/2026_ROS_manipulator/open_manipulator_ws/install/dynamixel_interfaces/lib:/home/jamiek/2026_ROS_manipulator/open_manipulator_ws/install/robotis_interfaces/lib:/home/jamiek/2026_ROS_manipulator/open_manipulator_ws/install/open_manipulator_gui/lib:/home/jamiek/2026_ROS_manipulator/open_manipulator_ws/install/open_manipulator_collision/lib:/home/jamiek/2026_ROS_manipulator/open_manipulator_ws/install/om_spring_actuator_controller/lib:/home/jamiek/2026_ROS_manipulator/open_manipulator_ws/install/om_joint_trajectory_command_broadcaster/lib:/home/jamiek/2026_ROS_manipulator/open_manipulator_ws/install/om_gravity_compensation_controller/lib:/home/jamiek/2026_ROS_manipulator/open_manipulator_ws/install/dynamixel_sdk_custom_interfaces/lib:/home/jamiek/2026_ROS_manipulator/open_manipulator_ws/install/dynamixel_hardware_interface/lib:/home/jamiek/2026_ROS_manipulator/ros_ws/install/user_interface/lib:/opt/ros/jazzy/opt/gz_sim_vendor/lib:/opt/ros/jazzy/opt/gz_sensors_vendor/lib:/opt/ros/jazzy/opt/gz_physics_vendor/lib:/opt/ros/jazzy/opt/sdformat_vendor/lib:/opt/ros/jazzy/opt/rviz_ogre_vendor/lib:/opt/ros/jazzy/lib/x86_64-linux-gnu:/opt/ros/jazzy/opt/gz_gui_vendor/lib:/opt/ros/jazzy/opt/gz_transport_vendor/lib:/opt/ros/jazzy/opt/gz_rendering_vendor/lib:/opt/ros/jazzy/opt/gz_plugin_vendor/lib:/opt/ros/jazzy/opt/gz_fuel_tools_vendor/lib:/opt/ros/jazzy/opt/gz_msgs_vendor/lib:/opt/ros/jazzy/opt/gz_common_vendor/lib:/opt/ros/jazzy/opt/gz_math_vendor/lib:/opt/ros/jazzy/opt/gz_utils_vendor/lib:/opt/ros/jazzy/opt/gz_tools_vendor/lib:/opt/ros/jazzy/opt/gz_ogre_next_vendor/lib:/opt/ros/jazzy/opt/gz_dartsim_vendor/lib:/opt/ros/jazzy/opt/gz_cmake_vendor/lib:/opt/ros/jazzy/lib PYTHONPATH=/home/jamiek/2026_ROS_manipulator/open_manipulator_ws/install/dynamixel_sdk/lib/python3.12/site-packages:/home/jamiek/2026_ROS_manipulator/open_manipulator_ws/install/dynamixel_interfaces/lib/python3.12/site-packages:/home/jamiek/2026_ROS_manipulator/open_manipulator_ws/install/robotis_interfaces/lib/python3.12/site-packages:/home/jamiek/2026_ROS_manipulator/open_manipulator_ws/build/open_manipulator_teleop:/home/jamiek/2026_ROS_manipulator/open_manipulator_ws/install/open_manipulator_teleop/lib/python3.12/site-packages:/home/jamiek/2026_ROS_manipulator/open_manipulator_ws/build/open_manipulator_bringup:/home/jamiek/2026_ROS_manipulator/open_manipulator_ws/install/open_manipulator_bringup/lib/python3.12/site-packages:/home/jamiek/2026_ROS_manipulator/open_manipulator_ws/install/dynamixel_sdk_custom_interfaces/lib/python3.12/site-packages:/home/jamiek/2026_ROS_manipulator/ros_ws/install/user_interface/lib/python3.12/site-packages:/home/jamiek/2026_ROS_manipulator/ros_ws/build/tf2_basic:/home/jamiek/2026_ROS_manipulator/ros_ws/install/tf2_basic/lib/python3.12/site-packages:/home/jamiek/2026_ROS_manipulator/ros_ws/build/ros_basic:/home/jamiek/2026_ROS_manipulator/ros_ws/install/ros_basic/lib/python3.12/site-packages:/opt/ros/jazzy/lib/python3.12/site-packages /usr/bin/cmake /home/jamiek/2026_ROS_manipulator/open_manipulator_ws/src/dynamixel_hardware_interface -DCMAKE_INSTALL_PREFIX=/home/jamiek/2026_ROS_manipulator/open_manipulator_ws/install/dynamixel_hardware_interface
[4.769s] DEBUG:colcon.colcon_core.event_handler.log_command:Invoking command in '/home/jamiek/2026_ROS_manipulator/open_manipulator_ws/build/dynamixel_hardware_interface': CMAKE_PREFIX_PATH=/home/jamiek/2026_ROS_manipulator/open_manipulator_ws/install/dynamixel_sdk:/home/jamiek/2026_ROS_manipulator/open_manipulator_ws/install/dynamixel_interfaces:/home/jamiek/2026_ROS_manipulator/open_manipulator_ws/install/open_manipulator:/home/jamiek/2026_ROS_manipulator/open_manipulator_ws/install/open_manipulator_playground:/home/jamiek/2026_ROS_manipulator/open_manipulator_ws/install/robotis_interfaces:/home/jamiek/2026_ROS_manipulator/open_manipulator_ws/install/open_manipulator_moveit_config:/home/jamiek/2026_ROS_manipulator/open_manipulator_ws/install/open_manipulator_gui:/home/jamiek/2026_ROS_manipulator/open_manipulator_ws/install/open_manipulator_description:/home/jamiek/2026_ROS_manipulator/open_manipulator_ws/install/open_manipulator_collision:/home/jamiek/2026_ROS_manipulator/open_manipulator_ws/install/om_spring_actuator_controller:/home/jamiek/2026_ROS_manipulator/open_manipulator_ws/install/om_joint_trajectory_command_broadcaster:/home/jamiek/2026_ROS_manipulator/open_manipulator_ws/install/om_gravity_compensation_controller:/home/jamiek/2026_ROS_manipulator/open_manipulator_ws/install/dynamixel_sdk_examples:/home/jamiek/2026_ROS_manipulator/open_manipulator_ws/install/dynamixel_sdk_custom_interfaces:/home/jamiek/2026_ROS_manipulator/open_manipulator_ws/install/dynamixel_hardware_interface:/home/jamiek/2026_ROS_manipulator/ros_ws/install/user_interface:/opt/ros/jazzy/opt/gz_sim_vendor:/opt/ros/jazzy/opt/gz_sensors_vendor:/opt/ros/jazzy/opt/gz_physics_vendor:/opt/ros/jazzy/opt/sdformat_vendor:/opt/ros/jazzy/opt/gz_gui_vendor:/opt/ros/jazzy/opt/gz_transport_vendor:/opt/ros/jazzy/opt/gz_rendering_vendor:/opt/ros/jazzy/opt/gz_plugin_vendor:/opt/ros/jazzy/opt/gz_fuel_tools_vendor:/opt/ros/jazzy/opt/gz_msgs_vendor:/opt/ros/jazzy/opt/gz_common_vendor:/opt/ros/jazzy/opt/gz_math_vendor:/opt/ros/jazzy/opt/gz_utils_vendor:/opt/ros/jazzy/opt/gz_tools_vendor:/opt/ros/jazzy/opt/gz_ogre_next_vendor:/opt/ros/jazzy/opt/gz_dartsim_vendor:/opt/ros/jazzy/opt/gz_cmake_vendor:/home/jamiek/2026_ROS_manipulator/open_manipulator_ws/install/open_manipulator_teleop:/home/jamiek/2026_ROS_manipulator/open_manipulator_ws/install/open_manipulator_bringup:/home/jamiek/2026_ROS_manipulator/ros_ws/install/tf2_basic:/home/jamiek/2026_ROS_manipulator/ros_ws/install/ros_basic:/opt/ros/jazzy DEBUGINFOD_URLS=https://debuginfod.ubuntu.com LD_LIBRARY_PATH=/home/jamiek/2026_ROS_manipulator/open_manipulator_ws/install/dynamixel_sdk/lib:/home/jamiek/2026_ROS_manipulator/open_manipulator_ws/install/dynamixel_interfaces/lib:/home/jamiek/2026_ROS_manipulator/open_manipulator_ws/install/robotis_interfaces/lib:/home/jamiek/2026_ROS_manipulator/open_manipulator_ws/install/open_manipulator_gui/lib:/home/jamiek/2026_ROS_manipulator/open_manipulator_ws/install/open_manipulator_collision/lib:/home/jamiek/2026_ROS_manipulator/open_manipulator_ws/install/om_spring_actuator_controller/lib:/home/jamiek/2026_ROS_manipulator/open_manipulator_ws/install/om_joint_trajectory_command_broadcaster/lib:/home/jamiek/2026_ROS_manipulator/open_manipulator_ws/install/om_gravity_compensation_controller/lib:/home/jamiek/2026_ROS_manipulator/open_manipulator_ws/install/dynamixel_sdk_custom_interfaces/lib:/home/jamiek/2026_ROS_manipulator/open_manipulator_ws/install/dynamixel_hardware_interface/lib:/home/jamiek/2026_ROS_manipulator/ros_ws/install/user_interface/lib:/opt/ros/jazzy/opt/gz_sim_vendor/lib:/opt/ros/jazzy/opt/gz_sensors_vendor/lib:/opt/ros/jazzy/opt/gz_physics_vendor/lib:/opt/ros/jazzy/opt/sdformat_vendor/lib:/opt/ros/jazzy/opt/rviz_ogre_vendor/lib:/opt/ros/jazzy/lib/x86_64-linux-gnu:/opt/ros/jazzy/opt/gz_gui_vendor/lib:/opt/ros/jazzy/opt/gz_transport_vendor/lib:/opt/ros/jazzy/opt/gz_rendering_vendor/lib:/opt/ros/jazzy/opt/gz_plugin_vendor/lib:/opt/ros/jazzy/opt/gz_fuel_tools_vendor/lib:/opt/ros/jazzy/opt/gz_msgs_vendor/lib:/opt/ros/jazzy/opt/gz_common_vendor/lib:/opt/ros/jazzy/opt/gz_math_vendor/lib:/opt/ros/jazzy/opt/gz_utils_vendor/lib:/opt/ros/jazzy/opt/gz_tools_vendor/lib:/opt/ros/jazzy/opt/gz_ogre_next_vendor/lib:/opt/ros/jazzy/opt/gz_dartsim_vendor/lib:/opt/ros/jazzy/opt/gz_cmake_vendor/lib:/opt/ros/jazzy/lib PYTHONPATH=/home/jamiek/2026_ROS_manipulator/open_manipulator_ws/install/dynamixel_sdk/lib/python3.12/site-packages:/home/jamiek/2026_ROS_manipulator/open_manipulator_ws/install/dynamixel_interfaces/lib/python3.12/site-packages:/home/jamiek/2026_ROS_manipulator/open_manipulator_ws/install/robotis_interfaces/lib/python3.12/site-packages:/home/jamiek/2026_ROS_manipulator/open_manipulator_ws/build/open_manipulator_teleop:/home/jamiek/2026_ROS_manipulator/open_manipulator_ws/install/open_manipulator_teleop/lib/python3.12/site-packages:/home/jamiek/2026_ROS_manipulator/open_manipulator_ws/build/open_manipulator_bringup:/home/jamiek/2026_ROS_manipulator/open_manipulator_ws/install/open_manipulator_bringup/lib/python3.12/site-packages:/home/jamiek/2026_ROS_manipulator/open_manipulator_ws/install/dynamixel_sdk_custom_interfaces/lib/python3.12/site-packages:/home/jamiek/2026_ROS_manipulator/ros_ws/install/user_interface/lib/python3.12/site-packages:/home/jamiek/2026_ROS_manipulator/ros_ws/build/tf2_basic:/home/jamiek/2026_ROS_manipulator/ros_ws/install/tf2_basic/lib/python3.12/site-packages:/home/jamiek/2026_ROS_manipulator/ros_ws/build/ros_basic:/home/jamiek/2026_ROS_manipulator/ros_ws/install/ros_basic/lib/python3.12/site-packages:/opt/ros/jazzy/lib/python3.12/site-packages /usr/bin/cmake --build /home/jamiek/2026_ROS_manipulator/open_manipulator_ws/build/dynamixel_hardware_interface
[4.880s] DEBUG:colcon.colcon_core.event_handler.log_command:Invoked command in '/home/jamiek/2026_ROS_manipulator/open_manipulator_ws/build/dynamixel_hardware_interface' returned '0': CMAKE_PREFIX_PATH=/home/jamiek/2026_ROS_manipulator/open_manipulator_ws/install/dynamixel_sdk:/home/jamiek/2026_ROS_manipulator/open_manipulator_ws/install/dynamixel_interfaces:/home/jamiek/2026_ROS_manipulator/open_manipulator_ws/install/open_manipulator:/home/jamiek/2026_ROS_manipulator/open_manipulator_ws/install/open_manipulator_playground:/home/jamiek/2026_ROS_manipulator/open_manipulator_ws/install/robotis_interfaces:/home/jamiek/2026_ROS_manipulator/open_manipulator_ws/install/open_manipulator_moveit_config:/home/jamiek/2026_ROS_manipulator/open_manipulator_ws/install/open_manipulator_gui:/home/jamiek/2026_ROS_manipulator/open_manipulator_ws/install/open_manipulator_description:/home/jamiek/2026_ROS_manipulator/open_manipulator_ws/install/open_manipulator_collision:/home/jamiek/2026_ROS_manipulator/open_manipulator_ws/install/om_spring_actuator_controller:/home/jamiek/2026_ROS_manipulator/open_manipulator_ws/install/om_joint_trajectory_command_broadcaster:/home/jamiek/2026_ROS_manipulator/open_manipulator_ws/install/om_gravity_compensation_controller:/home/jamiek/2026_ROS_manipulator/open_manipulator_ws/install/dynamixel_sdk_examples:/home/jamiek/2026_ROS_manipulator/open_manipulator_ws/install/dynamixel_sdk_custom_interfaces:/home/jamiek/2026_ROS_manipulator/open_manipulator_ws/install/dynamixel_hardware_interface:/home/jamiek/2026_ROS_manipulator/ros_ws/install/user_interface:/opt/ros/jazzy/opt/gz_sim_vendor:/opt/ros/jazzy/opt/gz_sensors_vendor:/opt/ros/jazzy/opt/gz_physics_vendor:/opt/ros/jazzy/opt/sdformat_vendor:/opt/ros/jazzy/opt/gz_gui_vendor:/opt/ros/jazzy/opt/gz_transport_vendor:/opt/ros/jazzy/opt/gz_rendering_vendor:/opt/ros/jazzy/opt/gz_plugin_vendor:/opt/ros/jazzy/opt/gz_fuel_tools_vendor:/opt/ros/jazzy/opt/gz_msgs_vendor:/opt/ros/jazzy/opt/gz_common_vendor:/opt/ros/jazzy/opt/gz_math_vendor:/opt/ros/jazzy/opt/gz_utils_vendor:/opt/ros/jazzy/opt/gz_tools_vendor:/opt/ros/jazzy/opt/gz_ogre_next_vendor:/opt/ros/jazzy/opt/gz_dartsim_vendor:/opt/ros/jazzy/opt/gz_cmake_vendor:/home/jamiek/2026_ROS_manipulator/open_manipulator_ws/install/open_manipulator_teleop:/home/jamiek/2026_ROS_manipulator/open_manipulator_ws/install/open_manipulator_bringup:/home/jamiek/2026_ROS_manipulator/ros_ws/install/tf2_basic:/home/jamiek/2026_ROS_manipulator/ros_ws/install/ros_basic:/opt/ros/jazzy DEBUGINFOD_URLS=https://debuginfod.ubuntu.com LD_LIBRARY_PATH=/home/jamiek/2026_ROS_manipulator/open_manipulator_ws/install/dynamixel_sdk/lib:/home/jamiek/2026_ROS_manipulator/open_manipulator_ws/install/dynamixel_interfaces/lib:/home/jamiek/2026_ROS_manipulator/open_manipulator_ws/install/robotis_interfaces/lib:/home/jamiek/2026_ROS_manipulator/open_manipulator_ws/install/open_manipulator_gui/lib:/home/jamiek/2026_ROS_manipulator/open_manipulator_ws/install/open_manipulator_collision/lib:/home/jamiek/2026_ROS_manipulator/open_manipulator_ws/install/om_spring_actuator_controller/lib:/home/jamiek/2026_ROS_manipulator/open_manipulator_ws/install/om_joint_trajectory_command_broadcaster/lib:/home/jamiek/2026_ROS_manipulator/open_manipulator_ws/install/om_gravity_compensation_controller/lib:/home/jamiek/2026_ROS_manipulator/open_manipulator_ws/install/dynamixel_sdk_custom_interfaces/lib:/home/jamiek/2026_ROS_manipulator/open_manipulator_ws/install/dynamixel_hardware_interface/lib:/home/jamiek/2026_ROS_manipulator/ros_ws/install/user_interface/lib:/opt/ros/jazzy/opt/gz_sim_vendor/lib:/opt/ros/jazzy/opt/gz_sensors_vendor/lib:/opt/ros/jazzy/opt/gz_physics_vendor/lib:/opt/ros/jazzy/opt/sdformat_vendor/lib:/opt/ros/jazzy/opt/rviz_ogre_vendor/lib:/opt/ros/jazzy/lib/x86_64-linux-gnu:/opt/ros/jazzy/opt/gz_gui_vendor/lib:/opt/ros/jazzy/opt/gz_transport_vendor/lib:/opt/ros/jazzy/opt/gz_rendering_vendor/lib:/opt/ros/jazzy/opt/gz_plugin_vendor/lib:/opt/ros/jazzy/opt/gz_fuel_tools_vendor/lib:/opt/ros/jazzy/opt/gz_msgs_vendor/lib:/opt/ros/jazzy/opt/gz_common_vendor/lib:/opt/ros/jazzy/opt/gz_math_vendor/lib:/opt/ros/jazzy/opt/gz_utils_vendor/lib:/opt/ros/jazzy/opt/gz_tools_vendor/lib:/opt/ros/jazzy/opt/gz_ogre_next_vendor/lib:/opt/ros/jazzy/opt/gz_dartsim_vendor/lib:/opt/ros/jazzy/opt/gz_cmake_vendor/lib:/opt/ros/jazzy/lib PYTHONPATH=/home/jamiek/2026_ROS_manipulator/open_manipulator_ws/install/dynamixel_sdk/lib/python3.12/site-packages:/home/jamiek/2026_ROS_manipulator/open_manipulator_ws/install/dynamixel_interfaces/lib/python3.12/site-packages:/home/jamiek/2026_ROS_manipulator/open_manipulator_ws/install/robotis_interfaces/lib/python3.12/site-packages:/home/jamiek/2026_ROS_manipulator/open_manipulator_ws/build/open_manipulator_teleop:/home/jamiek/2026_ROS_manipulator/open_manipulator_ws/install/open_manipulator_teleop/lib/python3.12/site-packages:/home/jamiek/2026_ROS_manipulator/open_manipulator_ws/build/open_manipulator_bringup:/home/jamiek/2026_ROS_manipulator/open_manipulator_ws/install/open_manipulator_bringup/lib/python3.12/site-packages:/home/jamiek/2026_ROS_manipulator/open_manipulator_ws/install/dynamixel_sdk_custom_interfaces/lib/python3.12/site-packages:/home/jamiek/2026_ROS_manipulator/ros_ws/install/user_interface/lib/python3.12/site-packages:/home/jamiek/2026_ROS_manipulator/ros_ws/build/tf2_basic:/home/jamiek/2026_ROS_manipulator/ros_ws/install/tf2_basic/lib/python3.12/site-packages:/home/jamiek/2026_ROS_manipulator/ros_ws/build/ros_basic:/home/jamiek/2026_ROS_manipulator/ros_ws/install/ros_basic/lib/python3.12/site-packages:/opt/ros/jazzy/lib/python3.12/site-packages /usr/bin/cmake --build /home/jamiek/2026_ROS_manipulator/open_manipulator_ws/build/dynamixel_hardware_interface
[4.882s] DEBUG:colcon.colcon_core.event_handler.log_command:Invoking command in '/home/jamiek/2026_ROS_manipulator/open_manipulator_ws/build/dynamixel_hardware_interface': CMAKE_PREFIX_PATH=/home/jamiek/2026_ROS_manipulator/open_manipulator_ws/install/dynamixel_sdk:/home/jamiek/2026_ROS_manipulator/open_manipulator_ws/install/dynamixel_interfaces:/home/jamiek/2026_ROS_manipulator/open_manipulator_ws/install/open_manipulator:/home/jamiek/2026_ROS_manipulator/open_manipulator_ws/install/open_manipulator_playground:/home/jamiek/2026_ROS_manipulator/open_manipulator_ws/install/robotis_interfaces:/home/jamiek/2026_ROS_manipulator/open_manipulator_ws/install/open_manipulator_moveit_config:/home/jamiek/2026_ROS_manipulator/open_manipulator_ws/install/open_manipulator_gui:/home/jamiek/2026_ROS_manipulator/open_manipulator_ws/install/open_manipulator_description:/home/jamiek/2026_ROS_manipulator/open_manipulator_ws/install/open_manipulator_collision:/home/jamiek/2026_ROS_manipulator/open_manipulator_ws/install/om_spring_actuator_controller:/home/jamiek/2026_ROS_manipulator/open_manipulator_ws/install/om_joint_trajectory_command_broadcaster:/home/jamiek/2026_ROS_manipulator/open_manipulator_ws/install/om_gravity_compensation_controller:/home/jamiek/2026_ROS_manipulator/open_manipulator_ws/install/dynamixel_sdk_examples:/home/jamiek/2026_ROS_manipulator/open_manipulator_ws/install/dynamixel_sdk_custom_interfaces:/home/jamiek/2026_ROS_manipulator/open_manipulator_ws/install/dynamixel_hardware_interface:/home/jamiek/2026_ROS_manipulator/ros_ws/install/user_interface:/opt/ros/jazzy/opt/gz_sim_vendor:/opt/ros/jazzy/opt/gz_sensors_vendor:/opt/ros/jazzy/opt/gz_physics_vendor:/opt/ros/jazzy/opt/sdformat_vendor:/opt/ros/jazzy/opt/gz_gui_vendor:/opt/ros/jazzy/opt/gz_transport_vendor:/opt/ros/jazzy/opt/gz_rendering_vendor:/opt/ros/jazzy/opt/gz_plugin_vendor:/opt/ros/jazzy/opt/gz_fuel_tools_vendor:/opt/ros/jazzy/opt/gz_msgs_vendor:/opt/ros/jazzy/opt/gz_common_vendor:/opt/ros/jazzy/opt/gz_math_vendor:/opt/ros/jazzy/opt/gz_utils_vendor:/opt/ros/jazzy/opt/gz_tools_vendor:/opt/ros/jazzy/opt/gz_ogre_next_vendor:/opt/ros/jazzy/opt/gz_dartsim_vendor:/opt/ros/jazzy/opt/gz_cmake_vendor:/home/jamiek/2026_ROS_manipulator/open_manipulator_ws/install/open_manipulator_teleop:/home/jamiek/2026_ROS_manipulator/open_manipulator_ws/install/open_manipulator_bringup:/home/jamiek/2026_ROS_manipulator/ros_ws/install/tf2_basic:/home/jamiek/2026_ROS_manipulator/ros_ws/install/ros_basic:/opt/ros/jazzy DEBUGINFOD_URLS=https://debuginfod.ubuntu.com LD_LIBRARY_PATH=/home/jamiek/2026_ROS_manipulator/open_manipulator_ws/install/dynamixel_sdk/lib:/home/jamiek/2026_ROS_manipulator/open_manipulator_ws/install/dynamixel_interfaces/lib:/home/jamiek/2026_ROS_manipulator/open_manipulator_ws/install/robotis_interfaces/lib:/home/jamiek/2026_ROS_manipulator/open_manipulator_ws/install/open_manipulator_gui/lib:/home/jamiek/2026_ROS_manipulator/open_manipulator_ws/install/open_manipulator_collision/lib:/home/jamiek/2026_ROS_manipulator/open_manipulator_ws/install/om_spring_actuator_controller/lib:/home/jamiek/2026_ROS_manipulator/open_manipulator_ws/install/om_joint_trajectory_command_broadcaster/lib:/home/jamiek/2026_ROS_manipulator/open_manipulator_ws/install/om_gravity_compensation_controller/lib:/home/jamiek/2026_ROS_manipulator/open_manipulator_ws/install/dynamixel_sdk_custom_interfaces/lib:/home/jamiek/2026_ROS_manipulator/open_manipulator_ws/install/dynamixel_hardware_interface/lib:/home/jamiek/2026_ROS_manipulator/ros_ws/install/user_interface/lib:/opt/ros/jazzy/opt/gz_sim_vendor/lib:/opt/ros/jazzy/opt/gz_sensors_vendor/lib:/opt/ros/jazzy/opt/gz_physics_vendor/lib:/opt/ros/jazzy/opt/sdformat_vendor/lib:/opt/ros/jazzy/opt/rviz_ogre_vendor/lib:/opt/ros/jazzy/lib/x86_64-linux-gnu:/opt/ros/jazzy/opt/gz_gui_vendor/lib:/opt/ros/jazzy/opt/gz_transport_vendor/lib:/opt/ros/jazzy/opt/gz_rendering_vendor/lib:/opt/ros/jazzy/opt/gz_plugin_vendor/lib:/opt/ros/jazzy/opt/gz_fuel_tools_vendor/lib:/opt/ros/jazzy/opt/gz_msgs_vendor/lib:/opt/ros/jazzy/opt/gz_common_vendor/lib:/opt/ros/jazzy/opt/gz_math_vendor/lib:/opt/ros/jazzy/opt/gz_utils_vendor/lib:/opt/ros/jazzy/opt/gz_tools_vendor/lib:/opt/ros/jazzy/opt/gz_ogre_next_vendor/lib:/opt/ros/jazzy/opt/gz_dartsim_vendor/lib:/opt/ros/jazzy/opt/gz_cmake_vendor/lib:/opt/ros/jazzy/lib PYTHONPATH=/home/jamiek/2026_ROS_manipulator/open_manipulator_ws/install/dynamixel_sdk/lib/python3.12/site-packages:/home/jamiek/2026_ROS_manipulator/open_manipulator_ws/install/dynamixel_interfaces/lib/python3.12/site-packages:/home/jamiek/2026_ROS_manipulator/open_manipulator_ws/install/robotis_interfaces/lib/python3.12/site-packages:/home/jamiek/2026_ROS_manipulator/open_manipulator_ws/build/open_manipulator_teleop:/home/jamiek/2026_ROS_manipulator/open_manipulator_ws/install/open_manipulator_teleop/lib/python3.12/site-packages:/home/jamiek/2026_ROS_manipulator/open_manipulator_ws/build/open_manipulator_bringup:/home/jamiek/2026_ROS_manipulator/open_manipulator_ws/install/open_manipulator_bringup/lib/python3.12/site-packages:/home/jamiek/2026_ROS_manipulator/open_manipulator_ws/install/dynamixel_sdk_custom_interfaces/lib/python3.12/site-packages:/home/jamiek/2026_ROS_manipulator/ros_ws/install/user_interface/lib/python3.12/site-packages:/home/jamiek/2026_ROS_manipulator/ros_ws/build/tf2_basic:/home/jamiek/2026_ROS_manipulator/ros_ws/install/tf2_basic/lib/python3.12/site-packages:/home/jamiek/2026_ROS_manipulator/ros_ws/build/ros_basic:/home/jamiek/2026_ROS_manipulator/ros_ws/install/ros_basic/lib/python3.12/site-packages:/opt/ros/jazzy/lib/python3.12/site-packages /usr/bin/cmake --install /home/jamiek/2026_ROS_manipulator/open_manipulator_ws/build/dynamixel_hardware_interface
[4.927s] Level 1:colcon.colcon_core.environment:create_environment_scripts_only(dynamixel_hardware_interface)
[4.928s] Level 1:colcon.colcon_core.environment:checking '/home/jamiek/2026_ROS_manipulator/open_manipulator_ws/install/dynamixel_hardware_interface' for CMake module files
[4.928s] DEBUG:colcon.colcon_core.event_handler.log_command:Invoked command in '/home/jamiek/2026_ROS_manipulator/open_manipulator_ws/build/dynamixel_hardware_interface' returned '0': CMAKE_PREFIX_PATH=/home/jamiek/2026_ROS_manipulator/open_manipulator_ws/install/dynamixel_sdk:/home/jamiek/2026_ROS_manipulator/open_manipulator_ws/install/dynamixel_interfaces:/home/jamiek/2026_ROS_manipulator/open_manipulator_ws/install/open_manipulator:/home/jamiek/2026_ROS_manipulator/open_manipulator_ws/install/open_manipulator_playground:/home/jamiek/2026_ROS_manipulator/open_manipulator_ws/install/robotis_interfaces:/home/jamiek/2026_ROS_manipulator/open_manipulator_ws/install/open_manipulator_moveit_config:/home/jamiek/2026_ROS_manipulator/open_manipulator_ws/install/open_manipulator_gui:/home/jamiek/2026_ROS_manipulator/open_manipulator_ws/install/open_manipulator_description:/home/jamiek/2026_ROS_manipulator/open_manipulator_ws/install/open_manipulator_collision:/home/jamiek/2026_ROS_manipulator/open_manipulator_ws/install/om_spring_actuator_controller:/home/jamiek/2026_ROS_manipulator/open_manipulator_ws/install/om_joint_trajectory_command_broadcaster:/home/jamiek/2026_ROS_manipulator/open_manipulator_ws/install/om_gravity_compensation_controller:/home/jamiek/2026_ROS_manipulator/open_manipulator_ws/install/dynamixel_sdk_examples:/home/jamiek/2026_ROS_manipulator/open_manipulator_ws/install/dynamixel_sdk_custom_interfaces:/home/jamiek/2026_ROS_manipulator/open_manipulator_ws/install/dynamixel_hardware_interface:/home/jamiek/2026_ROS_manipulator/ros_ws/install/user_interface:/opt/ros/jazzy/opt/gz_sim_vendor:/opt/ros/jazzy/opt/gz_sensors_vendor:/opt/ros/jazzy/opt/gz_physics_vendor:/opt/ros/jazzy/opt/sdformat_vendor:/opt/ros/jazzy/opt/gz_gui_vendor:/opt/ros/jazzy/opt/gz_transport_vendor:/opt/ros/jazzy/opt/gz_rendering_vendor:/opt/ros/jazzy/opt/gz_plugin_vendor:/opt/ros/jazzy/opt/gz_fuel_tools_vendor:/opt/ros/jazzy/opt/gz_msgs_vendor:/opt/ros/jazzy/opt/gz_common_vendor:/opt/ros/jazzy/opt/gz_math_vendor:/opt/ros/jazzy/opt/gz_utils_vendor:/opt/ros/jazzy/opt/gz_tools_vendor:/opt/ros/jazzy/opt/gz_ogre_next_vendor:/opt/ros/jazzy/opt/gz_dartsim_vendor:/opt/ros/jazzy/opt/gz_cmake_vendor:/home/jamiek/2026_ROS_manipulator/open_manipulator_ws/install/open_manipulator_teleop:/home/jamiek/2026_ROS_manipulator/open_manipulator_ws/install/open_manipulator_bringup:/home/jamiek/2026_ROS_manipulator/ros_ws/install/tf2_basic:/home/jamiek/2026_ROS_manipulator/ros_ws/install/ros_basic:/opt/ros/jazzy DEBUGINFOD_URLS=https://debuginfod.ubuntu.com LD_LIBRARY_PATH=/home/jamiek/2026_ROS_manipulator/open_manipulator_ws/install/dynamixel_sdk/lib:/home/jamiek/2026_ROS_manipulator/open_manipulator_ws/install/dynamixel_interfaces/lib:/home/jamiek/2026_ROS_manipulator/open_manipulator_ws/install/robotis_interfaces/lib:/home/jamiek/2026_ROS_manipulator/open_manipulator_ws/install/open_manipulator_gui/lib:/home/jamiek/2026_ROS_manipulator/open_manipulator_ws/install/open_manipulator_collision/lib:/home/jamiek/2026_ROS_manipulator/open_manipulator_ws/install/om_spring_actuator_controller/lib:/home/jamiek/2026_ROS_manipulator/open_manipulator_ws/install/om_joint_trajectory_command_broadcaster/lib:/home/jamiek/2026_ROS_manipulator/open_manipulator_ws/install/om_gravity_compensation_controller/lib:/home/jamiek/2026_ROS_manipulator/open_manipulator_ws/install/dynamixel_sdk_custom_interfaces/lib:/home/jamiek/2026_ROS_manipulator/open_manipulator_ws/install/dynamixel_hardware_interface/lib:/home/jamiek/2026_ROS_manipulator/ros_ws/install/user_interface/lib:/opt/ros/jazzy/opt/gz_sim_vendor/lib:/opt/ros/jazzy/opt/gz_sensors_vendor/lib:/opt/ros/jazzy/opt/gz_physics_vendor/lib:/opt/ros/jazzy/opt/sdformat_vendor/lib:/opt/ros/jazzy/opt/rviz_ogre_vendor/lib:/opt/ros/jazzy/lib/x86_64-linux-gnu:/opt/ros/jazzy/opt/gz_gui_vendor/lib:/opt/ros/jazzy/opt/gz_transport_vendor/lib:/opt/ros/jazzy/opt/gz_rendering_vendor/lib:/opt/ros/jazzy/opt/gz_plugin_vendor/lib:/opt/ros/jazzy/opt/gz_fuel_tools_vendor/lib:/opt/ros/jazzy/opt/gz_msgs_vendor/lib:/opt/ros/jazzy/opt/gz_common_vendor/lib:/opt/ros/jazzy/opt/gz_math_vendor/lib:/opt/ros/jazzy/opt/gz_utils_vendor/lib:/opt/ros/jazzy/opt/gz_tools_vendor/lib:/opt/ros/jazzy/opt/gz_ogre_next_vendor/lib:/opt/ros/jazzy/opt/gz_dartsim_vendor/lib:/opt/ros/jazzy/opt/gz_cmake_vendor/lib:/opt/ros/jazzy/lib PYTHONPATH=/home/jamiek/2026_ROS_manipulator/open_manipulator_ws/install/dynamixel_sdk/lib/python3.12/site-packages:/home/jamiek/2026_ROS_manipulator/open_manipulator_ws/install/dynamixel_interfaces/lib/python3.12/site-packages:/home/jamiek/2026_ROS_manipulator/open_manipulator_ws/install/robotis_interfaces/lib/python3.12/site-packages:/home/jamiek/2026_ROS_manipulator/open_manipulator_ws/build/open_manipulator_teleop:/home/jamiek/2026_ROS_manipulator/open_manipulator_ws/install/open_manipulator_teleop/lib/python3.12/site-packages:/home/jamiek/2026_ROS_manipulator/open_manipulator_ws/build/open_manipulator_bringup:/home/jamiek/2026_ROS_manipulator/open_manipulator_ws/install/open_manipulator_bringup/lib/python3.12/site-packages:/home/jamiek/2026_ROS_manipulator/open_manipulator_ws/install/dynamixel_sdk_custom_interfaces/lib/python3.12/site-packages:/home/jamiek/2026_ROS_manipulator/ros_ws/install/user_interface/lib/python3.12/site-packages:/home/jamiek/2026_ROS_manipulator/ros_ws/build/tf2_basic:/home/jamiek/2026_ROS_manipulator/ros_ws/install/tf2_basic/lib/python3.12/site-packages:/home/jamiek/2026_ROS_manipulator/ros_ws/build/ros_basic:/home/jamiek/2026_ROS_manipulator/ros_ws/install/ros_basic/lib/python3.12/site-packages:/opt/ros/jazzy/lib/python3.12/site-packages /usr/bin/cmake --install /home/jamiek/2026_ROS_manipulator/open_manipulator_ws/build/dynamixel_hardware_interface
[4.928s] Level 1:colcon.colcon_core.environment:checking '/home/jamiek/2026_ROS_manipulator/open_manipulator_ws/install/dynamixel_hardware_interface' for CMake config files
[4.929s] Level 1:colcon.colcon_core.shell:create_environment_hook('dynamixel_hardware_interface', 'cmake_prefix_path')
[4.929s] INFO:colcon.colcon_core.shell:Creating environment hook '/home/jamiek/2026_ROS_manipulator/open_manipulator_ws/install/dynamixel_hardware_interface/share/dynamixel_hardware_interface/hook/cmake_prefix_path.ps1'
[4.929s] INFO:colcon.colcon_core.shell:Creating environment descriptor '/home/jamiek/2026_ROS_manipulator/open_manipulator_ws/install/dynamixel_hardware_interface/share/dynamixel_hardware_interface/hook/cmake_prefix_path.dsv'
[4.930s] INFO:colcon.colcon_core.shell:Creating environment hook '/home/jamiek/2026_ROS_manipulator/open_manipulator_ws/install/dynamixel_hardware_interface/share/dynamixel_hardware_interface/hook/cmake_prefix_path.sh'
[4.930s] Level 1:colcon.colcon_core.environment:checking '/home/jamiek/2026_ROS_manipulator/open_manipulator_ws/install/dynamixel_hardware_interface/lib'
[4.930s] Level 1:colcon.colcon_core.shell:create_environment_hook('dynamixel_hardware_interface', 'ld_library_path_lib')
[4.931s] INFO:colcon.colcon_core.shell:Creating environment hook '/home/jamiek/2026_ROS_manipulator/open_manipulator_ws/install/dynamixel_hardware_interface/share/dynamixel_hardware_interface/hook/ld_library_path_lib.ps1'
[4.931s] INFO:colcon.colcon_core.shell:Creating environment descriptor '/home/jamiek/2026_ROS_manipulator/open_manipulator_ws/install/dynamixel_hardware_interface/share/dynamixel_hardware_interface/hook/ld_library_path_lib.dsv'
[4.931s] INFO:colcon.colcon_core.shell:Creating environment hook '/home/jamiek/2026_ROS_manipulator/open_manipulator_ws/install/dynamixel_hardware_interface/share/dynamixel_hardware_interface/hook/ld_library_path_lib.sh'
[4.932s] Level 1:colcon.colcon_core.environment:checking '/home/jamiek/2026_ROS_manipulator/open_manipulator_ws/install/dynamixel_hardware_interface/bin'
[4.932s] Level 1:colcon.colcon_core.environment:checking '/home/jamiek/2026_ROS_manipulator/open_manipulator_ws/install/dynamixel_hardware_interface/lib/pkgconfig/dynamixel_hardware_interface.pc'
[4.932s] Level 1:colcon.colcon_core.environment:checking '/home/jamiek/2026_ROS_manipulator/open_manipulator_ws/install/dynamixel_hardware_interface/lib/python3.12/site-packages'
[4.932s] Level 1:colcon.colcon_core.environment:checking '/home/jamiek/2026_ROS_manipulator/open_manipulator_ws/install/dynamixel_hardware_interface/bin'
[4.933s] INFO:colcon.colcon_core.shell:Creating package script '/home/jamiek/2026_ROS_manipulator/open_manipulator_ws/install/dynamixel_hardware_interface/share/dynamixel_hardware_interface/package.ps1'
[4.933s] INFO:colcon.colcon_core.shell:Creating package descriptor '/home/jamiek/2026_ROS_manipulator/open_manipulator_ws/install/dynamixel_hardware_interface/share/dynamixel_hardware_interface/package.dsv'
[4.933s] INFO:colcon.colcon_core.shell:Creating package script '/home/jamiek/2026_ROS_manipulator/open_manipulator_ws/install/dynamixel_hardware_interface/share/dynamixel_hardware_interface/package.sh'
[4.934s] INFO:colcon.colcon_core.shell:Creating package script '/home/jamiek/2026_ROS_manipulator/open_manipulator_ws/install/dynamixel_hardware_interface/share/dynamixel_hardware_interface/package.bash'
[4.934s] INFO:colcon.colcon_core.shell:Creating package script '/home/jamiek/2026_ROS_manipulator/open_manipulator_ws/install/dynamixel_hardware_interface/share/dynamixel_hardware_interface/package.zsh'
[4.934s] Level 1:colcon.colcon_core.environment:create_file_with_runtime_dependencies(/home/jamiek/2026_ROS_manipulator/open_manipulator_ws/install/dynamixel_hardware_interface/share/colcon-core/packages/dynamixel_hardware_interface)
[4.935s] Level 1:colcon.colcon_core.environment:create_environment_scripts_only(dynamixel_hardware_interface)
[4.935s] Level 1:colcon.colcon_core.environment:checking '/home/jamiek/2026_ROS_manipulator/open_manipulator_ws/install/dynamixel_hardware_interface' for CMake module files
[4.935s] Level 1:colcon.colcon_core.environment:checking '/home/jamiek/2026_ROS_manipulator/open_manipulator_ws/install/dynamixel_hardware_interface' for CMake config files
[4.936s] Level 1:colcon.colcon_core.shell:create_environment_hook('dynamixel_hardware_interface', 'cmake_prefix_path')
[4.936s] INFO:colcon.colcon_core.shell:Creating environment hook '/home/jamiek/2026_ROS_manipulator/open_manipulator_ws/install/dynamixel_hardware_interface/share/dynamixel_hardware_interface/hook/cmake_prefix_path.ps1'
[4.936s] INFO:colcon.colcon_core.shell:Creating environment descriptor '/home/jamiek/2026_ROS_manipulator/open_manipulator_ws/install/dynamixel_hardware_interface/share/dynamixel_hardware_interface/hook/cmake_prefix_path.dsv'
[4.936s] INFO:colcon.colcon_core.shell:Creating environment hook '/home/jamiek/2026_ROS_manipulator/open_manipulator_ws/install/dynamixel_hardware_interface/share/dynamixel_hardware_interface/hook/cmake_prefix_path.sh'
[4.937s] Level 1:colcon.colcon_core.environment:checking '/home/jamiek/2026_ROS_manipulator/open_manipulator_ws/install/dynamixel_hardware_interface/lib'
[4.937s] Level 1:colcon.colcon_core.shell:create_environment_hook('dynamixel_hardware_interface', 'ld_library_path_lib')
[4.937s] INFO:colcon.colcon_core.shell:Creating environment hook '/home/jamiek/2026_ROS_manipulator/open_manipulator_ws/install/dynamixel_hardware_interface/share/dynamixel_hardware_interface/hook/ld_library_path_lib.ps1'
[4.938s] INFO:colcon.colcon_core.shell:Creating environment descriptor '/home/jamiek/2026_ROS_manipulator/open_manipulator_ws/install/dynamixel_hardware_interface/share/dynamixel_hardware_interface/hook/ld_library_path_lib.dsv'
[4.938s] INFO:colcon.colcon_core.shell:Creating environment hook '/home/jamiek/2026_ROS_manipulator/open_manipulator_ws/install/dynamixel_hardware_interface/share/dynamixel_hardware_interface/hook/ld_library_path_lib.sh'
[4.939s] Level 1:colcon.colcon_core.environment:checking '/home/jamiek/2026_ROS_manipulator/open_manipulator_ws/install/dynamixel_hardware_interface/bin'
[4.939s] Level 1:colcon.colcon_core.environment:checking '/home/jamiek/2026_ROS_manipulator/open_manipulator_ws/install/dynamixel_hardware_interface/lib/pkgconfig/dynamixel_hardware_interface.pc'
[4.939s] Level 1:colcon.colcon_core.environment:checking '/home/jamiek/2026_ROS_manipulator/open_manipulator_ws/install/dynamixel_hardware_interface/lib/python3.12/site-packages'
[4.939s] Level 1:colcon.colcon_core.environment:checking '/home/jamiek/2026_ROS_manipulator/open_manipulator_ws/install/dynamixel_hardware_interface/bin'
[4.940s] INFO:colcon.colcon_core.shell:Creating package script '/home/jamiek/2026_ROS_manipulator/open_manipulator_ws/install/dynamixel_hardware_interface/share/dynamixel_hardware_interface/package.ps1'
[4.940s] INFO:colcon.colcon_core.shell:Creating package descriptor '/home/jamiek/2026_ROS_manipulator/open_manipulator_ws/install/dynamixel_hardware_interface/share/dynamixel_hardware_interface/package.dsv'
[4.941s] INFO:colcon.colcon_core.shell:Creating package script '/home/jamiek/2026_ROS_manipulator/open_manipulator_ws/install/dynamixel_hardware_interface/share/dynamixel_hardware_interface/package.sh'
[4.941s] INFO:colcon.colcon_core.shell:Creating package script '/home/jamiek/2026_ROS_manipulator/open_manipulator_ws/install/dynamixel_hardware_interface/share/dynamixel_hardware_interface/package.bash'
[4.941s] INFO:colcon.colcon_core.shell:Creating package script '/home/jamiek/2026_ROS_manipulator/open_manipulator_ws/install/dynamixel_hardware_interface/share/dynamixel_hardware_interface/package.zsh'
[4.942s] Level 1:colcon.colcon_core.environment:create_file_with_runtime_dependencies(/home/jamiek/2026_ROS_manipulator/open_manipulator_ws/install/dynamixel_hardware_interface/share/colcon-core/packages/dynamixel_hardware_interface)
[4.942s] INFO:colcon.colcon_ros.task.ament_python.build:Building ROS package in '/home/jamiek/2026_ROS_manipulator/open_manipulator_ws/src/open_manipulator/open_manipulator_bringup' with build type 'ament_python'
[4.942s] Level 1:colcon.colcon_core.shell:create_environment_hook('open_manipulator_bringup', 'ament_prefix_path')
[4.942s] INFO:colcon.colcon_core.shell:Creating environment hook '/home/jamiek/2026_ROS_manipulator/open_manipulator_ws/install/open_manipulator_bringup/share/open_manipulator_bringup/hook/ament_prefix_path.ps1'
[4.943s] INFO:colcon.colcon_core.shell:Creating environment descriptor '/home/jamiek/2026_ROS_manipulator/open_manipulator_ws/install/open_manipulator_bringup/share/open_manipulator_bringup/hook/ament_prefix_path.dsv'
[4.943s] INFO:colcon.colcon_core.shell:Creating environment hook '/home/jamiek/2026_ROS_manipulator/open_manipulator_ws/install/open_manipulator_bringup/share/open_manipulator_bringup/hook/ament_prefix_path.sh'
[4.943s] INFO:colcon.colcon_core.shell:Skip shell extension 'powershell' for command environment: Not usable outside of PowerShell
[4.943s] DEBUG:colcon.colcon_core.shell:Skip shell extension 'dsv' for command environment
[5.161s] INFO:colcon.colcon_core.task.python.build:Building Python package in '/home/jamiek/2026_ROS_manipulator/open_manipulator_ws/src/open_manipulator/open_manipulator_bringup'
[5.161s] INFO:colcon.colcon_core.shell:Skip shell extension 'powershell' for command environment: Not usable outside of PowerShell
[5.161s] DEBUG:colcon.colcon_core.shell:Skip shell extension 'dsv' for command environment
[5.168s] DEBUG:colcon.colcon_core.event_handler.log_command:Invoked command in '/home/jamiek/2026_ROS_manipulator/open_manipulator_ws/build/open_manipulator_playground' returned '0': CMAKE_PREFIX_PATH=/home/jamiek/2026_ROS_manipulator/open_manipulator_ws/install/robotis_interfaces:/home/jamiek/2026_ROS_manipulator/open_manipulator_ws/install/open_manipulator:/home/jamiek/2026_ROS_manipulator/open_manipulator_ws/install/open_manipulator_playground:/home/jamiek/2026_ROS_manipulator/open_manipulator_ws/install/open_manipulator_moveit_config:/home/jamiek/2026_ROS_manipulator/open_manipulator_ws/install/open_manipulator_gui:/home/jamiek/2026_ROS_manipulator/open_manipulator_ws/install/open_manipulator_description:/home/jamiek/2026_ROS_manipulator/open_manipulator_ws/install/open_manipulator_collision:/home/jamiek/2026_ROS_manipulator/open_manipulator_ws/install/om_spring_actuator_controller:/home/jamiek/2026_ROS_manipulator/open_manipulator_ws/install/om_joint_trajectory_command_broadcaster:/home/jamiek/2026_ROS_manipulator/open_manipulator_ws/install/om_gravity_compensation_controller:/home/jamiek/2026_ROS_manipulator/open_manipulator_ws/install/dynamixel_sdk_examples:/home/jamiek/2026_ROS_manipulator/open_manipulator_ws/install/dynamixel_sdk_custom_interfaces:/home/jamiek/2026_ROS_manipulator/open_manipulator_ws/install/dynamixel_hardware_interface:/home/jamiek/2026_ROS_manipulator/open_manipulator_ws/install/dynamixel_sdk:/home/jamiek/2026_ROS_manipulator/open_manipulator_ws/install/dynamixel_interfaces:/home/jamiek/2026_ROS_manipulator/ros_ws/install/user_interface:/opt/ros/jazzy/opt/gz_sim_vendor:/opt/ros/jazzy/opt/gz_sensors_vendor:/opt/ros/jazzy/opt/gz_physics_vendor:/opt/ros/jazzy/opt/sdformat_vendor:/opt/ros/jazzy/opt/gz_gui_vendor:/opt/ros/jazzy/opt/gz_transport_vendor:/opt/ros/jazzy/opt/gz_rendering_vendor:/opt/ros/jazzy/opt/gz_plugin_vendor:/opt/ros/jazzy/opt/gz_fuel_tools_vendor:/opt/ros/jazzy/opt/gz_msgs_vendor:/opt/ros/jazzy/opt/gz_common_vendor:/opt/ros/jazzy/opt/gz_math_vendor:/opt/ros/jazzy/opt/gz_utils_vendor:/opt/ros/jazzy/opt/gz_tools_vendor:/opt/ros/jazzy/opt/gz_ogre_next_vendor:/opt/ros/jazzy/opt/gz_dartsim_vendor:/opt/ros/jazzy/opt/gz_cmake_vendor:/home/jamiek/2026_ROS_manipulator/open_manipulator_ws/install/open_manipulator_teleop:/home/jamiek/2026_ROS_manipulator/open_manipulator_ws/install/open_manipulator_bringup:/home/jamiek/2026_ROS_manipulator/ros_ws/install/tf2_basic:/home/jamiek/2026_ROS_manipulator/ros_ws/install/ros_basic:/opt/ros/jazzy DEBUGINFOD_URLS=https://debuginfod.ubuntu.com /usr/bin/cmake /home/jamiek/2026_ROS_manipulator/open_manipulator_ws/src/open_manipulator/open_manipulator_playground -DCMAKE_INSTALL_PREFIX=/home/jamiek/2026_ROS_manipulator/open_manipulator_ws/install/open_manipulator_playground
[5.168s] DEBUG:colcon.colcon_core.event_handler.log_command:Invoking command in '/home/jamiek/2026_ROS_manipulator/open_manipulator_ws/build/open_manipulator_playground': CMAKE_PREFIX_PATH=/home/jamiek/2026_ROS_manipulator/open_manipulator_ws/install/robotis_interfaces:/home/jamiek/2026_ROS_manipulator/open_manipulator_ws/install/open_manipulator:/home/jamiek/2026_ROS_manipulator/open_manipulator_ws/install/open_manipulator_playground:/home/jamiek/2026_ROS_manipulator/open_manipulator_ws/install/open_manipulator_moveit_config:/home/jamiek/2026_ROS_manipulator/open_manipulator_ws/install/open_manipulator_gui:/home/jamiek/2026_ROS_manipulator/open_manipulator_ws/install/open_manipulator_description:/home/jamiek/2026_ROS_manipulator/open_manipulator_ws/install/open_manipulator_collision:/home/jamiek/2026_ROS_manipulator/open_manipulator_ws/install/om_spring_actuator_controller:/home/jamiek/2026_ROS_manipulator/open_manipulator_ws/install/om_joint_trajectory_command_broadcaster:/home/jamiek/2026_ROS_manipulator/open_manipulator_ws/install/om_gravity_compensation_controller:/home/jamiek/2026_ROS_manipulator/open_manipulator_ws/install/dynamixel_sdk_examples:/home/jamiek/2026_ROS_manipulator/open_manipulator_ws/install/dynamixel_sdk_custom_interfaces:/home/jamiek/2026_ROS_manipulator/open_manipulator_ws/install/dynamixel_hardware_interface:/home/jamiek/2026_ROS_manipulator/open_manipulator_ws/install/dynamixel_sdk:/home/jamiek/2026_ROS_manipulator/open_manipulator_ws/install/dynamixel_interfaces:/home/jamiek/2026_ROS_manipulator/ros_ws/install/user_interface:/opt/ros/jazzy/opt/gz_sim_vendor:/opt/ros/jazzy/opt/gz_sensors_vendor:/opt/ros/jazzy/opt/gz_physics_vendor:/opt/ros/jazzy/opt/sdformat_vendor:/opt/ros/jazzy/opt/gz_gui_vendor:/opt/ros/jazzy/opt/gz_transport_vendor:/opt/ros/jazzy/opt/gz_rendering_vendor:/opt/ros/jazzy/opt/gz_plugin_vendor:/opt/ros/jazzy/opt/gz_fuel_tools_vendor:/opt/ros/jazzy/opt/gz_msgs_vendor:/opt/ros/jazzy/opt/gz_common_vendor:/opt/ros/jazzy/opt/gz_math_vendor:/opt/ros/jazzy/opt/gz_utils_vendor:/opt/ros/jazzy/opt/gz_tools_vendor:/opt/ros/jazzy/opt/gz_ogre_next_vendor:/opt/ros/jazzy/opt/gz_dartsim_vendor:/opt/ros/jazzy/opt/gz_cmake_vendor:/home/jamiek/2026_ROS_manipulator/open_manipulator_ws/install/open_manipulator_teleop:/home/jamiek/2026_ROS_manipulator/open_manipulator_ws/install/open_manipulator_bringup:/home/jamiek/2026_ROS_manipulator/ros_ws/install/tf2_basic:/home/jamiek/2026_ROS_manipulator/ros_ws/install/ros_basic:/opt/ros/jazzy DEBUGINFOD_URLS=https://debuginfod.ubuntu.com /usr/bin/cmake --build /home/jamiek/2026_ROS_manipulator/open_manipulator_ws/build/open_manipulator_playground
[5.363s] DEBUG:colcon.colcon_core.event_handler.log_command:Invoked command in '/home/jamiek/2026_ROS_manipulator/open_manipulator_ws/build/open_manipulator_playground' returned '0': CMAKE_PREFIX_PATH=/home/jamiek/2026_ROS_manipulator/open_manipulator_ws/install/robotis_interfaces:/home/jamiek/2026_ROS_manipulator/open_manipulator_ws/install/open_manipulator:/home/jamiek/2026_ROS_manipulator/open_manipulator_ws/install/open_manipulator_playground:/home/jamiek/2026_ROS_manipulator/open_manipulator_ws/install/open_manipulator_moveit_config:/home/jamiek/2026_ROS_manipulator/open_manipulator_ws/install/open_manipulator_gui:/home/jamiek/2026_ROS_manipulator/open_manipulator_ws/install/open_manipulator_description:/home/jamiek/2026_ROS_manipulator/open_manipulator_ws/install/open_manipulator_collision:/home/jamiek/2026_ROS_manipulator/open_manipulator_ws/install/om_spring_actuator_controller:/home/jamiek/2026_ROS_manipulator/open_manipulator_ws/install/om_joint_trajectory_command_broadcaster:/home/jamiek/2026_ROS_manipulator/open_manipulator_ws/install/om_gravity_compensation_controller:/home/jamiek/2026_ROS_manipulator/open_manipulator_ws/install/dynamixel_sdk_examples:/home/jamiek/2026_ROS_manipulator/open_manipulator_ws/install/dynamixel_sdk_custom_interfaces:/home/jamiek/2026_ROS_manipulator/open_manipulator_ws/install/dynamixel_hardware_interface:/home/jamiek/2026_ROS_manipulator/open_manipulator_ws/install/dynamixel_sdk:/home/jamiek/2026_ROS_manipulator/open_manipulator_ws/install/dynamixel_interfaces:/home/jamiek/2026_ROS_manipulator/ros_ws/install/user_interface:/opt/ros/jazzy/opt/gz_sim_vendor:/opt/ros/jazzy/opt/gz_sensors_vendor:/opt/ros/jazzy/opt/gz_physics_vendor:/opt/ros/jazzy/opt/sdformat_vendor:/opt/ros/jazzy/opt/gz_gui_vendor:/opt/ros/jazzy/opt/gz_transport_vendor:/opt/ros/jazzy/opt/gz_rendering_vendor:/opt/ros/jazzy/opt/gz_plugin_vendor:/opt/ros/jazzy/opt/gz_fuel_tools_vendor:/opt/ros/jazzy/opt/gz_msgs_vendor:/opt/ros/jazzy/opt/gz_common_vendor:/opt/ros/jazzy/opt/gz_math_vendor:/opt/ros/jazzy/opt/gz_utils_vendor:/opt/ros/jazzy/opt/gz_tools_vendor:/opt/ros/jazzy/opt/gz_ogre_next_vendor:/opt/ros/jazzy/opt/gz_dartsim_vendor:/opt/ros/jazzy/opt/gz_cmake_vendor:/home/jamiek/2026_ROS_manipulator/open_manipulator_ws/install/open_manipulator_teleop:/home/jamiek/2026_ROS_manipulator/open_manipulator_ws/install/open_manipulator_bringup:/home/jamiek/2026_ROS_manipulator/ros_ws/install/tf2_basic:/home/jamiek/2026_ROS_manipulator/ros_ws/install/ros_basic:/opt/ros/jazzy DEBUGINFOD_URLS=https://debuginfod.ubuntu.com /usr/bin/cmake --build /home/jamiek/2026_ROS_manipulator/open_manipulator_ws/build/open_manipulator_playground
[5.364s] DEBUG:colcon.colcon_core.event_handler.log_command:Invoking command in '/home/jamiek/2026_ROS_manipulator/open_manipulator_ws/build/open_manipulator_playground': CMAKE_PREFIX_PATH=/home/jamiek/2026_ROS_manipulator/open_manipulator_ws/install/robotis_interfaces:/home/jamiek/2026_ROS_manipulator/open_manipulator_ws/install/open_manipulator:/home/jamiek/2026_ROS_manipulator/open_manipulator_ws/install/open_manipulator_playground:/home/jamiek/2026_ROS_manipulator/open_manipulator_ws/install/open_manipulator_moveit_config:/home/jamiek/2026_ROS_manipulator/open_manipulator_ws/install/open_manipulator_gui:/home/jamiek/2026_ROS_manipulator/open_manipulator_ws/install/open_manipulator_description:/home/jamiek/2026_ROS_manipulator/open_manipulator_ws/install/open_manipulator_collision:/home/jamiek/2026_ROS_manipulator/open_manipulator_ws/install/om_spring_actuator_controller:/home/jamiek/2026_ROS_manipulator/open_manipulator_ws/install/om_joint_trajectory_command_broadcaster:/home/jamiek/2026_ROS_manipulator/open_manipulator_ws/install/om_gravity_compensation_controller:/home/jamiek/2026_ROS_manipulator/open_manipulator_ws/install/dynamixel_sdk_examples:/home/jamiek/2026_ROS_manipulator/open_manipulator_ws/install/dynamixel_sdk_custom_interfaces:/home/jamiek/2026_ROS_manipulator/open_manipulator_ws/install/dynamixel_hardware_interface:/home/jamiek/2026_ROS_manipulator/open_manipulator_ws/install/dynamixel_sdk:/home/jamiek/2026_ROS_manipulator/open_manipulator_ws/install/dynamixel_interfaces:/home/jamiek/2026_ROS_manipulator/ros_ws/install/user_interface:/opt/ros/jazzy/opt/gz_sim_vendor:/opt/ros/jazzy/opt/gz_sensors_vendor:/opt/ros/jazzy/opt/gz_physics_vendor:/opt/ros/jazzy/opt/sdformat_vendor:/opt/ros/jazzy/opt/gz_gui_vendor:/opt/ros/jazzy/opt/gz_transport_vendor:/opt/ros/jazzy/opt/gz_rendering_vendor:/opt/ros/jazzy/opt/gz_plugin_vendor:/opt/ros/jazzy/opt/gz_fuel_tools_vendor:/opt/ros/jazzy/opt/gz_msgs_vendor:/opt/ros/jazzy/opt/gz_common_vendor:/opt/ros/jazzy/opt/gz_math_vendor:/opt/ros/jazzy/opt/gz_utils_vendor:/opt/ros/jazzy/opt/gz_tools_vendor:/opt/ros/jazzy/opt/gz_ogre_next_vendor:/opt/ros/jazzy/opt/gz_dartsim_vendor:/opt/ros/jazzy/opt/gz_cmake_vendor:/home/jamiek/2026_ROS_manipulator/open_manipulator_ws/install/open_manipulator_teleop:/home/jamiek/2026_ROS_manipulator/open_manipulator_ws/install/open_manipulator_bringup:/home/jamiek/2026_ROS_manipulator/ros_ws/install/tf2_basic:/home/jamiek/2026_ROS_manipulator/ros_ws/install/ros_basic:/opt/ros/jazzy DEBUGINFOD_URLS=https://debuginfod.ubuntu.com /usr/bin/cmake --install /home/jamiek/2026_ROS_manipulator/open_manipulator_ws/build/open_manipulator_playground
[5.395s] Level 1:colcon.colcon_core.environment:create_environment_scripts_only(open_manipulator_playground)
[5.395s] Level 1:colcon.colcon_core.environment:checking '/home/jamiek/2026_ROS_manipulator/open_manipulator_ws/install/open_manipulator_playground' for CMake module files
[5.396s] DEBUG:colcon.colcon_core.event_handler.log_command:Invoked command in '/home/jamiek/2026_ROS_manipulator/open_manipulator_ws/build/open_manipulator_playground' returned '0': CMAKE_PREFIX_PATH=/home/jamiek/2026_ROS_manipulator/open_manipulator_ws/install/robotis_interfaces:/home/jamiek/2026_ROS_manipulator/open_manipulator_ws/install/open_manipulator:/home/jamiek/2026_ROS_manipulator/open_manipulator_ws/install/open_manipulator_playground:/home/jamiek/2026_ROS_manipulator/open_manipulator_ws/install/open_manipulator_moveit_config:/home/jamiek/2026_ROS_manipulator/open_manipulator_ws/install/open_manipulator_gui:/home/jamiek/2026_ROS_manipulator/open_manipulator_ws/install/open_manipulator_description:/home/jamiek/2026_ROS_manipulator/open_manipulator_ws/install/open_manipulator_collision:/home/jamiek/2026_ROS_manipulator/open_manipulator_ws/install/om_spring_actuator_controller:/home/jamiek/2026_ROS_manipulator/open_manipulator_ws/install/om_joint_trajectory_command_broadcaster:/home/jamiek/2026_ROS_manipulator/open_manipulator_ws/install/om_gravity_compensation_controller:/home/jamiek/2026_ROS_manipulator/open_manipulator_ws/install/dynamixel_sdk_examples:/home/jamiek/2026_ROS_manipulator/open_manipulator_ws/install/dynamixel_sdk_custom_interfaces:/home/jamiek/2026_ROS_manipulator/open_manipulator_ws/install/dynamixel_hardware_interface:/home/jamiek/2026_ROS_manipulator/open_manipulator_ws/install/dynamixel_sdk:/home/jamiek/2026_ROS_manipulator/open_manipulator_ws/install/dynamixel_interfaces:/home/jamiek/2026_ROS_manipulator/ros_ws/install/user_interface:/opt/ros/jazzy/opt/gz_sim_vendor:/opt/ros/jazzy/opt/gz_sensors_vendor:/opt/ros/jazzy/opt/gz_physics_vendor:/opt/ros/jazzy/opt/sdformat_vendor:/opt/ros/jazzy/opt/gz_gui_vendor:/opt/ros/jazzy/opt/gz_transport_vendor:/opt/ros/jazzy/opt/gz_rendering_vendor:/opt/ros/jazzy/opt/gz_plugin_vendor:/opt/ros/jazzy/opt/gz_fuel_tools_vendor:/opt/ros/jazzy/opt/gz_msgs_vendor:/opt/ros/jazzy/opt/gz_common_vendor:/opt/ros/jazzy/opt/gz_math_vendor:/opt/ros/jazzy/opt/gz_utils_vendor:/opt/ros/jazzy/opt/gz_tools_vendor:/opt/ros/jazzy/opt/gz_ogre_next_vendor:/opt/ros/jazzy/opt/gz_dartsim_vendor:/opt/ros/jazzy/opt/gz_cmake_vendor:/home/jamiek/2026_ROS_manipulator/open_manipulator_ws/install/open_manipulator_teleop:/home/jamiek/2026_ROS_manipulator/open_manipulator_ws/install/open_manipulator_bringup:/home/jamiek/2026_ROS_manipulator/ros_ws/install/tf2_basic:/home/jamiek/2026_ROS_manipulator/ros_ws/install/ros_basic:/opt/ros/jazzy DEBUGINFOD_URLS=https://debuginfod.ubuntu.com /usr/bin/cmake --install /home/jamiek/2026_ROS_manipulator/open_manipulator_ws/build/open_manipulator_playground
[5.397s] Level 1:colcon.colcon_core.environment:checking '/home/jamiek/2026_ROS_manipulator/open_manipulator_ws/install/open_manipulator_playground' for CMake config files
[5.397s] Level 1:colcon.colcon_core.shell:create_environment_hook('open_manipulator_playground', 'cmake_prefix_path')
[5.397s] INFO:colcon.colcon_core.shell:Creating environment hook '/home/jamiek/2026_ROS_manipulator/open_manipulator_ws/install/open_manipulator_playground/share/open_manipulator_playground/hook/cmake_prefix_path.ps1'
[5.398s] INFO:colcon.colcon_core.shell:Creating environment descriptor '/home/jamiek/2026_ROS_manipulator/open_manipulator_ws/install/open_manipulator_playground/share/open_manipulator_playground/hook/cmake_prefix_path.dsv'
[5.398s] INFO:colcon.colcon_core.shell:Creating environment hook '/home/jamiek/2026_ROS_manipulator/open_manipulator_ws/install/open_manipulator_playground/share/open_manipulator_playground/hook/cmake_prefix_path.sh'
[5.398s] Level 1:colcon.colcon_core.environment:checking '/home/jamiek/2026_ROS_manipulator/open_manipulator_ws/install/open_manipulator_playground/lib'
[5.398s] Level 1:colcon.colcon_core.environment:checking '/home/jamiek/2026_ROS_manipulator/open_manipulator_ws/install/open_manipulator_playground/bin'
[5.398s] Level 1:colcon.colcon_core.environment:checking '/home/jamiek/2026_ROS_manipulator/open_manipulator_ws/install/open_manipulator_playground/lib/pkgconfig/open_manipulator_playground.pc'
[5.399s] Level 1:colcon.colcon_core.environment:checking '/home/jamiek/2026_ROS_manipulator/open_manipulator_ws/install/open_manipulator_playground/lib/python3.12/site-packages'
[5.399s] Level 1:colcon.colcon_core.environment:checking '/home/jamiek/2026_ROS_manipulator/open_manipulator_ws/install/open_manipulator_playground/bin'
[5.399s] INFO:colcon.colcon_core.shell:Creating package script '/home/jamiek/2026_ROS_manipulator/open_manipulator_ws/install/open_manipulator_playground/share/open_manipulator_playground/package.ps1'
[5.399s] INFO:colcon.colcon_core.shell:Creating package descriptor '/home/jamiek/2026_ROS_manipulator/open_manipulator_ws/install/open_manipulator_playground/share/open_manipulator_playground/package.dsv'
[5.400s] INFO:colcon.colcon_core.shell:Creating package script '/home/jamiek/2026_ROS_manipulator/open_manipulator_ws/install/open_manipulator_playground/share/open_manipulator_playground/package.sh'
[5.400s] INFO:colcon.colcon_core.shell:Creating package script '/home/jamiek/2026_ROS_manipulator/open_manipulator_ws/install/open_manipulator_playground/share/open_manipulator_playground/package.bash'
[5.400s] INFO:colcon.colcon_core.shell:Creating package script '/home/jamiek/2026_ROS_manipulator/open_manipulator_ws/install/open_manipulator_playground/share/open_manipulator_playground/package.zsh'
[5.401s] Level 1:colcon.colcon_core.environment:create_file_with_runtime_dependencies(/home/jamiek/2026_ROS_manipulator/open_manipulator_ws/install/open_manipulator_playground/share/colcon-core/packages/open_manipulator_playground)
[5.401s] Level 1:colcon.colcon_core.environment:create_environment_scripts_only(open_manipulator_playground)
[5.401s] Level 1:colcon.colcon_core.environment:checking '/home/jamiek/2026_ROS_manipulator/open_manipulator_ws/install/open_manipulator_playground' for CMake module files
[5.402s] Level 1:colcon.colcon_core.environment:checking '/home/jamiek/2026_ROS_manipulator/open_manipulator_ws/install/open_manipulator_playground' for CMake config files
[5.402s] Level 1:colcon.colcon_core.shell:create_environment_hook('open_manipulator_playground', 'cmake_prefix_path')
[5.402s] INFO:colcon.colcon_core.shell:Creating environment hook '/home/jamiek/2026_ROS_manipulator/open_manipulator_ws/install/open_manipulator_playground/share/open_manipulator_playground/hook/cmake_prefix_path.ps1'
[5.402s] INFO:colcon.colcon_core.shell:Creating environment descriptor '/home/jamiek/2026_ROS_manipulator/open_manipulator_ws/install/open_manipulator_playground/share/open_manipulator_playground/hook/cmake_prefix_path.dsv'
[5.403s] INFO:colcon.colcon_core.shell:Creating environment hook '/home/jamiek/2026_ROS_manipulator/open_manipulator_ws/install/open_manipulator_playground/share/open_manipulator_playground/hook/cmake_prefix_path.sh'
[5.403s] Level 1:colcon.colcon_core.environment:checking '/home/jamiek/2026_ROS_manipulator/open_manipulator_ws/install/open_manipulator_playground/lib'
[5.403s] Level 1:colcon.colcon_core.environment:checking '/home/jamiek/2026_ROS_manipulator/open_manipulator_ws/install/open_manipulator_playground/bin'
[5.403s] Level 1:colcon.colcon_core.environment:checking '/home/jamiek/2026_ROS_manipulator/open_manipulator_ws/install/open_manipulator_playground/lib/pkgconfig/open_manipulator_playground.pc'
[5.404s] Level 1:colcon.colcon_core.environment:checking '/home/jamiek/2026_ROS_manipulator/open_manipulator_ws/install/open_manipulator_playground/lib/python3.12/site-packages'
[5.404s] Level 1:colcon.colcon_core.environment:checking '/home/jamiek/2026_ROS_manipulator/open_manipulator_ws/install/open_manipulator_playground/bin'
[5.404s] INFO:colcon.colcon_core.shell:Creating package script '/home/jamiek/2026_ROS_manipulator/open_manipulator_ws/install/open_manipulator_playground/share/open_manipulator_playground/package.ps1'
[5.405s] INFO:colcon.colcon_core.shell:Creating package descriptor '/home/jamiek/2026_ROS_manipulator/open_manipulator_ws/install/open_manipulator_playground/share/open_manipulator_playground/package.dsv'
[5.405s] INFO:colcon.colcon_core.shell:Creating package script '/home/jamiek/2026_ROS_manipulator/open_manipulator_ws/install/open_manipulator_playground/share/open_manipulator_playground/package.sh'
[5.405s] INFO:colcon.colcon_core.shell:Creating package script '/home/jamiek/2026_ROS_manipulator/open_manipulator_ws/install/open_manipulator_playground/share/open_manipulator_playground/package.bash'
[5.406s] INFO:colcon.colcon_core.shell:Creating package script '/home/jamiek/2026_ROS_manipulator/open_manipulator_ws/install/open_manipulator_playground/share/open_manipulator_playground/package.zsh'
[5.406s] Level 1:colcon.colcon_core.environment:create_file_with_runtime_dependencies(/home/jamiek/2026_ROS_manipulator/open_manipulator_ws/install/open_manipulator_playground/share/colcon-core/packages/open_manipulator_playground)
[5.710s] DEBUG:colcon.colcon_core.task.python.build:Available setuptools commands: register, alias, install_egg_info, egg_info, setopt, build, bdist_dumb, compile_catalog, clean, easy_install, editable_wheel, update_catalog, bdist_rpm, build_ext, install_data, saveopts, upload, bdist_egg, test, extract_messages, bdist, sdist, dist_info, install_lib, rotate, install, install_scripts, install_headers, build_clib, symlink_data, init_catalog, build_py, build_scripts, check, develop, upload_docs
[5.712s] DEBUG:colcon.colcon_core.event_handler.log_command:Invoking command in '/home/jamiek/2026_ROS_manipulator/open_manipulator_ws/build/open_manipulator_bringup': CMAKE_PREFIX_PATH=/home/jamiek/2026_ROS_manipulator/open_manipulator_ws/install/dynamixel_hardware_interface:/home/jamiek/2026_ROS_manipulator/open_manipulator_ws/install/open_manipulator_description:/home/jamiek/2026_ROS_manipulator/open_manipulator_ws/install/dynamixel_sdk:/home/jamiek/2026_ROS_manipulator/open_manipulator_ws/install/dynamixel_interfaces:/home/jamiek/2026_ROS_manipulator/open_manipulator_ws/install/open_manipulator:/home/jamiek/2026_ROS_manipulator/open_manipulator_ws/install/open_manipulator_playground:/home/jamiek/2026_ROS_manipulator/open_manipulator_ws/install/robotis_interfaces:/home/jamiek/2026_ROS_manipulator/open_manipulator_ws/install/open_manipulator_moveit_config:/home/jamiek/2026_ROS_manipulator/open_manipulator_ws/install/open_manipulator_gui:/home/jamiek/2026_ROS_manipulator/open_manipulator_ws/install/open_manipulator_collision:/home/jamiek/2026_ROS_manipulator/open_manipulator_ws/install/om_spring_actuator_controller:/home/jamiek/2026_ROS_manipulator/open_manipulator_ws/install/om_joint_trajectory_command_broadcaster:/home/jamiek/2026_ROS_manipulator/open_manipulator_ws/install/om_gravity_compensation_controller:/home/jamiek/2026_ROS_manipulator/open_manipulator_ws/install/dynamixel_sdk_examples:/home/jamiek/2026_ROS_manipulator/open_manipulator_ws/install/dynamixel_sdk_custom_interfaces:/home/jamiek/2026_ROS_manipulator/ros_ws/install/user_interface:/opt/ros/jazzy/opt/gz_sim_vendor:/opt/ros/jazzy/opt/gz_sensors_vendor:/opt/ros/jazzy/opt/gz_physics_vendor:/opt/ros/jazzy/opt/sdformat_vendor:/opt/ros/jazzy/opt/gz_gui_vendor:/opt/ros/jazzy/opt/gz_transport_vendor:/opt/ros/jazzy/opt/gz_rendering_vendor:/opt/ros/jazzy/opt/gz_plugin_vendor:/opt/ros/jazzy/opt/gz_fuel_tools_vendor:/opt/ros/jazzy/opt/gz_msgs_vendor:/opt/ros/jazzy/opt/gz_common_vendor:/opt/ros/jazzy/opt/gz_math_vendor:/opt/ros/jazzy/opt/gz_utils_vendor:/opt/ros/jazzy/opt/gz_tools_vendor:/opt/ros/jazzy/opt/gz_ogre_next_vendor:/opt/ros/jazzy/opt/gz_dartsim_vendor:/opt/ros/jazzy/opt/gz_cmake_vendor DEBUGINFOD_URLS=https://debuginfod.ubuntu.com LD_LIBRARY_PATH=/home/jamiek/2026_ROS_manipulator/open_manipulator_ws/install/dynamixel_hardware_interface/lib:/home/jamiek/2026_ROS_manipulator/open_manipulator_ws/install/dynamixel_sdk/lib:/home/jamiek/2026_ROS_manipulator/open_manipulator_ws/install/dynamixel_interfaces/lib:/home/jamiek/2026_ROS_manipulator/open_manipulator_ws/install/robotis_interfaces/lib:/home/jamiek/2026_ROS_manipulator/open_manipulator_ws/install/open_manipulator_gui/lib:/home/jamiek/2026_ROS_manipulator/open_manipulator_ws/install/open_manipulator_collision/lib:/home/jamiek/2026_ROS_manipulator/open_manipulator_ws/install/om_spring_actuator_controller/lib:/home/jamiek/2026_ROS_manipulator/open_manipulator_ws/install/om_joint_trajectory_command_broadcaster/lib:/home/jamiek/2026_ROS_manipulator/open_manipulator_ws/install/om_gravity_compensation_controller/lib:/home/jamiek/2026_ROS_manipulator/open_manipulator_ws/install/dynamixel_sdk_custom_interfaces/lib:/home/jamiek/2026_ROS_manipulator/ros_ws/install/user_interface/lib:/opt/ros/jazzy/opt/gz_sim_vendor/lib:/opt/ros/jazzy/opt/gz_sensors_vendor/lib:/opt/ros/jazzy/opt/gz_physics_vendor/lib:/opt/ros/jazzy/opt/sdformat_vendor/lib:/opt/ros/jazzy/opt/rviz_ogre_vendor/lib:/opt/ros/jazzy/lib/x86_64-linux-gnu:/opt/ros/jazzy/opt/gz_gui_vendor/lib:/opt/ros/jazzy/opt/gz_transport_vendor/lib:/opt/ros/jazzy/opt/gz_rendering_vendor/lib:/opt/ros/jazzy/opt/gz_plugin_vendor/lib:/opt/ros/jazzy/opt/gz_fuel_tools_vendor/lib:/opt/ros/jazzy/opt/gz_msgs_vendor/lib:/opt/ros/jazzy/opt/gz_common_vendor/lib:/opt/ros/jazzy/opt/gz_math_vendor/lib:/opt/ros/jazzy/opt/gz_utils_vendor/lib:/opt/ros/jazzy/opt/gz_tools_vendor/lib:/opt/ros/jazzy/opt/gz_ogre_next_vendor/lib:/opt/ros/jazzy/opt/gz_dartsim_vendor/lib:/opt/ros/jazzy/opt/gz_cmake_vendor/lib:/opt/ros/jazzy/lib PYTHONPATH=/home/jamiek/2026_ROS_manipulator/open_manipulator_ws/build/open_manipulator_bringup/prefix_override:/usr/lib/python3/dist-packages/colcon_core/task/python/colcon_distutils_commands:/home/jamiek/2026_ROS_manipulator/open_manipulator_ws/install/open_manipulator_bringup/lib/python3.12/site-packages:/home/jamiek/2026_ROS_manipulator/open_manipulator_ws/install/dynamixel_sdk/lib/python3.12/site-packages:/home/jamiek/2026_ROS_manipulator/open_manipulator_ws/install/dynamixel_interfaces/lib/python3.12/site-packages:/home/jamiek/2026_ROS_manipulator/open_manipulator_ws/install/robotis_interfaces/lib/python3.12/site-packages:/home/jamiek/2026_ROS_manipulator/open_manipulator_ws/build/open_manipulator_teleop:/home/jamiek/2026_ROS_manipulator/open_manipulator_ws/install/open_manipulator_teleop/lib/python3.12/site-packages:/home/jamiek/2026_ROS_manipulator/open_manipulator_ws/build/open_manipulator_bringup:/home/jamiek/2026_ROS_manipulator/open_manipulator_ws/install/open_manipulator_bringup/lib/python3.12/site-packages:/home/jamiek/2026_ROS_manipulator/open_manipulator_ws/install/dynamixel_sdk_custom_interfaces/lib/python3.12/site-packages:/home/jamiek/2026_ROS_manipulator/ros_ws/install/user_interface/lib/python3.12/site-packages:/home/jamiek/2026_ROS_manipulator/ros_ws/build/tf2_basic:/home/jamiek/2026_ROS_manipulator/ros_ws/install/tf2_basic/lib/python3.12/site-packages:/home/jamiek/2026_ROS_manipulator/ros_ws/build/ros_basic:/home/jamiek/2026_ROS_manipulator/ros_ws/install/ros_basic/lib/python3.12/site-packages:/opt/ros/jazzy/lib/python3.12/site-packages /usr/bin/python3 -W ignore:setup.py install is deprecated -W ignore:easy_install command is deprecated setup.py develop --uninstall --editable --build-directory /home/jamiek/2026_ROS_manipulator/open_manipulator_ws/build/open_manipulator_bringup/build
[6.226s] DEBUG:colcon.colcon_core.event_handler.log_command:Invoked command in '/home/jamiek/2026_ROS_manipulator/open_manipulator_ws/build/open_manipulator_bringup' returned '0': CMAKE_PREFIX_PATH=/home/jamiek/2026_ROS_manipulator/open_manipulator_ws/install/dynamixel_hardware_interface:/home/jamiek/2026_ROS_manipulator/open_manipulator_ws/install/open_manipulator_description:/home/jamiek/2026_ROS_manipulator/open_manipulator_ws/install/dynamixel_sdk:/home/jamiek/2026_ROS_manipulator/open_manipulator_ws/install/dynamixel_interfaces:/home/jamiek/2026_ROS_manipulator/open_manipulator_ws/install/open_manipulator:/home/jamiek/2026_ROS_manipulator/open_manipulator_ws/install/open_manipulator_playground:/home/jamiek/2026_ROS_manipulator/open_manipulator_ws/install/robotis_interfaces:/home/jamiek/2026_ROS_manipulator/open_manipulator_ws/install/open_manipulator_moveit_config:/home/jamiek/2026_ROS_manipulator/open_manipulator_ws/install/open_manipulator_gui:/home/jamiek/2026_ROS_manipulator/open_manipulator_ws/install/open_manipulator_collision:/home/jamiek/2026_ROS_manipulator/open_manipulator_ws/install/om_spring_actuator_controller:/home/jamiek/2026_ROS_manipulator/open_manipulator_ws/install/om_joint_trajectory_command_broadcaster:/home/jamiek/2026_ROS_manipulator/open_manipulator_ws/install/om_gravity_compensation_controller:/home/jamiek/2026_ROS_manipulator/open_manipulator_ws/install/dynamixel_sdk_examples:/home/jamiek/2026_ROS_manipulator/open_manipulator_ws/install/dynamixel_sdk_custom_interfaces:/home/jamiek/2026_ROS_manipulator/ros_ws/install/user_interface:/opt/ros/jazzy/opt/gz_sim_vendor:/opt/ros/jazzy/opt/gz_sensors_vendor:/opt/ros/jazzy/opt/gz_physics_vendor:/opt/ros/jazzy/opt/sdformat_vendor:/opt/ros/jazzy/opt/gz_gui_vendor:/opt/ros/jazzy/opt/gz_transport_vendor:/opt/ros/jazzy/opt/gz_rendering_vendor:/opt/ros/jazzy/opt/gz_plugin_vendor:/opt/ros/jazzy/opt/gz_fuel_tools_vendor:/opt/ros/jazzy/opt/gz_msgs_vendor:/opt/ros/jazzy/opt/gz_common_vendor:/opt/ros/jazzy/opt/gz_math_vendor:/opt/ros/jazzy/opt/gz_utils_vendor:/opt/ros/jazzy/opt/gz_tools_vendor:/opt/ros/jazzy/opt/gz_ogre_next_vendor:/opt/ros/jazzy/opt/gz_dartsim_vendor:/opt/ros/jazzy/opt/gz_cmake_vendor DEBUGINFOD_URLS=https://debuginfod.ubuntu.com LD_LIBRARY_PATH=/home/jamiek/2026_ROS_manipulator/open_manipulator_ws/install/dynamixel_hardware_interface/lib:/home/jamiek/2026_ROS_manipulator/open_manipulator_ws/install/dynamixel_sdk/lib:/home/jamiek/2026_ROS_manipulator/open_manipulator_ws/install/dynamixel_interfaces/lib:/home/jamiek/2026_ROS_manipulator/open_manipulator_ws/install/robotis_interfaces/lib:/home/jamiek/2026_ROS_manipulator/open_manipulator_ws/install/open_manipulator_gui/lib:/home/jamiek/2026_ROS_manipulator/open_manipulator_ws/install/open_manipulator_collision/lib:/home/jamiek/2026_ROS_manipulator/open_manipulator_ws/install/om_spring_actuator_controller/lib:/home/jamiek/2026_ROS_manipulator/open_manipulator_ws/install/om_joint_trajectory_command_broadcaster/lib:/home/jamiek/2026_ROS_manipulator/open_manipulator_ws/install/om_gravity_compensation_controller/lib:/home/jamiek/2026_ROS_manipulator/open_manipulator_ws/install/dynamixel_sdk_custom_interfaces/lib:/home/jamiek/2026_ROS_manipulator/ros_ws/install/user_interface/lib:/opt/ros/jazzy/opt/gz_sim_vendor/lib:/opt/ros/jazzy/opt/gz_sensors_vendor/lib:/opt/ros/jazzy/opt/gz_physics_vendor/lib:/opt/ros/jazzy/opt/sdformat_vendor/lib:/opt/ros/jazzy/opt/rviz_ogre_vendor/lib:/opt/ros/jazzy/lib/x86_64-linux-gnu:/opt/ros/jazzy/opt/gz_gui_vendor/lib:/opt/ros/jazzy/opt/gz_transport_vendor/lib:/opt/ros/jazzy/opt/gz_rendering_vendor/lib:/opt/ros/jazzy/opt/gz_plugin_vendor/lib:/opt/ros/jazzy/opt/gz_fuel_tools_vendor/lib:/opt/ros/jazzy/opt/gz_msgs_vendor/lib:/opt/ros/jazzy/opt/gz_common_vendor/lib:/opt/ros/jazzy/opt/gz_math_vendor/lib:/opt/ros/jazzy/opt/gz_utils_vendor/lib:/opt/ros/jazzy/opt/gz_tools_vendor/lib:/opt/ros/jazzy/opt/gz_ogre_next_vendor/lib:/opt/ros/jazzy/opt/gz_dartsim_vendor/lib:/opt/ros/jazzy/opt/gz_cmake_vendor/lib:/opt/ros/jazzy/lib PYTHONPATH=/home/jamiek/2026_ROS_manipulator/open_manipulator_ws/build/open_manipulator_bringup/prefix_override:/usr/lib/python3/dist-packages/colcon_core/task/python/colcon_distutils_commands:/home/jamiek/2026_ROS_manipulator/open_manipulator_ws/install/open_manipulator_bringup/lib/python3.12/site-packages:/home/jamiek/2026_ROS_manipulator/open_manipulator_ws/install/dynamixel_sdk/lib/python3.12/site-packages:/home/jamiek/2026_ROS_manipulator/open_manipulator_ws/install/dynamixel_interfaces/lib/python3.12/site-packages:/home/jamiek/2026_ROS_manipulator/open_manipulator_ws/install/robotis_interfaces/lib/python3.12/site-packages:/home/jamiek/2026_ROS_manipulator/open_manipulator_ws/build/open_manipulator_teleop:/home/jamiek/2026_ROS_manipulator/open_manipulator_ws/install/open_manipulator_teleop/lib/python3.12/site-packages:/home/jamiek/2026_ROS_manipulator/open_manipulator_ws/build/open_manipulator_bringup:/home/jamiek/2026_ROS_manipulator/open_manipulator_ws/install/open_manipulator_bringup/lib/python3.12/site-packages:/home/jamiek/2026_ROS_manipulator/open_manipulator_ws/install/dynamixel_sdk_custom_interfaces/lib/python3.12/site-packages:/home/jamiek/2026_ROS_manipulator/ros_ws/install/user_interface/lib/python3.12/site-packages:/home/jamiek/2026_ROS_manipulator/ros_ws/build/tf2_basic:/home/jamiek/2026_ROS_manipulator/ros_ws/install/tf2_basic/lib/python3.12/site-packages:/home/jamiek/2026_ROS_manipulator/ros_ws/build/ros_basic:/home/jamiek/2026_ROS_manipulator/ros_ws/install/ros_basic/lib/python3.12/site-packages:/opt/ros/jazzy/lib/python3.12/site-packages /usr/bin/python3 -W ignore:setup.py install is deprecated -W ignore:easy_install command is deprecated setup.py develop --uninstall --editable --build-directory /home/jamiek/2026_ROS_manipulator/open_manipulator_ws/build/open_manipulator_bringup/build
[6.228s] DEBUG:colcon.colcon_core.event_handler.log_command:Invoking command in '/home/jamiek/2026_ROS_manipulator/open_manipulator_ws/src/open_manipulator/open_manipulator_bringup': CMAKE_PREFIX_PATH=/home/jamiek/2026_ROS_manipulator/open_manipulator_ws/install/dynamixel_hardware_interface:/home/jamiek/2026_ROS_manipulator/open_manipulator_ws/install/open_manipulator_description:/home/jamiek/2026_ROS_manipulator/open_manipulator_ws/install/dynamixel_sdk:/home/jamiek/2026_ROS_manipulator/open_manipulator_ws/install/dynamixel_interfaces:/home/jamiek/2026_ROS_manipulator/open_manipulator_ws/install/open_manipulator:/home/jamiek/2026_ROS_manipulator/open_manipulator_ws/install/open_manipulator_playground:/home/jamiek/2026_ROS_manipulator/open_manipulator_ws/install/robotis_interfaces:/home/jamiek/2026_ROS_manipulator/open_manipulator_ws/install/open_manipulator_moveit_config:/home/jamiek/2026_ROS_manipulator/open_manipulator_ws/install/open_manipulator_gui:/home/jamiek/2026_ROS_manipulator/open_manipulator_ws/install/open_manipulator_collision:/home/jamiek/2026_ROS_manipulator/open_manipulator_ws/install/om_spring_actuator_controller:/home/jamiek/2026_ROS_manipulator/open_manipulator_ws/install/om_joint_trajectory_command_broadcaster:/home/jamiek/2026_ROS_manipulator/open_manipulator_ws/install/om_gravity_compensation_controller:/home/jamiek/2026_ROS_manipulator/open_manipulator_ws/install/dynamixel_sdk_examples:/home/jamiek/2026_ROS_manipulator/open_manipulator_ws/install/dynamixel_sdk_custom_interfaces:/home/jamiek/2026_ROS_manipulator/ros_ws/install/user_interface:/opt/ros/jazzy/opt/gz_sim_vendor:/opt/ros/jazzy/opt/gz_sensors_vendor:/opt/ros/jazzy/opt/gz_physics_vendor:/opt/ros/jazzy/opt/sdformat_vendor:/opt/ros/jazzy/opt/gz_gui_vendor:/opt/ros/jazzy/opt/gz_transport_vendor:/opt/ros/jazzy/opt/gz_rendering_vendor:/opt/ros/jazzy/opt/gz_plugin_vendor:/opt/ros/jazzy/opt/gz_fuel_tools_vendor:/opt/ros/jazzy/opt/gz_msgs_vendor:/opt/ros/jazzy/opt/gz_common_vendor:/opt/ros/jazzy/opt/gz_math_vendor:/opt/ros/jazzy/opt/gz_utils_vendor:/opt/ros/jazzy/opt/gz_tools_vendor:/opt/ros/jazzy/opt/gz_ogre_next_vendor:/opt/ros/jazzy/opt/gz_dartsim_vendor:/opt/ros/jazzy/opt/gz_cmake_vendor DEBUGINFOD_URLS=https://debuginfod.ubuntu.com LD_LIBRARY_PATH=/home/jamiek/2026_ROS_manipulator/open_manipulator_ws/install/dynamixel_hardware_interface/lib:/home/jamiek/2026_ROS_manipulator/open_manipulator_ws/install/dynamixel_sdk/lib:/home/jamiek/2026_ROS_manipulator/open_manipulator_ws/install/dynamixel_interfaces/lib:/home/jamiek/2026_ROS_manipulator/open_manipulator_ws/install/robotis_interfaces/lib:/home/jamiek/2026_ROS_manipulator/open_manipulator_ws/install/open_manipulator_gui/lib:/home/jamiek/2026_ROS_manipulator/open_manipulator_ws/install/open_manipulator_collision/lib:/home/jamiek/2026_ROS_manipulator/open_manipulator_ws/install/om_spring_actuator_controller/lib:/home/jamiek/2026_ROS_manipulator/open_manipulator_ws/install/om_joint_trajectory_command_broadcaster/lib:/home/jamiek/2026_ROS_manipulator/open_manipulator_ws/install/om_gravity_compensation_controller/lib:/home/jamiek/2026_ROS_manipulator/open_manipulator_ws/install/dynamixel_sdk_custom_interfaces/lib:/home/jamiek/2026_ROS_manipulator/ros_ws/install/user_interface/lib:/opt/ros/jazzy/opt/gz_sim_vendor/lib:/opt/ros/jazzy/opt/gz_sensors_vendor/lib:/opt/ros/jazzy/opt/gz_physics_vendor/lib:/opt/ros/jazzy/opt/sdformat_vendor/lib:/opt/ros/jazzy/opt/rviz_ogre_vendor/lib:/opt/ros/jazzy/lib/x86_64-linux-gnu:/opt/ros/jazzy/opt/gz_gui_vendor/lib:/opt/ros/jazzy/opt/gz_transport_vendor/lib:/opt/ros/jazzy/opt/gz_rendering_vendor/lib:/opt/ros/jazzy/opt/gz_plugin_vendor/lib:/opt/ros/jazzy/opt/gz_fuel_tools_vendor/lib:/opt/ros/jazzy/opt/gz_msgs_vendor/lib:/opt/ros/jazzy/opt/gz_common_vendor/lib:/opt/ros/jazzy/opt/gz_math_vendor/lib:/opt/ros/jazzy/opt/gz_utils_vendor/lib:/opt/ros/jazzy/opt/gz_tools_vendor/lib:/opt/ros/jazzy/opt/gz_ogre_next_vendor/lib:/opt/ros/jazzy/opt/gz_dartsim_vendor/lib:/opt/ros/jazzy/opt/gz_cmake_vendor/lib:/opt/ros/jazzy/lib PYTHONPATH=/home/jamiek/2026_ROS_manipulator/open_manipulator_ws/build/open_manipulator_bringup/prefix_override:/usr/lib/python3/dist-packages/colcon_core/task/python/colcon_distutils_commands:/home/jamiek/2026_ROS_manipulator/open_manipulator_ws/install/open_manipulator_bringup/lib/python3.12/site-packages:/home/jamiek/2026_ROS_manipulator/open_manipulator_ws/install/dynamixel_sdk/lib/python3.12/site-packages:/home/jamiek/2026_ROS_manipulator/open_manipulator_ws/install/dynamixel_interfaces/lib/python3.12/site-packages:/home/jamiek/2026_ROS_manipulator/open_manipulator_ws/install/robotis_interfaces/lib/python3.12/site-packages:/home/jamiek/2026_ROS_manipulator/open_manipulator_ws/build/open_manipulator_teleop:/home/jamiek/2026_ROS_manipulator/open_manipulator_ws/install/open_manipulator_teleop/lib/python3.12/site-packages:/home/jamiek/2026_ROS_manipulator/open_manipulator_ws/build/open_manipulator_bringup:/home/jamiek/2026_ROS_manipulator/open_manipulator_ws/install/open_manipulator_bringup/lib/python3.12/site-packages:/home/jamiek/2026_ROS_manipulator/open_manipulator_ws/install/dynamixel_sdk_custom_interfaces/lib/python3.12/site-packages:/home/jamiek/2026_ROS_manipulator/ros_ws/install/user_interface/lib/python3.12/site-packages:/home/jamiek/2026_ROS_manipulator/ros_ws/build/tf2_basic:/home/jamiek/2026_ROS_manipulator/ros_ws/install/tf2_basic/lib/python3.12/site-packages:/home/jamiek/2026_ROS_manipulator/ros_ws/build/ros_basic:/home/jamiek/2026_ROS_manipulator/ros_ws/install/ros_basic/lib/python3.12/site-packages:/opt/ros/jazzy/lib/python3.12/site-packages /usr/bin/python3 -W ignore:setup.py install is deprecated -W ignore:easy_install command is deprecated setup.py egg_info --egg-base ../../../build/open_manipulator_bringup build --build-base /home/jamiek/2026_ROS_manipulator/open_manipulator_ws/build/open_manipulator_bringup/build install --record /home/jamiek/2026_ROS_manipulator/open_manipulator_ws/build/open_manipulator_bringup/install.log --install-scripts $base/lib/open_manipulator_bringup --single-version-externally-managed install_data --force
[6.762s] Level 1:colcon.colcon_core.environment:checking '/home/jamiek/2026_ROS_manipulator/open_manipulator_ws/install/open_manipulator_bringup' for CMake module files
[6.763s] DEBUG:colcon.colcon_core.event_handler.log_command:Invoked command in '/home/jamiek/2026_ROS_manipulator/open_manipulator_ws/src/open_manipulator/open_manipulator_bringup' returned '0': CMAKE_PREFIX_PATH=/home/jamiek/2026_ROS_manipulator/open_manipulator_ws/install/dynamixel_hardware_interface:/home/jamiek/2026_ROS_manipulator/open_manipulator_ws/install/open_manipulator_description:/home/jamiek/2026_ROS_manipulator/open_manipulator_ws/install/dynamixel_sdk:/home/jamiek/2026_ROS_manipulator/open_manipulator_ws/install/dynamixel_interfaces:/home/jamiek/2026_ROS_manipulator/open_manipulator_ws/install/open_manipulator:/home/jamiek/2026_ROS_manipulator/open_manipulator_ws/install/open_manipulator_playground:/home/jamiek/2026_ROS_manipulator/open_manipulator_ws/install/robotis_interfaces:/home/jamiek/2026_ROS_manipulator/open_manipulator_ws/install/open_manipulator_moveit_config:/home/jamiek/2026_ROS_manipulator/open_manipulator_ws/install/open_manipulator_gui:/home/jamiek/2026_ROS_manipulator/open_manipulator_ws/install/open_manipulator_collision:/home/jamiek/2026_ROS_manipulator/open_manipulator_ws/install/om_spring_actuator_controller:/home/jamiek/2026_ROS_manipulator/open_manipulator_ws/install/om_joint_trajectory_command_broadcaster:/home/jamiek/2026_ROS_manipulator/open_manipulator_ws/install/om_gravity_compensation_controller:/home/jamiek/2026_ROS_manipulator/open_manipulator_ws/install/dynamixel_sdk_examples:/home/jamiek/2026_ROS_manipulator/open_manipulator_ws/install/dynamixel_sdk_custom_interfaces:/home/jamiek/2026_ROS_manipulator/ros_ws/install/user_interface:/opt/ros/jazzy/opt/gz_sim_vendor:/opt/ros/jazzy/opt/gz_sensors_vendor:/opt/ros/jazzy/opt/gz_physics_vendor:/opt/ros/jazzy/opt/sdformat_vendor:/opt/ros/jazzy/opt/gz_gui_vendor:/opt/ros/jazzy/opt/gz_transport_vendor:/opt/ros/jazzy/opt/gz_rendering_vendor:/opt/ros/jazzy/opt/gz_plugin_vendor:/opt/ros/jazzy/opt/gz_fuel_tools_vendor:/opt/ros/jazzy/opt/gz_msgs_vendor:/opt/ros/jazzy/opt/gz_common_vendor:/opt/ros/jazzy/opt/gz_math_vendor:/opt/ros/jazzy/opt/gz_utils_vendor:/opt/ros/jazzy/opt/gz_tools_vendor:/opt/ros/jazzy/opt/gz_ogre_next_vendor:/opt/ros/jazzy/opt/gz_dartsim_vendor:/opt/ros/jazzy/opt/gz_cmake_vendor DEBUGINFOD_URLS=https://debuginfod.ubuntu.com LD_LIBRARY_PATH=/home/jamiek/2026_ROS_manipulator/open_manipulator_ws/install/dynamixel_hardware_interface/lib:/home/jamiek/2026_ROS_manipulator/open_manipulator_ws/install/dynamixel_sdk/lib:/home/jamiek/2026_ROS_manipulator/open_manipulator_ws/install/dynamixel_interfaces/lib:/home/jamiek/2026_ROS_manipulator/open_manipulator_ws/install/robotis_interfaces/lib:/home/jamiek/2026_ROS_manipulator/open_manipulator_ws/install/open_manipulator_gui/lib:/home/jamiek/2026_ROS_manipulator/open_manipulator_ws/install/open_manipulator_collision/lib:/home/jamiek/2026_ROS_manipulator/open_manipulator_ws/install/om_spring_actuator_controller/lib:/home/jamiek/2026_ROS_manipulator/open_manipulator_ws/install/om_joint_trajectory_command_broadcaster/lib:/home/jamiek/2026_ROS_manipulator/open_manipulator_ws/install/om_gravity_compensation_controller/lib:/home/jamiek/2026_ROS_manipulator/open_manipulator_ws/install/dynamixel_sdk_custom_interfaces/lib:/home/jamiek/2026_ROS_manipulator/ros_ws/install/user_interface/lib:/opt/ros/jazzy/opt/gz_sim_vendor/lib:/opt/ros/jazzy/opt/gz_sensors_vendor/lib:/opt/ros/jazzy/opt/gz_physics_vendor/lib:/opt/ros/jazzy/opt/sdformat_vendor/lib:/opt/ros/jazzy/opt/rviz_ogre_vendor/lib:/opt/ros/jazzy/lib/x86_64-linux-gnu:/opt/ros/jazzy/opt/gz_gui_vendor/lib:/opt/ros/jazzy/opt/gz_transport_vendor/lib:/opt/ros/jazzy/opt/gz_rendering_vendor/lib:/opt/ros/jazzy/opt/gz_plugin_vendor/lib:/opt/ros/jazzy/opt/gz_fuel_tools_vendor/lib:/opt/ros/jazzy/opt/gz_msgs_vendor/lib:/opt/ros/jazzy/opt/gz_common_vendor/lib:/opt/ros/jazzy/opt/gz_math_vendor/lib:/opt/ros/jazzy/opt/gz_utils_vendor/lib:/opt/ros/jazzy/opt/gz_tools_vendor/lib:/opt/ros/jazzy/opt/gz_ogre_next_vendor/lib:/opt/ros/jazzy/opt/gz_dartsim_vendor/lib:/opt/ros/jazzy/opt/gz_cmake_vendor/lib:/opt/ros/jazzy/lib PYTHONPATH=/home/jamiek/2026_ROS_manipulator/open_manipulator_ws/build/open_manipulator_bringup/prefix_override:/usr/lib/python3/dist-packages/colcon_core/task/python/colcon_distutils_commands:/home/jamiek/2026_ROS_manipulator/open_manipulator_ws/install/open_manipulator_bringup/lib/python3.12/site-packages:/home/jamiek/2026_ROS_manipulator/open_manipulator_ws/install/dynamixel_sdk/lib/python3.12/site-packages:/home/jamiek/2026_ROS_manipulator/open_manipulator_ws/install/dynamixel_interfaces/lib/python3.12/site-packages:/home/jamiek/2026_ROS_manipulator/open_manipulator_ws/install/robotis_interfaces/lib/python3.12/site-packages:/home/jamiek/2026_ROS_manipulator/open_manipulator_ws/build/open_manipulator_teleop:/home/jamiek/2026_ROS_manipulator/open_manipulator_ws/install/open_manipulator_teleop/lib/python3.12/site-packages:/home/jamiek/2026_ROS_manipulator/open_manipulator_ws/build/open_manipulator_bringup:/home/jamiek/2026_ROS_manipulator/open_manipulator_ws/install/open_manipulator_bringup/lib/python3.12/site-packages:/home/jamiek/2026_ROS_manipulator/open_manipulator_ws/install/dynamixel_sdk_custom_interfaces/lib/python3.12/site-packages:/home/jamiek/2026_ROS_manipulator/ros_ws/install/user_interface/lib/python3.12/site-packages:/home/jamiek/2026_ROS_manipulator/ros_ws/build/tf2_basic:/home/jamiek/2026_ROS_manipulator/ros_ws/install/tf2_basic/lib/python3.12/site-packages:/home/jamiek/2026_ROS_manipulator/ros_ws/build/ros_basic:/home/jamiek/2026_ROS_manipulator/ros_ws/install/ros_basic/lib/python3.12/site-packages:/opt/ros/jazzy/lib/python3.12/site-packages /usr/bin/python3 -W ignore:setup.py install is deprecated -W ignore:easy_install command is deprecated setup.py egg_info --egg-base ../../../build/open_manipulator_bringup build --build-base /home/jamiek/2026_ROS_manipulator/open_manipulator_ws/build/open_manipulator_bringup/build install --record /home/jamiek/2026_ROS_manipulator/open_manipulator_ws/build/open_manipulator_bringup/install.log --install-scripts $base/lib/open_manipulator_bringup --single-version-externally-managed install_data --force
[6.763s] Level 1:colcon.colcon_core.environment:checking '/home/jamiek/2026_ROS_manipulator/open_manipulator_ws/install/open_manipulator_bringup' for CMake config files
[6.764s] Level 1:colcon.colcon_core.environment:checking '/home/jamiek/2026_ROS_manipulator/open_manipulator_ws/install/open_manipulator_bringup/lib'
[6.764s] Level 1:colcon.colcon_core.environment:checking '/home/jamiek/2026_ROS_manipulator/open_manipulator_ws/install/open_manipulator_bringup/bin'
[6.764s] Level 1:colcon.colcon_core.environment:checking '/home/jamiek/2026_ROS_manipulator/open_manipulator_ws/install/open_manipulator_bringup/lib/pkgconfig/open_manipulator_bringup.pc'
[6.764s] Level 1:colcon.colcon_core.environment:checking '/home/jamiek/2026_ROS_manipulator/open_manipulator_ws/install/open_manipulator_bringup/lib/python3.12/site-packages'
[6.764s] Level 1:colcon.colcon_core.shell:create_environment_hook('open_manipulator_bringup', 'pythonpath')
[6.765s] INFO:colcon.colcon_core.shell:Creating environment hook '/home/jamiek/2026_ROS_manipulator/open_manipulator_ws/install/open_manipulator_bringup/share/open_manipulator_bringup/hook/pythonpath.ps1'
[6.765s] INFO:colcon.colcon_core.shell:Creating environment descriptor '/home/jamiek/2026_ROS_manipulator/open_manipulator_ws/install/open_manipulator_bringup/share/open_manipulator_bringup/hook/pythonpath.dsv'
[6.765s] INFO:colcon.colcon_core.shell:Creating environment hook '/home/jamiek/2026_ROS_manipulator/open_manipulator_ws/install/open_manipulator_bringup/share/open_manipulator_bringup/hook/pythonpath.sh'
[6.766s] Level 1:colcon.colcon_core.environment:checking '/home/jamiek/2026_ROS_manipulator/open_manipulator_ws/install/open_manipulator_bringup/bin'
[6.766s] Level 1:colcon.colcon_core.environment:create_environment_scripts_only(open_manipulator_bringup)
[6.766s] INFO:colcon.colcon_core.shell:Creating package script '/home/jamiek/2026_ROS_manipulator/open_manipulator_ws/install/open_manipulator_bringup/share/open_manipulator_bringup/package.ps1'
[6.766s] INFO:colcon.colcon_core.shell:Creating package descriptor '/home/jamiek/2026_ROS_manipulator/open_manipulator_ws/install/open_manipulator_bringup/share/open_manipulator_bringup/package.dsv'
[6.767s] INFO:colcon.colcon_core.shell:Creating package script '/home/jamiek/2026_ROS_manipulator/open_manipulator_ws/install/open_manipulator_bringup/share/open_manipulator_bringup/package.sh'
[6.767s] INFO:colcon.colcon_core.shell:Creating package script '/home/jamiek/2026_ROS_manipulator/open_manipulator_ws/install/open_manipulator_bringup/share/open_manipulator_bringup/package.bash'
[6.767s] INFO:colcon.colcon_core.shell:Creating package script '/home/jamiek/2026_ROS_manipulator/open_manipulator_ws/install/open_manipulator_bringup/share/open_manipulator_bringup/package.zsh'
[6.768s] Level 1:colcon.colcon_core.environment:create_file_with_runtime_dependencies(/home/jamiek/2026_ROS_manipulator/open_manipulator_ws/install/open_manipulator_bringup/share/colcon-core/packages/open_manipulator_bringup)
[6.768s] INFO:colcon.colcon_ros.task.ament_cmake.build:Building ROS package in '/home/jamiek/2026_ROS_manipulator/open_manipulator_ws/src/open_manipulator/open_manipulator' with build type 'ament_cmake'
[6.768s] INFO:colcon.colcon_cmake.task.cmake.build:Building CMake package in '/home/jamiek/2026_ROS_manipulator/open_manipulator_ws/src/open_manipulator/open_manipulator'
[6.768s] INFO:colcon.colcon_core.shell:Skip shell extension 'powershell' for command environment: Not usable outside of PowerShell
[6.768s] DEBUG:colcon.colcon_core.shell:Skip shell extension 'dsv' for command environment
[6.806s] DEBUG:colcon.colcon_core.event_handler.log_command:Invoking command in '/home/jamiek/2026_ROS_manipulator/open_manipulator_ws/build/open_manipulator': AMENT_PREFIX_PATH=/home/jamiek/2026_ROS_manipulator/open_manipulator_ws/install/open_manipulator_bringup:/home/jamiek/2026_ROS_manipulator/open_manipulator_ws/install/open_manipulator_teleop:/home/jamiek/2026_ROS_manipulator/open_manipulator_ws/install/open_manipulator:/home/jamiek/2026_ROS_manipulator/open_manipulator_ws/install/open_manipulator_playground:/home/jamiek/2026_ROS_manipulator/open_manipulator_ws/install/robotis_interfaces:/home/jamiek/2026_ROS_manipulator/open_manipulator_ws/install/open_manipulator_moveit_config:/home/jamiek/2026_ROS_manipulator/open_manipulator_ws/install/open_manipulator_gui:/home/jamiek/2026_ROS_manipulator/open_manipulator_ws/install/open_manipulator_description:/home/jamiek/2026_ROS_manipulator/open_manipulator_ws/install/open_manipulator_collision:/home/jamiek/2026_ROS_manipulator/open_manipulator_ws/install/om_spring_actuator_controller:/home/jamiek/2026_ROS_manipulator/open_manipulator_ws/install/om_joint_trajectory_command_broadcaster:/home/jamiek/2026_ROS_manipulator/open_manipulator_ws/install/om_gravity_compensation_controller:/home/jamiek/2026_ROS_manipulator/open_manipulator_ws/install/dynamixel_sdk_examples:/home/jamiek/2026_ROS_manipulator/open_manipulator_ws/install/dynamixel_sdk_custom_interfaces:/home/jamiek/2026_ROS_manipulator/open_manipulator_ws/install/dynamixel_hardware_interface:/home/jamiek/2026_ROS_manipulator/open_manipulator_ws/install/dynamixel_sdk:/home/jamiek/2026_ROS_manipulator/open_manipulator_ws/install/dynamixel_interfaces:/home/jamiek/2026_ROS_manipulator/ros_ws/install/user_interface:/home/jamiek/2026_ROS_manipulator/ros_ws/install/tf2_basic:/home/jamiek/2026_ROS_manipulator/ros_ws/install/ros_basic:/opt/ros/jazzy CMAKE_PREFIX_PATH=/home/jamiek/2026_ROS_manipulator/open_manipulator_ws/install/open_manipulator_playground:/home/jamiek/2026_ROS_manipulator/open_manipulator_ws/install/open_manipulator_moveit_config:/home/jamiek/2026_ROS_manipulator/open_manipulator_ws/install/dynamixel_hardware_interface:/home/jamiek/2026_ROS_manipulator/open_manipulator_ws/install/robotis_interfaces:/home/jamiek/2026_ROS_manipulator/open_manipulator_ws/install/open_manipulator_gui:/home/jamiek/2026_ROS_manipulator/open_manipulator_ws/install/open_manipulator_description:/home/jamiek/2026_ROS_manipulator/open_manipulator_ws/install/open_manipulator_collision:/home/jamiek/2026_ROS_manipulator/open_manipulator_ws/install/om_spring_actuator_controller:/home/jamiek/2026_ROS_manipulator/open_manipulator_ws/install/om_joint_trajectory_command_broadcaster:/home/jamiek/2026_ROS_manipulator/open_manipulator_ws/install/om_gravity_compensation_controller:/home/jamiek/2026_ROS_manipulator/open_manipulator_ws/install/dynamixel_sdk:/home/jamiek/2026_ROS_manipulator/open_manipulator_ws/install/dynamixel_interfaces:/home/jamiek/2026_ROS_manipulator/open_manipulator_ws/install/open_manipulator:/home/jamiek/2026_ROS_manipulator/open_manipulator_ws/install/dynamixel_sdk_examples:/home/jamiek/2026_ROS_manipulator/open_manipulator_ws/install/dynamixel_sdk_custom_interfaces:/home/jamiek/2026_ROS_manipulator/ros_ws/install/user_interface:/opt/ros/jazzy/opt/gz_sim_vendor:/opt/ros/jazzy/opt/gz_sensors_vendor:/opt/ros/jazzy/opt/gz_physics_vendor:/opt/ros/jazzy/opt/sdformat_vendor:/opt/ros/jazzy/opt/gz_gui_vendor:/opt/ros/jazzy/opt/gz_transport_vendor:/opt/ros/jazzy/opt/gz_rendering_vendor:/opt/ros/jazzy/opt/gz_plugin_vendor:/opt/ros/jazzy/opt/gz_fuel_tools_vendor:/opt/ros/jazzy/opt/gz_msgs_vendor:/opt/ros/jazzy/opt/gz_common_vendor:/opt/ros/jazzy/opt/gz_math_vendor:/opt/ros/jazzy/opt/gz_utils_vendor:/opt/ros/jazzy/opt/gz_tools_vendor:/opt/ros/jazzy/opt/gz_ogre_next_vendor:/opt/ros/jazzy/opt/gz_dartsim_vendor:/opt/ros/jazzy/opt/gz_cmake_vendor:/home/jamiek/2026_ROS_manipulator/open_manipulator_ws/install/open_manipulator_teleop:/home/jamiek/2026_ROS_manipulator/open_manipulator_ws/install/open_manipulator_bringup:/home/jamiek/2026_ROS_manipulator/ros_ws/install/tf2_basic:/home/jamiek/2026_ROS_manipulator/ros_ws/install/ros_basic:/opt/ros/jazzy DEBUGINFOD_URLS=https://debuginfod.ubuntu.com LD_LIBRARY_PATH=/home/jamiek/2026_ROS_manipulator/open_manipulator_ws/install/dynamixel_hardware_interface/lib:/home/jamiek/2026_ROS_manipulator/open_manipulator_ws/install/robotis_interfaces/lib:/home/jamiek/2026_ROS_manipulator/open_manipulator_ws/install/om_spring_actuator_controller/lib:/home/jamiek/2026_ROS_manipulator/open_manipulator_ws/install/om_joint_trajectory_command_broadcaster/lib:/home/jamiek/2026_ROS_manipulator/open_manipulator_ws/install/om_gravity_compensation_controller/lib:/home/jamiek/2026_ROS_manipulator/open_manipulator_ws/install/dynamixel_sdk/lib:/home/jamiek/2026_ROS_manipulator/open_manipulator_ws/install/dynamixel_interfaces/lib:/home/jamiek/2026_ROS_manipulator/open_manipulator_ws/install/open_manipulator_gui/lib:/home/jamiek/2026_ROS_manipulator/open_manipulator_ws/install/open_manipulator_collision/lib:/home/jamiek/2026_ROS_manipulator/open_manipulator_ws/install/dynamixel_sdk_custom_interfaces/lib:/home/jamiek/2026_ROS_manipulator/ros_ws/install/user_interface/lib:/opt/ros/jazzy/opt/gz_sim_vendor/lib:/opt/ros/jazzy/opt/gz_sensors_vendor/lib:/opt/ros/jazzy/opt/gz_physics_vendor/lib:/opt/ros/jazzy/opt/sdformat_vendor/lib:/opt/ros/jazzy/opt/rviz_ogre_vendor/lib:/opt/ros/jazzy/lib/x86_64-linux-gnu:/opt/ros/jazzy/opt/gz_gui_vendor/lib:/opt/ros/jazzy/opt/gz_transport_vendor/lib:/opt/ros/jazzy/opt/gz_rendering_vendor/lib:/opt/ros/jazzy/opt/gz_plugin_vendor/lib:/opt/ros/jazzy/opt/gz_fuel_tools_vendor/lib:/opt/ros/jazzy/opt/gz_msgs_vendor/lib:/opt/ros/jazzy/opt/gz_common_vendor/lib:/opt/ros/jazzy/opt/gz_math_vendor/lib:/opt/ros/jazzy/opt/gz_utils_vendor/lib:/opt/ros/jazzy/opt/gz_tools_vendor/lib:/opt/ros/jazzy/opt/gz_ogre_next_vendor/lib:/opt/ros/jazzy/opt/gz_dartsim_vendor/lib:/opt/ros/jazzy/opt/gz_cmake_vendor/lib:/opt/ros/jazzy/lib PYTHONPATH=/home/jamiek/2026_ROS_manipulator/open_manipulator_ws/install/open_manipulator_bringup/lib/python3.12/site-packages:/home/jamiek/2026_ROS_manipulator/open_manipulator_ws/install/robotis_interfaces/lib/python3.12/site-packages:/home/jamiek/2026_ROS_manipulator/open_manipulator_ws/install/open_manipulator_teleop/lib/python3.12/site-packages:/home/jamiek/2026_ROS_manipulator/open_manipulator_ws/install/dynamixel_sdk/lib/python3.12/site-packages:/home/jamiek/2026_ROS_manipulator/open_manipulator_ws/install/dynamixel_interfaces/lib/python3.12/site-packages:/home/jamiek/2026_ROS_manipulator/open_manipulator_ws/build/open_manipulator_teleop:/home/jamiek/2026_ROS_manipulator/open_manipulator_ws/build/open_manipulator_bringup:/home/jamiek/2026_ROS_manipulator/open_manipulator_ws/install/dynamixel_sdk_custom_interfaces/lib/python3.12/site-packages:/home/jamiek/2026_ROS_manipulator/ros_ws/install/user_interface/lib/python3.12/site-packages:/home/jamiek/2026_ROS_manipulator/ros_ws/build/tf2_basic:/home/jamiek/2026_ROS_manipulator/ros_ws/install/tf2_basic/lib/python3.12/site-packages:/home/jamiek/2026_ROS_manipulator/ros_ws/build/ros_basic:/home/jamiek/2026_ROS_manipulator/ros_ws/install/ros_basic/lib/python3.12/site-packages:/opt/ros/jazzy/lib/python3.12/site-packages /usr/bin/cmake /home/jamiek/2026_ROS_manipulator/open_manipulator_ws/src/open_manipulator/open_manipulator -DCMAKE_INSTALL_PREFIX=/home/jamiek/2026_ROS_manipulator/open_manipulator_ws/install/open_manipulator
[7.103s] DEBUG:colcon.colcon_core.event_handler.log_command:Invoked command in '/home/jamiek/2026_ROS_manipulator/open_manipulator_ws/build/open_manipulator' returned '0': AMENT_PREFIX_PATH=/home/jamiek/2026_ROS_manipulator/open_manipulator_ws/install/open_manipulator_bringup:/home/jamiek/2026_ROS_manipulator/open_manipulator_ws/install/open_manipulator_teleop:/home/jamiek/2026_ROS_manipulator/open_manipulator_ws/install/open_manipulator:/home/jamiek/2026_ROS_manipulator/open_manipulator_ws/install/open_manipulator_playground:/home/jamiek/2026_ROS_manipulator/open_manipulator_ws/install/robotis_interfaces:/home/jamiek/2026_ROS_manipulator/open_manipulator_ws/install/open_manipulator_moveit_config:/home/jamiek/2026_ROS_manipulator/open_manipulator_ws/install/open_manipulator_gui:/home/jamiek/2026_ROS_manipulator/open_manipulator_ws/install/open_manipulator_description:/home/jamiek/2026_ROS_manipulator/open_manipulator_ws/install/open_manipulator_collision:/home/jamiek/2026_ROS_manipulator/open_manipulator_ws/install/om_spring_actuator_controller:/home/jamiek/2026_ROS_manipulator/open_manipulator_ws/install/om_joint_trajectory_command_broadcaster:/home/jamiek/2026_ROS_manipulator/open_manipulator_ws/install/om_gravity_compensation_controller:/home/jamiek/2026_ROS_manipulator/open_manipulator_ws/install/dynamixel_sdk_examples:/home/jamiek/2026_ROS_manipulator/open_manipulator_ws/install/dynamixel_sdk_custom_interfaces:/home/jamiek/2026_ROS_manipulator/open_manipulator_ws/install/dynamixel_hardware_interface:/home/jamiek/2026_ROS_manipulator/open_manipulator_ws/install/dynamixel_sdk:/home/jamiek/2026_ROS_manipulator/open_manipulator_ws/install/dynamixel_interfaces:/home/jamiek/2026_ROS_manipulator/ros_ws/install/user_interface:/home/jamiek/2026_ROS_manipulator/ros_ws/install/tf2_basic:/home/jamiek/2026_ROS_manipulator/ros_ws/install/ros_basic:/opt/ros/jazzy CMAKE_PREFIX_PATH=/home/jamiek/2026_ROS_manipulator/open_manipulator_ws/install/open_manipulator_playground:/home/jamiek/2026_ROS_manipulator/open_manipulator_ws/install/open_manipulator_moveit_config:/home/jamiek/2026_ROS_manipulator/open_manipulator_ws/install/dynamixel_hardware_interface:/home/jamiek/2026_ROS_manipulator/open_manipulator_ws/install/robotis_interfaces:/home/jamiek/2026_ROS_manipulator/open_manipulator_ws/install/open_manipulator_gui:/home/jamiek/2026_ROS_manipulator/open_manipulator_ws/install/open_manipulator_description:/home/jamiek/2026_ROS_manipulator/open_manipulator_ws/install/open_manipulator_collision:/home/jamiek/2026_ROS_manipulator/open_manipulator_ws/install/om_spring_actuator_controller:/home/jamiek/2026_ROS_manipulator/open_manipulator_ws/install/om_joint_trajectory_command_broadcaster:/home/jamiek/2026_ROS_manipulator/open_manipulator_ws/install/om_gravity_compensation_controller:/home/jamiek/2026_ROS_manipulator/open_manipulator_ws/install/dynamixel_sdk:/home/jamiek/2026_ROS_manipulator/open_manipulator_ws/install/dynamixel_interfaces:/home/jamiek/2026_ROS_manipulator/open_manipulator_ws/install/open_manipulator:/home/jamiek/2026_ROS_manipulator/open_manipulator_ws/install/dynamixel_sdk_examples:/home/jamiek/2026_ROS_manipulator/open_manipulator_ws/install/dynamixel_sdk_custom_interfaces:/home/jamiek/2026_ROS_manipulator/ros_ws/install/user_interface:/opt/ros/jazzy/opt/gz_sim_vendor:/opt/ros/jazzy/opt/gz_sensors_vendor:/opt/ros/jazzy/opt/gz_physics_vendor:/opt/ros/jazzy/opt/sdformat_vendor:/opt/ros/jazzy/opt/gz_gui_vendor:/opt/ros/jazzy/opt/gz_transport_vendor:/opt/ros/jazzy/opt/gz_rendering_vendor:/opt/ros/jazzy/opt/gz_plugin_vendor:/opt/ros/jazzy/opt/gz_fuel_tools_vendor:/opt/ros/jazzy/opt/gz_msgs_vendor:/opt/ros/jazzy/opt/gz_common_vendor:/opt/ros/jazzy/opt/gz_math_vendor:/opt/ros/jazzy/opt/gz_utils_vendor:/opt/ros/jazzy/opt/gz_tools_vendor:/opt/ros/jazzy/opt/gz_ogre_next_vendor:/opt/ros/jazzy/opt/gz_dartsim_vendor:/opt/ros/jazzy/opt/gz_cmake_vendor:/home/jamiek/2026_ROS_manipulator/open_manipulator_ws/install/open_manipulator_teleop:/home/jamiek/2026_ROS_manipulator/open_manipulator_ws/install/open_manipulator_bringup:/home/jamiek/2026_ROS_manipulator/ros_ws/install/tf2_basic:/home/jamiek/2026_ROS_manipulator/ros_ws/install/ros_basic:/opt/ros/jazzy DEBUGINFOD_URLS=https://debuginfod.ubuntu.com LD_LIBRARY_PATH=/home/jamiek/2026_ROS_manipulator/open_manipulator_ws/install/dynamixel_hardware_interface/lib:/home/jamiek/2026_ROS_manipulator/open_manipulator_ws/install/robotis_interfaces/lib:/home/jamiek/2026_ROS_manipulator/open_manipulator_ws/install/om_spring_actuator_controller/lib:/home/jamiek/2026_ROS_manipulator/open_manipulator_ws/install/om_joint_trajectory_command_broadcaster/lib:/home/jamiek/2026_ROS_manipulator/open_manipulator_ws/install/om_gravity_compensation_controller/lib:/home/jamiek/2026_ROS_manipulator/open_manipulator_ws/install/dynamixel_sdk/lib:/home/jamiek/2026_ROS_manipulator/open_manipulator_ws/install/dynamixel_interfaces/lib:/home/jamiek/2026_ROS_manipulator/open_manipulator_ws/install/open_manipulator_gui/lib:/home/jamiek/2026_ROS_manipulator/open_manipulator_ws/install/open_manipulator_collision/lib:/home/jamiek/2026_ROS_manipulator/open_manipulator_ws/install/dynamixel_sdk_custom_interfaces/lib:/home/jamiek/2026_ROS_manipulator/ros_ws/install/user_interface/lib:/opt/ros/jazzy/opt/gz_sim_vendor/lib:/opt/ros/jazzy/opt/gz_sensors_vendor/lib:/opt/ros/jazzy/opt/gz_physics_vendor/lib:/opt/ros/jazzy/opt/sdformat_vendor/lib:/opt/ros/jazzy/opt/rviz_ogre_vendor/lib:/opt/ros/jazzy/lib/x86_64-linux-gnu:/opt/ros/jazzy/opt/gz_gui_vendor/lib:/opt/ros/jazzy/opt/gz_transport_vendor/lib:/opt/ros/jazzy/opt/gz_rendering_vendor/lib:/opt/ros/jazzy/opt/gz_plugin_vendor/lib:/opt/ros/jazzy/opt/gz_fuel_tools_vendor/lib:/opt/ros/jazzy/opt/gz_msgs_vendor/lib:/opt/ros/jazzy/opt/gz_common_vendor/lib:/opt/ros/jazzy/opt/gz_math_vendor/lib:/opt/ros/jazzy/opt/gz_utils_vendor/lib:/opt/ros/jazzy/opt/gz_tools_vendor/lib:/opt/ros/jazzy/opt/gz_ogre_next_vendor/lib:/opt/ros/jazzy/opt/gz_dartsim_vendor/lib:/opt/ros/jazzy/opt/gz_cmake_vendor/lib:/opt/ros/jazzy/lib PYTHONPATH=/home/jamiek/2026_ROS_manipulator/open_manipulator_ws/install/open_manipulator_bringup/lib/python3.12/site-packages:/home/jamiek/2026_ROS_manipulator/open_manipulator_ws/install/robotis_interfaces/lib/python3.12/site-packages:/home/jamiek/2026_ROS_manipulator/open_manipulator_ws/install/open_manipulator_teleop/lib/python3.12/site-packages:/home/jamiek/2026_ROS_manipulator/open_manipulator_ws/install/dynamixel_sdk/lib/python3.12/site-packages:/home/jamiek/2026_ROS_manipulator/open_manipulator_ws/install/dynamixel_interfaces/lib/python3.12/site-packages:/home/jamiek/2026_ROS_manipulator/open_manipulator_ws/build/open_manipulator_teleop:/home/jamiek/2026_ROS_manipulator/open_manipulator_ws/build/open_manipulator_bringup:/home/jamiek/2026_ROS_manipulator/open_manipulator_ws/install/dynamixel_sdk_custom_interfaces/lib/python3.12/site-packages:/home/jamiek/2026_ROS_manipulator/ros_ws/install/user_interface/lib/python3.12/site-packages:/home/jamiek/2026_ROS_manipulator/ros_ws/build/tf2_basic:/home/jamiek/2026_ROS_manipulator/ros_ws/install/tf2_basic/lib/python3.12/site-packages:/home/jamiek/2026_ROS_manipulator/ros_ws/build/ros_basic:/home/jamiek/2026_ROS_manipulator/ros_ws/install/ros_basic/lib/python3.12/site-packages:/opt/ros/jazzy/lib/python3.12/site-packages /usr/bin/cmake /home/jamiek/2026_ROS_manipulator/open_manipulator_ws/src/open_manipulator/open_manipulator -DCMAKE_INSTALL_PREFIX=/home/jamiek/2026_ROS_manipulator/open_manipulator_ws/install/open_manipulator
[7.104s] DEBUG:colcon.colcon_core.event_handler.log_command:Invoking command in '/home/jamiek/2026_ROS_manipulator/open_manipulator_ws/build/open_manipulator': AMENT_PREFIX_PATH=/home/jamiek/2026_ROS_manipulator/open_manipulator_ws/install/open_manipulator_bringup:/home/jamiek/2026_ROS_manipulator/open_manipulator_ws/install/open_manipulator_teleop:/home/jamiek/2026_ROS_manipulator/open_manipulator_ws/install/open_manipulator:/home/jamiek/2026_ROS_manipulator/open_manipulator_ws/install/open_manipulator_playground:/home/jamiek/2026_ROS_manipulator/open_manipulator_ws/install/robotis_interfaces:/home/jamiek/2026_ROS_manipulator/open_manipulator_ws/install/open_manipulator_moveit_config:/home/jamiek/2026_ROS_manipulator/open_manipulator_ws/install/open_manipulator_gui:/home/jamiek/2026_ROS_manipulator/open_manipulator_ws/install/open_manipulator_description:/home/jamiek/2026_ROS_manipulator/open_manipulator_ws/install/open_manipulator_collision:/home/jamiek/2026_ROS_manipulator/open_manipulator_ws/install/om_spring_actuator_controller:/home/jamiek/2026_ROS_manipulator/open_manipulator_ws/install/om_joint_trajectory_command_broadcaster:/home/jamiek/2026_ROS_manipulator/open_manipulator_ws/install/om_gravity_compensation_controller:/home/jamiek/2026_ROS_manipulator/open_manipulator_ws/install/dynamixel_sdk_examples:/home/jamiek/2026_ROS_manipulator/open_manipulator_ws/install/dynamixel_sdk_custom_interfaces:/home/jamiek/2026_ROS_manipulator/open_manipulator_ws/install/dynamixel_hardware_interface:/home/jamiek/2026_ROS_manipulator/open_manipulator_ws/install/dynamixel_sdk:/home/jamiek/2026_ROS_manipulator/open_manipulator_ws/install/dynamixel_interfaces:/home/jamiek/2026_ROS_manipulator/ros_ws/install/user_interface:/home/jamiek/2026_ROS_manipulator/ros_ws/install/tf2_basic:/home/jamiek/2026_ROS_manipulator/ros_ws/install/ros_basic:/opt/ros/jazzy CMAKE_PREFIX_PATH=/home/jamiek/2026_ROS_manipulator/open_manipulator_ws/install/open_manipulator_playground:/home/jamiek/2026_ROS_manipulator/open_manipulator_ws/install/open_manipulator_moveit_config:/home/jamiek/2026_ROS_manipulator/open_manipulator_ws/install/dynamixel_hardware_interface:/home/jamiek/2026_ROS_manipulator/open_manipulator_ws/install/robotis_interfaces:/home/jamiek/2026_ROS_manipulator/open_manipulator_ws/install/open_manipulator_gui:/home/jamiek/2026_ROS_manipulator/open_manipulator_ws/install/open_manipulator_description:/home/jamiek/2026_ROS_manipulator/open_manipulator_ws/install/open_manipulator_collision:/home/jamiek/2026_ROS_manipulator/open_manipulator_ws/install/om_spring_actuator_controller:/home/jamiek/2026_ROS_manipulator/open_manipulator_ws/install/om_joint_trajectory_command_broadcaster:/home/jamiek/2026_ROS_manipulator/open_manipulator_ws/install/om_gravity_compensation_controller:/home/jamiek/2026_ROS_manipulator/open_manipulator_ws/install/dynamixel_sdk:/home/jamiek/2026_ROS_manipulator/open_manipulator_ws/install/dynamixel_interfaces:/home/jamiek/2026_ROS_manipulator/open_manipulator_ws/install/open_manipulator:/home/jamiek/2026_ROS_manipulator/open_manipulator_ws/install/dynamixel_sdk_examples:/home/jamiek/2026_ROS_manipulator/open_manipulator_ws/install/dynamixel_sdk_custom_interfaces:/home/jamiek/2026_ROS_manipulator/ros_ws/install/user_interface:/opt/ros/jazzy/opt/gz_sim_vendor:/opt/ros/jazzy/opt/gz_sensors_vendor:/opt/ros/jazzy/opt/gz_physics_vendor:/opt/ros/jazzy/opt/sdformat_vendor:/opt/ros/jazzy/opt/gz_gui_vendor:/opt/ros/jazzy/opt/gz_transport_vendor:/opt/ros/jazzy/opt/gz_rendering_vendor:/opt/ros/jazzy/opt/gz_plugin_vendor:/opt/ros/jazzy/opt/gz_fuel_tools_vendor:/opt/ros/jazzy/opt/gz_msgs_vendor:/opt/ros/jazzy/opt/gz_common_vendor:/opt/ros/jazzy/opt/gz_math_vendor:/opt/ros/jazzy/opt/gz_utils_vendor:/opt/ros/jazzy/opt/gz_tools_vendor:/opt/ros/jazzy/opt/gz_ogre_next_vendor:/opt/ros/jazzy/opt/gz_dartsim_vendor:/opt/ros/jazzy/opt/gz_cmake_vendor:/home/jamiek/2026_ROS_manipulator/open_manipulator_ws/install/open_manipulator_teleop:/home/jamiek/2026_ROS_manipulator/open_manipulator_ws/install/open_manipulator_bringup:/home/jamiek/2026_ROS_manipulator/ros_ws/install/tf2_basic:/home/jamiek/2026_ROS_manipulator/ros_ws/install/ros_basic:/opt/ros/jazzy DEBUGINFOD_URLS=https://debuginfod.ubuntu.com LD_LIBRARY_PATH=/home/jamiek/2026_ROS_manipulator/open_manipulator_ws/install/dynamixel_hardware_interface/lib:/home/jamiek/2026_ROS_manipulator/open_manipulator_ws/install/robotis_interfaces/lib:/home/jamiek/2026_ROS_manipulator/open_manipulator_ws/install/om_spring_actuator_controller/lib:/home/jamiek/2026_ROS_manipulator/open_manipulator_ws/install/om_joint_trajectory_command_broadcaster/lib:/home/jamiek/2026_ROS_manipulator/open_manipulator_ws/install/om_gravity_compensation_controller/lib:/home/jamiek/2026_ROS_manipulator/open_manipulator_ws/install/dynamixel_sdk/lib:/home/jamiek/2026_ROS_manipulator/open_manipulator_ws/install/dynamixel_interfaces/lib:/home/jamiek/2026_ROS_manipulator/open_manipulator_ws/install/open_manipulator_gui/lib:/home/jamiek/2026_ROS_manipulator/open_manipulator_ws/install/open_manipulator_collision/lib:/home/jamiek/2026_ROS_manipulator/open_manipulator_ws/install/dynamixel_sdk_custom_interfaces/lib:/home/jamiek/2026_ROS_manipulator/ros_ws/install/user_interface/lib:/opt/ros/jazzy/opt/gz_sim_vendor/lib:/opt/ros/jazzy/opt/gz_sensors_vendor/lib:/opt/ros/jazzy/opt/gz_physics_vendor/lib:/opt/ros/jazzy/opt/sdformat_vendor/lib:/opt/ros/jazzy/opt/rviz_ogre_vendor/lib:/opt/ros/jazzy/lib/x86_64-linux-gnu:/opt/ros/jazzy/opt/gz_gui_vendor/lib:/opt/ros/jazzy/opt/gz_transport_vendor/lib:/opt/ros/jazzy/opt/gz_rendering_vendor/lib:/opt/ros/jazzy/opt/gz_plugin_vendor/lib:/opt/ros/jazzy/opt/gz_fuel_tools_vendor/lib:/opt/ros/jazzy/opt/gz_msgs_vendor/lib:/opt/ros/jazzy/opt/gz_common_vendor/lib:/opt/ros/jazzy/opt/gz_math_vendor/lib:/opt/ros/jazzy/opt/gz_utils_vendor/lib:/opt/ros/jazzy/opt/gz_tools_vendor/lib:/opt/ros/jazzy/opt/gz_ogre_next_vendor/lib:/opt/ros/jazzy/opt/gz_dartsim_vendor/lib:/opt/ros/jazzy/opt/gz_cmake_vendor/lib:/opt/ros/jazzy/lib PYTHONPATH=/home/jamiek/2026_ROS_manipulator/open_manipulator_ws/install/open_manipulator_bringup/lib/python3.12/site-packages:/home/jamiek/2026_ROS_manipulator/open_manipulator_ws/install/robotis_interfaces/lib/python3.12/site-packages:/home/jamiek/2026_ROS_manipulator/open_manipulator_ws/install/open_manipulator_teleop/lib/python3.12/site-packages:/home/jamiek/2026_ROS_manipulator/open_manipulator_ws/install/dynamixel_sdk/lib/python3.12/site-packages:/home/jamiek/2026_ROS_manipulator/open_manipulator_ws/install/dynamixel_interfaces/lib/python3.12/site-packages:/home/jamiek/2026_ROS_manipulator/open_manipulator_ws/build/open_manipulator_teleop:/home/jamiek/2026_ROS_manipulator/open_manipulator_ws/build/open_manipulator_bringup:/home/jamiek/2026_ROS_manipulator/open_manipulator_ws/install/dynamixel_sdk_custom_interfaces/lib/python3.12/site-packages:/home/jamiek/2026_ROS_manipulator/ros_ws/install/user_interface/lib/python3.12/site-packages:/home/jamiek/2026_ROS_manipulator/ros_ws/build/tf2_basic:/home/jamiek/2026_ROS_manipulator/ros_ws/install/tf2_basic/lib/python3.12/site-packages:/home/jamiek/2026_ROS_manipulator/ros_ws/build/ros_basic:/home/jamiek/2026_ROS_manipulator/ros_ws/install/ros_basic/lib/python3.12/site-packages:/opt/ros/jazzy/lib/python3.12/site-packages /usr/bin/cmake --build /home/jamiek/2026_ROS_manipulator/open_manipulator_ws/build/open_manipulator
[7.154s] DEBUG:colcon.colcon_core.event_handler.log_command:Invoked command in '/home/jamiek/2026_ROS_manipulator/open_manipulator_ws/build/open_manipulator' returned '0': AMENT_PREFIX_PATH=/home/jamiek/2026_ROS_manipulator/open_manipulator_ws/install/open_manipulator_bringup:/home/jamiek/2026_ROS_manipulator/open_manipulator_ws/install/open_manipulator_teleop:/home/jamiek/2026_ROS_manipulator/open_manipulator_ws/install/open_manipulator:/home/jamiek/2026_ROS_manipulator/open_manipulator_ws/install/open_manipulator_playground:/home/jamiek/2026_ROS_manipulator/open_manipulator_ws/install/robotis_interfaces:/home/jamiek/2026_ROS_manipulator/open_manipulator_ws/install/open_manipulator_moveit_config:/home/jamiek/2026_ROS_manipulator/open_manipulator_ws/install/open_manipulator_gui:/home/jamiek/2026_ROS_manipulator/open_manipulator_ws/install/open_manipulator_description:/home/jamiek/2026_ROS_manipulator/open_manipulator_ws/install/open_manipulator_collision:/home/jamiek/2026_ROS_manipulator/open_manipulator_ws/install/om_spring_actuator_controller:/home/jamiek/2026_ROS_manipulator/open_manipulator_ws/install/om_joint_trajectory_command_broadcaster:/home/jamiek/2026_ROS_manipulator/open_manipulator_ws/install/om_gravity_compensation_controller:/home/jamiek/2026_ROS_manipulator/open_manipulator_ws/install/dynamixel_sdk_examples:/home/jamiek/2026_ROS_manipulator/open_manipulator_ws/install/dynamixel_sdk_custom_interfaces:/home/jamiek/2026_ROS_manipulator/open_manipulator_ws/install/dynamixel_hardware_interface:/home/jamiek/2026_ROS_manipulator/open_manipulator_ws/install/dynamixel_sdk:/home/jamiek/2026_ROS_manipulator/open_manipulator_ws/install/dynamixel_interfaces:/home/jamiek/2026_ROS_manipulator/ros_ws/install/user_interface:/home/jamiek/2026_ROS_manipulator/ros_ws/install/tf2_basic:/home/jamiek/2026_ROS_manipulator/ros_ws/install/ros_basic:/opt/ros/jazzy CMAKE_PREFIX_PATH=/home/jamiek/2026_ROS_manipulator/open_manipulator_ws/install/open_manipulator_playground:/home/jamiek/2026_ROS_manipulator/open_manipulator_ws/install/open_manipulator_moveit_config:/home/jamiek/2026_ROS_manipulator/open_manipulator_ws/install/dynamixel_hardware_interface:/home/jamiek/2026_ROS_manipulator/open_manipulator_ws/install/robotis_interfaces:/home/jamiek/2026_ROS_manipulator/open_manipulator_ws/install/open_manipulator_gui:/home/jamiek/2026_ROS_manipulator/open_manipulator_ws/install/open_manipulator_description:/home/jamiek/2026_ROS_manipulator/open_manipulator_ws/install/open_manipulator_collision:/home/jamiek/2026_ROS_manipulator/open_manipulator_ws/install/om_spring_actuator_controller:/home/jamiek/2026_ROS_manipulator/open_manipulator_ws/install/om_joint_trajectory_command_broadcaster:/home/jamiek/2026_ROS_manipulator/open_manipulator_ws/install/om_gravity_compensation_controller:/home/jamiek/2026_ROS_manipulator/open_manipulator_ws/install/dynamixel_sdk:/home/jamiek/2026_ROS_manipulator/open_manipulator_ws/install/dynamixel_interfaces:/home/jamiek/2026_ROS_manipulator/open_manipulator_ws/install/open_manipulator:/home/jamiek/2026_ROS_manipulator/open_manipulator_ws/install/dynamixel_sdk_examples:/home/jamiek/2026_ROS_manipulator/open_manipulator_ws/install/dynamixel_sdk_custom_interfaces:/home/jamiek/2026_ROS_manipulator/ros_ws/install/user_interface:/opt/ros/jazzy/opt/gz_sim_vendor:/opt/ros/jazzy/opt/gz_sensors_vendor:/opt/ros/jazzy/opt/gz_physics_vendor:/opt/ros/jazzy/opt/sdformat_vendor:/opt/ros/jazzy/opt/gz_gui_vendor:/opt/ros/jazzy/opt/gz_transport_vendor:/opt/ros/jazzy/opt/gz_rendering_vendor:/opt/ros/jazzy/opt/gz_plugin_vendor:/opt/ros/jazzy/opt/gz_fuel_tools_vendor:/opt/ros/jazzy/opt/gz_msgs_vendor:/opt/ros/jazzy/opt/gz_common_vendor:/opt/ros/jazzy/opt/gz_math_vendor:/opt/ros/jazzy/opt/gz_utils_vendor:/opt/ros/jazzy/opt/gz_tools_vendor:/opt/ros/jazzy/opt/gz_ogre_next_vendor:/opt/ros/jazzy/opt/gz_dartsim_vendor:/opt/ros/jazzy/opt/gz_cmake_vendor:/home/jamiek/2026_ROS_manipulator/open_manipulator_ws/install/open_manipulator_teleop:/home/jamiek/2026_ROS_manipulator/open_manipulator_ws/install/open_manipulator_bringup:/home/jamiek/2026_ROS_manipulator/ros_ws/install/tf2_basic:/home/jamiek/2026_ROS_manipulator/ros_ws/install/ros_basic:/opt/ros/jazzy DEBUGINFOD_URLS=https://debuginfod.ubuntu.com LD_LIBRARY_PATH=/home/jamiek/2026_ROS_manipulator/open_manipulator_ws/install/dynamixel_hardware_interface/lib:/home/jamiek/2026_ROS_manipulator/open_manipulator_ws/install/robotis_interfaces/lib:/home/jamiek/2026_ROS_manipulator/open_manipulator_ws/install/om_spring_actuator_controller/lib:/home/jamiek/2026_ROS_manipulator/open_manipulator_ws/install/om_joint_trajectory_command_broadcaster/lib:/home/jamiek/2026_ROS_manipulator/open_manipulator_ws/install/om_gravity_compensation_controller/lib:/home/jamiek/2026_ROS_manipulator/open_manipulator_ws/install/dynamixel_sdk/lib:/home/jamiek/2026_ROS_manipulator/open_manipulator_ws/install/dynamixel_interfaces/lib:/home/jamiek/2026_ROS_manipulator/open_manipulator_ws/install/open_manipulator_gui/lib:/home/jamiek/2026_ROS_manipulator/open_manipulator_ws/install/open_manipulator_collision/lib:/home/jamiek/2026_ROS_manipulator/open_manipulator_ws/install/dynamixel_sdk_custom_interfaces/lib:/home/jamiek/2026_ROS_manipulator/ros_ws/install/user_interface/lib:/opt/ros/jazzy/opt/gz_sim_vendor/lib:/opt/ros/jazzy/opt/gz_sensors_vendor/lib:/opt/ros/jazzy/opt/gz_physics_vendor/lib:/opt/ros/jazzy/opt/sdformat_vendor/lib:/opt/ros/jazzy/opt/rviz_ogre_vendor/lib:/opt/ros/jazzy/lib/x86_64-linux-gnu:/opt/ros/jazzy/opt/gz_gui_vendor/lib:/opt/ros/jazzy/opt/gz_transport_vendor/lib:/opt/ros/jazzy/opt/gz_rendering_vendor/lib:/opt/ros/jazzy/opt/gz_plugin_vendor/lib:/opt/ros/jazzy/opt/gz_fuel_tools_vendor/lib:/opt/ros/jazzy/opt/gz_msgs_vendor/lib:/opt/ros/jazzy/opt/gz_common_vendor/lib:/opt/ros/jazzy/opt/gz_math_vendor/lib:/opt/ros/jazzy/opt/gz_utils_vendor/lib:/opt/ros/jazzy/opt/gz_tools_vendor/lib:/opt/ros/jazzy/opt/gz_ogre_next_vendor/lib:/opt/ros/jazzy/opt/gz_dartsim_vendor/lib:/opt/ros/jazzy/opt/gz_cmake_vendor/lib:/opt/ros/jazzy/lib PYTHONPATH=/home/jamiek/2026_ROS_manipulator/open_manipulator_ws/install/open_manipulator_bringup/lib/python3.12/site-packages:/home/jamiek/2026_ROS_manipulator/open_manipulator_ws/install/robotis_interfaces/lib/python3.12/site-packages:/home/jamiek/2026_ROS_manipulator/open_manipulator_ws/install/open_manipulator_teleop/lib/python3.12/site-packages:/home/jamiek/2026_ROS_manipulator/open_manipulator_ws/install/dynamixel_sdk/lib/python3.12/site-packages:/home/jamiek/2026_ROS_manipulator/open_manipulator_ws/install/dynamixel_interfaces/lib/python3.12/site-packages:/home/jamiek/2026_ROS_manipulator/open_manipulator_ws/build/open_manipulator_teleop:/home/jamiek/2026_ROS_manipulator/open_manipulator_ws/build/open_manipulator_bringup:/home/jamiek/2026_ROS_manipulator/open_manipulator_ws/install/dynamixel_sdk_custom_interfaces/lib/python3.12/site-packages:/home/jamiek/2026_ROS_manipulator/ros_ws/install/user_interface/lib/python3.12/site-packages:/home/jamiek/2026_ROS_manipulator/ros_ws/build/tf2_basic:/home/jamiek/2026_ROS_manipulator/ros_ws/install/tf2_basic/lib/python3.12/site-packages:/home/jamiek/2026_ROS_manipulator/ros_ws/build/ros_basic:/home/jamiek/2026_ROS_manipulator/ros_ws/install/ros_basic/lib/python3.12/site-packages:/opt/ros/jazzy/lib/python3.12/site-packages /usr/bin/cmake --build /home/jamiek/2026_ROS_manipulator/open_manipulator_ws/build/open_manipulator
[7.155s] DEBUG:colcon.colcon_core.event_handler.log_command:Invoking command in '/home/jamiek/2026_ROS_manipulator/open_manipulator_ws/build/open_manipulator': AMENT_PREFIX_PATH=/home/jamiek/2026_ROS_manipulator/open_manipulator_ws/install/open_manipulator_bringup:/home/jamiek/2026_ROS_manipulator/open_manipulator_ws/install/open_manipulator_teleop:/home/jamiek/2026_ROS_manipulator/open_manipulator_ws/install/open_manipulator:/home/jamiek/2026_ROS_manipulator/open_manipulator_ws/install/open_manipulator_playground:/home/jamiek/2026_ROS_manipulator/open_manipulator_ws/install/robotis_interfaces:/home/jamiek/2026_ROS_manipulator/open_manipulator_ws/install/open_manipulator_moveit_config:/home/jamiek/2026_ROS_manipulator/open_manipulator_ws/install/open_manipulator_gui:/home/jamiek/2026_ROS_manipulator/open_manipulator_ws/install/open_manipulator_description:/home/jamiek/2026_ROS_manipulator/open_manipulator_ws/install/open_manipulator_collision:/home/jamiek/2026_ROS_manipulator/open_manipulator_ws/install/om_spring_actuator_controller:/home/jamiek/2026_ROS_manipulator/open_manipulator_ws/install/om_joint_trajectory_command_broadcaster:/home/jamiek/2026_ROS_manipulator/open_manipulator_ws/install/om_gravity_compensation_controller:/home/jamiek/2026_ROS_manipulator/open_manipulator_ws/install/dynamixel_sdk_examples:/home/jamiek/2026_ROS_manipulator/open_manipulator_ws/install/dynamixel_sdk_custom_interfaces:/home/jamiek/2026_ROS_manipulator/open_manipulator_ws/install/dynamixel_hardware_interface:/home/jamiek/2026_ROS_manipulator/open_manipulator_ws/install/dynamixel_sdk:/home/jamiek/2026_ROS_manipulator/open_manipulator_ws/install/dynamixel_interfaces:/home/jamiek/2026_ROS_manipulator/ros_ws/install/user_interface:/home/jamiek/2026_ROS_manipulator/ros_ws/install/tf2_basic:/home/jamiek/2026_ROS_manipulator/ros_ws/install/ros_basic:/opt/ros/jazzy CMAKE_PREFIX_PATH=/home/jamiek/2026_ROS_manipulator/open_manipulator_ws/install/open_manipulator_playground:/home/jamiek/2026_ROS_manipulator/open_manipulator_ws/install/open_manipulator_moveit_config:/home/jamiek/2026_ROS_manipulator/open_manipulator_ws/install/dynamixel_hardware_interface:/home/jamiek/2026_ROS_manipulator/open_manipulator_ws/install/robotis_interfaces:/home/jamiek/2026_ROS_manipulator/open_manipulator_ws/install/open_manipulator_gui:/home/jamiek/2026_ROS_manipulator/open_manipulator_ws/install/open_manipulator_description:/home/jamiek/2026_ROS_manipulator/open_manipulator_ws/install/open_manipulator_collision:/home/jamiek/2026_ROS_manipulator/open_manipulator_ws/install/om_spring_actuator_controller:/home/jamiek/2026_ROS_manipulator/open_manipulator_ws/install/om_joint_trajectory_command_broadcaster:/home/jamiek/2026_ROS_manipulator/open_manipulator_ws/install/om_gravity_compensation_controller:/home/jamiek/2026_ROS_manipulator/open_manipulator_ws/install/dynamixel_sdk:/home/jamiek/2026_ROS_manipulator/open_manipulator_ws/install/dynamixel_interfaces:/home/jamiek/2026_ROS_manipulator/open_manipulator_ws/install/open_manipulator:/home/jamiek/2026_ROS_manipulator/open_manipulator_ws/install/dynamixel_sdk_examples:/home/jamiek/2026_ROS_manipulator/open_manipulator_ws/install/dynamixel_sdk_custom_interfaces:/home/jamiek/2026_ROS_manipulator/ros_ws/install/user_interface:/opt/ros/jazzy/opt/gz_sim_vendor:/opt/ros/jazzy/opt/gz_sensors_vendor:/opt/ros/jazzy/opt/gz_physics_vendor:/opt/ros/jazzy/opt/sdformat_vendor:/opt/ros/jazzy/opt/gz_gui_vendor:/opt/ros/jazzy/opt/gz_transport_vendor:/opt/ros/jazzy/opt/gz_rendering_vendor:/opt/ros/jazzy/opt/gz_plugin_vendor:/opt/ros/jazzy/opt/gz_fuel_tools_vendor:/opt/ros/jazzy/opt/gz_msgs_vendor:/opt/ros/jazzy/opt/gz_common_vendor:/opt/ros/jazzy/opt/gz_math_vendor:/opt/ros/jazzy/opt/gz_utils_vendor:/opt/ros/jazzy/opt/gz_tools_vendor:/opt/ros/jazzy/opt/gz_ogre_next_vendor:/opt/ros/jazzy/opt/gz_dartsim_vendor:/opt/ros/jazzy/opt/gz_cmake_vendor:/home/jamiek/2026_ROS_manipulator/open_manipulator_ws/install/open_manipulator_teleop:/home/jamiek/2026_ROS_manipulator/open_manipulator_ws/install/open_manipulator_bringup:/home/jamiek/2026_ROS_manipulator/ros_ws/install/tf2_basic:/home/jamiek/2026_ROS_manipulator/ros_ws/install/ros_basic:/opt/ros/jazzy DEBUGINFOD_URLS=https://debuginfod.ubuntu.com LD_LIBRARY_PATH=/home/jamiek/2026_ROS_manipulator/open_manipulator_ws/install/dynamixel_hardware_interface/lib:/home/jamiek/2026_ROS_manipulator/open_manipulator_ws/install/robotis_interfaces/lib:/home/jamiek/2026_ROS_manipulator/open_manipulator_ws/install/om_spring_actuator_controller/lib:/home/jamiek/2026_ROS_manipulator/open_manipulator_ws/install/om_joint_trajectory_command_broadcaster/lib:/home/jamiek/2026_ROS_manipulator/open_manipulator_ws/install/om_gravity_compensation_controller/lib:/home/jamiek/2026_ROS_manipulator/open_manipulator_ws/install/dynamixel_sdk/lib:/home/jamiek/2026_ROS_manipulator/open_manipulator_ws/install/dynamixel_interfaces/lib:/home/jamiek/2026_ROS_manipulator/open_manipulator_ws/install/open_manipulator_gui/lib:/home/jamiek/2026_ROS_manipulator/open_manipulator_ws/install/open_manipulator_collision/lib:/home/jamiek/2026_ROS_manipulator/open_manipulator_ws/install/dynamixel_sdk_custom_interfaces/lib:/home/jamiek/2026_ROS_manipulator/ros_ws/install/user_interface/lib:/opt/ros/jazzy/opt/gz_sim_vendor/lib:/opt/ros/jazzy/opt/gz_sensors_vendor/lib:/opt/ros/jazzy/opt/gz_physics_vendor/lib:/opt/ros/jazzy/opt/sdformat_vendor/lib:/opt/ros/jazzy/opt/rviz_ogre_vendor/lib:/opt/ros/jazzy/lib/x86_64-linux-gnu:/opt/ros/jazzy/opt/gz_gui_vendor/lib:/opt/ros/jazzy/opt/gz_transport_vendor/lib:/opt/ros/jazzy/opt/gz_rendering_vendor/lib:/opt/ros/jazzy/opt/gz_plugin_vendor/lib:/opt/ros/jazzy/opt/gz_fuel_tools_vendor/lib:/opt/ros/jazzy/opt/gz_msgs_vendor/lib:/opt/ros/jazzy/opt/gz_common_vendor/lib:/opt/ros/jazzy/opt/gz_math_vendor/lib:/opt/ros/jazzy/opt/gz_utils_vendor/lib:/opt/ros/jazzy/opt/gz_tools_vendor/lib:/opt/ros/jazzy/opt/gz_ogre_next_vendor/lib:/opt/ros/jazzy/opt/gz_dartsim_vendor/lib:/opt/ros/jazzy/opt/gz_cmake_vendor/lib:/opt/ros/jazzy/lib PYTHONPATH=/home/jamiek/2026_ROS_manipulator/open_manipulator_ws/install/open_manipulator_bringup/lib/python3.12/site-packages:/home/jamiek/2026_ROS_manipulator/open_manipulator_ws/install/robotis_interfaces/lib/python3.12/site-packages:/home/jamiek/2026_ROS_manipulator/open_manipulator_ws/install/open_manipulator_teleop/lib/python3.12/site-packages:/home/jamiek/2026_ROS_manipulator/open_manipulator_ws/install/dynamixel_sdk/lib/python3.12/site-packages:/home/jamiek/2026_ROS_manipulator/open_manipulator_ws/install/dynamixel_interfaces/lib/python3.12/site-packages:/home/jamiek/2026_ROS_manipulator/open_manipulator_ws/build/open_manipulator_teleop:/home/jamiek/2026_ROS_manipulator/open_manipulator_ws/build/open_manipulator_bringup:/home/jamiek/2026_ROS_manipulator/open_manipulator_ws/install/dynamixel_sdk_custom_interfaces/lib/python3.12/site-packages:/home/jamiek/2026_ROS_manipulator/ros_ws/install/user_interface/lib/python3.12/site-packages:/home/jamiek/2026_ROS_manipulator/ros_ws/build/tf2_basic:/home/jamiek/2026_ROS_manipulator/ros_ws/install/tf2_basic/lib/python3.12/site-packages:/home/jamiek/2026_ROS_manipulator/ros_ws/build/ros_basic:/home/jamiek/2026_ROS_manipulator/ros_ws/install/ros_basic/lib/python3.12/site-packages:/opt/ros/jazzy/lib/python3.12/site-packages /usr/bin/cmake --install /home/jamiek/2026_ROS_manipulator/open_manipulator_ws/build/open_manipulator
[7.181s] Level 1:colcon.colcon_core.environment:create_environment_scripts_only(open_manipulator)
[7.182s] Level 1:colcon.colcon_core.environment:checking '/home/jamiek/2026_ROS_manipulator/open_manipulator_ws/install/open_manipulator' for CMake module files
[7.182s] DEBUG:colcon.colcon_core.event_handler.log_command:Invoked command in '/home/jamiek/2026_ROS_manipulator/open_manipulator_ws/build/open_manipulator' returned '0': AMENT_PREFIX_PATH=/home/jamiek/2026_ROS_manipulator/open_manipulator_ws/install/open_manipulator_bringup:/home/jamiek/2026_ROS_manipulator/open_manipulator_ws/install/open_manipulator_teleop:/home/jamiek/2026_ROS_manipulator/open_manipulator_ws/install/open_manipulator:/home/jamiek/2026_ROS_manipulator/open_manipulator_ws/install/open_manipulator_playground:/home/jamiek/2026_ROS_manipulator/open_manipulator_ws/install/robotis_interfaces:/home/jamiek/2026_ROS_manipulator/open_manipulator_ws/install/open_manipulator_moveit_config:/home/jamiek/2026_ROS_manipulator/open_manipulator_ws/install/open_manipulator_gui:/home/jamiek/2026_ROS_manipulator/open_manipulator_ws/install/open_manipulator_description:/home/jamiek/2026_ROS_manipulator/open_manipulator_ws/install/open_manipulator_collision:/home/jamiek/2026_ROS_manipulator/open_manipulator_ws/install/om_spring_actuator_controller:/home/jamiek/2026_ROS_manipulator/open_manipulator_ws/install/om_joint_trajectory_command_broadcaster:/home/jamiek/2026_ROS_manipulator/open_manipulator_ws/install/om_gravity_compensation_controller:/home/jamiek/2026_ROS_manipulator/open_manipulator_ws/install/dynamixel_sdk_examples:/home/jamiek/2026_ROS_manipulator/open_manipulator_ws/install/dynamixel_sdk_custom_interfaces:/home/jamiek/2026_ROS_manipulator/open_manipulator_ws/install/dynamixel_hardware_interface:/home/jamiek/2026_ROS_manipulator/open_manipulator_ws/install/dynamixel_sdk:/home/jamiek/2026_ROS_manipulator/open_manipulator_ws/install/dynamixel_interfaces:/home/jamiek/2026_ROS_manipulator/ros_ws/install/user_interface:/home/jamiek/2026_ROS_manipulator/ros_ws/install/tf2_basic:/home/jamiek/2026_ROS_manipulator/ros_ws/install/ros_basic:/opt/ros/jazzy CMAKE_PREFIX_PATH=/home/jamiek/2026_ROS_manipulator/open_manipulator_ws/install/open_manipulator_playground:/home/jamiek/2026_ROS_manipulator/open_manipulator_ws/install/open_manipulator_moveit_config:/home/jamiek/2026_ROS_manipulator/open_manipulator_ws/install/dynamixel_hardware_interface:/home/jamiek/2026_ROS_manipulator/open_manipulator_ws/install/robotis_interfaces:/home/jamiek/2026_ROS_manipulator/open_manipulator_ws/install/open_manipulator_gui:/home/jamiek/2026_ROS_manipulator/open_manipulator_ws/install/open_manipulator_description:/home/jamiek/2026_ROS_manipulator/open_manipulator_ws/install/open_manipulator_collision:/home/jamiek/2026_ROS_manipulator/open_manipulator_ws/install/om_spring_actuator_controller:/home/jamiek/2026_ROS_manipulator/open_manipulator_ws/install/om_joint_trajectory_command_broadcaster:/home/jamiek/2026_ROS_manipulator/open_manipulator_ws/install/om_gravity_compensation_controller:/home/jamiek/2026_ROS_manipulator/open_manipulator_ws/install/dynamixel_sdk:/home/jamiek/2026_ROS_manipulator/open_manipulator_ws/install/dynamixel_interfaces:/home/jamiek/2026_ROS_manipulator/open_manipulator_ws/install/open_manipulator:/home/jamiek/2026_ROS_manipulator/open_manipulator_ws/install/dynamixel_sdk_examples:/home/jamiek/2026_ROS_manipulator/open_manipulator_ws/install/dynamixel_sdk_custom_interfaces:/home/jamiek/2026_ROS_manipulator/ros_ws/install/user_interface:/opt/ros/jazzy/opt/gz_sim_vendor:/opt/ros/jazzy/opt/gz_sensors_vendor:/opt/ros/jazzy/opt/gz_physics_vendor:/opt/ros/jazzy/opt/sdformat_vendor:/opt/ros/jazzy/opt/gz_gui_vendor:/opt/ros/jazzy/opt/gz_transport_vendor:/opt/ros/jazzy/opt/gz_rendering_vendor:/opt/ros/jazzy/opt/gz_plugin_vendor:/opt/ros/jazzy/opt/gz_fuel_tools_vendor:/opt/ros/jazzy/opt/gz_msgs_vendor:/opt/ros/jazzy/opt/gz_common_vendor:/opt/ros/jazzy/opt/gz_math_vendor:/opt/ros/jazzy/opt/gz_utils_vendor:/opt/ros/jazzy/opt/gz_tools_vendor:/opt/ros/jazzy/opt/gz_ogre_next_vendor:/opt/ros/jazzy/opt/gz_dartsim_vendor:/opt/ros/jazzy/opt/gz_cmake_vendor:/home/jamiek/2026_ROS_manipulator/open_manipulator_ws/install/open_manipulator_teleop:/home/jamiek/2026_ROS_manipulator/open_manipulator_ws/install/open_manipulator_bringup:/home/jamiek/2026_ROS_manipulator/ros_ws/install/tf2_basic:/home/jamiek/2026_ROS_manipulator/ros_ws/install/ros_basic:/opt/ros/jazzy DEBUGINFOD_URLS=https://debuginfod.ubuntu.com LD_LIBRARY_PATH=/home/jamiek/2026_ROS_manipulator/open_manipulator_ws/install/dynamixel_hardware_interface/lib:/home/jamiek/2026_ROS_manipulator/open_manipulator_ws/install/robotis_interfaces/lib:/home/jamiek/2026_ROS_manipulator/open_manipulator_ws/install/om_spring_actuator_controller/lib:/home/jamiek/2026_ROS_manipulator/open_manipulator_ws/install/om_joint_trajectory_command_broadcaster/lib:/home/jamiek/2026_ROS_manipulator/open_manipulator_ws/install/om_gravity_compensation_controller/lib:/home/jamiek/2026_ROS_manipulator/open_manipulator_ws/install/dynamixel_sdk/lib:/home/jamiek/2026_ROS_manipulator/open_manipulator_ws/install/dynamixel_interfaces/lib:/home/jamiek/2026_ROS_manipulator/open_manipulator_ws/install/open_manipulator_gui/lib:/home/jamiek/2026_ROS_manipulator/open_manipulator_ws/install/open_manipulator_collision/lib:/home/jamiek/2026_ROS_manipulator/open_manipulator_ws/install/dynamixel_sdk_custom_interfaces/lib:/home/jamiek/2026_ROS_manipulator/ros_ws/install/user_interface/lib:/opt/ros/jazzy/opt/gz_sim_vendor/lib:/opt/ros/jazzy/opt/gz_sensors_vendor/lib:/opt/ros/jazzy/opt/gz_physics_vendor/lib:/opt/ros/jazzy/opt/sdformat_vendor/lib:/opt/ros/jazzy/opt/rviz_ogre_vendor/lib:/opt/ros/jazzy/lib/x86_64-linux-gnu:/opt/ros/jazzy/opt/gz_gui_vendor/lib:/opt/ros/jazzy/opt/gz_transport_vendor/lib:/opt/ros/jazzy/opt/gz_rendering_vendor/lib:/opt/ros/jazzy/opt/gz_plugin_vendor/lib:/opt/ros/jazzy/opt/gz_fuel_tools_vendor/lib:/opt/ros/jazzy/opt/gz_msgs_vendor/lib:/opt/ros/jazzy/opt/gz_common_vendor/lib:/opt/ros/jazzy/opt/gz_math_vendor/lib:/opt/ros/jazzy/opt/gz_utils_vendor/lib:/opt/ros/jazzy/opt/gz_tools_vendor/lib:/opt/ros/jazzy/opt/gz_ogre_next_vendor/lib:/opt/ros/jazzy/opt/gz_dartsim_vendor/lib:/opt/ros/jazzy/opt/gz_cmake_vendor/lib:/opt/ros/jazzy/lib PYTHONPATH=/home/jamiek/2026_ROS_manipulator/open_manipulator_ws/install/open_manipulator_bringup/lib/python3.12/site-packages:/home/jamiek/2026_ROS_manipulator/open_manipulator_ws/install/robotis_interfaces/lib/python3.12/site-packages:/home/jamiek/2026_ROS_manipulator/open_manipulator_ws/install/open_manipulator_teleop/lib/python3.12/site-packages:/home/jamiek/2026_ROS_manipulator/open_manipulator_ws/install/dynamixel_sdk/lib/python3.12/site-packages:/home/jamiek/2026_ROS_manipulator/open_manipulator_ws/install/dynamixel_interfaces/lib/python3.12/site-packages:/home/jamiek/2026_ROS_manipulator/open_manipulator_ws/build/open_manipulator_teleop:/home/jamiek/2026_ROS_manipulator/open_manipulator_ws/build/open_manipulator_bringup:/home/jamiek/2026_ROS_manipulator/open_manipulator_ws/install/dynamixel_sdk_custom_interfaces/lib/python3.12/site-packages:/home/jamiek/2026_ROS_manipulator/ros_ws/install/user_interface/lib/python3.12/site-packages:/home/jamiek/2026_ROS_manipulator/ros_ws/build/tf2_basic:/home/jamiek/2026_ROS_manipulator/ros_ws/install/tf2_basic/lib/python3.12/site-packages:/home/jamiek/2026_ROS_manipulator/ros_ws/build/ros_basic:/home/jamiek/2026_ROS_manipulator/ros_ws/install/ros_basic/lib/python3.12/site-packages:/opt/ros/jazzy/lib/python3.12/site-packages /usr/bin/cmake --install /home/jamiek/2026_ROS_manipulator/open_manipulator_ws/build/open_manipulator
[7.182s] Level 1:colcon.colcon_core.environment:checking '/home/jamiek/2026_ROS_manipulator/open_manipulator_ws/install/open_manipulator' for CMake config files
[7.183s] Level 1:colcon.colcon_core.shell:create_environment_hook('open_manipulator', 'cmake_prefix_path')
[7.183s] INFO:colcon.colcon_core.shell:Creating environment hook '/home/jamiek/2026_ROS_manipulator/open_manipulator_ws/install/open_manipulator/share/open_manipulator/hook/cmake_prefix_path.ps1'
[7.183s] INFO:colcon.colcon_core.shell:Creating environment descriptor '/home/jamiek/2026_ROS_manipulator/open_manipulator_ws/install/open_manipulator/share/open_manipulator/hook/cmake_prefix_path.dsv'
[7.183s] INFO:colcon.colcon_core.shell:Creating environment hook '/home/jamiek/2026_ROS_manipulator/open_manipulator_ws/install/open_manipulator/share/open_manipulator/hook/cmake_prefix_path.sh'
[7.184s] Level 1:colcon.colcon_core.environment:checking '/home/jamiek/2026_ROS_manipulator/open_manipulator_ws/install/open_manipulator/bin'
[7.184s] Level 1:colcon.colcon_core.environment:checking '/home/jamiek/2026_ROS_manipulator/open_manipulator_ws/install/open_manipulator/lib/pkgconfig/open_manipulator.pc'
[7.184s] Level 1:colcon.colcon_core.environment:checking '/home/jamiek/2026_ROS_manipulator/open_manipulator_ws/install/open_manipulator/lib/python3.12/site-packages'
[7.184s] Level 1:colcon.colcon_core.environment:checking '/home/jamiek/2026_ROS_manipulator/open_manipulator_ws/install/open_manipulator/bin'
[7.184s] INFO:colcon.colcon_core.shell:Creating package script '/home/jamiek/2026_ROS_manipulator/open_manipulator_ws/install/open_manipulator/share/open_manipulator/package.ps1'
[7.185s] INFO:colcon.colcon_core.shell:Creating package descriptor '/home/jamiek/2026_ROS_manipulator/open_manipulator_ws/install/open_manipulator/share/open_manipulator/package.dsv'
[7.185s] INFO:colcon.colcon_core.shell:Creating package script '/home/jamiek/2026_ROS_manipulator/open_manipulator_ws/install/open_manipulator/share/open_manipulator/package.sh'
[7.185s] INFO:colcon.colcon_core.shell:Creating package script '/home/jamiek/2026_ROS_manipulator/open_manipulator_ws/install/open_manipulator/share/open_manipulator/package.bash'
[7.186s] INFO:colcon.colcon_core.shell:Creating package script '/home/jamiek/2026_ROS_manipulator/open_manipulator_ws/install/open_manipulator/share/open_manipulator/package.zsh'
[7.186s] Level 1:colcon.colcon_core.environment:create_file_with_runtime_dependencies(/home/jamiek/2026_ROS_manipulator/open_manipulator_ws/install/open_manipulator/share/colcon-core/packages/open_manipulator)
[7.186s] Level 1:colcon.colcon_core.environment:create_environment_scripts_only(open_manipulator)
[7.187s] Level 1:colcon.colcon_core.environment:checking '/home/jamiek/2026_ROS_manipulator/open_manipulator_ws/install/open_manipulator' for CMake module files
[7.187s] Level 1:colcon.colcon_core.environment:checking '/home/jamiek/2026_ROS_manipulator/open_manipulator_ws/install/open_manipulator' for CMake config files
[7.187s] Level 1:colcon.colcon_core.shell:create_environment_hook('open_manipulator', 'cmake_prefix_path')
[7.187s] INFO:colcon.colcon_core.shell:Creating environment hook '/home/jamiek/2026_ROS_manipulator/open_manipulator_ws/install/open_manipulator/share/open_manipulator/hook/cmake_prefix_path.ps1'
[7.188s] INFO:colcon.colcon_core.shell:Creating environment descriptor '/home/jamiek/2026_ROS_manipulator/open_manipulator_ws/install/open_manipulator/share/open_manipulator/hook/cmake_prefix_path.dsv'
[7.188s] INFO:colcon.colcon_core.shell:Creating environment hook '/home/jamiek/2026_ROS_manipulator/open_manipulator_ws/install/open_manipulator/share/open_manipulator/hook/cmake_prefix_path.sh'
[7.189s] Level 1:colcon.colcon_core.environment:checking '/home/jamiek/2026_ROS_manipulator/open_manipulator_ws/install/open_manipulator/bin'
[7.189s] Level 1:colcon.colcon_core.environment:checking '/home/jamiek/2026_ROS_manipulator/open_manipulator_ws/install/open_manipulator/lib/pkgconfig/open_manipulator.pc'
[7.189s] Level 1:colcon.colcon_core.environment:checking '/home/jamiek/2026_ROS_manipulator/open_manipulator_ws/install/open_manipulator/lib/python3.12/site-packages'
[7.189s] Level 1:colcon.colcon_core.environment:checking '/home/jamiek/2026_ROS_manipulator/open_manipulator_ws/install/open_manipulator/bin'
[7.189s] INFO:colcon.colcon_core.shell:Creating package script '/home/jamiek/2026_ROS_manipulator/open_manipulator_ws/install/open_manipulator/share/open_manipulator/package.ps1'
[7.190s] INFO:colcon.colcon_core.shell:Creating package descriptor '/home/jamiek/2026_ROS_manipulator/open_manipulator_ws/install/open_manipulator/share/open_manipulator/package.dsv'
[7.190s] INFO:colcon.colcon_core.shell:Creating package script '/home/jamiek/2026_ROS_manipulator/open_manipulator_ws/install/open_manipulator/share/open_manipulator/package.sh'
[7.190s] INFO:colcon.colcon_core.shell:Creating package script '/home/jamiek/2026_ROS_manipulator/open_manipulator_ws/install/open_manipulator/share/open_manipulator/package.bash'
[7.191s] INFO:colcon.colcon_core.shell:Creating package script '/home/jamiek/2026_ROS_manipulator/open_manipulator_ws/install/open_manipulator/share/open_manipulator/package.zsh'
[7.191s] Level 1:colcon.colcon_core.environment:create_file_with_runtime_dependencies(/home/jamiek/2026_ROS_manipulator/open_manipulator_ws/install/open_manipulator/share/colcon-core/packages/open_manipulator)
[7.191s] DEBUG:colcon.colcon_parallel_executor.executor.parallel:closing loop
[7.192s] DEBUG:colcon.colcon_parallel_executor.executor.parallel:loop closed
[7.192s] DEBUG:colcon.colcon_parallel_executor.executor.parallel:run_until_complete finished with '0'
[7.192s] DEBUG:colcon.colcon_core.event_reactor:joining thread
[7.198s] INFO:colcon.colcon_core.plugin_system:Skipping extension 'colcon_notification.desktop_notification.terminal_notifier': Not used on non-Darwin systems
[7.198s] INFO:colcon.colcon_core.plugin_system:Skipping extension 'colcon_notification.desktop_notification.win32': Not used on non-Windows systems
[7.198s] INFO:colcon.colcon_notification.desktop_notification:Sending desktop notification using 'notify2'
[7.210s] DEBUG:colcon.colcon_core.event_reactor:joined thread
[7.210s] INFO:colcon.colcon_core.shell:Creating prefix script '/home/jamiek/2026_ROS_manipulator/open_manipulator_ws/install/local_setup.ps1'
[7.211s] INFO:colcon.colcon_core.shell:Creating prefix util module '/home/jamiek/2026_ROS_manipulator/open_manipulator_ws/install/_local_setup_util_ps1.py'
[7.212s] INFO:colcon.colcon_core.shell:Creating prefix chain script '/home/jamiek/2026_ROS_manipulator/open_manipulator_ws/install/setup.ps1'
[7.213s] INFO:colcon.colcon_core.shell:Creating prefix script '/home/jamiek/2026_ROS_manipulator/open_manipulator_ws/install/local_setup.sh'
[7.214s] INFO:colcon.colcon_core.shell:Creating prefix util module '/home/jamiek/2026_ROS_manipulator/open_manipulator_ws/install/_local_setup_util_sh.py'
[7.214s] INFO:colcon.colcon_core.shell:Creating prefix chain script '/home/jamiek/2026_ROS_manipulator/open_manipulator_ws/install/setup.sh'
[7.216s] INFO:colcon.colcon_core.shell:Creating prefix script '/home/jamiek/2026_ROS_manipulator/open_manipulator_ws/install/local_setup.bash'
[7.216s] INFO:colcon.colcon_core.shell:Creating prefix chain script '/home/jamiek/2026_ROS_manipulator/open_manipulator_ws/install/setup.bash'
[7.218s] INFO:colcon.colcon_core.shell:Creating prefix script '/home/jamiek/2026_ROS_manipulator/open_manipulator_ws/install/local_setup.zsh'
[7.218s] INFO:colcon.colcon_core.shell:Creating prefix chain script '/home/jamiek/2026_ROS_manipulator/open_manipulator_ws/install/setup.zsh'
