[0.094s] DEBUG:colcon:Command line arguments: ['/usr/bin/colcon', 'build', '--symlink-install']
[0.094s] DEBUG:colcon:Parsed command line arguments: Namespace(log_base=None, log_level=None, verb_name='build', build_base='build', install_base='install', merge_install=False, symlink_install=True, test_result_base=None, continue_on_error=False, executor='parallel', parallel_workers=16, event_handlers=None, ignore_user_meta=False, metas=['./colcon.meta'], base_paths=['.'], packages_ignore=None, packages_ignore_regex=None, paths=None, packages_up_to=None, packages_up_to_regex=None, packages_above=None, packages_above_and_dependencies=None, packages_above_depth=None, packages_select_by_dep=None, packages_skip_by_dep=None, packages_skip_up_to=None, packages_select_build_failed=False, packages_skip_build_finished=False, packages_select_test_failures=False, packages_skip_test_passed=False, packages_select=None, packages_skip=None, packages_select_regex=None, packages_skip_regex=None, packages_start=None, packages_end=None, allow_overriding=[], cmake_args=None, cmake_target=None, cmake_target_skip_unavailable=False, cmake_clean_cache=False, cmake_clean_first=False, cmake_force_configure=False, ament_cmake_args=None, catkin_cmake_args=None, catkin_skip_building_tests=False, mixin_files=None, mixin=None, verb_parser=<colcon_mixin.mixin.mixin_argument.MixinArgumentDecorator object at 0x747f354935f0>, verb_extension=<colcon_core.verb.build.BuildVerb object at 0x747f35493230>, main=<bound method BuildVerb.main of <colcon_core.verb.build.BuildVerb object at 0x747f35493230>>, mixin_verb=('build',))
[0.133s] Level 1:colcon.colcon_core.package_discovery:discover_packages(colcon_meta) check parameters
[0.133s] Level 1:colcon.colcon_core.package_discovery:discover_packages(recursive) check parameters
[0.133s] Level 1:colcon.colcon_core.package_discovery:discover_packages(ignore) check parameters
[0.133s] Level 1:colcon.colcon_core.package_discovery:discover_packages(path) check parameters
[0.133s] Level 1:colcon.colcon_core.package_discovery:discover_packages(colcon_meta) discover
[0.133s] Level 1:colcon.colcon_core.package_discovery:discover_packages(recursive) discover
[0.133s] INFO:colcon.colcon_core.package_discovery:Crawling recursively for packages in '/home/jamiek/2026_ROS_manipulator/open_manipulator_ws'
[0.134s] Level 1:colcon.colcon_core.package_identification:_identify(.) by extensions ['ignore', 'ignore_ament_install']
[0.134s] Level 1:colcon.colcon_core.package_identification:_identify(.) by extension 'ignore'
[0.134s] Level 1:colcon.colcon_core.package_identification:_identify(.) by extension 'ignore_ament_install'
[0.134s] Level 1:colcon.colcon_core.package_identification:_identify(.) by extensions ['colcon_pkg']
[0.134s] Level 1:colcon.colcon_core.package_identification:_identify(.) by extension 'colcon_pkg'
[0.134s] Level 1:colcon.colcon_core.package_identification:_identify(.) by extensions ['colcon_meta']
[0.134s] Level 1:colcon.colcon_core.package_identification:_identify(.) by extension 'colcon_meta'
[0.134s] Level 1:colcon.colcon_core.package_identification:_identify(.) by extensions ['ros']
[0.134s] Level 1:colcon.colcon_core.package_identification:_identify(.) by extension 'ros'
[0.160s] Level 1:colcon.colcon_core.package_identification:_identify(.) by extensions ['cmake', 'python']
[0.160s] Level 1:colcon.colcon_core.package_identification:_identify(.) by extension 'cmake'
[0.160s] Level 1:colcon.colcon_core.package_identification:_identify(.) by extension 'python'
[0.160s] Level 1:colcon.colcon_core.package_identification:_identify(.) by extensions ['python_setup_py']
[0.160s] Level 1:colcon.colcon_core.package_identification:_identify(.) by extension 'python_setup_py'
[0.161s] Level 1:colcon.colcon_core.package_identification:_identify(build) by extensions ['ignore', 'ignore_ament_install']
[0.161s] Level 1:colcon.colcon_core.package_identification:_identify(build) by extension 'ignore'
[0.161s] Level 1:colcon.colcon_core.package_identification:_identify(build) ignored
[0.161s] Level 1:colcon.colcon_core.package_identification:_identify(install) by extensions ['ignore', 'ignore_ament_install']
[0.161s] Level 1:colcon.colcon_core.package_identification:_identify(install) by extension 'ignore'
[0.161s] Level 1:colcon.colcon_core.package_identification:_identify(install) ignored
[0.161s] Level 1:colcon.colcon_core.package_identification:_identify(log) by extensions ['ignore', 'ignore_ament_install']
[0.161s] Level 1:colcon.colcon_core.package_identification:_identify(log) by extension 'ignore'
[0.161s] Level 1:colcon.colcon_core.package_identification:_identify(log) ignored
[0.161s] Level 1:colcon.colcon_core.package_identification:_identify(src) by extensions ['ignore', 'ignore_ament_install']
[0.161s] Level 1:colcon.colcon_core.package_identification:_identify(src) by extension 'ignore'
[0.161s] Level 1:colcon.colcon_core.package_identification:_identify(src) by extension 'ignore_ament_install'
[0.162s] Level 1:colcon.colcon_core.package_identification:_identify(src) by extensions ['colcon_pkg']
[0.162s] Level 1:colcon.colcon_core.package_identification:_identify(src) by extension 'colcon_pkg'
[0.162s] Level 1:colcon.colcon_core.package_identification:_identify(src) by extensions ['colcon_meta']
[0.162s] Level 1:colcon.colcon_core.package_identification:_identify(src) by extension 'colcon_meta'
[0.162s] Level 1:colcon.colcon_core.package_identification:_identify(src) by extensions ['ros']
[0.162s] Level 1:colcon.colcon_core.package_identification:_identify(src) by extension 'ros'
[0.162s] Level 1:colcon.colcon_core.package_identification:_identify(src) by extensions ['cmake', 'python']
[0.162s] Level 1:colcon.colcon_core.package_identification:_identify(src) by extension 'cmake'
[0.162s] Level 1:colcon.colcon_core.package_identification:_identify(src) by extension 'python'
[0.162s] Level 1:colcon.colcon_core.package_identification:_identify(src) by extensions ['python_setup_py']
[0.162s] Level 1:colcon.colcon_core.package_identification:_identify(src) by extension 'python_setup_py'
[0.162s] Level 1:colcon.colcon_core.package_identification:_identify(src/DynamixelSDK) by extensions ['ignore', 'ignore_ament_install']
[0.162s] Level 1:colcon.colcon_core.package_identification:_identify(src/DynamixelSDK) by extension 'ignore'
[0.162s] Level 1:colcon.colcon_core.package_identification:_identify(src/DynamixelSDK) by extension 'ignore_ament_install'
[0.162s] Level 1:colcon.colcon_core.package_identification:_identify(src/DynamixelSDK) by extensions ['colcon_pkg']
[0.162s] Level 1:colcon.colcon_core.package_identification:_identify(src/DynamixelSDK) by extension 'colcon_pkg'
[0.162s] Level 1:colcon.colcon_core.package_identification:_identify(src/DynamixelSDK) by extensions ['colcon_meta']
[0.162s] Level 1:colcon.colcon_core.package_identification:_identify(src/DynamixelSDK) by extension 'colcon_meta'
[0.162s] Level 1:colcon.colcon_core.package_identification:_identify(src/DynamixelSDK) by extensions ['ros']
[0.162s] Level 1:colcon.colcon_core.package_identification:_identify(src/DynamixelSDK) by extension 'ros'
[0.162s] Level 1:colcon.colcon_core.package_identification:_identify(src/DynamixelSDK) by extensions ['cmake', 'python']
[0.162s] Level 1:colcon.colcon_core.package_identification:_identify(src/DynamixelSDK) by extension 'cmake'
[0.162s] Level 1:colcon.colcon_core.package_identification:_identify(src/DynamixelSDK) by extension 'python'
[0.162s] Level 1:colcon.colcon_core.package_identification:_identify(src/DynamixelSDK) by extensions ['python_setup_py']
[0.163s] Level 1:colcon.colcon_core.package_identification:_identify(src/DynamixelSDK) by extension 'python_setup_py'
[0.163s] Level 1:colcon.colcon_core.package_identification:_identify(src/DynamixelSDK/c) by extensions ['ignore', 'ignore_ament_install']
[0.163s] Level 1:colcon.colcon_core.package_identification:_identify(src/DynamixelSDK/c) by extension 'ignore'
[0.163s] Level 1:colcon.colcon_core.package_identification:_identify(src/DynamixelSDK/c) ignored
[0.163s] Level 1:colcon.colcon_core.package_identification:_identify(src/DynamixelSDK/c#) by extensions ['ignore', 'ignore_ament_install']
[0.163s] Level 1:colcon.colcon_core.package_identification:_identify(src/DynamixelSDK/c#) by extension 'ignore'
[0.163s] Level 1:colcon.colcon_core.package_identification:_identify(src/DynamixelSDK/c#) by extension 'ignore_ament_install'
[0.163s] Level 1:colcon.colcon_core.package_identification:_identify(src/DynamixelSDK/c#) by extensions ['colcon_pkg']
[0.163s] Level 1:colcon.colcon_core.package_identification:_identify(src/DynamixelSDK/c#) by extension 'colcon_pkg'
[0.163s] Level 1:colcon.colcon_core.package_identification:_identify(src/DynamixelSDK/c#) by extensions ['colcon_meta']
[0.163s] Level 1:colcon.colcon_core.package_identification:_identify(src/DynamixelSDK/c#) by extension 'colcon_meta'
[0.163s] Level 1:colcon.colcon_core.package_identification:_identify(src/DynamixelSDK/c#) by extensions ['ros']
[0.164s] Level 1:colcon.colcon_core.package_identification:_identify(src/DynamixelSDK/c#) by extension 'ros'
[0.164s] Level 1:colcon.colcon_core.package_identification:_identify(src/DynamixelSDK/c#) by extensions ['cmake', 'python']
[0.164s] Level 1:colcon.colcon_core.package_identification:_identify(src/DynamixelSDK/c#) by extension 'cmake'
[0.164s] Level 1:colcon.colcon_core.package_identification:_identify(src/DynamixelSDK/c#) by extension 'python'
[0.164s] Level 1:colcon.colcon_core.package_identification:_identify(src/DynamixelSDK/c#) by extensions ['python_setup_py']
[0.164s] Level 1:colcon.colcon_core.package_identification:_identify(src/DynamixelSDK/c#) by extension 'python_setup_py'
[0.164s] Level 1:colcon.colcon_core.package_identification:_identify(src/DynamixelSDK/c#/dynamixel_functions_csharp) by extensions ['ignore', 'ignore_ament_install']
[0.164s] Level 1:colcon.colcon_core.package_identification:_identify(src/DynamixelSDK/c#/dynamixel_functions_csharp) by extension 'ignore'
[0.164s] Level 1:colcon.colcon_core.package_identification:_identify(src/DynamixelSDK/c#/dynamixel_functions_csharp) by extension 'ignore_ament_install'
[0.164s] Level 1:colcon.colcon_core.package_identification:_identify(src/DynamixelSDK/c#/dynamixel_functions_csharp) by extensions ['colcon_pkg']
[0.164s] Level 1:colcon.colcon_core.package_identification:_identify(src/DynamixelSDK/c#/dynamixel_functions_csharp) by extension 'colcon_pkg'
[0.164s] Level 1:colcon.colcon_core.package_identification:_identify(src/DynamixelSDK/c#/dynamixel_functions_csharp) by extensions ['colcon_meta']
[0.164s] Level 1:colcon.colcon_core.package_identification:_identify(src/DynamixelSDK/c#/dynamixel_functions_csharp) by extension 'colcon_meta'
[0.164s] Level 1:colcon.colcon_core.package_identification:_identify(src/DynamixelSDK/c#/dynamixel_functions_csharp) by extensions ['ros']
[0.164s] Level 1:colcon.colcon_core.package_identification:_identify(src/DynamixelSDK/c#/dynamixel_functions_csharp) by extension 'ros'
[0.164s] Level 1:colcon.colcon_core.package_identification:_identify(src/DynamixelSDK/c#/dynamixel_functions_csharp) by extensions ['cmake', 'python']
[0.164s] Level 1:colcon.colcon_core.package_identification:_identify(src/DynamixelSDK/c#/dynamixel_functions_csharp) by extension 'cmake'
[0.164s] Level 1:colcon.colcon_core.package_identification:_identify(src/DynamixelSDK/c#/dynamixel_functions_csharp) by extension 'python'
[0.164s] Level 1:colcon.colcon_core.package_identification:_identify(src/DynamixelSDK/c#/dynamixel_functions_csharp) by extensions ['python_setup_py']
[0.164s] Level 1:colcon.colcon_core.package_identification:_identify(src/DynamixelSDK/c#/dynamixel_functions_csharp) by extension 'python_setup_py'
[0.165s] Level 1:colcon.colcon_core.package_identification:_identify(src/DynamixelSDK/c#/dynamixel_functions_csharp/win32) by extensions ['ignore', 'ignore_ament_install']
[0.165s] Level 1:colcon.colcon_core.package_identification:_identify(src/DynamixelSDK/c#/dynamixel_functions_csharp/win32) by extension 'ignore'
[0.165s] Level 1:colcon.colcon_core.package_identification:_identify(src/DynamixelSDK/c#/dynamixel_functions_csharp/win32) by extension 'ignore_ament_install'
[0.165s] Level 1:colcon.colcon_core.package_identification:_identify(src/DynamixelSDK/c#/dynamixel_functions_csharp/win32) by extensions ['colcon_pkg']
[0.165s] Level 1:colcon.colcon_core.package_identification:_identify(src/DynamixelSDK/c#/dynamixel_functions_csharp/win32) by extension 'colcon_pkg'
[0.165s] Level 1:colcon.colcon_core.package_identification:_identify(src/DynamixelSDK/c#/dynamixel_functions_csharp/win32) by extensions ['colcon_meta']
[0.165s] Level 1:colcon.colcon_core.package_identification:_identify(src/DynamixelSDK/c#/dynamixel_functions_csharp/win32) by extension 'colcon_meta'
[0.165s] Level 1:colcon.colcon_core.package_identification:_identify(src/DynamixelSDK/c#/dynamixel_functions_csharp/win32) by extensions ['ros']
[0.165s] Level 1:colcon.colcon_core.package_identification:_identify(src/DynamixelSDK/c#/dynamixel_functions_csharp/win32) by extension 'ros'
[0.165s] Level 1:colcon.colcon_core.package_identification:_identify(src/DynamixelSDK/c#/dynamixel_functions_csharp/win32) by extensions ['cmake', 'python']
[0.165s] Level 1:colcon.colcon_core.package_identification:_identify(src/DynamixelSDK/c#/dynamixel_functions_csharp/win32) by extension 'cmake'
[0.165s] Level 1:colcon.colcon_core.package_identification:_identify(src/DynamixelSDK/c#/dynamixel_functions_csharp/win32) by extension 'python'
[0.165s] Level 1:colcon.colcon_core.package_identification:_identify(src/DynamixelSDK/c#/dynamixel_functions_csharp/win32) by extensions ['python_setup_py']
[0.165s] Level 1:colcon.colcon_core.package_identification:_identify(src/DynamixelSDK/c#/dynamixel_functions_csharp/win32) by extension 'python_setup_py'
[0.166s] Level 1:colcon.colcon_core.package_identification:_identify(src/DynamixelSDK/c#/dynamixel_functions_csharp/win64) by extensions ['ignore', 'ignore_ament_install']
[0.166s] Level 1:colcon.colcon_core.package_identification:_identify(src/DynamixelSDK/c#/dynamixel_functions_csharp/win64) by extension 'ignore'
[0.166s] Level 1:colcon.colcon_core.package_identification:_identify(src/DynamixelSDK/c#/dynamixel_functions_csharp/win64) by extension 'ignore_ament_install'
[0.166s] Level 1:colcon.colcon_core.package_identification:_identify(src/DynamixelSDK/c#/dynamixel_functions_csharp/win64) by extensions ['colcon_pkg']
[0.166s] Level 1:colcon.colcon_core.package_identification:_identify(src/DynamixelSDK/c#/dynamixel_functions_csharp/win64) by extension 'colcon_pkg'
[0.166s] Level 1:colcon.colcon_core.package_identification:_identify(src/DynamixelSDK/c#/dynamixel_functions_csharp/win64) by extensions ['colcon_meta']
[0.166s] Level 1:colcon.colcon_core.package_identification:_identify(src/DynamixelSDK/c#/dynamixel_functions_csharp/win64) by extension 'colcon_meta'
[0.166s] Level 1:colcon.colcon_core.package_identification:_identify(src/DynamixelSDK/c#/dynamixel_functions_csharp/win64) by extensions ['ros']
[0.166s] Level 1:colcon.colcon_core.package_identification:_identify(src/DynamixelSDK/c#/dynamixel_functions_csharp/win64) by extension 'ros'
[0.166s] Level 1:colcon.colcon_core.package_identification:_identify(src/DynamixelSDK/c#/dynamixel_functions_csharp/win64) by extensions ['cmake', 'python']
[0.166s] Level 1:colcon.colcon_core.package_identification:_identify(src/DynamixelSDK/c#/dynamixel_functions_csharp/win64) by extension 'cmake'
[0.166s] Level 1:colcon.colcon_core.package_identification:_identify(src/DynamixelSDK/c#/dynamixel_functions_csharp/win64) by extension 'python'
[0.166s] Level 1:colcon.colcon_core.package_identification:_identify(src/DynamixelSDK/c#/dynamixel_functions_csharp/win64) by extensions ['python_setup_py']
[0.166s] Level 1:colcon.colcon_core.package_identification:_identify(src/DynamixelSDK/c#/dynamixel_functions_csharp/win64) by extension 'python_setup_py'
[0.166s] Level 1:colcon.colcon_core.package_identification:_identify(src/DynamixelSDK/c#/protocol1.0) by extensions ['ignore', 'ignore_ament_install']
[0.166s] Level 1:colcon.colcon_core.package_identification:_identify(src/DynamixelSDK/c#/protocol1.0) by extension 'ignore'
[0.167s] Level 1:colcon.colcon_core.package_identification:_identify(src/DynamixelSDK/c#/protocol1.0) by extension 'ignore_ament_install'
[0.167s] Level 1:colcon.colcon_core.package_identification:_identify(src/DynamixelSDK/c#/protocol1.0) by extensions ['colcon_pkg']
[0.167s] Level 1:colcon.colcon_core.package_identification:_identify(src/DynamixelSDK/c#/protocol1.0) by extension 'colcon_pkg'
[0.167s] Level 1:colcon.colcon_core.package_identification:_identify(src/DynamixelSDK/c#/protocol1.0) by extensions ['colcon_meta']
[0.167s] Level 1:colcon.colcon_core.package_identification:_identify(src/DynamixelSDK/c#/protocol1.0) by extension 'colcon_meta'
[0.167s] Level 1:colcon.colcon_core.package_identification:_identify(src/DynamixelSDK/c#/protocol1.0) by extensions ['ros']
[0.167s] Level 1:colcon.colcon_core.package_identification:_identify(src/DynamixelSDK/c#/protocol1.0) by extension 'ros'
[0.167s] Level 1:colcon.colcon_core.package_identification:_identify(src/DynamixelSDK/c#/protocol1.0) by extensions ['cmake', 'python']
[0.167s] Level 1:colcon.colcon_core.package_identification:_identify(src/DynamixelSDK/c#/protocol1.0) by extension 'cmake'
[0.167s] Level 1:colcon.colcon_core.package_identification:_identify(src/DynamixelSDK/c#/protocol1.0) by extension 'python'
[0.167s] Level 1:colcon.colcon_core.package_identification:_identify(src/DynamixelSDK/c#/protocol1.0) by extensions ['python_setup_py']
[0.167s] Level 1:colcon.colcon_core.package_identification:_identify(src/DynamixelSDK/c#/protocol1.0) by extension 'python_setup_py'
[0.167s] Level 1:colcon.colcon_core.package_identification:_identify(src/DynamixelSDK/c#/protocol1.0/bulk_read) by extensions ['ignore', 'ignore_ament_install']
[0.167s] Level 1:colcon.colcon_core.package_identification:_identify(src/DynamixelSDK/c#/protocol1.0/bulk_read) by extension 'ignore'
[0.167s] Level 1:colcon.colcon_core.package_identification:_identify(src/DynamixelSDK/c#/protocol1.0/bulk_read) by extension 'ignore_ament_install'
[0.167s] Level 1:colcon.colcon_core.package_identification:_identify(src/DynamixelSDK/c#/protocol1.0/bulk_read) by extensions ['colcon_pkg']
[0.167s] Level 1:colcon.colcon_core.package_identification:_identify(src/DynamixelSDK/c#/protocol1.0/bulk_read) by extension 'colcon_pkg'
[0.167s] Level 1:colcon.colcon_core.package_identification:_identify(src/DynamixelSDK/c#/protocol1.0/bulk_read) by extensions ['colcon_meta']
[0.167s] Level 1:colcon.colcon_core.package_identification:_identify(src/DynamixelSDK/c#/protocol1.0/bulk_read) by extension 'colcon_meta'
[0.167s] Level 1:colcon.colcon_core.package_identification:_identify(src/DynamixelSDK/c#/protocol1.0/bulk_read) by extensions ['ros']
[0.167s] Level 1:colcon.colcon_core.package_identification:_identify(src/DynamixelSDK/c#/protocol1.0/bulk_read) by extension 'ros'
[0.168s] Level 1:colcon.colcon_core.package_identification:_identify(src/DynamixelSDK/c#/protocol1.0/bulk_read) by extensions ['cmake', 'python']
[0.168s] Level 1:colcon.colcon_core.package_identification:_identify(src/DynamixelSDK/c#/protocol1.0/bulk_read) by extension 'cmake'
[0.168s] Level 1:colcon.colcon_core.package_identification:_identify(src/DynamixelSDK/c#/protocol1.0/bulk_read) by extension 'python'
[0.168s] Level 1:colcon.colcon_core.package_identification:_identify(src/DynamixelSDK/c#/protocol1.0/bulk_read) by extensions ['python_setup_py']
[0.168s] Level 1:colcon.colcon_core.package_identification:_identify(src/DynamixelSDK/c#/protocol1.0/bulk_read) by extension 'python_setup_py'
[0.168s] Level 1:colcon.colcon_core.package_identification:_identify(src/DynamixelSDK/c#/protocol1.0/bulk_read/win32) by extensions ['ignore', 'ignore_ament_install']
[0.168s] Level 1:colcon.colcon_core.package_identification:_identify(src/DynamixelSDK/c#/protocol1.0/bulk_read/win32) by extension 'ignore'
[0.168s] Level 1:colcon.colcon_core.package_identification:_identify(src/DynamixelSDK/c#/protocol1.0/bulk_read/win32) by extension 'ignore_ament_install'
[0.168s] Level 1:colcon.colcon_core.package_identification:_identify(src/DynamixelSDK/c#/protocol1.0/bulk_read/win32) by extensions ['colcon_pkg']
[0.168s] Level 1:colcon.colcon_core.package_identification:_identify(src/DynamixelSDK/c#/protocol1.0/bulk_read/win32) by extension 'colcon_pkg'
[0.168s] Level 1:colcon.colcon_core.package_identification:_identify(src/DynamixelSDK/c#/protocol1.0/bulk_read/win32) by extensions ['colcon_meta']
[0.168s] Level 1:colcon.colcon_core.package_identification:_identify(src/DynamixelSDK/c#/protocol1.0/bulk_read/win32) by extension 'colcon_meta'
[0.168s] Level 1:colcon.colcon_core.package_identification:_identify(src/DynamixelSDK/c#/protocol1.0/bulk_read/win32) by extensions ['ros']
[0.168s] Level 1:colcon.colcon_core.package_identification:_identify(src/DynamixelSDK/c#/protocol1.0/bulk_read/win32) by extension 'ros'
[0.168s] Level 1:colcon.colcon_core.package_identification:_identify(src/DynamixelSDK/c#/protocol1.0/bulk_read/win32) by extensions ['cmake', 'python']
[0.169s] Level 1:colcon.colcon_core.package_identification:_identify(src/DynamixelSDK/c#/protocol1.0/bulk_read/win32) by extension 'cmake'
[0.169s] Level 1:colcon.colcon_core.package_identification:_identify(src/DynamixelSDK/c#/protocol1.0/bulk_read/win32) by extension 'python'
[0.169s] Level 1:colcon.colcon_core.package_identification:_identify(src/DynamixelSDK/c#/protocol1.0/bulk_read/win32) by extensions ['python_setup_py']
[0.169s] Level 1:colcon.colcon_core.package_identification:_identify(src/DynamixelSDK/c#/protocol1.0/bulk_read/win32) by extension 'python_setup_py'
[0.169s] Level 1:colcon.colcon_core.package_identification:_identify(src/DynamixelSDK/c#/protocol1.0/bulk_read/win32/bulk_read) by extensions ['ignore', 'ignore_ament_install']
[0.169s] Level 1:colcon.colcon_core.package_identification:_identify(src/DynamixelSDK/c#/protocol1.0/bulk_read/win32/bulk_read) by extension 'ignore'
[0.169s] Level 1:colcon.colcon_core.package_identification:_identify(src/DynamixelSDK/c#/protocol1.0/bulk_read/win32/bulk_read) by extension 'ignore_ament_install'
[0.169s] Level 1:colcon.colcon_core.package_identification:_identify(src/DynamixelSDK/c#/protocol1.0/bulk_read/win32/bulk_read) by extensions ['colcon_pkg']
[0.169s] Level 1:colcon.colcon_core.package_identification:_identify(src/DynamixelSDK/c#/protocol1.0/bulk_read/win32/bulk_read) by extension 'colcon_pkg'
[0.169s] Level 1:colcon.colcon_core.package_identification:_identify(src/DynamixelSDK/c#/protocol1.0/bulk_read/win32/bulk_read) by extensions ['colcon_meta']
[0.169s] Level 1:colcon.colcon_core.package_identification:_identify(src/DynamixelSDK/c#/protocol1.0/bulk_read/win32/bulk_read) by extension 'colcon_meta'
[0.169s] Level 1:colcon.colcon_core.package_identification:_identify(src/DynamixelSDK/c#/protocol1.0/bulk_read/win32/bulk_read) by extensions ['ros']
[0.169s] Level 1:colcon.colcon_core.package_identification:_identify(src/DynamixelSDK/c#/protocol1.0/bulk_read/win32/bulk_read) by extension 'ros'
[0.169s] Level 1:colcon.colcon_core.package_identification:_identify(src/DynamixelSDK/c#/protocol1.0/bulk_read/win32/bulk_read) by extensions ['cmake', 'python']
[0.169s] Level 1:colcon.colcon_core.package_identification:_identify(src/DynamixelSDK/c#/protocol1.0/bulk_read/win32/bulk_read) by extension 'cmake'
[0.169s] Level 1:colcon.colcon_core.package_identification:_identify(src/DynamixelSDK/c#/protocol1.0/bulk_read/win32/bulk_read) by extension 'python'
[0.169s] Level 1:colcon.colcon_core.package_identification:_identify(src/DynamixelSDK/c#/protocol1.0/bulk_read/win32/bulk_read) by extensions ['python_setup_py']
[0.169s] Level 1:colcon.colcon_core.package_identification:_identify(src/DynamixelSDK/c#/protocol1.0/bulk_read/win32/bulk_read) by extension 'python_setup_py'
[0.170s] Level 1:colcon.colcon_core.package_identification:_identify(src/DynamixelSDK/c#/protocol1.0/bulk_read/win32/bulk_read/Properties) by extensions ['ignore', 'ignore_ament_install']
[0.170s] Level 1:colcon.colcon_core.package_identification:_identify(src/DynamixelSDK/c#/protocol1.0/bulk_read/win32/bulk_read/Properties) by extension 'ignore'
[0.170s] Level 1:colcon.colcon_core.package_identification:_identify(src/DynamixelSDK/c#/protocol1.0/bulk_read/win32/bulk_read/Properties) by extension 'ignore_ament_install'
[0.170s] Level 1:colcon.colcon_core.package_identification:_identify(src/DynamixelSDK/c#/protocol1.0/bulk_read/win32/bulk_read/Properties) by extensions ['colcon_pkg']
[0.170s] Level 1:colcon.colcon_core.package_identification:_identify(src/DynamixelSDK/c#/protocol1.0/bulk_read/win32/bulk_read/Properties) by extension 'colcon_pkg'
[0.170s] Level 1:colcon.colcon_core.package_identification:_identify(src/DynamixelSDK/c#/protocol1.0/bulk_read/win32/bulk_read/Properties) by extensions ['colcon_meta']
[0.170s] Level 1:colcon.colcon_core.package_identification:_identify(src/DynamixelSDK/c#/protocol1.0/bulk_read/win32/bulk_read/Properties) by extension 'colcon_meta'
[0.170s] Level 1:colcon.colcon_core.package_identification:_identify(src/DynamixelSDK/c#/protocol1.0/bulk_read/win32/bulk_read/Properties) by extensions ['ros']
[0.170s] Level 1:colcon.colcon_core.package_identification:_identify(src/DynamixelSDK/c#/protocol1.0/bulk_read/win32/bulk_read/Properties) by extension 'ros'
[0.170s] Level 1:colcon.colcon_core.package_identification:_identify(src/DynamixelSDK/c#/protocol1.0/bulk_read/win32/bulk_read/Properties) by extensions ['cmake', 'python']
[0.170s] Level 1:colcon.colcon_core.package_identification:_identify(src/DynamixelSDK/c#/protocol1.0/bulk_read/win32/bulk_read/Properties) by extension 'cmake'
[0.170s] Level 1:colcon.colcon_core.package_identification:_identify(src/DynamixelSDK/c#/protocol1.0/bulk_read/win32/bulk_read/Properties) by extension 'python'
[0.170s] Level 1:colcon.colcon_core.package_identification:_identify(src/DynamixelSDK/c#/protocol1.0/bulk_read/win32/bulk_read/Properties) by extensions ['python_setup_py']
[0.170s] Level 1:colcon.colcon_core.package_identification:_identify(src/DynamixelSDK/c#/protocol1.0/bulk_read/win32/bulk_read/Properties) by extension 'python_setup_py'
[0.170s] Level 1:colcon.colcon_core.package_identification:_identify(src/DynamixelSDK/c#/protocol1.0/bulk_read/win64) by extensions ['ignore', 'ignore_ament_install']
[0.170s] Level 1:colcon.colcon_core.package_identification:_identify(src/DynamixelSDK/c#/protocol1.0/bulk_read/win64) by extension 'ignore'
[0.170s] Level 1:colcon.colcon_core.package_identification:_identify(src/DynamixelSDK/c#/protocol1.0/bulk_read/win64) by extension 'ignore_ament_install'
[0.170s] Level 1:colcon.colcon_core.package_identification:_identify(src/DynamixelSDK/c#/protocol1.0/bulk_read/win64) by extensions ['colcon_pkg']
[0.170s] Level 1:colcon.colcon_core.package_identification:_identify(src/DynamixelSDK/c#/protocol1.0/bulk_read/win64) by extension 'colcon_pkg'
[0.170s] Level 1:colcon.colcon_core.package_identification:_identify(src/DynamixelSDK/c#/protocol1.0/bulk_read/win64) by extensions ['colcon_meta']
[0.170s] Level 1:colcon.colcon_core.package_identification:_identify(src/DynamixelSDK/c#/protocol1.0/bulk_read/win64) by extension 'colcon_meta'
[0.171s] Level 1:colcon.colcon_core.package_identification:_identify(src/DynamixelSDK/c#/protocol1.0/bulk_read/win64) by extensions ['ros']
[0.171s] Level 1:colcon.colcon_core.package_identification:_identify(src/DynamixelSDK/c#/protocol1.0/bulk_read/win64) by extension 'ros'
[0.171s] Level 1:colcon.colcon_core.package_identification:_identify(src/DynamixelSDK/c#/protocol1.0/bulk_read/win64) by extensions ['cmake', 'python']
[0.171s] Level 1:colcon.colcon_core.package_identification:_identify(src/DynamixelSDK/c#/protocol1.0/bulk_read/win64) by extension 'cmake'
[0.171s] Level 1:colcon.colcon_core.package_identification:_identify(src/DynamixelSDK/c#/protocol1.0/bulk_read/win64) by extension 'python'
[0.171s] Level 1:colcon.colcon_core.package_identification:_identify(src/DynamixelSDK/c#/protocol1.0/bulk_read/win64) by extensions ['python_setup_py']
[0.171s] Level 1:colcon.colcon_core.package_identification:_identify(src/DynamixelSDK/c#/protocol1.0/bulk_read/win64) by extension 'python_setup_py'
[0.171s] Level 1:colcon.colcon_core.package_identification:_identify(src/DynamixelSDK/c#/protocol1.0/bulk_read/win64/bulk_read) by extensions ['ignore', 'ignore_ament_install']
[0.171s] Level 1:colcon.colcon_core.package_identification:_identify(src/DynamixelSDK/c#/protocol1.0/bulk_read/win64/bulk_read) by extension 'ignore'
[0.171s] Level 1:colcon.colcon_core.package_identification:_identify(src/DynamixelSDK/c#/protocol1.0/bulk_read/win64/bulk_read) by extension 'ignore_ament_install'
[0.171s] Level 1:colcon.colcon_core.package_identification:_identify(src/DynamixelSDK/c#/protocol1.0/bulk_read/win64/bulk_read) by extensions ['colcon_pkg']
[0.171s] Level 1:colcon.colcon_core.package_identification:_identify(src/DynamixelSDK/c#/protocol1.0/bulk_read/win64/bulk_read) by extension 'colcon_pkg'
[0.171s] Level 1:colcon.colcon_core.package_identification:_identify(src/DynamixelSDK/c#/protocol1.0/bulk_read/win64/bulk_read) by extensions ['colcon_meta']
[0.171s] Level 1:colcon.colcon_core.package_identification:_identify(src/DynamixelSDK/c#/protocol1.0/bulk_read/win64/bulk_read) by extension 'colcon_meta'
[0.171s] Level 1:colcon.colcon_core.package_identification:_identify(src/DynamixelSDK/c#/protocol1.0/bulk_read/win64/bulk_read) by extensions ['ros']
[0.171s] Level 1:colcon.colcon_core.package_identification:_identify(src/DynamixelSDK/c#/protocol1.0/bulk_read/win64/bulk_read) by extension 'ros'
[0.171s] Level 1:colcon.colcon_core.package_identification:_identify(src/DynamixelSDK/c#/protocol1.0/bulk_read/win64/bulk_read) by extensions ['cmake', 'python']
[0.171s] Level 1:colcon.colcon_core.package_identification:_identify(src/DynamixelSDK/c#/protocol1.0/bulk_read/win64/bulk_read) by extension 'cmake'
[0.171s] Level 1:colcon.colcon_core.package_identification:_identify(src/DynamixelSDK/c#/protocol1.0/bulk_read/win64/bulk_read) by extension 'python'
[0.171s] Level 1:colcon.colcon_core.package_identification:_identify(src/DynamixelSDK/c#/protocol1.0/bulk_read/win64/bulk_read) by extensions ['python_setup_py']
[0.171s] Level 1:colcon.colcon_core.package_identification:_identify(src/DynamixelSDK/c#/protocol1.0/bulk_read/win64/bulk_read) by extension 'python_setup_py'
[0.172s] Level 1:colcon.colcon_core.package_identification:_identify(src/DynamixelSDK/c#/protocol1.0/bulk_read/win64/bulk_read/Properties) by extensions ['ignore', 'ignore_ament_install']
[0.172s] Level 1:colcon.colcon_core.package_identification:_identify(src/DynamixelSDK/c#/protocol1.0/bulk_read/win64/bulk_read/Properties) by extension 'ignore'
[0.172s] Level 1:colcon.colcon_core.package_identification:_identify(src/DynamixelSDK/c#/protocol1.0/bulk_read/win64/bulk_read/Properties) by extension 'ignore_ament_install'
[0.172s] Level 1:colcon.colcon_core.package_identification:_identify(src/DynamixelSDK/c#/protocol1.0/bulk_read/win64/bulk_read/Properties) by extensions ['colcon_pkg']
[0.172s] Level 1:colcon.colcon_core.package_identification:_identify(src/DynamixelSDK/c#/protocol1.0/bulk_read/win64/bulk_read/Properties) by extension 'colcon_pkg'
[0.172s] Level 1:colcon.colcon_core.package_identification:_identify(src/DynamixelSDK/c#/protocol1.0/bulk_read/win64/bulk_read/Properties) by extensions ['colcon_meta']
[0.172s] Level 1:colcon.colcon_core.package_identification:_identify(src/DynamixelSDK/c#/protocol1.0/bulk_read/win64/bulk_read/Properties) by extension 'colcon_meta'
[0.172s] Level 1:colcon.colcon_core.package_identification:_identify(src/DynamixelSDK/c#/protocol1.0/bulk_read/win64/bulk_read/Properties) by extensions ['ros']
[0.172s] Level 1:colcon.colcon_core.package_identification:_identify(src/DynamixelSDK/c#/protocol1.0/bulk_read/win64/bulk_read/Properties) by extension 'ros'
[0.172s] Level 1:colcon.colcon_core.package_identification:_identify(src/DynamixelSDK/c#/protocol1.0/bulk_read/win64/bulk_read/Properties) by extensions ['cmake', 'python']
[0.172s] Level 1:colcon.colcon_core.package_identification:_identify(src/DynamixelSDK/c#/protocol1.0/bulk_read/win64/bulk_read/Properties) by extension 'cmake'
[0.172s] Level 1:colcon.colcon_core.package_identification:_identify(src/DynamixelSDK/c#/protocol1.0/bulk_read/win64/bulk_read/Properties) by extension 'python'
[0.172s] Level 1:colcon.colcon_core.package_identification:_identify(src/DynamixelSDK/c#/protocol1.0/bulk_read/win64/bulk_read/Properties) by extensions ['python_setup_py']
[0.172s] Level 1:colcon.colcon_core.package_identification:_identify(src/DynamixelSDK/c#/protocol1.0/bulk_read/win64/bulk_read/Properties) by extension 'python_setup_py'
[0.172s] Level 1:colcon.colcon_core.package_identification:_identify(src/DynamixelSDK/c#/protocol1.0/multi_port) by extensions ['ignore', 'ignore_ament_install']
[0.172s] Level 1:colcon.colcon_core.package_identification:_identify(src/DynamixelSDK/c#/protocol1.0/multi_port) by extension 'ignore'
[0.172s] Level 1:colcon.colcon_core.package_identification:_identify(src/DynamixelSDK/c#/protocol1.0/multi_port) by extension 'ignore_ament_install'
[0.172s] Level 1:colcon.colcon_core.package_identification:_identify(src/DynamixelSDK/c#/protocol1.0/multi_port) by extensions ['colcon_pkg']
[0.172s] Level 1:colcon.colcon_core.package_identification:_identify(src/DynamixelSDK/c#/protocol1.0/multi_port) by extension 'colcon_pkg'
[0.172s] Level 1:colcon.colcon_core.package_identification:_identify(src/DynamixelSDK/c#/protocol1.0/multi_port) by extensions ['colcon_meta']
[0.172s] Level 1:colcon.colcon_core.package_identification:_identify(src/DynamixelSDK/c#/protocol1.0/multi_port) by extension 'colcon_meta'
[0.173s] Level 1:colcon.colcon_core.package_identification:_identify(src/DynamixelSDK/c#/protocol1.0/multi_port) by extensions ['ros']
[0.173s] Level 1:colcon.colcon_core.package_identification:_identify(src/DynamixelSDK/c#/protocol1.0/multi_port) by extension 'ros'
[0.173s] Level 1:colcon.colcon_core.package_identification:_identify(src/DynamixelSDK/c#/protocol1.0/multi_port) by extensions ['cmake', 'python']
[0.173s] Level 1:colcon.colcon_core.package_identification:_identify(src/DynamixelSDK/c#/protocol1.0/multi_port) by extension 'cmake'
[0.173s] Level 1:colcon.colcon_core.package_identification:_identify(src/DynamixelSDK/c#/protocol1.0/multi_port) by extension 'python'
[0.173s] Level 1:colcon.colcon_core.package_identification:_identify(src/DynamixelSDK/c#/protocol1.0/multi_port) by extensions ['python_setup_py']
[0.173s] Level 1:colcon.colcon_core.package_identification:_identify(src/DynamixelSDK/c#/protocol1.0/multi_port) by extension 'python_setup_py'
[0.173s] Level 1:colcon.colcon_core.package_identification:_identify(src/DynamixelSDK/c#/protocol1.0/multi_port/win32) by extensions ['ignore', 'ignore_ament_install']
[0.173s] Level 1:colcon.colcon_core.package_identification:_identify(src/DynamixelSDK/c#/protocol1.0/multi_port/win32) by extension 'ignore'
[0.173s] Level 1:colcon.colcon_core.package_identification:_identify(src/DynamixelSDK/c#/protocol1.0/multi_port/win32) by extension 'ignore_ament_install'
[0.173s] Level 1:colcon.colcon_core.package_identification:_identify(src/DynamixelSDK/c#/protocol1.0/multi_port/win32) by extensions ['colcon_pkg']
[0.173s] Level 1:colcon.colcon_core.package_identification:_identify(src/DynamixelSDK/c#/protocol1.0/multi_port/win32) by extension 'colcon_pkg'
[0.173s] Level 1:colcon.colcon_core.package_identification:_identify(src/DynamixelSDK/c#/protocol1.0/multi_port/win32) by extensions ['colcon_meta']
[0.173s] Level 1:colcon.colcon_core.package_identification:_identify(src/DynamixelSDK/c#/protocol1.0/multi_port/win32) by extension 'colcon_meta'
[0.173s] Level 1:colcon.colcon_core.package_identification:_identify(src/DynamixelSDK/c#/protocol1.0/multi_port/win32) by extensions ['ros']
[0.173s] Level 1:colcon.colcon_core.package_identification:_identify(src/DynamixelSDK/c#/protocol1.0/multi_port/win32) by extension 'ros'
[0.173s] Level 1:colcon.colcon_core.package_identification:_identify(src/DynamixelSDK/c#/protocol1.0/multi_port/win32) by extensions ['cmake', 'python']
[0.173s] Level 1:colcon.colcon_core.package_identification:_identify(src/DynamixelSDK/c#/protocol1.0/multi_port/win32) by extension 'cmake'
[0.173s] Level 1:colcon.colcon_core.package_identification:_identify(src/DynamixelSDK/c#/protocol1.0/multi_port/win32) by extension 'python'
[0.173s] Level 1:colcon.colcon_core.package_identification:_identify(src/DynamixelSDK/c#/protocol1.0/multi_port/win32) by extensions ['python_setup_py']
[0.173s] Level 1:colcon.colcon_core.package_identification:_identify(src/DynamixelSDK/c#/protocol1.0/multi_port/win32) by extension 'python_setup_py'
[0.173s] Level 1:colcon.colcon_core.package_identification:_identify(src/DynamixelSDK/c#/protocol1.0/multi_port/win32/multi_port) by extensions ['ignore', 'ignore_ament_install']
[0.174s] Level 1:colcon.colcon_core.package_identification:_identify(src/DynamixelSDK/c#/protocol1.0/multi_port/win32/multi_port) by extension 'ignore'
[0.174s] Level 1:colcon.colcon_core.package_identification:_identify(src/DynamixelSDK/c#/protocol1.0/multi_port/win32/multi_port) by extension 'ignore_ament_install'
[0.174s] Level 1:colcon.colcon_core.package_identification:_identify(src/DynamixelSDK/c#/protocol1.0/multi_port/win32/multi_port) by extensions ['colcon_pkg']
[0.174s] Level 1:colcon.colcon_core.package_identification:_identify(src/DynamixelSDK/c#/protocol1.0/multi_port/win32/multi_port) by extension 'colcon_pkg'
[0.174s] Level 1:colcon.colcon_core.package_identification:_identify(src/DynamixelSDK/c#/protocol1.0/multi_port/win32/multi_port) by extensions ['colcon_meta']
[0.174s] Level 1:colcon.colcon_core.package_identification:_identify(src/DynamixelSDK/c#/protocol1.0/multi_port/win32/multi_port) by extension 'colcon_meta'
[0.174s] Level 1:colcon.colcon_core.package_identification:_identify(src/DynamixelSDK/c#/protocol1.0/multi_port/win32/multi_port) by extensions ['ros']
[0.174s] Level 1:colcon.colcon_core.package_identification:_identify(src/DynamixelSDK/c#/protocol1.0/multi_port/win32/multi_port) by extension 'ros'
[0.174s] Level 1:colcon.colcon_core.package_identification:_identify(src/DynamixelSDK/c#/protocol1.0/multi_port/win32/multi_port) by extensions ['cmake', 'python']
[0.174s] Level 1:colcon.colcon_core.package_identification:_identify(src/DynamixelSDK/c#/protocol1.0/multi_port/win32/multi_port) by extension 'cmake'
[0.174s] Level 1:colcon.colcon_core.package_identification:_identify(src/DynamixelSDK/c#/protocol1.0/multi_port/win32/multi_port) by extension 'python'
[0.174s] Level 1:colcon.colcon_core.package_identification:_identify(src/DynamixelSDK/c#/protocol1.0/multi_port/win32/multi_port) by extensions ['python_setup_py']
[0.174s] Level 1:colcon.colcon_core.package_identification:_identify(src/DynamixelSDK/c#/protocol1.0/multi_port/win32/multi_port) by extension 'python_setup_py'
[0.174s] Level 1:colcon.colcon_core.package_identification:_identify(src/DynamixelSDK/c#/protocol1.0/multi_port/win32/multi_port/Properties) by extensions ['ignore', 'ignore_ament_install']
[0.174s] Level 1:colcon.colcon_core.package_identification:_identify(src/DynamixelSDK/c#/protocol1.0/multi_port/win32/multi_port/Properties) by extension 'ignore'
[0.174s] Level 1:colcon.colcon_core.package_identification:_identify(src/DynamixelSDK/c#/protocol1.0/multi_port/win32/multi_port/Properties) by extension 'ignore_ament_install'
[0.174s] Level 1:colcon.colcon_core.package_identification:_identify(src/DynamixelSDK/c#/protocol1.0/multi_port/win32/multi_port/Properties) by extensions ['colcon_pkg']
[0.174s] Level 1:colcon.colcon_core.package_identification:_identify(src/DynamixelSDK/c#/protocol1.0/multi_port/win32/multi_port/Properties) by extension 'colcon_pkg'
[0.174s] Level 1:colcon.colcon_core.package_identification:_identify(src/DynamixelSDK/c#/protocol1.0/multi_port/win32/multi_port/Properties) by extensions ['colcon_meta']
[0.174s] Level 1:colcon.colcon_core.package_identification:_identify(src/DynamixelSDK/c#/protocol1.0/multi_port/win32/multi_port/Properties) by extension 'colcon_meta'
[0.174s] Level 1:colcon.colcon_core.package_identification:_identify(src/DynamixelSDK/c#/protocol1.0/multi_port/win32/multi_port/Properties) by extensions ['ros']
[0.174s] Level 1:colcon.colcon_core.package_identification:_identify(src/DynamixelSDK/c#/protocol1.0/multi_port/win32/multi_port/Properties) by extension 'ros'
[0.175s] Level 1:colcon.colcon_core.package_identification:_identify(src/DynamixelSDK/c#/protocol1.0/multi_port/win32/multi_port/Properties) by extensions ['cmake', 'python']
[0.175s] Level 1:colcon.colcon_core.package_identification:_identify(src/DynamixelSDK/c#/protocol1.0/multi_port/win32/multi_port/Properties) by extension 'cmake'
[0.175s] Level 1:colcon.colcon_core.package_identification:_identify(src/DynamixelSDK/c#/protocol1.0/multi_port/win32/multi_port/Properties) by extension 'python'
[0.175s] Level 1:colcon.colcon_core.package_identification:_identify(src/DynamixelSDK/c#/protocol1.0/multi_port/win32/multi_port/Properties) by extensions ['python_setup_py']
[0.175s] Level 1:colcon.colcon_core.package_identification:_identify(src/DynamixelSDK/c#/protocol1.0/multi_port/win32/multi_port/Properties) by extension 'python_setup_py'
[0.175s] Level 1:colcon.colcon_core.package_identification:_identify(src/DynamixelSDK/c#/protocol1.0/multi_port/win64) by extensions ['ignore', 'ignore_ament_install']
[0.175s] Level 1:colcon.colcon_core.package_identification:_identify(src/DynamixelSDK/c#/protocol1.0/multi_port/win64) by extension 'ignore'
[0.175s] Level 1:colcon.colcon_core.package_identification:_identify(src/DynamixelSDK/c#/protocol1.0/multi_port/win64) by extension 'ignore_ament_install'
[0.175s] Level 1:colcon.colcon_core.package_identification:_identify(src/DynamixelSDK/c#/protocol1.0/multi_port/win64) by extensions ['colcon_pkg']
[0.175s] Level 1:colcon.colcon_core.package_identification:_identify(src/DynamixelSDK/c#/protocol1.0/multi_port/win64) by extension 'colcon_pkg'
[0.175s] Level 1:colcon.colcon_core.package_identification:_identify(src/DynamixelSDK/c#/protocol1.0/multi_port/win64) by extensions ['colcon_meta']
[0.175s] Level 1:colcon.colcon_core.package_identification:_identify(src/DynamixelSDK/c#/protocol1.0/multi_port/win64) by extension 'colcon_meta'
[0.175s] Level 1:colcon.colcon_core.package_identification:_identify(src/DynamixelSDK/c#/protocol1.0/multi_port/win64) by extensions ['ros']
[0.175s] Level 1:colcon.colcon_core.package_identification:_identify(src/DynamixelSDK/c#/protocol1.0/multi_port/win64) by extension 'ros'
[0.175s] Level 1:colcon.colcon_core.package_identification:_identify(src/DynamixelSDK/c#/protocol1.0/multi_port/win64) by extensions ['cmake', 'python']
[0.175s] Level 1:colcon.colcon_core.package_identification:_identify(src/DynamixelSDK/c#/protocol1.0/multi_port/win64) by extension 'cmake'
[0.175s] Level 1:colcon.colcon_core.package_identification:_identify(src/DynamixelSDK/c#/protocol1.0/multi_port/win64) by extension 'python'
[0.175s] Level 1:colcon.colcon_core.package_identification:_identify(src/DynamixelSDK/c#/protocol1.0/multi_port/win64) by extensions ['python_setup_py']
[0.175s] Level 1:colcon.colcon_core.package_identification:_identify(src/DynamixelSDK/c#/protocol1.0/multi_port/win64) by extension 'python_setup_py'
[0.176s] Level 1:colcon.colcon_core.package_identification:_identify(src/DynamixelSDK/c#/protocol1.0/multi_port/win64/multi_port) by extensions ['ignore', 'ignore_ament_install']
[0.176s] Level 1:colcon.colcon_core.package_identification:_identify(src/DynamixelSDK/c#/protocol1.0/multi_port/win64/multi_port) by extension 'ignore'
[0.176s] Level 1:colcon.colcon_core.package_identification:_identify(src/DynamixelSDK/c#/protocol1.0/multi_port/win64/multi_port) by extension 'ignore_ament_install'
[0.176s] Level 1:colcon.colcon_core.package_identification:_identify(src/DynamixelSDK/c#/protocol1.0/multi_port/win64/multi_port) by extensions ['colcon_pkg']
[0.176s] Level 1:colcon.colcon_core.package_identification:_identify(src/DynamixelSDK/c#/protocol1.0/multi_port/win64/multi_port) by extension 'colcon_pkg'
[0.176s] Level 1:colcon.colcon_core.package_identification:_identify(src/DynamixelSDK/c#/protocol1.0/multi_port/win64/multi_port) by extensions ['colcon_meta']
[0.176s] Level 1:colcon.colcon_core.package_identification:_identify(src/DynamixelSDK/c#/protocol1.0/multi_port/win64/multi_port) by extension 'colcon_meta'
[0.176s] Level 1:colcon.colcon_core.package_identification:_identify(src/DynamixelSDK/c#/protocol1.0/multi_port/win64/multi_port) by extensions ['ros']
[0.176s] Level 1:colcon.colcon_core.package_identification:_identify(src/DynamixelSDK/c#/protocol1.0/multi_port/win64/multi_port) by extension 'ros'
[0.176s] Level 1:colcon.colcon_core.package_identification:_identify(src/DynamixelSDK/c#/protocol1.0/multi_port/win64/multi_port) by extensions ['cmake', 'python']
[0.176s] Level 1:colcon.colcon_core.package_identification:_identify(src/DynamixelSDK/c#/protocol1.0/multi_port/win64/multi_port) by extension 'cmake'
[0.176s] Level 1:colcon.colcon_core.package_identification:_identify(src/DynamixelSDK/c#/protocol1.0/multi_port/win64/multi_port) by extension 'python'
[0.176s] Level 1:colcon.colcon_core.package_identification:_identify(src/DynamixelSDK/c#/protocol1.0/multi_port/win64/multi_port) by extensions ['python_setup_py']
[0.176s] Level 1:colcon.colcon_core.package_identification:_identify(src/DynamixelSDK/c#/protocol1.0/multi_port/win64/multi_port) by extension 'python_setup_py'
[0.176s] Level 1:colcon.colcon_core.package_identification:_identify(src/DynamixelSDK/c#/protocol1.0/multi_port/win64/multi_port/Properties) by extensions ['ignore', 'ignore_ament_install']
[0.176s] Level 1:colcon.colcon_core.package_identification:_identify(src/DynamixelSDK/c#/protocol1.0/multi_port/win64/multi_port/Properties) by extension 'ignore'
[0.176s] Level 1:colcon.colcon_core.package_identification:_identify(src/DynamixelSDK/c#/protocol1.0/multi_port/win64/multi_port/Properties) by extension 'ignore_ament_install'
[0.176s] Level 1:colcon.colcon_core.package_identification:_identify(src/DynamixelSDK/c#/protocol1.0/multi_port/win64/multi_port/Properties) by extensions ['colcon_pkg']
[0.176s] Level 1:colcon.colcon_core.package_identification:_identify(src/DynamixelSDK/c#/protocol1.0/multi_port/win64/multi_port/Properties) by extension 'colcon_pkg'
[0.176s] Level 1:colcon.colcon_core.package_identification:_identify(src/DynamixelSDK/c#/protocol1.0/multi_port/win64/multi_port/Properties) by extensions ['colcon_meta']
[0.176s] Level 1:colcon.colcon_core.package_identification:_identify(src/DynamixelSDK/c#/protocol1.0/multi_port/win64/multi_port/Properties) by extension 'colcon_meta'
[0.177s] Level 1:colcon.colcon_core.package_identification:_identify(src/DynamixelSDK/c#/protocol1.0/multi_port/win64/multi_port/Properties) by extensions ['ros']
[0.177s] Level 1:colcon.colcon_core.package_identification:_identify(src/DynamixelSDK/c#/protocol1.0/multi_port/win64/multi_port/Properties) by extension 'ros'
[0.177s] Level 1:colcon.colcon_core.package_identification:_identify(src/DynamixelSDK/c#/protocol1.0/multi_port/win64/multi_port/Properties) by extensions ['cmake', 'python']
[0.177s] Level 1:colcon.colcon_core.package_identification:_identify(src/DynamixelSDK/c#/protocol1.0/multi_port/win64/multi_port/Properties) by extension 'cmake'
[0.177s] Level 1:colcon.colcon_core.package_identification:_identify(src/DynamixelSDK/c#/protocol1.0/multi_port/win64/multi_port/Properties) by extension 'python'
[0.177s] Level 1:colcon.colcon_core.package_identification:_identify(src/DynamixelSDK/c#/protocol1.0/multi_port/win64/multi_port/Properties) by extensions ['python_setup_py']
[0.177s] Level 1:colcon.colcon_core.package_identification:_identify(src/DynamixelSDK/c#/protocol1.0/multi_port/win64/multi_port/Properties) by extension 'python_setup_py'
[0.177s] Level 1:colcon.colcon_core.package_identification:_identify(src/DynamixelSDK/c#/protocol1.0/ping) by extensions ['ignore', 'ignore_ament_install']
[0.177s] Level 1:colcon.colcon_core.package_identification:_identify(src/DynamixelSDK/c#/protocol1.0/ping) by extension 'ignore'
[0.177s] Level 1:colcon.colcon_core.package_identification:_identify(src/DynamixelSDK/c#/protocol1.0/ping) by extension 'ignore_ament_install'
[0.177s] Level 1:colcon.colcon_core.package_identification:_identify(src/DynamixelSDK/c#/protocol1.0/ping) by extensions ['colcon_pkg']
[0.177s] Level 1:colcon.colcon_core.package_identification:_identify(src/DynamixelSDK/c#/protocol1.0/ping) by extension 'colcon_pkg'
[0.177s] Level 1:colcon.colcon_core.package_identification:_identify(src/DynamixelSDK/c#/protocol1.0/ping) by extensions ['colcon_meta']
[0.177s] Level 1:colcon.colcon_core.package_identification:_identify(src/DynamixelSDK/c#/protocol1.0/ping) by extension 'colcon_meta'
[0.177s] Level 1:colcon.colcon_core.package_identification:_identify(src/DynamixelSDK/c#/protocol1.0/ping) by extensions ['ros']
[0.177s] Level 1:colcon.colcon_core.package_identification:_identify(src/DynamixelSDK/c#/protocol1.0/ping) by extension 'ros'
[0.177s] Level 1:colcon.colcon_core.package_identification:_identify(src/DynamixelSDK/c#/protocol1.0/ping) by extensions ['cmake', 'python']
[0.177s] Level 1:colcon.colcon_core.package_identification:_identify(src/DynamixelSDK/c#/protocol1.0/ping) by extension 'cmake'
[0.177s] Level 1:colcon.colcon_core.package_identification:_identify(src/DynamixelSDK/c#/protocol1.0/ping) by extension 'python'
[0.177s] Level 1:colcon.colcon_core.package_identification:_identify(src/DynamixelSDK/c#/protocol1.0/ping) by extensions ['python_setup_py']
[0.177s] Level 1:colcon.colcon_core.package_identification:_identify(src/DynamixelSDK/c#/protocol1.0/ping) by extension 'python_setup_py'
[0.177s] Level 1:colcon.colcon_core.package_identification:_identify(src/DynamixelSDK/c#/protocol1.0/ping/win32) by extensions ['ignore', 'ignore_ament_install']
[0.178s] Level 1:colcon.colcon_core.package_identification:_identify(src/DynamixelSDK/c#/protocol1.0/ping/win32) by extension 'ignore'
[0.178s] Level 1:colcon.colcon_core.package_identification:_identify(src/DynamixelSDK/c#/protocol1.0/ping/win32) by extension 'ignore_ament_install'
[0.178s] Level 1:colcon.colcon_core.package_identification:_identify(src/DynamixelSDK/c#/protocol1.0/ping/win32) by extensions ['colcon_pkg']
[0.178s] Level 1:colcon.colcon_core.package_identification:_identify(src/DynamixelSDK/c#/protocol1.0/ping/win32) by extension 'colcon_pkg'
[0.178s] Level 1:colcon.colcon_core.package_identification:_identify(src/DynamixelSDK/c#/protocol1.0/ping/win32) by extensions ['colcon_meta']
[0.178s] Level 1:colcon.colcon_core.package_identification:_identify(src/DynamixelSDK/c#/protocol1.0/ping/win32) by extension 'colcon_meta'
[0.178s] Level 1:colcon.colcon_core.package_identification:_identify(src/DynamixelSDK/c#/protocol1.0/ping/win32) by extensions ['ros']
[0.178s] Level 1:colcon.colcon_core.package_identification:_identify(src/DynamixelSDK/c#/protocol1.0/ping/win32) by extension 'ros'
[0.178s] Level 1:colcon.colcon_core.package_identification:_identify(src/DynamixelSDK/c#/protocol1.0/ping/win32) by extensions ['cmake', 'python']
[0.178s] Level 1:colcon.colcon_core.package_identification:_identify(src/DynamixelSDK/c#/protocol1.0/ping/win32) by extension 'cmake'
[0.178s] Level 1:colcon.colcon_core.package_identification:_identify(src/DynamixelSDK/c#/protocol1.0/ping/win32) by extension 'python'
[0.178s] Level 1:colcon.colcon_core.package_identification:_identify(src/DynamixelSDK/c#/protocol1.0/ping/win32) by extensions ['python_setup_py']
[0.178s] Level 1:colcon.colcon_core.package_identification:_identify(src/DynamixelSDK/c#/protocol1.0/ping/win32) by extension 'python_setup_py'
[0.178s] Level 1:colcon.colcon_core.package_identification:_identify(src/DynamixelSDK/c#/protocol1.0/ping/win32/ping) by extensions ['ignore', 'ignore_ament_install']
[0.178s] Level 1:colcon.colcon_core.package_identification:_identify(src/DynamixelSDK/c#/protocol1.0/ping/win32/ping) by extension 'ignore'
[0.178s] Level 1:colcon.colcon_core.package_identification:_identify(src/DynamixelSDK/c#/protocol1.0/ping/win32/ping) by extension 'ignore_ament_install'
[0.178s] Level 1:colcon.colcon_core.package_identification:_identify(src/DynamixelSDK/c#/protocol1.0/ping/win32/ping) by extensions ['colcon_pkg']
[0.178s] Level 1:colcon.colcon_core.package_identification:_identify(src/DynamixelSDK/c#/protocol1.0/ping/win32/ping) by extension 'colcon_pkg'
[0.178s] Level 1:colcon.colcon_core.package_identification:_identify(src/DynamixelSDK/c#/protocol1.0/ping/win32/ping) by extensions ['colcon_meta']
[0.178s] Level 1:colcon.colcon_core.package_identification:_identify(src/DynamixelSDK/c#/protocol1.0/ping/win32/ping) by extension 'colcon_meta'
[0.178s] Level 1:colcon.colcon_core.package_identification:_identify(src/DynamixelSDK/c#/protocol1.0/ping/win32/ping) by extensions ['ros']
[0.178s] Level 1:colcon.colcon_core.package_identification:_identify(src/DynamixelSDK/c#/protocol1.0/ping/win32/ping) by extension 'ros'
[0.179s] Level 1:colcon.colcon_core.package_identification:_identify(src/DynamixelSDK/c#/protocol1.0/ping/win32/ping) by extensions ['cmake', 'python']
[0.179s] Level 1:colcon.colcon_core.package_identification:_identify(src/DynamixelSDK/c#/protocol1.0/ping/win32/ping) by extension 'cmake'
[0.179s] Level 1:colcon.colcon_core.package_identification:_identify(src/DynamixelSDK/c#/protocol1.0/ping/win32/ping) by extension 'python'
[0.179s] Level 1:colcon.colcon_core.package_identification:_identify(src/DynamixelSDK/c#/protocol1.0/ping/win32/ping) by extensions ['python_setup_py']
[0.179s] Level 1:colcon.colcon_core.package_identification:_identify(src/DynamixelSDK/c#/protocol1.0/ping/win32/ping) by extension 'python_setup_py'
[0.179s] Level 1:colcon.colcon_core.package_identification:_identify(src/DynamixelSDK/c#/protocol1.0/ping/win32/ping/Properties) by extensions ['ignore', 'ignore_ament_install']
[0.179s] Level 1:colcon.colcon_core.package_identification:_identify(src/DynamixelSDK/c#/protocol1.0/ping/win32/ping/Properties) by extension 'ignore'
[0.179s] Level 1:colcon.colcon_core.package_identification:_identify(src/DynamixelSDK/c#/protocol1.0/ping/win32/ping/Properties) by extension 'ignore_ament_install'
[0.179s] Level 1:colcon.colcon_core.package_identification:_identify(src/DynamixelSDK/c#/protocol1.0/ping/win32/ping/Properties) by extensions ['colcon_pkg']
[0.179s] Level 1:colcon.colcon_core.package_identification:_identify(src/DynamixelSDK/c#/protocol1.0/ping/win32/ping/Properties) by extension 'colcon_pkg'
[0.179s] Level 1:colcon.colcon_core.package_identification:_identify(src/DynamixelSDK/c#/protocol1.0/ping/win32/ping/Properties) by extensions ['colcon_meta']
[0.179s] Level 1:colcon.colcon_core.package_identification:_identify(src/DynamixelSDK/c#/protocol1.0/ping/win32/ping/Properties) by extension 'colcon_meta'
[0.179s] Level 1:colcon.colcon_core.package_identification:_identify(src/DynamixelSDK/c#/protocol1.0/ping/win32/ping/Properties) by extensions ['ros']
[0.179s] Level 1:colcon.colcon_core.package_identification:_identify(src/DynamixelSDK/c#/protocol1.0/ping/win32/ping/Properties) by extension 'ros'
[0.179s] Level 1:colcon.colcon_core.package_identification:_identify(src/DynamixelSDK/c#/protocol1.0/ping/win32/ping/Properties) by extensions ['cmake', 'python']
[0.179s] Level 1:colcon.colcon_core.package_identification:_identify(src/DynamixelSDK/c#/protocol1.0/ping/win32/ping/Properties) by extension 'cmake'
[0.179s] Level 1:colcon.colcon_core.package_identification:_identify(src/DynamixelSDK/c#/protocol1.0/ping/win32/ping/Properties) by extension 'python'
[0.179s] Level 1:colcon.colcon_core.package_identification:_identify(src/DynamixelSDK/c#/protocol1.0/ping/win32/ping/Properties) by extensions ['python_setup_py']
[0.179s] Level 1:colcon.colcon_core.package_identification:_identify(src/DynamixelSDK/c#/protocol1.0/ping/win32/ping/Properties) by extension 'python_setup_py'
[0.179s] Level 1:colcon.colcon_core.package_identification:_identify(src/DynamixelSDK/c#/protocol1.0/ping/win64) by extensions ['ignore', 'ignore_ament_install']
[0.179s] Level 1:colcon.colcon_core.package_identification:_identify(src/DynamixelSDK/c#/protocol1.0/ping/win64) by extension 'ignore'
[0.180s] Level 1:colcon.colcon_core.package_identification:_identify(src/DynamixelSDK/c#/protocol1.0/ping/win64) by extension 'ignore_ament_install'
[0.180s] Level 1:colcon.colcon_core.package_identification:_identify(src/DynamixelSDK/c#/protocol1.0/ping/win64) by extensions ['colcon_pkg']
[0.180s] Level 1:colcon.colcon_core.package_identification:_identify(src/DynamixelSDK/c#/protocol1.0/ping/win64) by extension 'colcon_pkg'
[0.180s] Level 1:colcon.colcon_core.package_identification:_identify(src/DynamixelSDK/c#/protocol1.0/ping/win64) by extensions ['colcon_meta']
[0.180s] Level 1:colcon.colcon_core.package_identification:_identify(src/DynamixelSDK/c#/protocol1.0/ping/win64) by extension 'colcon_meta'
[0.180s] Level 1:colcon.colcon_core.package_identification:_identify(src/DynamixelSDK/c#/protocol1.0/ping/win64) by extensions ['ros']
[0.180s] Level 1:colcon.colcon_core.package_identification:_identify(src/DynamixelSDK/c#/protocol1.0/ping/win64) by extension 'ros'
[0.180s] Level 1:colcon.colcon_core.package_identification:_identify(src/DynamixelSDK/c#/protocol1.0/ping/win64) by extensions ['cmake', 'python']
[0.180s] Level 1:colcon.colcon_core.package_identification:_identify(src/DynamixelSDK/c#/protocol1.0/ping/win64) by extension 'cmake'
[0.180s] Level 1:colcon.colcon_core.package_identification:_identify(src/DynamixelSDK/c#/protocol1.0/ping/win64) by extension 'python'
[0.180s] Level 1:colcon.colcon_core.package_identification:_identify(src/DynamixelSDK/c#/protocol1.0/ping/win64) by extensions ['python_setup_py']
[0.180s] Level 1:colcon.colcon_core.package_identification:_identify(src/DynamixelSDK/c#/protocol1.0/ping/win64) by extension 'python_setup_py'
[0.180s] Level 1:colcon.colcon_core.package_identification:_identify(src/DynamixelSDK/c#/protocol1.0/ping/win64/ping) by extensions ['ignore', 'ignore_ament_install']
[0.180s] Level 1:colcon.colcon_core.package_identification:_identify(src/DynamixelSDK/c#/protocol1.0/ping/win64/ping) by extension 'ignore'
[0.180s] Level 1:colcon.colcon_core.package_identification:_identify(src/DynamixelSDK/c#/protocol1.0/ping/win64/ping) by extension 'ignore_ament_install'
[0.180s] Level 1:colcon.colcon_core.package_identification:_identify(src/DynamixelSDK/c#/protocol1.0/ping/win64/ping) by extensions ['colcon_pkg']
[0.180s] Level 1:colcon.colcon_core.package_identification:_identify(src/DynamixelSDK/c#/protocol1.0/ping/win64/ping) by extension 'colcon_pkg'
[0.180s] Level 1:colcon.colcon_core.package_identification:_identify(src/DynamixelSDK/c#/protocol1.0/ping/win64/ping) by extensions ['colcon_meta']
[0.180s] Level 1:colcon.colcon_core.package_identification:_identify(src/DynamixelSDK/c#/protocol1.0/ping/win64/ping) by extension 'colcon_meta'
[0.180s] Level 1:colcon.colcon_core.package_identification:_identify(src/DynamixelSDK/c#/protocol1.0/ping/win64/ping) by extensions ['ros']
[0.180s] Level 1:colcon.colcon_core.package_identification:_identify(src/DynamixelSDK/c#/protocol1.0/ping/win64/ping) by extension 'ros'
[0.180s] Level 1:colcon.colcon_core.package_identification:_identify(src/DynamixelSDK/c#/protocol1.0/ping/win64/ping) by extensions ['cmake', 'python']
[0.180s] Level 1:colcon.colcon_core.package_identification:_identify(src/DynamixelSDK/c#/protocol1.0/ping/win64/ping) by extension 'cmake'
[0.180s] Level 1:colcon.colcon_core.package_identification:_identify(src/DynamixelSDK/c#/protocol1.0/ping/win64/ping) by extension 'python'
[0.181s] Level 1:colcon.colcon_core.package_identification:_identify(src/DynamixelSDK/c#/protocol1.0/ping/win64/ping) by extensions ['python_setup_py']
[0.181s] Level 1:colcon.colcon_core.package_identification:_identify(src/DynamixelSDK/c#/protocol1.0/ping/win64/ping) by extension 'python_setup_py'
[0.181s] Level 1:colcon.colcon_core.package_identification:_identify(src/DynamixelSDK/c#/protocol1.0/ping/win64/ping/Properties) by extensions ['ignore', 'ignore_ament_install']
[0.181s] Level 1:colcon.colcon_core.package_identification:_identify(src/DynamixelSDK/c#/protocol1.0/ping/win64/ping/Properties) by extension 'ignore'
[0.181s] Level 1:colcon.colcon_core.package_identification:_identify(src/DynamixelSDK/c#/protocol1.0/ping/win64/ping/Properties) by extension 'ignore_ament_install'
[0.181s] Level 1:colcon.colcon_core.package_identification:_identify(src/DynamixelSDK/c#/protocol1.0/ping/win64/ping/Properties) by extensions ['colcon_pkg']
[0.181s] Level 1:colcon.colcon_core.package_identification:_identify(src/DynamixelSDK/c#/protocol1.0/ping/win64/ping/Properties) by extension 'colcon_pkg'
[0.181s] Level 1:colcon.colcon_core.package_identification:_identify(src/DynamixelSDK/c#/protocol1.0/ping/win64/ping/Properties) by extensions ['colcon_meta']
[0.181s] Level 1:colcon.colcon_core.package_identification:_identify(src/DynamixelSDK/c#/protocol1.0/ping/win64/ping/Properties) by extension 'colcon_meta'
[0.181s] Level 1:colcon.colcon_core.package_identification:_identify(src/DynamixelSDK/c#/protocol1.0/ping/win64/ping/Properties) by extensions ['ros']
[0.181s] Level 1:colcon.colcon_core.package_identification:_identify(src/DynamixelSDK/c#/protocol1.0/ping/win64/ping/Properties) by extension 'ros'
[0.181s] Level 1:colcon.colcon_core.package_identification:_identify(src/DynamixelSDK/c#/protocol1.0/ping/win64/ping/Properties) by extensions ['cmake', 'python']
[0.181s] Level 1:colcon.colcon_core.package_identification:_identify(src/DynamixelSDK/c#/protocol1.0/ping/win64/ping/Properties) by extension 'cmake'
[0.181s] Level 1:colcon.colcon_core.package_identification:_identify(src/DynamixelSDK/c#/protocol1.0/ping/win64/ping/Properties) by extension 'python'
[0.181s] Level 1:colcon.colcon_core.package_identification:_identify(src/DynamixelSDK/c#/protocol1.0/ping/win64/ping/Properties) by extensions ['python_setup_py']
[0.181s] Level 1:colcon.colcon_core.package_identification:_identify(src/DynamixelSDK/c#/protocol1.0/ping/win64/ping/Properties) by extension 'python_setup_py'
[0.181s] Level 1:colcon.colcon_core.package_identification:_identify(src/DynamixelSDK/c#/protocol1.0/read_write) by extensions ['ignore', 'ignore_ament_install']
[0.181s] Level 1:colcon.colcon_core.package_identification:_identify(src/DynamixelSDK/c#/protocol1.0/read_write) by extension 'ignore'
[0.181s] Level 1:colcon.colcon_core.package_identification:_identify(src/DynamixelSDK/c#/protocol1.0/read_write) by extension 'ignore_ament_install'
[0.182s] Level 1:colcon.colcon_core.package_identification:_identify(src/DynamixelSDK/c#/protocol1.0/read_write) by extensions ['colcon_pkg']
[0.182s] Level 1:colcon.colcon_core.package_identification:_identify(src/DynamixelSDK/c#/protocol1.0/read_write) by extension 'colcon_pkg'
[0.182s] Level 1:colcon.colcon_core.package_identification:_identify(src/DynamixelSDK/c#/protocol1.0/read_write) by extensions ['colcon_meta']
[0.182s] Level 1:colcon.colcon_core.package_identification:_identify(src/DynamixelSDK/c#/protocol1.0/read_write) by extension 'colcon_meta'
[0.182s] Level 1:colcon.colcon_core.package_identification:_identify(src/DynamixelSDK/c#/protocol1.0/read_write) by extensions ['ros']
[0.182s] Level 1:colcon.colcon_core.package_identification:_identify(src/DynamixelSDK/c#/protocol1.0/read_write) by extension 'ros'
[0.182s] Level 1:colcon.colcon_core.package_identification:_identify(src/DynamixelSDK/c#/protocol1.0/read_write) by extensions ['cmake', 'python']
[0.182s] Level 1:colcon.colcon_core.package_identification:_identify(src/DynamixelSDK/c#/protocol1.0/read_write) by extension 'cmake'
[0.182s] Level 1:colcon.colcon_core.package_identification:_identify(src/DynamixelSDK/c#/protocol1.0/read_write) by extension 'python'
[0.182s] Level 1:colcon.colcon_core.package_identification:_identify(src/DynamixelSDK/c#/protocol1.0/read_write) by extensions ['python_setup_py']
[0.182s] Level 1:colcon.colcon_core.package_identification:_identify(src/DynamixelSDK/c#/protocol1.0/read_write) by extension 'python_setup_py'
[0.182s] Level 1:colcon.colcon_core.package_identification:_identify(src/DynamixelSDK/c#/protocol1.0/read_write/win32) by extensions ['ignore', 'ignore_ament_install']
[0.182s] Level 1:colcon.colcon_core.package_identification:_identify(src/DynamixelSDK/c#/protocol1.0/read_write/win32) by extension 'ignore'
[0.182s] Level 1:colcon.colcon_core.package_identification:_identify(src/DynamixelSDK/c#/protocol1.0/read_write/win32) by extension 'ignore_ament_install'
[0.182s] Level 1:colcon.colcon_core.package_identification:_identify(src/DynamixelSDK/c#/protocol1.0/read_write/win32) by extensions ['colcon_pkg']
[0.182s] Level 1:colcon.colcon_core.package_identification:_identify(src/DynamixelSDK/c#/protocol1.0/read_write/win32) by extension 'colcon_pkg'
[0.182s] Level 1:colcon.colcon_core.package_identification:_identify(src/DynamixelSDK/c#/protocol1.0/read_write/win32) by extensions ['colcon_meta']
[0.182s] Level 1:colcon.colcon_core.package_identification:_identify(src/DynamixelSDK/c#/protocol1.0/read_write/win32) by extension 'colcon_meta'
[0.182s] Level 1:colcon.colcon_core.package_identification:_identify(src/DynamixelSDK/c#/protocol1.0/read_write/win32) by extensions ['ros']
[0.182s] Level 1:colcon.colcon_core.package_identification:_identify(src/DynamixelSDK/c#/protocol1.0/read_write/win32) by extension 'ros'
[0.183s] Level 1:colcon.colcon_core.package_identification:_identify(src/DynamixelSDK/c#/protocol1.0/read_write/win32) by extensions ['cmake', 'python']
[0.183s] Level 1:colcon.colcon_core.package_identification:_identify(src/DynamixelSDK/c#/protocol1.0/read_write/win32) by extension 'cmake'
[0.183s] Level 1:colcon.colcon_core.package_identification:_identify(src/DynamixelSDK/c#/protocol1.0/read_write/win32) by extension 'python'
[0.183s] Level 1:colcon.colcon_core.package_identification:_identify(src/DynamixelSDK/c#/protocol1.0/read_write/win32) by extensions ['python_setup_py']
[0.183s] Level 1:colcon.colcon_core.package_identification:_identify(src/DynamixelSDK/c#/protocol1.0/read_write/win32) by extension 'python_setup_py'
[0.183s] Level 1:colcon.colcon_core.package_identification:_identify(src/DynamixelSDK/c#/protocol1.0/read_write/win32/read_write) by extensions ['ignore', 'ignore_ament_install']
[0.183s] Level 1:colcon.colcon_core.package_identification:_identify(src/DynamixelSDK/c#/protocol1.0/read_write/win32/read_write) by extension 'ignore'
[0.183s] Level 1:colcon.colcon_core.package_identification:_identify(src/DynamixelSDK/c#/protocol1.0/read_write/win32/read_write) by extension 'ignore_ament_install'
[0.183s] Level 1:colcon.colcon_core.package_identification:_identify(src/DynamixelSDK/c#/protocol1.0/read_write/win32/read_write) by extensions ['colcon_pkg']
[0.183s] Level 1:colcon.colcon_core.package_identification:_identify(src/DynamixelSDK/c#/protocol1.0/read_write/win32/read_write) by extension 'colcon_pkg'
[0.183s] Level 1:colcon.colcon_core.package_identification:_identify(src/DynamixelSDK/c#/protocol1.0/read_write/win32/read_write) by extensions ['colcon_meta']
[0.183s] Level 1:colcon.colcon_core.package_identification:_identify(src/DynamixelSDK/c#/protocol1.0/read_write/win32/read_write) by extension 'colcon_meta'
[0.183s] Level 1:colcon.colcon_core.package_identification:_identify(src/DynamixelSDK/c#/protocol1.0/read_write/win32/read_write) by extensions ['ros']
[0.183s] Level 1:colcon.colcon_core.package_identification:_identify(src/DynamixelSDK/c#/protocol1.0/read_write/win32/read_write) by extension 'ros'
[0.183s] Level 1:colcon.colcon_core.package_identification:_identify(src/DynamixelSDK/c#/protocol1.0/read_write/win32/read_write) by extensions ['cmake', 'python']
[0.183s] Level 1:colcon.colcon_core.package_identification:_identify(src/DynamixelSDK/c#/protocol1.0/read_write/win32/read_write) by extension 'cmake'
[0.183s] Level 1:colcon.colcon_core.package_identification:_identify(src/DynamixelSDK/c#/protocol1.0/read_write/win32/read_write) by extension 'python'
[0.183s] Level 1:colcon.colcon_core.package_identification:_identify(src/DynamixelSDK/c#/protocol1.0/read_write/win32/read_write) by extensions ['python_setup_py']
[0.183s] Level 1:colcon.colcon_core.package_identification:_identify(src/DynamixelSDK/c#/protocol1.0/read_write/win32/read_write) by extension 'python_setup_py'
[0.184s] Level 1:colcon.colcon_core.package_identification:_identify(src/DynamixelSDK/c#/protocol1.0/read_write/win32/read_write/Properties) by extensions ['ignore', 'ignore_ament_install']
[0.184s] Level 1:colcon.colcon_core.package_identification:_identify(src/DynamixelSDK/c#/protocol1.0/read_write/win32/read_write/Properties) by extension 'ignore'
[0.184s] Level 1:colcon.colcon_core.package_identification:_identify(src/DynamixelSDK/c#/protocol1.0/read_write/win32/read_write/Properties) by extension 'ignore_ament_install'
[0.184s] Level 1:colcon.colcon_core.package_identification:_identify(src/DynamixelSDK/c#/protocol1.0/read_write/win32/read_write/Properties) by extensions ['colcon_pkg']
[0.184s] Level 1:colcon.colcon_core.package_identification:_identify(src/DynamixelSDK/c#/protocol1.0/read_write/win32/read_write/Properties) by extension 'colcon_pkg'
[0.184s] Level 1:colcon.colcon_core.package_identification:_identify(src/DynamixelSDK/c#/protocol1.0/read_write/win32/read_write/Properties) by extensions ['colcon_meta']
[0.184s] Level 1:colcon.colcon_core.package_identification:_identify(src/DynamixelSDK/c#/protocol1.0/read_write/win32/read_write/Properties) by extension 'colcon_meta'
[0.184s] Level 1:colcon.colcon_core.package_identification:_identify(src/DynamixelSDK/c#/protocol1.0/read_write/win32/read_write/Properties) by extensions ['ros']
[0.184s] Level 1:colcon.colcon_core.package_identification:_identify(src/DynamixelSDK/c#/protocol1.0/read_write/win32/read_write/Properties) by extension 'ros'
[0.184s] Level 1:colcon.colcon_core.package_identification:_identify(src/DynamixelSDK/c#/protocol1.0/read_write/win32/read_write/Properties) by extensions ['cmake', 'python']
[0.184s] Level 1:colcon.colcon_core.package_identification:_identify(src/DynamixelSDK/c#/protocol1.0/read_write/win32/read_write/Properties) by extension 'cmake'
[0.184s] Level 1:colcon.colcon_core.package_identification:_identify(src/DynamixelSDK/c#/protocol1.0/read_write/win32/read_write/Properties) by extension 'python'
[0.184s] Level 1:colcon.colcon_core.package_identification:_identify(src/DynamixelSDK/c#/protocol1.0/read_write/win32/read_write/Properties) by extensions ['python_setup_py']
[0.184s] Level 1:colcon.colcon_core.package_identification:_identify(src/DynamixelSDK/c#/protocol1.0/read_write/win32/read_write/Properties) by extension 'python_setup_py'
[0.184s] Level 1:colcon.colcon_core.package_identification:_identify(src/DynamixelSDK/c#/protocol1.0/read_write/win64) by extensions ['ignore', 'ignore_ament_install']
[0.184s] Level 1:colcon.colcon_core.package_identification:_identify(src/DynamixelSDK/c#/protocol1.0/read_write/win64) by extension 'ignore'
[0.185s] Level 1:colcon.colcon_core.package_identification:_identify(src/DynamixelSDK/c#/protocol1.0/read_write/win64) by extension 'ignore_ament_install'
[0.185s] Level 1:colcon.colcon_core.package_identification:_identify(src/DynamixelSDK/c#/protocol1.0/read_write/win64) by extensions ['colcon_pkg']
[0.185s] Level 1:colcon.colcon_core.package_identification:_identify(src/DynamixelSDK/c#/protocol1.0/read_write/win64) by extension 'colcon_pkg'
[0.185s] Level 1:colcon.colcon_core.package_identification:_identify(src/DynamixelSDK/c#/protocol1.0/read_write/win64) by extensions ['colcon_meta']
[0.185s] Level 1:colcon.colcon_core.package_identification:_identify(src/DynamixelSDK/c#/protocol1.0/read_write/win64) by extension 'colcon_meta'
[0.185s] Level 1:colcon.colcon_core.package_identification:_identify(src/DynamixelSDK/c#/protocol1.0/read_write/win64) by extensions ['ros']
[0.185s] Level 1:colcon.colcon_core.package_identification:_identify(src/DynamixelSDK/c#/protocol1.0/read_write/win64) by extension 'ros'
[0.185s] Level 1:colcon.colcon_core.package_identification:_identify(src/DynamixelSDK/c#/protocol1.0/read_write/win64) by extensions ['cmake', 'python']
[0.185s] Level 1:colcon.colcon_core.package_identification:_identify(src/DynamixelSDK/c#/protocol1.0/read_write/win64) by extension 'cmake'
[0.185s] Level 1:colcon.colcon_core.package_identification:_identify(src/DynamixelSDK/c#/protocol1.0/read_write/win64) by extension 'python'
[0.185s] Level 1:colcon.colcon_core.package_identification:_identify(src/DynamixelSDK/c#/protocol1.0/read_write/win64) by extensions ['python_setup_py']
[0.185s] Level 1:colcon.colcon_core.package_identification:_identify(src/DynamixelSDK/c#/protocol1.0/read_write/win64) by extension 'python_setup_py'
[0.185s] Level 1:colcon.colcon_core.package_identification:_identify(src/DynamixelSDK/c#/protocol1.0/read_write/win64/read_write) by extensions ['ignore', 'ignore_ament_install']
[0.185s] Level 1:colcon.colcon_core.package_identification:_identify(src/DynamixelSDK/c#/protocol1.0/read_write/win64/read_write) by extension 'ignore'
[0.185s] Level 1:colcon.colcon_core.package_identification:_identify(src/DynamixelSDK/c#/protocol1.0/read_write/win64/read_write) by extension 'ignore_ament_install'
[0.185s] Level 1:colcon.colcon_core.package_identification:_identify(src/DynamixelSDK/c#/protocol1.0/read_write/win64/read_write) by extensions ['colcon_pkg']
[0.185s] Level 1:colcon.colcon_core.package_identification:_identify(src/DynamixelSDK/c#/protocol1.0/read_write/win64/read_write) by extension 'colcon_pkg'
[0.185s] Level 1:colcon.colcon_core.package_identification:_identify(src/DynamixelSDK/c#/protocol1.0/read_write/win64/read_write) by extensions ['colcon_meta']
[0.185s] Level 1:colcon.colcon_core.package_identification:_identify(src/DynamixelSDK/c#/protocol1.0/read_write/win64/read_write) by extension 'colcon_meta'
[0.186s] Level 1:colcon.colcon_core.package_identification:_identify(src/DynamixelSDK/c#/protocol1.0/read_write/win64/read_write) by extensions ['ros']
[0.186s] Level 1:colcon.colcon_core.package_identification:_identify(src/DynamixelSDK/c#/protocol1.0/read_write/win64/read_write) by extension 'ros'
[0.186s] Level 1:colcon.colcon_core.package_identification:_identify(src/DynamixelSDK/c#/protocol1.0/read_write/win64/read_write) by extensions ['cmake', 'python']
[0.186s] Level 1:colcon.colcon_core.package_identification:_identify(src/DynamixelSDK/c#/protocol1.0/read_write/win64/read_write) by extension 'cmake'
[0.186s] Level 1:colcon.colcon_core.package_identification:_identify(src/DynamixelSDK/c#/protocol1.0/read_write/win64/read_write) by extension 'python'
[0.186s] Level 1:colcon.colcon_core.package_identification:_identify(src/DynamixelSDK/c#/protocol1.0/read_write/win64/read_write) by extensions ['python_setup_py']
[0.186s] Level 1:colcon.colcon_core.package_identification:_identify(src/DynamixelSDK/c#/protocol1.0/read_write/win64/read_write) by extension 'python_setup_py'
[0.186s] Level 1:colcon.colcon_core.package_identification:_identify(src/DynamixelSDK/c#/protocol1.0/read_write/win64/read_write/Properties) by extensions ['ignore', 'ignore_ament_install']
[0.186s] Level 1:colcon.colcon_core.package_identification:_identify(src/DynamixelSDK/c#/protocol1.0/read_write/win64/read_write/Properties) by extension 'ignore'
[0.186s] Level 1:colcon.colcon_core.package_identification:_identify(src/DynamixelSDK/c#/protocol1.0/read_write/win64/read_write/Properties) by extension 'ignore_ament_install'
[0.186s] Level 1:colcon.colcon_core.package_identification:_identify(src/DynamixelSDK/c#/protocol1.0/read_write/win64/read_write/Properties) by extensions ['colcon_pkg']
[0.186s] Level 1:colcon.colcon_core.package_identification:_identify(src/DynamixelSDK/c#/protocol1.0/read_write/win64/read_write/Properties) by extension 'colcon_pkg'
[0.186s] Level 1:colcon.colcon_core.package_identification:_identify(src/DynamixelSDK/c#/protocol1.0/read_write/win64/read_write/Properties) by extensions ['colcon_meta']
[0.186s] Level 1:colcon.colcon_core.package_identification:_identify(src/DynamixelSDK/c#/protocol1.0/read_write/win64/read_write/Properties) by extension 'colcon_meta'
[0.186s] Level 1:colcon.colcon_core.package_identification:_identify(src/DynamixelSDK/c#/protocol1.0/read_write/win64/read_write/Properties) by extensions ['ros']
[0.186s] Level 1:colcon.colcon_core.package_identification:_identify(src/DynamixelSDK/c#/protocol1.0/read_write/win64/read_write/Properties) by extension 'ros'
[0.186s] Level 1:colcon.colcon_core.package_identification:_identify(src/DynamixelSDK/c#/protocol1.0/read_write/win64/read_write/Properties) by extensions ['cmake', 'python']
[0.186s] Level 1:colcon.colcon_core.package_identification:_identify(src/DynamixelSDK/c#/protocol1.0/read_write/win64/read_write/Properties) by extension 'cmake'
[0.186s] Level 1:colcon.colcon_core.package_identification:_identify(src/DynamixelSDK/c#/protocol1.0/read_write/win64/read_write/Properties) by extension 'python'
[0.187s] Level 1:colcon.colcon_core.package_identification:_identify(src/DynamixelSDK/c#/protocol1.0/read_write/win64/read_write/Properties) by extensions ['python_setup_py']
[0.187s] Level 1:colcon.colcon_core.package_identification:_identify(src/DynamixelSDK/c#/protocol1.0/read_write/win64/read_write/Properties) by extension 'python_setup_py'
[0.187s] Level 1:colcon.colcon_core.package_identification:_identify(src/DynamixelSDK/c#/protocol1.0/reset) by extensions ['ignore', 'ignore_ament_install']
[0.187s] Level 1:colcon.colcon_core.package_identification:_identify(src/DynamixelSDK/c#/protocol1.0/reset) by extension 'ignore'
[0.187s] Level 1:colcon.colcon_core.package_identification:_identify(src/DynamixelSDK/c#/protocol1.0/reset) by extension 'ignore_ament_install'
[0.187s] Level 1:colcon.colcon_core.package_identification:_identify(src/DynamixelSDK/c#/protocol1.0/reset) by extensions ['colcon_pkg']
[0.187s] Level 1:colcon.colcon_core.package_identification:_identify(src/DynamixelSDK/c#/protocol1.0/reset) by extension 'colcon_pkg'
[0.187s] Level 1:colcon.colcon_core.package_identification:_identify(src/DynamixelSDK/c#/protocol1.0/reset) by extensions ['colcon_meta']
[0.187s] Level 1:colcon.colcon_core.package_identification:_identify(src/DynamixelSDK/c#/protocol1.0/reset) by extension 'colcon_meta'
[0.187s] Level 1:colcon.colcon_core.package_identification:_identify(src/DynamixelSDK/c#/protocol1.0/reset) by extensions ['ros']
[0.187s] Level 1:colcon.colcon_core.package_identification:_identify(src/DynamixelSDK/c#/protocol1.0/reset) by extension 'ros'
[0.187s] Level 1:colcon.colcon_core.package_identification:_identify(src/DynamixelSDK/c#/protocol1.0/reset) by extensions ['cmake', 'python']
[0.187s] Level 1:colcon.colcon_core.package_identification:_identify(src/DynamixelSDK/c#/protocol1.0/reset) by extension 'cmake'
[0.187s] Level 1:colcon.colcon_core.package_identification:_identify(src/DynamixelSDK/c#/protocol1.0/reset) by extension 'python'
[0.187s] Level 1:colcon.colcon_core.package_identification:_identify(src/DynamixelSDK/c#/protocol1.0/reset) by extensions ['python_setup_py']
[0.187s] Level 1:colcon.colcon_core.package_identification:_identify(src/DynamixelSDK/c#/protocol1.0/reset) by extension 'python_setup_py'
[0.188s] Level 1:colcon.colcon_core.package_identification:_identify(src/DynamixelSDK/c#/protocol1.0/reset/win32) by extensions ['ignore', 'ignore_ament_install']
[0.188s] Level 1:colcon.colcon_core.package_identification:_identify(src/DynamixelSDK/c#/protocol1.0/reset/win32) by extension 'ignore'
[0.188s] Level 1:colcon.colcon_core.package_identification:_identify(src/DynamixelSDK/c#/protocol1.0/reset/win32) by extension 'ignore_ament_install'
[0.188s] Level 1:colcon.colcon_core.package_identification:_identify(src/DynamixelSDK/c#/protocol1.0/reset/win32) by extensions ['colcon_pkg']
[0.188s] Level 1:colcon.colcon_core.package_identification:_identify(src/DynamixelSDK/c#/protocol1.0/reset/win32) by extension 'colcon_pkg'
[0.188s] Level 1:colcon.colcon_core.package_identification:_identify(src/DynamixelSDK/c#/protocol1.0/reset/win32) by extensions ['colcon_meta']
[0.188s] Level 1:colcon.colcon_core.package_identification:_identify(src/DynamixelSDK/c#/protocol1.0/reset/win32) by extension 'colcon_meta'
[0.188s] Level 1:colcon.colcon_core.package_identification:_identify(src/DynamixelSDK/c#/protocol1.0/reset/win32) by extensions ['ros']
[0.188s] Level 1:colcon.colcon_core.package_identification:_identify(src/DynamixelSDK/c#/protocol1.0/reset/win32) by extension 'ros'
[0.188s] Level 1:colcon.colcon_core.package_identification:_identify(src/DynamixelSDK/c#/protocol1.0/reset/win32) by extensions ['cmake', 'python']
[0.188s] Level 1:colcon.colcon_core.package_identification:_identify(src/DynamixelSDK/c#/protocol1.0/reset/win32) by extension 'cmake'
[0.188s] Level 1:colcon.colcon_core.package_identification:_identify(src/DynamixelSDK/c#/protocol1.0/reset/win32) by extension 'python'
[0.188s] Level 1:colcon.colcon_core.package_identification:_identify(src/DynamixelSDK/c#/protocol1.0/reset/win32) by extensions ['python_setup_py']
[0.188s] Level 1:colcon.colcon_core.package_identification:_identify(src/DynamixelSDK/c#/protocol1.0/reset/win32) by extension 'python_setup_py'
[0.188s] Level 1:colcon.colcon_core.package_identification:_identify(src/DynamixelSDK/c#/protocol1.0/reset/win32/reset) by extensions ['ignore', 'ignore_ament_install']
[0.188s] Level 1:colcon.colcon_core.package_identification:_identify(src/DynamixelSDK/c#/protocol1.0/reset/win32/reset) by extension 'ignore'
[0.188s] Level 1:colcon.colcon_core.package_identification:_identify(src/DynamixelSDK/c#/protocol1.0/reset/win32/reset) by extension 'ignore_ament_install'
[0.189s] Level 1:colcon.colcon_core.package_identification:_identify(src/DynamixelSDK/c#/protocol1.0/reset/win32/reset) by extensions ['colcon_pkg']
[0.189s] Level 1:colcon.colcon_core.package_identification:_identify(src/DynamixelSDK/c#/protocol1.0/reset/win32/reset) by extension 'colcon_pkg'
[0.189s] Level 1:colcon.colcon_core.package_identification:_identify(src/DynamixelSDK/c#/protocol1.0/reset/win32/reset) by extensions ['colcon_meta']
[0.189s] Level 1:colcon.colcon_core.package_identification:_identify(src/DynamixelSDK/c#/protocol1.0/reset/win32/reset) by extension 'colcon_meta'
[0.189s] Level 1:colcon.colcon_core.package_identification:_identify(src/DynamixelSDK/c#/protocol1.0/reset/win32/reset) by extensions ['ros']
[0.189s] Level 1:colcon.colcon_core.package_identification:_identify(src/DynamixelSDK/c#/protocol1.0/reset/win32/reset) by extension 'ros'
[0.189s] Level 1:colcon.colcon_core.package_identification:_identify(src/DynamixelSDK/c#/protocol1.0/reset/win32/reset) by extensions ['cmake', 'python']
[0.189s] Level 1:colcon.colcon_core.package_identification:_identify(src/DynamixelSDK/c#/protocol1.0/reset/win32/reset) by extension 'cmake'
[0.189s] Level 1:colcon.colcon_core.package_identification:_identify(src/DynamixelSDK/c#/protocol1.0/reset/win32/reset) by extension 'python'
[0.189s] Level 1:colcon.colcon_core.package_identification:_identify(src/DynamixelSDK/c#/protocol1.0/reset/win32/reset) by extensions ['python_setup_py']
[0.189s] Level 1:colcon.colcon_core.package_identification:_identify(src/DynamixelSDK/c#/protocol1.0/reset/win32/reset) by extension 'python_setup_py'
[0.189s] Level 1:colcon.colcon_core.package_identification:_identify(src/DynamixelSDK/c#/protocol1.0/reset/win32/reset/Properties) by extensions ['ignore', 'ignore_ament_install']
[0.189s] Level 1:colcon.colcon_core.package_identification:_identify(src/DynamixelSDK/c#/protocol1.0/reset/win32/reset/Properties) by extension 'ignore'
[0.189s] Level 1:colcon.colcon_core.package_identification:_identify(src/DynamixelSDK/c#/protocol1.0/reset/win32/reset/Properties) by extension 'ignore_ament_install'
[0.189s] Level 1:colcon.colcon_core.package_identification:_identify(src/DynamixelSDK/c#/protocol1.0/reset/win32/reset/Properties) by extensions ['colcon_pkg']
[0.189s] Level 1:colcon.colcon_core.package_identification:_identify(src/DynamixelSDK/c#/protocol1.0/reset/win32/reset/Properties) by extension 'colcon_pkg'
[0.189s] Level 1:colcon.colcon_core.package_identification:_identify(src/DynamixelSDK/c#/protocol1.0/reset/win32/reset/Properties) by extensions ['colcon_meta']
[0.189s] Level 1:colcon.colcon_core.package_identification:_identify(src/DynamixelSDK/c#/protocol1.0/reset/win32/reset/Properties) by extension 'colcon_meta'
[0.190s] Level 1:colcon.colcon_core.package_identification:_identify(src/DynamixelSDK/c#/protocol1.0/reset/win32/reset/Properties) by extensions ['ros']
[0.190s] Level 1:colcon.colcon_core.package_identification:_identify(src/DynamixelSDK/c#/protocol1.0/reset/win32/reset/Properties) by extension 'ros'
[0.190s] Level 1:colcon.colcon_core.package_identification:_identify(src/DynamixelSDK/c#/protocol1.0/reset/win32/reset/Properties) by extensions ['cmake', 'python']
[0.190s] Level 1:colcon.colcon_core.package_identification:_identify(src/DynamixelSDK/c#/protocol1.0/reset/win32/reset/Properties) by extension 'cmake'
[0.190s] Level 1:colcon.colcon_core.package_identification:_identify(src/DynamixelSDK/c#/protocol1.0/reset/win32/reset/Properties) by extension 'python'
[0.190s] Level 1:colcon.colcon_core.package_identification:_identify(src/DynamixelSDK/c#/protocol1.0/reset/win32/reset/Properties) by extensions ['python_setup_py']
[0.190s] Level 1:colcon.colcon_core.package_identification:_identify(src/DynamixelSDK/c#/protocol1.0/reset/win32/reset/Properties) by extension 'python_setup_py'
[0.190s] Level 1:colcon.colcon_core.package_identification:_identify(src/DynamixelSDK/c#/protocol1.0/reset/win64) by extensions ['ignore', 'ignore_ament_install']
[0.190s] Level 1:colcon.colcon_core.package_identification:_identify(src/DynamixelSDK/c#/protocol1.0/reset/win64) by extension 'ignore'
[0.190s] Level 1:colcon.colcon_core.package_identification:_identify(src/DynamixelSDK/c#/protocol1.0/reset/win64) by extension 'ignore_ament_install'
[0.190s] Level 1:colcon.colcon_core.package_identification:_identify(src/DynamixelSDK/c#/protocol1.0/reset/win64) by extensions ['colcon_pkg']
[0.190s] Level 1:colcon.colcon_core.package_identification:_identify(src/DynamixelSDK/c#/protocol1.0/reset/win64) by extension 'colcon_pkg'
[0.190s] Level 1:colcon.colcon_core.package_identification:_identify(src/DynamixelSDK/c#/protocol1.0/reset/win64) by extensions ['colcon_meta']
[0.190s] Level 1:colcon.colcon_core.package_identification:_identify(src/DynamixelSDK/c#/protocol1.0/reset/win64) by extension 'colcon_meta'
[0.190s] Level 1:colcon.colcon_core.package_identification:_identify(src/DynamixelSDK/c#/protocol1.0/reset/win64) by extensions ['ros']
[0.190s] Level 1:colcon.colcon_core.package_identification:_identify(src/DynamixelSDK/c#/protocol1.0/reset/win64) by extension 'ros'
[0.190s] Level 1:colcon.colcon_core.package_identification:_identify(src/DynamixelSDK/c#/protocol1.0/reset/win64) by extensions ['cmake', 'python']
[0.191s] Level 1:colcon.colcon_core.package_identification:_identify(src/DynamixelSDK/c#/protocol1.0/reset/win64) by extension 'cmake'
[0.191s] Level 1:colcon.colcon_core.package_identification:_identify(src/DynamixelSDK/c#/protocol1.0/reset/win64) by extension 'python'
[0.191s] Level 1:colcon.colcon_core.package_identification:_identify(src/DynamixelSDK/c#/protocol1.0/reset/win64) by extensions ['python_setup_py']
[0.191s] Level 1:colcon.colcon_core.package_identification:_identify(src/DynamixelSDK/c#/protocol1.0/reset/win64) by extension 'python_setup_py'
[0.191s] Level 1:colcon.colcon_core.package_identification:_identify(src/DynamixelSDK/c#/protocol1.0/reset/win64/reset) by extensions ['ignore', 'ignore_ament_install']
[0.191s] Level 1:colcon.colcon_core.package_identification:_identify(src/DynamixelSDK/c#/protocol1.0/reset/win64/reset) by extension 'ignore'
[0.191s] Level 1:colcon.colcon_core.package_identification:_identify(src/DynamixelSDK/c#/protocol1.0/reset/win64/reset) by extension 'ignore_ament_install'
[0.191s] Level 1:colcon.colcon_core.package_identification:_identify(src/DynamixelSDK/c#/protocol1.0/reset/win64/reset) by extensions ['colcon_pkg']
[0.191s] Level 1:colcon.colcon_core.package_identification:_identify(src/DynamixelSDK/c#/protocol1.0/reset/win64/reset) by extension 'colcon_pkg'
[0.191s] Level 1:colcon.colcon_core.package_identification:_identify(src/DynamixelSDK/c#/protocol1.0/reset/win64/reset) by extensions ['colcon_meta']
[0.191s] Level 1:colcon.colcon_core.package_identification:_identify(src/DynamixelSDK/c#/protocol1.0/reset/win64/reset) by extension 'colcon_meta'
[0.191s] Level 1:colcon.colcon_core.package_identification:_identify(src/DynamixelSDK/c#/protocol1.0/reset/win64/reset) by extensions ['ros']
[0.191s] Level 1:colcon.colcon_core.package_identification:_identify(src/DynamixelSDK/c#/protocol1.0/reset/win64/reset) by extension 'ros'
[0.191s] Level 1:colcon.colcon_core.package_identification:_identify(src/DynamixelSDK/c#/protocol1.0/reset/win64/reset) by extensions ['cmake', 'python']
[0.191s] Level 1:colcon.colcon_core.package_identification:_identify(src/DynamixelSDK/c#/protocol1.0/reset/win64/reset) by extension 'cmake'
[0.191s] Level 1:colcon.colcon_core.package_identification:_identify(src/DynamixelSDK/c#/protocol1.0/reset/win64/reset) by extension 'python'
[0.191s] Level 1:colcon.colcon_core.package_identification:_identify(src/DynamixelSDK/c#/protocol1.0/reset/win64/reset) by extensions ['python_setup_py']
[0.191s] Level 1:colcon.colcon_core.package_identification:_identify(src/DynamixelSDK/c#/protocol1.0/reset/win64/reset) by extension 'python_setup_py'
[0.191s] Level 1:colcon.colcon_core.package_identification:_identify(src/DynamixelSDK/c#/protocol1.0/reset/win64/reset/Properties) by extensions ['ignore', 'ignore_ament_install']
[0.192s] Level 1:colcon.colcon_core.package_identification:_identify(src/DynamixelSDK/c#/protocol1.0/reset/win64/reset/Properties) by extension 'ignore'
[0.192s] Level 1:colcon.colcon_core.package_identification:_identify(src/DynamixelSDK/c#/protocol1.0/reset/win64/reset/Properties) by extension 'ignore_ament_install'
[0.192s] Level 1:colcon.colcon_core.package_identification:_identify(src/DynamixelSDK/c#/protocol1.0/reset/win64/reset/Properties) by extensions ['colcon_pkg']
[0.192s] Level 1:colcon.colcon_core.package_identification:_identify(src/DynamixelSDK/c#/protocol1.0/reset/win64/reset/Properties) by extension 'colcon_pkg'
[0.192s] Level 1:colcon.colcon_core.package_identification:_identify(src/DynamixelSDK/c#/protocol1.0/reset/win64/reset/Properties) by extensions ['colcon_meta']
[0.192s] Level 1:colcon.colcon_core.package_identification:_identify(src/DynamixelSDK/c#/protocol1.0/reset/win64/reset/Properties) by extension 'colcon_meta'
[0.192s] Level 1:colcon.colcon_core.package_identification:_identify(src/DynamixelSDK/c#/protocol1.0/reset/win64/reset/Properties) by extensions ['ros']
[0.192s] Level 1:colcon.colcon_core.package_identification:_identify(src/DynamixelSDK/c#/protocol1.0/reset/win64/reset/Properties) by extension 'ros'
[0.192s] Level 1:colcon.colcon_core.package_identification:_identify(src/DynamixelSDK/c#/protocol1.0/reset/win64/reset/Properties) by extensions ['cmake', 'python']
[0.192s] Level 1:colcon.colcon_core.package_identification:_identify(src/DynamixelSDK/c#/protocol1.0/reset/win64/reset/Properties) by extension 'cmake'
[0.192s] Level 1:colcon.colcon_core.package_identification:_identify(src/DynamixelSDK/c#/protocol1.0/reset/win64/reset/Properties) by extension 'python'
[0.192s] Level 1:colcon.colcon_core.package_identification:_identify(src/DynamixelSDK/c#/protocol1.0/reset/win64/reset/Properties) by extensions ['python_setup_py']
[0.192s] Level 1:colcon.colcon_core.package_identification:_identify(src/DynamixelSDK/c#/protocol1.0/reset/win64/reset/Properties) by extension 'python_setup_py'
[0.192s] Level 1:colcon.colcon_core.package_identification:_identify(src/DynamixelSDK/c#/protocol1.0/sync_write) by extensions ['ignore', 'ignore_ament_install']
[0.192s] Level 1:colcon.colcon_core.package_identification:_identify(src/DynamixelSDK/c#/protocol1.0/sync_write) by extension 'ignore'
[0.192s] Level 1:colcon.colcon_core.package_identification:_identify(src/DynamixelSDK/c#/protocol1.0/sync_write) by extension 'ignore_ament_install'
[0.193s] Level 1:colcon.colcon_core.package_identification:_identify(src/DynamixelSDK/c#/protocol1.0/sync_write) by extensions ['colcon_pkg']
[0.193s] Level 1:colcon.colcon_core.package_identification:_identify(src/DynamixelSDK/c#/protocol1.0/sync_write) by extension 'colcon_pkg'
[0.193s] Level 1:colcon.colcon_core.package_identification:_identify(src/DynamixelSDK/c#/protocol1.0/sync_write) by extensions ['colcon_meta']
[0.193s] Level 1:colcon.colcon_core.package_identification:_identify(src/DynamixelSDK/c#/protocol1.0/sync_write) by extension 'colcon_meta'
[0.193s] Level 1:colcon.colcon_core.package_identification:_identify(src/DynamixelSDK/c#/protocol1.0/sync_write) by extensions ['ros']
[0.193s] Level 1:colcon.colcon_core.package_identification:_identify(src/DynamixelSDK/c#/protocol1.0/sync_write) by extension 'ros'
[0.193s] Level 1:colcon.colcon_core.package_identification:_identify(src/DynamixelSDK/c#/protocol1.0/sync_write) by extensions ['cmake', 'python']
[0.193s] Level 1:colcon.colcon_core.package_identification:_identify(src/DynamixelSDK/c#/protocol1.0/sync_write) by extension 'cmake'
[0.193s] Level 1:colcon.colcon_core.package_identification:_identify(src/DynamixelSDK/c#/protocol1.0/sync_write) by extension 'python'
[0.193s] Level 1:colcon.colcon_core.package_identification:_identify(src/DynamixelSDK/c#/protocol1.0/sync_write) by extensions ['python_setup_py']
[0.193s] Level 1:colcon.colcon_core.package_identification:_identify(src/DynamixelSDK/c#/protocol1.0/sync_write) by extension 'python_setup_py'
[0.193s] Level 1:colcon.colcon_core.package_identification:_identify(src/DynamixelSDK/c#/protocol1.0/sync_write/win32) by extensions ['ignore', 'ignore_ament_install']
[0.193s] Level 1:colcon.colcon_core.package_identification:_identify(src/DynamixelSDK/c#/protocol1.0/sync_write/win32) by extension 'ignore'
[0.193s] Level 1:colcon.colcon_core.package_identification:_identify(src/DynamixelSDK/c#/protocol1.0/sync_write/win32) by extension 'ignore_ament_install'
[0.193s] Level 1:colcon.colcon_core.package_identification:_identify(src/DynamixelSDK/c#/protocol1.0/sync_write/win32) by extensions ['colcon_pkg']
[0.193s] Level 1:colcon.colcon_core.package_identification:_identify(src/DynamixelSDK/c#/protocol1.0/sync_write/win32) by extension 'colcon_pkg'
[0.193s] Level 1:colcon.colcon_core.package_identification:_identify(src/DynamixelSDK/c#/protocol1.0/sync_write/win32) by extensions ['colcon_meta']
[0.193s] Level 1:colcon.colcon_core.package_identification:_identify(src/DynamixelSDK/c#/protocol1.0/sync_write/win32) by extension 'colcon_meta'
[0.193s] Level 1:colcon.colcon_core.package_identification:_identify(src/DynamixelSDK/c#/protocol1.0/sync_write/win32) by extensions ['ros']
[0.193s] Level 1:colcon.colcon_core.package_identification:_identify(src/DynamixelSDK/c#/protocol1.0/sync_write/win32) by extension 'ros'
[0.193s] Level 1:colcon.colcon_core.package_identification:_identify(src/DynamixelSDK/c#/protocol1.0/sync_write/win32) by extensions ['cmake', 'python']
[0.193s] Level 1:colcon.colcon_core.package_identification:_identify(src/DynamixelSDK/c#/protocol1.0/sync_write/win32) by extension 'cmake'
[0.193s] Level 1:colcon.colcon_core.package_identification:_identify(src/DynamixelSDK/c#/protocol1.0/sync_write/win32) by extension 'python'
[0.193s] Level 1:colcon.colcon_core.package_identification:_identify(src/DynamixelSDK/c#/protocol1.0/sync_write/win32) by extensions ['python_setup_py']
[0.194s] Level 1:colcon.colcon_core.package_identification:_identify(src/DynamixelSDK/c#/protocol1.0/sync_write/win32) by extension 'python_setup_py'
[0.194s] Level 1:colcon.colcon_core.package_identification:_identify(src/DynamixelSDK/c#/protocol1.0/sync_write/win32/sync_write) by extensions ['ignore', 'ignore_ament_install']
[0.194s] Level 1:colcon.colcon_core.package_identification:_identify(src/DynamixelSDK/c#/protocol1.0/sync_write/win32/sync_write) by extension 'ignore'
[0.194s] Level 1:colcon.colcon_core.package_identification:_identify(src/DynamixelSDK/c#/protocol1.0/sync_write/win32/sync_write) by extension 'ignore_ament_install'
[0.194s] Level 1:colcon.colcon_core.package_identification:_identify(src/DynamixelSDK/c#/protocol1.0/sync_write/win32/sync_write) by extensions ['colcon_pkg']
[0.194s] Level 1:colcon.colcon_core.package_identification:_identify(src/DynamixelSDK/c#/protocol1.0/sync_write/win32/sync_write) by extension 'colcon_pkg'
[0.194s] Level 1:colcon.colcon_core.package_identification:_identify(src/DynamixelSDK/c#/protocol1.0/sync_write/win32/sync_write) by extensions ['colcon_meta']
[0.194s] Level 1:colcon.colcon_core.package_identification:_identify(src/DynamixelSDK/c#/protocol1.0/sync_write/win32/sync_write) by extension 'colcon_meta'
[0.194s] Level 1:colcon.colcon_core.package_identification:_identify(src/DynamixelSDK/c#/protocol1.0/sync_write/win32/sync_write) by extensions ['ros']
[0.194s] Level 1:colcon.colcon_core.package_identification:_identify(src/DynamixelSDK/c#/protocol1.0/sync_write/win32/sync_write) by extension 'ros'
[0.194s] Level 1:colcon.colcon_core.package_identification:_identify(src/DynamixelSDK/c#/protocol1.0/sync_write/win32/sync_write) by extensions ['cmake', 'python']
[0.194s] Level 1:colcon.colcon_core.package_identification:_identify(src/DynamixelSDK/c#/protocol1.0/sync_write/win32/sync_write) by extension 'cmake'
[0.194s] Level 1:colcon.colcon_core.package_identification:_identify(src/DynamixelSDK/c#/protocol1.0/sync_write/win32/sync_write) by extension 'python'
[0.194s] Level 1:colcon.colcon_core.package_identification:_identify(src/DynamixelSDK/c#/protocol1.0/sync_write/win32/sync_write) by extensions ['python_setup_py']
[0.194s] Level 1:colcon.colcon_core.package_identification:_identify(src/DynamixelSDK/c#/protocol1.0/sync_write/win32/sync_write) by extension 'python_setup_py'
[0.194s] Level 1:colcon.colcon_core.package_identification:_identify(src/DynamixelSDK/c#/protocol1.0/sync_write/win32/sync_write/Properties) by extensions ['ignore', 'ignore_ament_install']
[0.194s] Level 1:colcon.colcon_core.package_identification:_identify(src/DynamixelSDK/c#/protocol1.0/sync_write/win32/sync_write/Properties) by extension 'ignore'
[0.195s] Level 1:colcon.colcon_core.package_identification:_identify(src/DynamixelSDK/c#/protocol1.0/sync_write/win32/sync_write/Properties) by extension 'ignore_ament_install'
[0.195s] Level 1:colcon.colcon_core.package_identification:_identify(src/DynamixelSDK/c#/protocol1.0/sync_write/win32/sync_write/Properties) by extensions ['colcon_pkg']
[0.195s] Level 1:colcon.colcon_core.package_identification:_identify(src/DynamixelSDK/c#/protocol1.0/sync_write/win32/sync_write/Properties) by extension 'colcon_pkg'
[0.195s] Level 1:colcon.colcon_core.package_identification:_identify(src/DynamixelSDK/c#/protocol1.0/sync_write/win32/sync_write/Properties) by extensions ['colcon_meta']
[0.195s] Level 1:colcon.colcon_core.package_identification:_identify(src/DynamixelSDK/c#/protocol1.0/sync_write/win32/sync_write/Properties) by extension 'colcon_meta'
[0.195s] Level 1:colcon.colcon_core.package_identification:_identify(src/DynamixelSDK/c#/protocol1.0/sync_write/win32/sync_write/Properties) by extensions ['ros']
[0.195s] Level 1:colcon.colcon_core.package_identification:_identify(src/DynamixelSDK/c#/protocol1.0/sync_write/win32/sync_write/Properties) by extension 'ros'
[0.195s] Level 1:colcon.colcon_core.package_identification:_identify(src/DynamixelSDK/c#/protocol1.0/sync_write/win32/sync_write/Properties) by extensions ['cmake', 'python']
[0.195s] Level 1:colcon.colcon_core.package_identification:_identify(src/DynamixelSDK/c#/protocol1.0/sync_write/win32/sync_write/Properties) by extension 'cmake'
[0.195s] Level 1:colcon.colcon_core.package_identification:_identify(src/DynamixelSDK/c#/protocol1.0/sync_write/win32/sync_write/Properties) by extension 'python'
[0.195s] Level 1:colcon.colcon_core.package_identification:_identify(src/DynamixelSDK/c#/protocol1.0/sync_write/win32/sync_write/Properties) by extensions ['python_setup_py']
[0.195s] Level 1:colcon.colcon_core.package_identification:_identify(src/DynamixelSDK/c#/protocol1.0/sync_write/win32/sync_write/Properties) by extension 'python_setup_py'
[0.195s] Level 1:colcon.colcon_core.package_identification:_identify(src/DynamixelSDK/c#/protocol1.0/sync_write/win64) by extensions ['ignore', 'ignore_ament_install']
[0.195s] Level 1:colcon.colcon_core.package_identification:_identify(src/DynamixelSDK/c#/protocol1.0/sync_write/win64) by extension 'ignore'
[0.195s] Level 1:colcon.colcon_core.package_identification:_identify(src/DynamixelSDK/c#/protocol1.0/sync_write/win64) by extension 'ignore_ament_install'
[0.195s] Level 1:colcon.colcon_core.package_identification:_identify(src/DynamixelSDK/c#/protocol1.0/sync_write/win64) by extensions ['colcon_pkg']
[0.195s] Level 1:colcon.colcon_core.package_identification:_identify(src/DynamixelSDK/c#/protocol1.0/sync_write/win64) by extension 'colcon_pkg'
[0.195s] Level 1:colcon.colcon_core.package_identification:_identify(src/DynamixelSDK/c#/protocol1.0/sync_write/win64) by extensions ['colcon_meta']
[0.195s] Level 1:colcon.colcon_core.package_identification:_identify(src/DynamixelSDK/c#/protocol1.0/sync_write/win64) by extension 'colcon_meta'
[0.195s] Level 1:colcon.colcon_core.package_identification:_identify(src/DynamixelSDK/c#/protocol1.0/sync_write/win64) by extensions ['ros']
[0.195s] Level 1:colcon.colcon_core.package_identification:_identify(src/DynamixelSDK/c#/protocol1.0/sync_write/win64) by extension 'ros'
[0.195s] Level 1:colcon.colcon_core.package_identification:_identify(src/DynamixelSDK/c#/protocol1.0/sync_write/win64) by extensions ['cmake', 'python']
[0.195s] Level 1:colcon.colcon_core.package_identification:_identify(src/DynamixelSDK/c#/protocol1.0/sync_write/win64) by extension 'cmake'
[0.195s] Level 1:colcon.colcon_core.package_identification:_identify(src/DynamixelSDK/c#/protocol1.0/sync_write/win64) by extension 'python'
[0.196s] Level 1:colcon.colcon_core.package_identification:_identify(src/DynamixelSDK/c#/protocol1.0/sync_write/win64) by extensions ['python_setup_py']
[0.196s] Level 1:colcon.colcon_core.package_identification:_identify(src/DynamixelSDK/c#/protocol1.0/sync_write/win64) by extension 'python_setup_py'
[0.196s] Level 1:colcon.colcon_core.package_identification:_identify(src/DynamixelSDK/c#/protocol1.0/sync_write/win64/sync_write) by extensions ['ignore', 'ignore_ament_install']
[0.196s] Level 1:colcon.colcon_core.package_identification:_identify(src/DynamixelSDK/c#/protocol1.0/sync_write/win64/sync_write) by extension 'ignore'
[0.196s] Level 1:colcon.colcon_core.package_identification:_identify(src/DynamixelSDK/c#/protocol1.0/sync_write/win64/sync_write) by extension 'ignore_ament_install'
[0.196s] Level 1:colcon.colcon_core.package_identification:_identify(src/DynamixelSDK/c#/protocol1.0/sync_write/win64/sync_write) by extensions ['colcon_pkg']
[0.196s] Level 1:colcon.colcon_core.package_identification:_identify(src/DynamixelSDK/c#/protocol1.0/sync_write/win64/sync_write) by extension 'colcon_pkg'
[0.196s] Level 1:colcon.colcon_core.package_identification:_identify(src/DynamixelSDK/c#/protocol1.0/sync_write/win64/sync_write) by extensions ['colcon_meta']
[0.196s] Level 1:colcon.colcon_core.package_identification:_identify(src/DynamixelSDK/c#/protocol1.0/sync_write/win64/sync_write) by extension 'colcon_meta'
[0.196s] Level 1:colcon.colcon_core.package_identification:_identify(src/DynamixelSDK/c#/protocol1.0/sync_write/win64/sync_write) by extensions ['ros']
[0.196s] Level 1:colcon.colcon_core.package_identification:_identify(src/DynamixelSDK/c#/protocol1.0/sync_write/win64/sync_write) by extension 'ros'
[0.196s] Level 1:colcon.colcon_core.package_identification:_identify(src/DynamixelSDK/c#/protocol1.0/sync_write/win64/sync_write) by extensions ['cmake', 'python']
[0.196s] Level 1:colcon.colcon_core.package_identification:_identify(src/DynamixelSDK/c#/protocol1.0/sync_write/win64/sync_write) by extension 'cmake'
[0.196s] Level 1:colcon.colcon_core.package_identification:_identify(src/DynamixelSDK/c#/protocol1.0/sync_write/win64/sync_write) by extension 'python'
[0.196s] Level 1:colcon.colcon_core.package_identification:_identify(src/DynamixelSDK/c#/protocol1.0/sync_write/win64/sync_write) by extensions ['python_setup_py']
[0.196s] Level 1:colcon.colcon_core.package_identification:_identify(src/DynamixelSDK/c#/protocol1.0/sync_write/win64/sync_write) by extension 'python_setup_py'
[0.196s] Level 1:colcon.colcon_core.package_identification:_identify(src/DynamixelSDK/c#/protocol1.0/sync_write/win64/sync_write/Properties) by extensions ['ignore', 'ignore_ament_install']
[0.196s] Level 1:colcon.colcon_core.package_identification:_identify(src/DynamixelSDK/c#/protocol1.0/sync_write/win64/sync_write/Properties) by extension 'ignore'
[0.196s] Level 1:colcon.colcon_core.package_identification:_identify(src/DynamixelSDK/c#/protocol1.0/sync_write/win64/sync_write/Properties) by extension 'ignore_ament_install'
[0.197s] Level 1:colcon.colcon_core.package_identification:_identify(src/DynamixelSDK/c#/protocol1.0/sync_write/win64/sync_write/Properties) by extensions ['colcon_pkg']
[0.197s] Level 1:colcon.colcon_core.package_identification:_identify(src/DynamixelSDK/c#/protocol1.0/sync_write/win64/sync_write/Properties) by extension 'colcon_pkg'
[0.197s] Level 1:colcon.colcon_core.package_identification:_identify(src/DynamixelSDK/c#/protocol1.0/sync_write/win64/sync_write/Properties) by extensions ['colcon_meta']
[0.197s] Level 1:colcon.colcon_core.package_identification:_identify(src/DynamixelSDK/c#/protocol1.0/sync_write/win64/sync_write/Properties) by extension 'colcon_meta'
[0.197s] Level 1:colcon.colcon_core.package_identification:_identify(src/DynamixelSDK/c#/protocol1.0/sync_write/win64/sync_write/Properties) by extensions ['ros']
[0.197s] Level 1:colcon.colcon_core.package_identification:_identify(src/DynamixelSDK/c#/protocol1.0/sync_write/win64/sync_write/Properties) by extension 'ros'
[0.197s] Level 1:colcon.colcon_core.package_identification:_identify(src/DynamixelSDK/c#/protocol1.0/sync_write/win64/sync_write/Properties) by extensions ['cmake', 'python']
[0.197s] Level 1:colcon.colcon_core.package_identification:_identify(src/DynamixelSDK/c#/protocol1.0/sync_write/win64/sync_write/Properties) by extension 'cmake'
[0.197s] Level 1:colcon.colcon_core.package_identification:_identify(src/DynamixelSDK/c#/protocol1.0/sync_write/win64/sync_write/Properties) by extension 'python'
[0.197s] Level 1:colcon.colcon_core.package_identification:_identify(src/DynamixelSDK/c#/protocol1.0/sync_write/win64/sync_write/Properties) by extensions ['python_setup_py']
[0.197s] Level 1:colcon.colcon_core.package_identification:_identify(src/DynamixelSDK/c#/protocol1.0/sync_write/win64/sync_write/Properties) by extension 'python_setup_py'
[0.197s] Level 1:colcon.colcon_core.package_identification:_identify(src/DynamixelSDK/c#/protocol2.0) by extensions ['ignore', 'ignore_ament_install']
[0.197s] Level 1:colcon.colcon_core.package_identification:_identify(src/DynamixelSDK/c#/protocol2.0) by extension 'ignore'
[0.197s] Level 1:colcon.colcon_core.package_identification:_identify(src/DynamixelSDK/c#/protocol2.0) by extension 'ignore_ament_install'
[0.197s] Level 1:colcon.colcon_core.package_identification:_identify(src/DynamixelSDK/c#/protocol2.0) by extensions ['colcon_pkg']
[0.197s] Level 1:colcon.colcon_core.package_identification:_identify(src/DynamixelSDK/c#/protocol2.0) by extension 'colcon_pkg'
[0.197s] Level 1:colcon.colcon_core.package_identification:_identify(src/DynamixelSDK/c#/protocol2.0) by extensions ['colcon_meta']
[0.197s] Level 1:colcon.colcon_core.package_identification:_identify(src/DynamixelSDK/c#/protocol2.0) by extension 'colcon_meta'
[0.197s] Level 1:colcon.colcon_core.package_identification:_identify(src/DynamixelSDK/c#/protocol2.0) by extensions ['ros']
[0.197s] Level 1:colcon.colcon_core.package_identification:_identify(src/DynamixelSDK/c#/protocol2.0) by extension 'ros'
[0.197s] Level 1:colcon.colcon_core.package_identification:_identify(src/DynamixelSDK/c#/protocol2.0) by extensions ['cmake', 'python']
[0.197s] Level 1:colcon.colcon_core.package_identification:_identify(src/DynamixelSDK/c#/protocol2.0) by extension 'cmake'
[0.197s] Level 1:colcon.colcon_core.package_identification:_identify(src/DynamixelSDK/c#/protocol2.0) by extension 'python'
[0.197s] Level 1:colcon.colcon_core.package_identification:_identify(src/DynamixelSDK/c#/protocol2.0) by extensions ['python_setup_py']
[0.197s] Level 1:colcon.colcon_core.package_identification:_identify(src/DynamixelSDK/c#/protocol2.0) by extension 'python_setup_py'
[0.198s] Level 1:colcon.colcon_core.package_identification:_identify(src/DynamixelSDK/c#/protocol2.0/broadcast_ping) by extensions ['ignore', 'ignore_ament_install']
[0.198s] Level 1:colcon.colcon_core.package_identification:_identify(src/DynamixelSDK/c#/protocol2.0/broadcast_ping) by extension 'ignore'
[0.198s] Level 1:colcon.colcon_core.package_identification:_identify(src/DynamixelSDK/c#/protocol2.0/broadcast_ping) by extension 'ignore_ament_install'
[0.198s] Level 1:colcon.colcon_core.package_identification:_identify(src/DynamixelSDK/c#/protocol2.0/broadcast_ping) by extensions ['colcon_pkg']
[0.198s] Level 1:colcon.colcon_core.package_identification:_identify(src/DynamixelSDK/c#/protocol2.0/broadcast_ping) by extension 'colcon_pkg'
[0.198s] Level 1:colcon.colcon_core.package_identification:_identify(src/DynamixelSDK/c#/protocol2.0/broadcast_ping) by extensions ['colcon_meta']
[0.198s] Level 1:colcon.colcon_core.package_identification:_identify(src/DynamixelSDK/c#/protocol2.0/broadcast_ping) by extension 'colcon_meta'
[0.198s] Level 1:colcon.colcon_core.package_identification:_identify(src/DynamixelSDK/c#/protocol2.0/broadcast_ping) by extensions ['ros']
[0.198s] Level 1:colcon.colcon_core.package_identification:_identify(src/DynamixelSDK/c#/protocol2.0/broadcast_ping) by extension 'ros'
[0.198s] Level 1:colcon.colcon_core.package_identification:_identify(src/DynamixelSDK/c#/protocol2.0/broadcast_ping) by extensions ['cmake', 'python']
[0.198s] Level 1:colcon.colcon_core.package_identification:_identify(src/DynamixelSDK/c#/protocol2.0/broadcast_ping) by extension 'cmake'
[0.198s] Level 1:colcon.colcon_core.package_identification:_identify(src/DynamixelSDK/c#/protocol2.0/broadcast_ping) by extension 'python'
[0.198s] Level 1:colcon.colcon_core.package_identification:_identify(src/DynamixelSDK/c#/protocol2.0/broadcast_ping) by extensions ['python_setup_py']
[0.198s] Level 1:colcon.colcon_core.package_identification:_identify(src/DynamixelSDK/c#/protocol2.0/broadcast_ping) by extension 'python_setup_py'
[0.198s] Level 1:colcon.colcon_core.package_identification:_identify(src/DynamixelSDK/c#/protocol2.0/broadcast_ping/win32) by extensions ['ignore', 'ignore_ament_install']
[0.198s] Level 1:colcon.colcon_core.package_identification:_identify(src/DynamixelSDK/c#/protocol2.0/broadcast_ping/win32) by extension 'ignore'
[0.198s] Level 1:colcon.colcon_core.package_identification:_identify(src/DynamixelSDK/c#/protocol2.0/broadcast_ping/win32) by extension 'ignore_ament_install'
[0.198s] Level 1:colcon.colcon_core.package_identification:_identify(src/DynamixelSDK/c#/protocol2.0/broadcast_ping/win32) by extensions ['colcon_pkg']
[0.198s] Level 1:colcon.colcon_core.package_identification:_identify(src/DynamixelSDK/c#/protocol2.0/broadcast_ping/win32) by extension 'colcon_pkg'
[0.198s] Level 1:colcon.colcon_core.package_identification:_identify(src/DynamixelSDK/c#/protocol2.0/broadcast_ping/win32) by extensions ['colcon_meta']
[0.198s] Level 1:colcon.colcon_core.package_identification:_identify(src/DynamixelSDK/c#/protocol2.0/broadcast_ping/win32) by extension 'colcon_meta'
[0.199s] Level 1:colcon.colcon_core.package_identification:_identify(src/DynamixelSDK/c#/protocol2.0/broadcast_ping/win32) by extensions ['ros']
[0.199s] Level 1:colcon.colcon_core.package_identification:_identify(src/DynamixelSDK/c#/protocol2.0/broadcast_ping/win32) by extension 'ros'
[0.199s] Level 1:colcon.colcon_core.package_identification:_identify(src/DynamixelSDK/c#/protocol2.0/broadcast_ping/win32) by extensions ['cmake', 'python']
[0.199s] Level 1:colcon.colcon_core.package_identification:_identify(src/DynamixelSDK/c#/protocol2.0/broadcast_ping/win32) by extension 'cmake'
[0.199s] Level 1:colcon.colcon_core.package_identification:_identify(src/DynamixelSDK/c#/protocol2.0/broadcast_ping/win32) by extension 'python'
[0.199s] Level 1:colcon.colcon_core.package_identification:_identify(src/DynamixelSDK/c#/protocol2.0/broadcast_ping/win32) by extensions ['python_setup_py']
[0.199s] Level 1:colcon.colcon_core.package_identification:_identify(src/DynamixelSDK/c#/protocol2.0/broadcast_ping/win32) by extension 'python_setup_py'
[0.199s] Level 1:colcon.colcon_core.package_identification:_identify(src/DynamixelSDK/c#/protocol2.0/broadcast_ping/win32/broadcast_ping) by extensions ['ignore', 'ignore_ament_install']
[0.199s] Level 1:colcon.colcon_core.package_identification:_identify(src/DynamixelSDK/c#/protocol2.0/broadcast_ping/win32/broadcast_ping) by extension 'ignore'
[0.199s] Level 1:colcon.colcon_core.package_identification:_identify(src/DynamixelSDK/c#/protocol2.0/broadcast_ping/win32/broadcast_ping) by extension 'ignore_ament_install'
[0.199s] Level 1:colcon.colcon_core.package_identification:_identify(src/DynamixelSDK/c#/protocol2.0/broadcast_ping/win32/broadcast_ping) by extensions ['colcon_pkg']
[0.199s] Level 1:colcon.colcon_core.package_identification:_identify(src/DynamixelSDK/c#/protocol2.0/broadcast_ping/win32/broadcast_ping) by extension 'colcon_pkg'
[0.199s] Level 1:colcon.colcon_core.package_identification:_identify(src/DynamixelSDK/c#/protocol2.0/broadcast_ping/win32/broadcast_ping) by extensions ['colcon_meta']
[0.199s] Level 1:colcon.colcon_core.package_identification:_identify(src/DynamixelSDK/c#/protocol2.0/broadcast_ping/win32/broadcast_ping) by extension 'colcon_meta'
[0.199s] Level 1:colcon.colcon_core.package_identification:_identify(src/DynamixelSDK/c#/protocol2.0/broadcast_ping/win32/broadcast_ping) by extensions ['ros']
[0.199s] Level 1:colcon.colcon_core.package_identification:_identify(src/DynamixelSDK/c#/protocol2.0/broadcast_ping/win32/broadcast_ping) by extension 'ros'
[0.199s] Level 1:colcon.colcon_core.package_identification:_identify(src/DynamixelSDK/c#/protocol2.0/broadcast_ping/win32/broadcast_ping) by extensions ['cmake', 'python']
[0.199s] Level 1:colcon.colcon_core.package_identification:_identify(src/DynamixelSDK/c#/protocol2.0/broadcast_ping/win32/broadcast_ping) by extension 'cmake'
[0.199s] Level 1:colcon.colcon_core.package_identification:_identify(src/DynamixelSDK/c#/protocol2.0/broadcast_ping/win32/broadcast_ping) by extension 'python'
[0.199s] Level 1:colcon.colcon_core.package_identification:_identify(src/DynamixelSDK/c#/protocol2.0/broadcast_ping/win32/broadcast_ping) by extensions ['python_setup_py']
[0.199s] Level 1:colcon.colcon_core.package_identification:_identify(src/DynamixelSDK/c#/protocol2.0/broadcast_ping/win32/broadcast_ping) by extension 'python_setup_py'
[0.200s] Level 1:colcon.colcon_core.package_identification:_identify(src/DynamixelSDK/c#/protocol2.0/broadcast_ping/win32/broadcast_ping/Properties) by extensions ['ignore', 'ignore_ament_install']
[0.200s] Level 1:colcon.colcon_core.package_identification:_identify(src/DynamixelSDK/c#/protocol2.0/broadcast_ping/win32/broadcast_ping/Properties) by extension 'ignore'
[0.200s] Level 1:colcon.colcon_core.package_identification:_identify(src/DynamixelSDK/c#/protocol2.0/broadcast_ping/win32/broadcast_ping/Properties) by extension 'ignore_ament_install'
[0.200s] Level 1:colcon.colcon_core.package_identification:_identify(src/DynamixelSDK/c#/protocol2.0/broadcast_ping/win32/broadcast_ping/Properties) by extensions ['colcon_pkg']
[0.200s] Level 1:colcon.colcon_core.package_identification:_identify(src/DynamixelSDK/c#/protocol2.0/broadcast_ping/win32/broadcast_ping/Properties) by extension 'colcon_pkg'
[0.200s] Level 1:colcon.colcon_core.package_identification:_identify(src/DynamixelSDK/c#/protocol2.0/broadcast_ping/win32/broadcast_ping/Properties) by extensions ['colcon_meta']
[0.200s] Level 1:colcon.colcon_core.package_identification:_identify(src/DynamixelSDK/c#/protocol2.0/broadcast_ping/win32/broadcast_ping/Properties) by extension 'colcon_meta'
[0.200s] Level 1:colcon.colcon_core.package_identification:_identify(src/DynamixelSDK/c#/protocol2.0/broadcast_ping/win32/broadcast_ping/Properties) by extensions ['ros']
[0.200s] Level 1:colcon.colcon_core.package_identification:_identify(src/DynamixelSDK/c#/protocol2.0/broadcast_ping/win32/broadcast_ping/Properties) by extension 'ros'
[0.200s] Level 1:colcon.colcon_core.package_identification:_identify(src/DynamixelSDK/c#/protocol2.0/broadcast_ping/win32/broadcast_ping/Properties) by extensions ['cmake', 'python']
[0.200s] Level 1:colcon.colcon_core.package_identification:_identify(src/DynamixelSDK/c#/protocol2.0/broadcast_ping/win32/broadcast_ping/Properties) by extension 'cmake'
[0.200s] Level 1:colcon.colcon_core.package_identification:_identify(src/DynamixelSDK/c#/protocol2.0/broadcast_ping/win32/broadcast_ping/Properties) by extension 'python'
[0.200s] Level 1:colcon.colcon_core.package_identification:_identify(src/DynamixelSDK/c#/protocol2.0/broadcast_ping/win32/broadcast_ping/Properties) by extensions ['python_setup_py']
[0.200s] Level 1:colcon.colcon_core.package_identification:_identify(src/DynamixelSDK/c#/protocol2.0/broadcast_ping/win32/broadcast_ping/Properties) by extension 'python_setup_py'
[0.200s] Level 1:colcon.colcon_core.package_identification:_identify(src/DynamixelSDK/c#/protocol2.0/broadcast_ping/win64) by extensions ['ignore', 'ignore_ament_install']
[0.200s] Level 1:colcon.colcon_core.package_identification:_identify(src/DynamixelSDK/c#/protocol2.0/broadcast_ping/win64) by extension 'ignore'
[0.200s] Level 1:colcon.colcon_core.package_identification:_identify(src/DynamixelSDK/c#/protocol2.0/broadcast_ping/win64) by extension 'ignore_ament_install'
[0.200s] Level 1:colcon.colcon_core.package_identification:_identify(src/DynamixelSDK/c#/protocol2.0/broadcast_ping/win64) by extensions ['colcon_pkg']
[0.200s] Level 1:colcon.colcon_core.package_identification:_identify(src/DynamixelSDK/c#/protocol2.0/broadcast_ping/win64) by extension 'colcon_pkg'
[0.200s] Level 1:colcon.colcon_core.package_identification:_identify(src/DynamixelSDK/c#/protocol2.0/broadcast_ping/win64) by extensions ['colcon_meta']
[0.200s] Level 1:colcon.colcon_core.package_identification:_identify(src/DynamixelSDK/c#/protocol2.0/broadcast_ping/win64) by extension 'colcon_meta'
[0.200s] Level 1:colcon.colcon_core.package_identification:_identify(src/DynamixelSDK/c#/protocol2.0/broadcast_ping/win64) by extensions ['ros']
[0.200s] Level 1:colcon.colcon_core.package_identification:_identify(src/DynamixelSDK/c#/protocol2.0/broadcast_ping/win64) by extension 'ros'
[0.201s] Level 1:colcon.colcon_core.package_identification:_identify(src/DynamixelSDK/c#/protocol2.0/broadcast_ping/win64) by extensions ['cmake', 'python']
[0.201s] Level 1:colcon.colcon_core.package_identification:_identify(src/DynamixelSDK/c#/protocol2.0/broadcast_ping/win64) by extension 'cmake'
[0.201s] Level 1:colcon.colcon_core.package_identification:_identify(src/DynamixelSDK/c#/protocol2.0/broadcast_ping/win64) by extension 'python'
[0.201s] Level 1:colcon.colcon_core.package_identification:_identify(src/DynamixelSDK/c#/protocol2.0/broadcast_ping/win64) by extensions ['python_setup_py']
[0.201s] Level 1:colcon.colcon_core.package_identification:_identify(src/DynamixelSDK/c#/protocol2.0/broadcast_ping/win64) by extension 'python_setup_py'
[0.201s] Level 1:colcon.colcon_core.package_identification:_identify(src/DynamixelSDK/c#/protocol2.0/broadcast_ping/win64/broadcast_ping) by extensions ['ignore', 'ignore_ament_install']
[0.201s] Level 1:colcon.colcon_core.package_identification:_identify(src/DynamixelSDK/c#/protocol2.0/broadcast_ping/win64/broadcast_ping) by extension 'ignore'
[0.201s] Level 1:colcon.colcon_core.package_identification:_identify(src/DynamixelSDK/c#/protocol2.0/broadcast_ping/win64/broadcast_ping) by extension 'ignore_ament_install'
[0.201s] Level 1:colcon.colcon_core.package_identification:_identify(src/DynamixelSDK/c#/protocol2.0/broadcast_ping/win64/broadcast_ping) by extensions ['colcon_pkg']
[0.201s] Level 1:colcon.colcon_core.package_identification:_identify(src/DynamixelSDK/c#/protocol2.0/broadcast_ping/win64/broadcast_ping) by extension 'colcon_pkg'
[0.201s] Level 1:colcon.colcon_core.package_identification:_identify(src/DynamixelSDK/c#/protocol2.0/broadcast_ping/win64/broadcast_ping) by extensions ['colcon_meta']
[0.201s] Level 1:colcon.colcon_core.package_identification:_identify(src/DynamixelSDK/c#/protocol2.0/broadcast_ping/win64/broadcast_ping) by extension 'colcon_meta'
[0.201s] Level 1:colcon.colcon_core.package_identification:_identify(src/DynamixelSDK/c#/protocol2.0/broadcast_ping/win64/broadcast_ping) by extensions ['ros']
[0.201s] Level 1:colcon.colcon_core.package_identification:_identify(src/DynamixelSDK/c#/protocol2.0/broadcast_ping/win64/broadcast_ping) by extension 'ros'
[0.201s] Level 1:colcon.colcon_core.package_identification:_identify(src/DynamixelSDK/c#/protocol2.0/broadcast_ping/win64/broadcast_ping) by extensions ['cmake', 'python']
[0.201s] Level 1:colcon.colcon_core.package_identification:_identify(src/DynamixelSDK/c#/protocol2.0/broadcast_ping/win64/broadcast_ping) by extension 'cmake'
[0.201s] Level 1:colcon.colcon_core.package_identification:_identify(src/DynamixelSDK/c#/protocol2.0/broadcast_ping/win64/broadcast_ping) by extension 'python'
[0.201s] Level 1:colcon.colcon_core.package_identification:_identify(src/DynamixelSDK/c#/protocol2.0/broadcast_ping/win64/broadcast_ping) by extensions ['python_setup_py']
[0.201s] Level 1:colcon.colcon_core.package_identification:_identify(src/DynamixelSDK/c#/protocol2.0/broadcast_ping/win64/broadcast_ping) by extension 'python_setup_py'
[0.201s] Level 1:colcon.colcon_core.package_identification:_identify(src/DynamixelSDK/c#/protocol2.0/broadcast_ping/win64/broadcast_ping/Properties) by extensions ['ignore', 'ignore_ament_install']
[0.202s] Level 1:colcon.colcon_core.package_identification:_identify(src/DynamixelSDK/c#/protocol2.0/broadcast_ping/win64/broadcast_ping/Properties) by extension 'ignore'
[0.202s] Level 1:colcon.colcon_core.package_identification:_identify(src/DynamixelSDK/c#/protocol2.0/broadcast_ping/win64/broadcast_ping/Properties) by extension 'ignore_ament_install'
[0.202s] Level 1:colcon.colcon_core.package_identification:_identify(src/DynamixelSDK/c#/protocol2.0/broadcast_ping/win64/broadcast_ping/Properties) by extensions ['colcon_pkg']
[0.202s] Level 1:colcon.colcon_core.package_identification:_identify(src/DynamixelSDK/c#/protocol2.0/broadcast_ping/win64/broadcast_ping/Properties) by extension 'colcon_pkg'
[0.202s] Level 1:colcon.colcon_core.package_identification:_identify(src/DynamixelSDK/c#/protocol2.0/broadcast_ping/win64/broadcast_ping/Properties) by extensions ['colcon_meta']
[0.202s] Level 1:colcon.colcon_core.package_identification:_identify(src/DynamixelSDK/c#/protocol2.0/broadcast_ping/win64/broadcast_ping/Properties) by extension 'colcon_meta'
[0.202s] Level 1:colcon.colcon_core.package_identification:_identify(src/DynamixelSDK/c#/protocol2.0/broadcast_ping/win64/broadcast_ping/Properties) by extensions ['ros']
[0.202s] Level 1:colcon.colcon_core.package_identification:_identify(src/DynamixelSDK/c#/protocol2.0/broadcast_ping/win64/broadcast_ping/Properties) by extension 'ros'
[0.202s] Level 1:colcon.colcon_core.package_identification:_identify(src/DynamixelSDK/c#/protocol2.0/broadcast_ping/win64/broadcast_ping/Properties) by extensions ['cmake', 'python']
[0.202s] Level 1:colcon.colcon_core.package_identification:_identify(src/DynamixelSDK/c#/protocol2.0/broadcast_ping/win64/broadcast_ping/Properties) by extension 'cmake'
[0.202s] Level 1:colcon.colcon_core.package_identification:_identify(src/DynamixelSDK/c#/protocol2.0/broadcast_ping/win64/broadcast_ping/Properties) by extension 'python'
[0.202s] Level 1:colcon.colcon_core.package_identification:_identify(src/DynamixelSDK/c#/protocol2.0/broadcast_ping/win64/broadcast_ping/Properties) by extensions ['python_setup_py']
[0.202s] Level 1:colcon.colcon_core.package_identification:_identify(src/DynamixelSDK/c#/protocol2.0/broadcast_ping/win64/broadcast_ping/Properties) by extension 'python_setup_py'
[0.202s] Level 1:colcon.colcon_core.package_identification:_identify(src/DynamixelSDK/c#/protocol2.0/bulk_read_write) by extensions ['ignore', 'ignore_ament_install']
[0.202s] Level 1:colcon.colcon_core.package_identification:_identify(src/DynamixelSDK/c#/protocol2.0/bulk_read_write) by extension 'ignore'
[0.202s] Level 1:colcon.colcon_core.package_identification:_identify(src/DynamixelSDK/c#/protocol2.0/bulk_read_write) by extension 'ignore_ament_install'
[0.202s] Level 1:colcon.colcon_core.package_identification:_identify(src/DynamixelSDK/c#/protocol2.0/bulk_read_write) by extensions ['colcon_pkg']
[0.202s] Level 1:colcon.colcon_core.package_identification:_identify(src/DynamixelSDK/c#/protocol2.0/bulk_read_write) by extension 'colcon_pkg'
[0.202s] Level 1:colcon.colcon_core.package_identification:_identify(src/DynamixelSDK/c#/protocol2.0/bulk_read_write) by extensions ['colcon_meta']
[0.202s] Level 1:colcon.colcon_core.package_identification:_identify(src/DynamixelSDK/c#/protocol2.0/bulk_read_write) by extension 'colcon_meta'
[0.202s] Level 1:colcon.colcon_core.package_identification:_identify(src/DynamixelSDK/c#/protocol2.0/bulk_read_write) by extensions ['ros']
[0.202s] Level 1:colcon.colcon_core.package_identification:_identify(src/DynamixelSDK/c#/protocol2.0/bulk_read_write) by extension 'ros'
[0.202s] Level 1:colcon.colcon_core.package_identification:_identify(src/DynamixelSDK/c#/protocol2.0/bulk_read_write) by extensions ['cmake', 'python']
[0.203s] Level 1:colcon.colcon_core.package_identification:_identify(src/DynamixelSDK/c#/protocol2.0/bulk_read_write) by extension 'cmake'
[0.203s] Level 1:colcon.colcon_core.package_identification:_identify(src/DynamixelSDK/c#/protocol2.0/bulk_read_write) by extension 'python'
[0.203s] Level 1:colcon.colcon_core.package_identification:_identify(src/DynamixelSDK/c#/protocol2.0/bulk_read_write) by extensions ['python_setup_py']
[0.203s] Level 1:colcon.colcon_core.package_identification:_identify(src/DynamixelSDK/c#/protocol2.0/bulk_read_write) by extension 'python_setup_py'
[0.203s] Level 1:colcon.colcon_core.package_identification:_identify(src/DynamixelSDK/c#/protocol2.0/bulk_read_write/win32) by extensions ['ignore', 'ignore_ament_install']
[0.203s] Level 1:colcon.colcon_core.package_identification:_identify(src/DynamixelSDK/c#/protocol2.0/bulk_read_write/win32) by extension 'ignore'
[0.203s] Level 1:colcon.colcon_core.package_identification:_identify(src/DynamixelSDK/c#/protocol2.0/bulk_read_write/win32) by extension 'ignore_ament_install'
[0.203s] Level 1:colcon.colcon_core.package_identification:_identify(src/DynamixelSDK/c#/protocol2.0/bulk_read_write/win32) by extensions ['colcon_pkg']
[0.203s] Level 1:colcon.colcon_core.package_identification:_identify(src/DynamixelSDK/c#/protocol2.0/bulk_read_write/win32) by extension 'colcon_pkg'
[0.203s] Level 1:colcon.colcon_core.package_identification:_identify(src/DynamixelSDK/c#/protocol2.0/bulk_read_write/win32) by extensions ['colcon_meta']
[0.203s] Level 1:colcon.colcon_core.package_identification:_identify(src/DynamixelSDK/c#/protocol2.0/bulk_read_write/win32) by extension 'colcon_meta'
[0.203s] Level 1:colcon.colcon_core.package_identification:_identify(src/DynamixelSDK/c#/protocol2.0/bulk_read_write/win32) by extensions ['ros']
[0.203s] Level 1:colcon.colcon_core.package_identification:_identify(src/DynamixelSDK/c#/protocol2.0/bulk_read_write/win32) by extension 'ros'
[0.203s] Level 1:colcon.colcon_core.package_identification:_identify(src/DynamixelSDK/c#/protocol2.0/bulk_read_write/win32) by extensions ['cmake', 'python']
[0.203s] Level 1:colcon.colcon_core.package_identification:_identify(src/DynamixelSDK/c#/protocol2.0/bulk_read_write/win32) by extension 'cmake'
[0.203s] Level 1:colcon.colcon_core.package_identification:_identify(src/DynamixelSDK/c#/protocol2.0/bulk_read_write/win32) by extension 'python'
[0.203s] Level 1:colcon.colcon_core.package_identification:_identify(src/DynamixelSDK/c#/protocol2.0/bulk_read_write/win32) by extensions ['python_setup_py']
[0.203s] Level 1:colcon.colcon_core.package_identification:_identify(src/DynamixelSDK/c#/protocol2.0/bulk_read_write/win32) by extension 'python_setup_py'
[0.204s] Level 1:colcon.colcon_core.package_identification:_identify(src/DynamixelSDK/c#/protocol2.0/bulk_read_write/win32/bulk_read_write) by extensions ['ignore', 'ignore_ament_install']
[0.204s] Level 1:colcon.colcon_core.package_identification:_identify(src/DynamixelSDK/c#/protocol2.0/bulk_read_write/win32/bulk_read_write) by extension 'ignore'
[0.204s] Level 1:colcon.colcon_core.package_identification:_identify(src/DynamixelSDK/c#/protocol2.0/bulk_read_write/win32/bulk_read_write) by extension 'ignore_ament_install'
[0.204s] Level 1:colcon.colcon_core.package_identification:_identify(src/DynamixelSDK/c#/protocol2.0/bulk_read_write/win32/bulk_read_write) by extensions ['colcon_pkg']
[0.204s] Level 1:colcon.colcon_core.package_identification:_identify(src/DynamixelSDK/c#/protocol2.0/bulk_read_write/win32/bulk_read_write) by extension 'colcon_pkg'
[0.204s] Level 1:colcon.colcon_core.package_identification:_identify(src/DynamixelSDK/c#/protocol2.0/bulk_read_write/win32/bulk_read_write) by extensions ['colcon_meta']
[0.204s] Level 1:colcon.colcon_core.package_identification:_identify(src/DynamixelSDK/c#/protocol2.0/bulk_read_write/win32/bulk_read_write) by extension 'colcon_meta'
[0.204s] Level 1:colcon.colcon_core.package_identification:_identify(src/DynamixelSDK/c#/protocol2.0/bulk_read_write/win32/bulk_read_write) by extensions ['ros']
[0.204s] Level 1:colcon.colcon_core.package_identification:_identify(src/DynamixelSDK/c#/protocol2.0/bulk_read_write/win32/bulk_read_write) by extension 'ros'
[0.204s] Level 1:colcon.colcon_core.package_identification:_identify(src/DynamixelSDK/c#/protocol2.0/bulk_read_write/win32/bulk_read_write) by extensions ['cmake', 'python']
[0.204s] Level 1:colcon.colcon_core.package_identification:_identify(src/DynamixelSDK/c#/protocol2.0/bulk_read_write/win32/bulk_read_write) by extension 'cmake'
[0.204s] Level 1:colcon.colcon_core.package_identification:_identify(src/DynamixelSDK/c#/protocol2.0/bulk_read_write/win32/bulk_read_write) by extension 'python'
[0.204s] Level 1:colcon.colcon_core.package_identification:_identify(src/DynamixelSDK/c#/protocol2.0/bulk_read_write/win32/bulk_read_write) by extensions ['python_setup_py']
[0.204s] Level 1:colcon.colcon_core.package_identification:_identify(src/DynamixelSDK/c#/protocol2.0/bulk_read_write/win32/bulk_read_write) by extension 'python_setup_py'
[0.204s] Level 1:colcon.colcon_core.package_identification:_identify(src/DynamixelSDK/c#/protocol2.0/bulk_read_write/win32/bulk_read_write/Properties) by extensions ['ignore', 'ignore_ament_install']
[0.204s] Level 1:colcon.colcon_core.package_identification:_identify(src/DynamixelSDK/c#/protocol2.0/bulk_read_write/win32/bulk_read_write/Properties) by extension 'ignore'
[0.204s] Level 1:colcon.colcon_core.package_identification:_identify(src/DynamixelSDK/c#/protocol2.0/bulk_read_write/win32/bulk_read_write/Properties) by extension 'ignore_ament_install'
[0.204s] Level 1:colcon.colcon_core.package_identification:_identify(src/DynamixelSDK/c#/protocol2.0/bulk_read_write/win32/bulk_read_write/Properties) by extensions ['colcon_pkg']
[0.204s] Level 1:colcon.colcon_core.package_identification:_identify(src/DynamixelSDK/c#/protocol2.0/bulk_read_write/win32/bulk_read_write/Properties) by extension 'colcon_pkg'
[0.204s] Level 1:colcon.colcon_core.package_identification:_identify(src/DynamixelSDK/c#/protocol2.0/bulk_read_write/win32/bulk_read_write/Properties) by extensions ['colcon_meta']
[0.204s] Level 1:colcon.colcon_core.package_identification:_identify(src/DynamixelSDK/c#/protocol2.0/bulk_read_write/win32/bulk_read_write/Properties) by extension 'colcon_meta'
[0.205s] Level 1:colcon.colcon_core.package_identification:_identify(src/DynamixelSDK/c#/protocol2.0/bulk_read_write/win32/bulk_read_write/Properties) by extensions ['ros']
[0.205s] Level 1:colcon.colcon_core.package_identification:_identify(src/DynamixelSDK/c#/protocol2.0/bulk_read_write/win32/bulk_read_write/Properties) by extension 'ros'
[0.205s] Level 1:colcon.colcon_core.package_identification:_identify(src/DynamixelSDK/c#/protocol2.0/bulk_read_write/win32/bulk_read_write/Properties) by extensions ['cmake', 'python']
[0.205s] Level 1:colcon.colcon_core.package_identification:_identify(src/DynamixelSDK/c#/protocol2.0/bulk_read_write/win32/bulk_read_write/Properties) by extension 'cmake'
[0.205s] Level 1:colcon.colcon_core.package_identification:_identify(src/DynamixelSDK/c#/protocol2.0/bulk_read_write/win32/bulk_read_write/Properties) by extension 'python'
[0.205s] Level 1:colcon.colcon_core.package_identification:_identify(src/DynamixelSDK/c#/protocol2.0/bulk_read_write/win32/bulk_read_write/Properties) by extensions ['python_setup_py']
[0.205s] Level 1:colcon.colcon_core.package_identification:_identify(src/DynamixelSDK/c#/protocol2.0/bulk_read_write/win32/bulk_read_write/Properties) by extension 'python_setup_py'
[0.205s] Level 1:colcon.colcon_core.package_identification:_identify(src/DynamixelSDK/c#/protocol2.0/bulk_read_write/win64) by extensions ['ignore', 'ignore_ament_install']
[0.205s] Level 1:colcon.colcon_core.package_identification:_identify(src/DynamixelSDK/c#/protocol2.0/bulk_read_write/win64) by extension 'ignore'
[0.205s] Level 1:colcon.colcon_core.package_identification:_identify(src/DynamixelSDK/c#/protocol2.0/bulk_read_write/win64) by extension 'ignore_ament_install'
[0.205s] Level 1:colcon.colcon_core.package_identification:_identify(src/DynamixelSDK/c#/protocol2.0/bulk_read_write/win64) by extensions ['colcon_pkg']
[0.205s] Level 1:colcon.colcon_core.package_identification:_identify(src/DynamixelSDK/c#/protocol2.0/bulk_read_write/win64) by extension 'colcon_pkg'
[0.205s] Level 1:colcon.colcon_core.package_identification:_identify(src/DynamixelSDK/c#/protocol2.0/bulk_read_write/win64) by extensions ['colcon_meta']
[0.205s] Level 1:colcon.colcon_core.package_identification:_identify(src/DynamixelSDK/c#/protocol2.0/bulk_read_write/win64) by extension 'colcon_meta'
[0.205s] Level 1:colcon.colcon_core.package_identification:_identify(src/DynamixelSDK/c#/protocol2.0/bulk_read_write/win64) by extensions ['ros']
[0.205s] Level 1:colcon.colcon_core.package_identification:_identify(src/DynamixelSDK/c#/protocol2.0/bulk_read_write/win64) by extension 'ros'
[0.205s] Level 1:colcon.colcon_core.package_identification:_identify(src/DynamixelSDK/c#/protocol2.0/bulk_read_write/win64) by extensions ['cmake', 'python']
[0.205s] Level 1:colcon.colcon_core.package_identification:_identify(src/DynamixelSDK/c#/protocol2.0/bulk_read_write/win64) by extension 'cmake'
[0.205s] Level 1:colcon.colcon_core.package_identification:_identify(src/DynamixelSDK/c#/protocol2.0/bulk_read_write/win64) by extension 'python'
[0.205s] Level 1:colcon.colcon_core.package_identification:_identify(src/DynamixelSDK/c#/protocol2.0/bulk_read_write/win64) by extensions ['python_setup_py']
[0.205s] Level 1:colcon.colcon_core.package_identification:_identify(src/DynamixelSDK/c#/protocol2.0/bulk_read_write/win64) by extension 'python_setup_py'
[0.206s] Level 1:colcon.colcon_core.package_identification:_identify(src/DynamixelSDK/c#/protocol2.0/bulk_read_write/win64/bulk_read_write) by extensions ['ignore', 'ignore_ament_install']
[0.206s] Level 1:colcon.colcon_core.package_identification:_identify(src/DynamixelSDK/c#/protocol2.0/bulk_read_write/win64/bulk_read_write) by extension 'ignore'
[0.206s] Level 1:colcon.colcon_core.package_identification:_identify(src/DynamixelSDK/c#/protocol2.0/bulk_read_write/win64/bulk_read_write) by extension 'ignore_ament_install'
[0.206s] Level 1:colcon.colcon_core.package_identification:_identify(src/DynamixelSDK/c#/protocol2.0/bulk_read_write/win64/bulk_read_write) by extensions ['colcon_pkg']
[0.206s] Level 1:colcon.colcon_core.package_identification:_identify(src/DynamixelSDK/c#/protocol2.0/bulk_read_write/win64/bulk_read_write) by extension 'colcon_pkg'
[0.206s] Level 1:colcon.colcon_core.package_identification:_identify(src/DynamixelSDK/c#/protocol2.0/bulk_read_write/win64/bulk_read_write) by extensions ['colcon_meta']
[0.206s] Level 1:colcon.colcon_core.package_identification:_identify(src/DynamixelSDK/c#/protocol2.0/bulk_read_write/win64/bulk_read_write) by extension 'colcon_meta'
[0.206s] Level 1:colcon.colcon_core.package_identification:_identify(src/DynamixelSDK/c#/protocol2.0/bulk_read_write/win64/bulk_read_write) by extensions ['ros']
[0.206s] Level 1:colcon.colcon_core.package_identification:_identify(src/DynamixelSDK/c#/protocol2.0/bulk_read_write/win64/bulk_read_write) by extension 'ros'
[0.206s] Level 1:colcon.colcon_core.package_identification:_identify(src/DynamixelSDK/c#/protocol2.0/bulk_read_write/win64/bulk_read_write) by extensions ['cmake', 'python']
[0.206s] Level 1:colcon.colcon_core.package_identification:_identify(src/DynamixelSDK/c#/protocol2.0/bulk_read_write/win64/bulk_read_write) by extension 'cmake'
[0.206s] Level 1:colcon.colcon_core.package_identification:_identify(src/DynamixelSDK/c#/protocol2.0/bulk_read_write/win64/bulk_read_write) by extension 'python'
[0.206s] Level 1:colcon.colcon_core.package_identification:_identify(src/DynamixelSDK/c#/protocol2.0/bulk_read_write/win64/bulk_read_write) by extensions ['python_setup_py']
[0.206s] Level 1:colcon.colcon_core.package_identification:_identify(src/DynamixelSDK/c#/protocol2.0/bulk_read_write/win64/bulk_read_write) by extension 'python_setup_py'
[0.206s] Level 1:colcon.colcon_core.package_identification:_identify(src/DynamixelSDK/c#/protocol2.0/bulk_read_write/win64/bulk_read_write/Properties) by extensions ['ignore', 'ignore_ament_install']
[0.206s] Level 1:colcon.colcon_core.package_identification:_identify(src/DynamixelSDK/c#/protocol2.0/bulk_read_write/win64/bulk_read_write/Properties) by extension 'ignore'
[0.206s] Level 1:colcon.colcon_core.package_identification:_identify(src/DynamixelSDK/c#/protocol2.0/bulk_read_write/win64/bulk_read_write/Properties) by extension 'ignore_ament_install'
[0.206s] Level 1:colcon.colcon_core.package_identification:_identify(src/DynamixelSDK/c#/protocol2.0/bulk_read_write/win64/bulk_read_write/Properties) by extensions ['colcon_pkg']
[0.206s] Level 1:colcon.colcon_core.package_identification:_identify(src/DynamixelSDK/c#/protocol2.0/bulk_read_write/win64/bulk_read_write/Properties) by extension 'colcon_pkg'
[0.206s] Level 1:colcon.colcon_core.package_identification:_identify(src/DynamixelSDK/c#/protocol2.0/bulk_read_write/win64/bulk_read_write/Properties) by extensions ['colcon_meta']
[0.206s] Level 1:colcon.colcon_core.package_identification:_identify(src/DynamixelSDK/c#/protocol2.0/bulk_read_write/win64/bulk_read_write/Properties) by extension 'colcon_meta'
[0.206s] Level 1:colcon.colcon_core.package_identification:_identify(src/DynamixelSDK/c#/protocol2.0/bulk_read_write/win64/bulk_read_write/Properties) by extensions ['ros']
[0.206s] Level 1:colcon.colcon_core.package_identification:_identify(src/DynamixelSDK/c#/protocol2.0/bulk_read_write/win64/bulk_read_write/Properties) by extension 'ros'
[0.207s] Level 1:colcon.colcon_core.package_identification:_identify(src/DynamixelSDK/c#/protocol2.0/bulk_read_write/win64/bulk_read_write/Properties) by extensions ['cmake', 'python']
[0.207s] Level 1:colcon.colcon_core.package_identification:_identify(src/DynamixelSDK/c#/protocol2.0/bulk_read_write/win64/bulk_read_write/Properties) by extension 'cmake'
[0.207s] Level 1:colcon.colcon_core.package_identification:_identify(src/DynamixelSDK/c#/protocol2.0/bulk_read_write/win64/bulk_read_write/Properties) by extension 'python'
[0.207s] Level 1:colcon.colcon_core.package_identification:_identify(src/DynamixelSDK/c#/protocol2.0/bulk_read_write/win64/bulk_read_write/Properties) by extensions ['python_setup_py']
[0.207s] Level 1:colcon.colcon_core.package_identification:_identify(src/DynamixelSDK/c#/protocol2.0/bulk_read_write/win64/bulk_read_write/Properties) by extension 'python_setup_py'
[0.207s] Level 1:colcon.colcon_core.package_identification:_identify(src/DynamixelSDK/c#/protocol2.0/clear_multi_turn) by extensions ['ignore', 'ignore_ament_install']
[0.207s] Level 1:colcon.colcon_core.package_identification:_identify(src/DynamixelSDK/c#/protocol2.0/clear_multi_turn) by extension 'ignore'
[0.207s] Level 1:colcon.colcon_core.package_identification:_identify(src/DynamixelSDK/c#/protocol2.0/clear_multi_turn) by extension 'ignore_ament_install'
[0.207s] Level 1:colcon.colcon_core.package_identification:_identify(src/DynamixelSDK/c#/protocol2.0/clear_multi_turn) by extensions ['colcon_pkg']
[0.207s] Level 1:colcon.colcon_core.package_identification:_identify(src/DynamixelSDK/c#/protocol2.0/clear_multi_turn) by extension 'colcon_pkg'
[0.207s] Level 1:colcon.colcon_core.package_identification:_identify(src/DynamixelSDK/c#/protocol2.0/clear_multi_turn) by extensions ['colcon_meta']
[0.207s] Level 1:colcon.colcon_core.package_identification:_identify(src/DynamixelSDK/c#/protocol2.0/clear_multi_turn) by extension 'colcon_meta'
[0.207s] Level 1:colcon.colcon_core.package_identification:_identify(src/DynamixelSDK/c#/protocol2.0/clear_multi_turn) by extensions ['ros']
[0.207s] Level 1:colcon.colcon_core.package_identification:_identify(src/DynamixelSDK/c#/protocol2.0/clear_multi_turn) by extension 'ros'
[0.207s] Level 1:colcon.colcon_core.package_identification:_identify(src/DynamixelSDK/c#/protocol2.0/clear_multi_turn) by extensions ['cmake', 'python']
[0.207s] Level 1:colcon.colcon_core.package_identification:_identify(src/DynamixelSDK/c#/protocol2.0/clear_multi_turn) by extension 'cmake'
[0.207s] Level 1:colcon.colcon_core.package_identification:_identify(src/DynamixelSDK/c#/protocol2.0/clear_multi_turn) by extension 'python'
[0.207s] Level 1:colcon.colcon_core.package_identification:_identify(src/DynamixelSDK/c#/protocol2.0/clear_multi_turn) by extensions ['python_setup_py']
[0.207s] Level 1:colcon.colcon_core.package_identification:_identify(src/DynamixelSDK/c#/protocol2.0/clear_multi_turn) by extension 'python_setup_py'
[0.207s] Level 1:colcon.colcon_core.package_identification:_identify(src/DynamixelSDK/c#/protocol2.0/clear_multi_turn/win32) by extensions ['ignore', 'ignore_ament_install']
[0.208s] Level 1:colcon.colcon_core.package_identification:_identify(src/DynamixelSDK/c#/protocol2.0/clear_multi_turn/win32) by extension 'ignore'
[0.208s] Level 1:colcon.colcon_core.package_identification:_identify(src/DynamixelSDK/c#/protocol2.0/clear_multi_turn/win32) by extension 'ignore_ament_install'
[0.208s] Level 1:colcon.colcon_core.package_identification:_identify(src/DynamixelSDK/c#/protocol2.0/clear_multi_turn/win32) by extensions ['colcon_pkg']
[0.208s] Level 1:colcon.colcon_core.package_identification:_identify(src/DynamixelSDK/c#/protocol2.0/clear_multi_turn/win32) by extension 'colcon_pkg'
[0.208s] Level 1:colcon.colcon_core.package_identification:_identify(src/DynamixelSDK/c#/protocol2.0/clear_multi_turn/win32) by extensions ['colcon_meta']
[0.208s] Level 1:colcon.colcon_core.package_identification:_identify(src/DynamixelSDK/c#/protocol2.0/clear_multi_turn/win32) by extension 'colcon_meta'
[0.208s] Level 1:colcon.colcon_core.package_identification:_identify(src/DynamixelSDK/c#/protocol2.0/clear_multi_turn/win32) by extensions ['ros']
[0.208s] Level 1:colcon.colcon_core.package_identification:_identify(src/DynamixelSDK/c#/protocol2.0/clear_multi_turn/win32) by extension 'ros'
[0.208s] Level 1:colcon.colcon_core.package_identification:_identify(src/DynamixelSDK/c#/protocol2.0/clear_multi_turn/win32) by extensions ['cmake', 'python']
[0.208s] Level 1:colcon.colcon_core.package_identification:_identify(src/DynamixelSDK/c#/protocol2.0/clear_multi_turn/win32) by extension 'cmake'
[0.208s] Level 1:colcon.colcon_core.package_identification:_identify(src/DynamixelSDK/c#/protocol2.0/clear_multi_turn/win32) by extension 'python'
[0.208s] Level 1:colcon.colcon_core.package_identification:_identify(src/DynamixelSDK/c#/protocol2.0/clear_multi_turn/win32) by extensions ['python_setup_py']
[0.208s] Level 1:colcon.colcon_core.package_identification:_identify(src/DynamixelSDK/c#/protocol2.0/clear_multi_turn/win32) by extension 'python_setup_py'
[0.208s] Level 1:colcon.colcon_core.package_identification:_identify(src/DynamixelSDK/c#/protocol2.0/clear_multi_turn/win32/clear_multi_turn) by extensions ['ignore', 'ignore_ament_install']
[0.208s] Level 1:colcon.colcon_core.package_identification:_identify(src/DynamixelSDK/c#/protocol2.0/clear_multi_turn/win32/clear_multi_turn) by extension 'ignore'
[0.208s] Level 1:colcon.colcon_core.package_identification:_identify(src/DynamixelSDK/c#/protocol2.0/clear_multi_turn/win32/clear_multi_turn) by extension 'ignore_ament_install'
[0.208s] Level 1:colcon.colcon_core.package_identification:_identify(src/DynamixelSDK/c#/protocol2.0/clear_multi_turn/win32/clear_multi_turn) by extensions ['colcon_pkg']
[0.208s] Level 1:colcon.colcon_core.package_identification:_identify(src/DynamixelSDK/c#/protocol2.0/clear_multi_turn/win32/clear_multi_turn) by extension 'colcon_pkg'
[0.208s] Level 1:colcon.colcon_core.package_identification:_identify(src/DynamixelSDK/c#/protocol2.0/clear_multi_turn/win32/clear_multi_turn) by extensions ['colcon_meta']
[0.208s] Level 1:colcon.colcon_core.package_identification:_identify(src/DynamixelSDK/c#/protocol2.0/clear_multi_turn/win32/clear_multi_turn) by extension 'colcon_meta'
[0.208s] Level 1:colcon.colcon_core.package_identification:_identify(src/DynamixelSDK/c#/protocol2.0/clear_multi_turn/win32/clear_multi_turn) by extensions ['ros']
[0.208s] Level 1:colcon.colcon_core.package_identification:_identify(src/DynamixelSDK/c#/protocol2.0/clear_multi_turn/win32/clear_multi_turn) by extension 'ros'
[0.208s] Level 1:colcon.colcon_core.package_identification:_identify(src/DynamixelSDK/c#/protocol2.0/clear_multi_turn/win32/clear_multi_turn) by extensions ['cmake', 'python']
[0.209s] Level 1:colcon.colcon_core.package_identification:_identify(src/DynamixelSDK/c#/protocol2.0/clear_multi_turn/win32/clear_multi_turn) by extension 'cmake'
[0.209s] Level 1:colcon.colcon_core.package_identification:_identify(src/DynamixelSDK/c#/protocol2.0/clear_multi_turn/win32/clear_multi_turn) by extension 'python'
[0.209s] Level 1:colcon.colcon_core.package_identification:_identify(src/DynamixelSDK/c#/protocol2.0/clear_multi_turn/win32/clear_multi_turn) by extensions ['python_setup_py']
[0.209s] Level 1:colcon.colcon_core.package_identification:_identify(src/DynamixelSDK/c#/protocol2.0/clear_multi_turn/win32/clear_multi_turn) by extension 'python_setup_py'
[0.209s] Level 1:colcon.colcon_core.package_identification:_identify(src/DynamixelSDK/c#/protocol2.0/clear_multi_turn/win32/clear_multi_turn/Properties) by extensions ['ignore', 'ignore_ament_install']
[0.209s] Level 1:colcon.colcon_core.package_identification:_identify(src/DynamixelSDK/c#/protocol2.0/clear_multi_turn/win32/clear_multi_turn/Properties) by extension 'ignore'
[0.209s] Level 1:colcon.colcon_core.package_identification:_identify(src/DynamixelSDK/c#/protocol2.0/clear_multi_turn/win32/clear_multi_turn/Properties) by extension 'ignore_ament_install'
[0.209s] Level 1:colcon.colcon_core.package_identification:_identify(src/DynamixelSDK/c#/protocol2.0/clear_multi_turn/win32/clear_multi_turn/Properties) by extensions ['colcon_pkg']
[0.209s] Level 1:colcon.colcon_core.package_identification:_identify(src/DynamixelSDK/c#/protocol2.0/clear_multi_turn/win32/clear_multi_turn/Properties) by extension 'colcon_pkg'
[0.209s] Level 1:colcon.colcon_core.package_identification:_identify(src/DynamixelSDK/c#/protocol2.0/clear_multi_turn/win32/clear_multi_turn/Properties) by extensions ['colcon_meta']
[0.209s] Level 1:colcon.colcon_core.package_identification:_identify(src/DynamixelSDK/c#/protocol2.0/clear_multi_turn/win32/clear_multi_turn/Properties) by extension 'colcon_meta'
[0.209s] Level 1:colcon.colcon_core.package_identification:_identify(src/DynamixelSDK/c#/protocol2.0/clear_multi_turn/win32/clear_multi_turn/Properties) by extensions ['ros']
[0.209s] Level 1:colcon.colcon_core.package_identification:_identify(src/DynamixelSDK/c#/protocol2.0/clear_multi_turn/win32/clear_multi_turn/Properties) by extension 'ros'
[0.209s] Level 1:colcon.colcon_core.package_identification:_identify(src/DynamixelSDK/c#/protocol2.0/clear_multi_turn/win32/clear_multi_turn/Properties) by extensions ['cmake', 'python']
[0.209s] Level 1:colcon.colcon_core.package_identification:_identify(src/DynamixelSDK/c#/protocol2.0/clear_multi_turn/win32/clear_multi_turn/Properties) by extension 'cmake'
[0.209s] Level 1:colcon.colcon_core.package_identification:_identify(src/DynamixelSDK/c#/protocol2.0/clear_multi_turn/win32/clear_multi_turn/Properties) by extension 'python'
[0.209s] Level 1:colcon.colcon_core.package_identification:_identify(src/DynamixelSDK/c#/protocol2.0/clear_multi_turn/win32/clear_multi_turn/Properties) by extensions ['python_setup_py']
[0.209s] Level 1:colcon.colcon_core.package_identification:_identify(src/DynamixelSDK/c#/protocol2.0/clear_multi_turn/win32/clear_multi_turn/Properties) by extension 'python_setup_py'
[0.209s] Level 1:colcon.colcon_core.package_identification:_identify(src/DynamixelSDK/c#/protocol2.0/clear_multi_turn/win64) by extensions ['ignore', 'ignore_ament_install']
[0.209s] Level 1:colcon.colcon_core.package_identification:_identify(src/DynamixelSDK/c#/protocol2.0/clear_multi_turn/win64) by extension 'ignore'
[0.209s] Level 1:colcon.colcon_core.package_identification:_identify(src/DynamixelSDK/c#/protocol2.0/clear_multi_turn/win64) by extension 'ignore_ament_install'
[0.210s] Level 1:colcon.colcon_core.package_identification:_identify(src/DynamixelSDK/c#/protocol2.0/clear_multi_turn/win64) by extensions ['colcon_pkg']
[0.210s] Level 1:colcon.colcon_core.package_identification:_identify(src/DynamixelSDK/c#/protocol2.0/clear_multi_turn/win64) by extension 'colcon_pkg'
[0.210s] Level 1:colcon.colcon_core.package_identification:_identify(src/DynamixelSDK/c#/protocol2.0/clear_multi_turn/win64) by extensions ['colcon_meta']
[0.210s] Level 1:colcon.colcon_core.package_identification:_identify(src/DynamixelSDK/c#/protocol2.0/clear_multi_turn/win64) by extension 'colcon_meta'
[0.210s] Level 1:colcon.colcon_core.package_identification:_identify(src/DynamixelSDK/c#/protocol2.0/clear_multi_turn/win64) by extensions ['ros']
[0.210s] Level 1:colcon.colcon_core.package_identification:_identify(src/DynamixelSDK/c#/protocol2.0/clear_multi_turn/win64) by extension 'ros'
[0.210s] Level 1:colcon.colcon_core.package_identification:_identify(src/DynamixelSDK/c#/protocol2.0/clear_multi_turn/win64) by extensions ['cmake', 'python']
[0.210s] Level 1:colcon.colcon_core.package_identification:_identify(src/DynamixelSDK/c#/protocol2.0/clear_multi_turn/win64) by extension 'cmake'
[0.210s] Level 1:colcon.colcon_core.package_identification:_identify(src/DynamixelSDK/c#/protocol2.0/clear_multi_turn/win64) by extension 'python'
[0.210s] Level 1:colcon.colcon_core.package_identification:_identify(src/DynamixelSDK/c#/protocol2.0/clear_multi_turn/win64) by extensions ['python_setup_py']
[0.210s] Level 1:colcon.colcon_core.package_identification:_identify(src/DynamixelSDK/c#/protocol2.0/clear_multi_turn/win64) by extension 'python_setup_py'
[0.210s] Level 1:colcon.colcon_core.package_identification:_identify(src/DynamixelSDK/c#/protocol2.0/clear_multi_turn/win64/clear_multi_turn) by extensions ['ignore', 'ignore_ament_install']
[0.210s] Level 1:colcon.colcon_core.package_identification:_identify(src/DynamixelSDK/c#/protocol2.0/clear_multi_turn/win64/clear_multi_turn) by extension 'ignore'
[0.210s] Level 1:colcon.colcon_core.package_identification:_identify(src/DynamixelSDK/c#/protocol2.0/clear_multi_turn/win64/clear_multi_turn) by extension 'ignore_ament_install'
[0.210s] Level 1:colcon.colcon_core.package_identification:_identify(src/DynamixelSDK/c#/protocol2.0/clear_multi_turn/win64/clear_multi_turn) by extensions ['colcon_pkg']
[0.210s] Level 1:colcon.colcon_core.package_identification:_identify(src/DynamixelSDK/c#/protocol2.0/clear_multi_turn/win64/clear_multi_turn) by extension 'colcon_pkg'
[0.210s] Level 1:colcon.colcon_core.package_identification:_identify(src/DynamixelSDK/c#/protocol2.0/clear_multi_turn/win64/clear_multi_turn) by extensions ['colcon_meta']
[0.210s] Level 1:colcon.colcon_core.package_identification:_identify(src/DynamixelSDK/c#/protocol2.0/clear_multi_turn/win64/clear_multi_turn) by extension 'colcon_meta'
[0.210s] Level 1:colcon.colcon_core.package_identification:_identify(src/DynamixelSDK/c#/protocol2.0/clear_multi_turn/win64/clear_multi_turn) by extensions ['ros']
[0.210s] Level 1:colcon.colcon_core.package_identification:_identify(src/DynamixelSDK/c#/protocol2.0/clear_multi_turn/win64/clear_multi_turn) by extension 'ros'
[0.210s] Level 1:colcon.colcon_core.package_identification:_identify(src/DynamixelSDK/c#/protocol2.0/clear_multi_turn/win64/clear_multi_turn) by extensions ['cmake', 'python']
[0.210s] Level 1:colcon.colcon_core.package_identification:_identify(src/DynamixelSDK/c#/protocol2.0/clear_multi_turn/win64/clear_multi_turn) by extension 'cmake'
[0.210s] Level 1:colcon.colcon_core.package_identification:_identify(src/DynamixelSDK/c#/protocol2.0/clear_multi_turn/win64/clear_multi_turn) by extension 'python'
[0.211s] Level 1:colcon.colcon_core.package_identification:_identify(src/DynamixelSDK/c#/protocol2.0/clear_multi_turn/win64/clear_multi_turn) by extensions ['python_setup_py']
[0.211s] Level 1:colcon.colcon_core.package_identification:_identify(src/DynamixelSDK/c#/protocol2.0/clear_multi_turn/win64/clear_multi_turn) by extension 'python_setup_py'
[0.211s] Level 1:colcon.colcon_core.package_identification:_identify(src/DynamixelSDK/c#/protocol2.0/clear_multi_turn/win64/clear_multi_turn/Properties) by extensions ['ignore', 'ignore_ament_install']
[0.211s] Level 1:colcon.colcon_core.package_identification:_identify(src/DynamixelSDK/c#/protocol2.0/clear_multi_turn/win64/clear_multi_turn/Properties) by extension 'ignore'
[0.211s] Level 1:colcon.colcon_core.package_identification:_identify(src/DynamixelSDK/c#/protocol2.0/clear_multi_turn/win64/clear_multi_turn/Properties) by extension 'ignore_ament_install'
[0.211s] Level 1:colcon.colcon_core.package_identification:_identify(src/DynamixelSDK/c#/protocol2.0/clear_multi_turn/win64/clear_multi_turn/Properties) by extensions ['colcon_pkg']
[0.211s] Level 1:colcon.colcon_core.package_identification:_identify(src/DynamixelSDK/c#/protocol2.0/clear_multi_turn/win64/clear_multi_turn/Properties) by extension 'colcon_pkg'
[0.211s] Level 1:colcon.colcon_core.package_identification:_identify(src/DynamixelSDK/c#/protocol2.0/clear_multi_turn/win64/clear_multi_turn/Properties) by extensions ['colcon_meta']
[0.211s] Level 1:colcon.colcon_core.package_identification:_identify(src/DynamixelSDK/c#/protocol2.0/clear_multi_turn/win64/clear_multi_turn/Properties) by extension 'colcon_meta'
[0.211s] Level 1:colcon.colcon_core.package_identification:_identify(src/DynamixelSDK/c#/protocol2.0/clear_multi_turn/win64/clear_multi_turn/Properties) by extensions ['ros']
[0.211s] Level 1:colcon.colcon_core.package_identification:_identify(src/DynamixelSDK/c#/protocol2.0/clear_multi_turn/win64/clear_multi_turn/Properties) by extension 'ros'
[0.211s] Level 1:colcon.colcon_core.package_identification:_identify(src/DynamixelSDK/c#/protocol2.0/clear_multi_turn/win64/clear_multi_turn/Properties) by extensions ['cmake', 'python']
[0.211s] Level 1:colcon.colcon_core.package_identification:_identify(src/DynamixelSDK/c#/protocol2.0/clear_multi_turn/win64/clear_multi_turn/Properties) by extension 'cmake'
[0.211s] Level 1:colcon.colcon_core.package_identification:_identify(src/DynamixelSDK/c#/protocol2.0/clear_multi_turn/win64/clear_multi_turn/Properties) by extension 'python'
[0.211s] Level 1:colcon.colcon_core.package_identification:_identify(src/DynamixelSDK/c#/protocol2.0/clear_multi_turn/win64/clear_multi_turn/Properties) by extensions ['python_setup_py']
[0.211s] Level 1:colcon.colcon_core.package_identification:_identify(src/DynamixelSDK/c#/protocol2.0/clear_multi_turn/win64/clear_multi_turn/Properties) by extension 'python_setup_py'
[0.211s] Level 1:colcon.colcon_core.package_identification:_identify(src/DynamixelSDK/c#/protocol2.0/factory_reset) by extensions ['ignore', 'ignore_ament_install']
[0.211s] Level 1:colcon.colcon_core.package_identification:_identify(src/DynamixelSDK/c#/protocol2.0/factory_reset) by extension 'ignore'
[0.211s] Level 1:colcon.colcon_core.package_identification:_identify(src/DynamixelSDK/c#/protocol2.0/factory_reset) by extension 'ignore_ament_install'
[0.211s] Level 1:colcon.colcon_core.package_identification:_identify(src/DynamixelSDK/c#/protocol2.0/factory_reset) by extensions ['colcon_pkg']
[0.211s] Level 1:colcon.colcon_core.package_identification:_identify(src/DynamixelSDK/c#/protocol2.0/factory_reset) by extension 'colcon_pkg'
[0.212s] Level 1:colcon.colcon_core.package_identification:_identify(src/DynamixelSDK/c#/protocol2.0/factory_reset) by extensions ['colcon_meta']
[0.212s] Level 1:colcon.colcon_core.package_identification:_identify(src/DynamixelSDK/c#/protocol2.0/factory_reset) by extension 'colcon_meta'
[0.212s] Level 1:colcon.colcon_core.package_identification:_identify(src/DynamixelSDK/c#/protocol2.0/factory_reset) by extensions ['ros']
[0.212s] Level 1:colcon.colcon_core.package_identification:_identify(src/DynamixelSDK/c#/protocol2.0/factory_reset) by extension 'ros'
[0.212s] Level 1:colcon.colcon_core.package_identification:_identify(src/DynamixelSDK/c#/protocol2.0/factory_reset) by extensions ['cmake', 'python']
[0.212s] Level 1:colcon.colcon_core.package_identification:_identify(src/DynamixelSDK/c#/protocol2.0/factory_reset) by extension 'cmake'
[0.212s] Level 1:colcon.colcon_core.package_identification:_identify(src/DynamixelSDK/c#/protocol2.0/factory_reset) by extension 'python'
[0.212s] Level 1:colcon.colcon_core.package_identification:_identify(src/DynamixelSDK/c#/protocol2.0/factory_reset) by extensions ['python_setup_py']
[0.212s] Level 1:colcon.colcon_core.package_identification:_identify(src/DynamixelSDK/c#/protocol2.0/factory_reset) by extension 'python_setup_py'
[0.212s] Level 1:colcon.colcon_core.package_identification:_identify(src/DynamixelSDK/c#/protocol2.0/factory_reset/win32) by extensions ['ignore', 'ignore_ament_install']
[0.212s] Level 1:colcon.colcon_core.package_identification:_identify(src/DynamixelSDK/c#/protocol2.0/factory_reset/win32) by extension 'ignore'
[0.212s] Level 1:colcon.colcon_core.package_identification:_identify(src/DynamixelSDK/c#/protocol2.0/factory_reset/win32) by extension 'ignore_ament_install'
[0.212s] Level 1:colcon.colcon_core.package_identification:_identify(src/DynamixelSDK/c#/protocol2.0/factory_reset/win32) by extensions ['colcon_pkg']
[0.212s] Level 1:colcon.colcon_core.package_identification:_identify(src/DynamixelSDK/c#/protocol2.0/factory_reset/win32) by extension 'colcon_pkg'
[0.212s] Level 1:colcon.colcon_core.package_identification:_identify(src/DynamixelSDK/c#/protocol2.0/factory_reset/win32) by extensions ['colcon_meta']
[0.212s] Level 1:colcon.colcon_core.package_identification:_identify(src/DynamixelSDK/c#/protocol2.0/factory_reset/win32) by extension 'colcon_meta'
[0.212s] Level 1:colcon.colcon_core.package_identification:_identify(src/DynamixelSDK/c#/protocol2.0/factory_reset/win32) by extensions ['ros']
[0.212s] Level 1:colcon.colcon_core.package_identification:_identify(src/DynamixelSDK/c#/protocol2.0/factory_reset/win32) by extension 'ros'
[0.212s] Level 1:colcon.colcon_core.package_identification:_identify(src/DynamixelSDK/c#/protocol2.0/factory_reset/win32) by extensions ['cmake', 'python']
[0.212s] Level 1:colcon.colcon_core.package_identification:_identify(src/DynamixelSDK/c#/protocol2.0/factory_reset/win32) by extension 'cmake'
[0.212s] Level 1:colcon.colcon_core.package_identification:_identify(src/DynamixelSDK/c#/protocol2.0/factory_reset/win32) by extension 'python'
[0.212s] Level 1:colcon.colcon_core.package_identification:_identify(src/DynamixelSDK/c#/protocol2.0/factory_reset/win32) by extensions ['python_setup_py']
[0.212s] Level 1:colcon.colcon_core.package_identification:_identify(src/DynamixelSDK/c#/protocol2.0/factory_reset/win32) by extension 'python_setup_py'
[0.213s] Level 1:colcon.colcon_core.package_identification:_identify(src/DynamixelSDK/c#/protocol2.0/factory_reset/win32/factory_reset) by extensions ['ignore', 'ignore_ament_install']
[0.213s] Level 1:colcon.colcon_core.package_identification:_identify(src/DynamixelSDK/c#/protocol2.0/factory_reset/win32/factory_reset) by extension 'ignore'
[0.213s] Level 1:colcon.colcon_core.package_identification:_identify(src/DynamixelSDK/c#/protocol2.0/factory_reset/win32/factory_reset) by extension 'ignore_ament_install'
[0.213s] Level 1:colcon.colcon_core.package_identification:_identify(src/DynamixelSDK/c#/protocol2.0/factory_reset/win32/factory_reset) by extensions ['colcon_pkg']
[0.213s] Level 1:colcon.colcon_core.package_identification:_identify(src/DynamixelSDK/c#/protocol2.0/factory_reset/win32/factory_reset) by extension 'colcon_pkg'
[0.213s] Level 1:colcon.colcon_core.package_identification:_identify(src/DynamixelSDK/c#/protocol2.0/factory_reset/win32/factory_reset) by extensions ['colcon_meta']
[0.213s] Level 1:colcon.colcon_core.package_identification:_identify(src/DynamixelSDK/c#/protocol2.0/factory_reset/win32/factory_reset) by extension 'colcon_meta'
[0.213s] Level 1:colcon.colcon_core.package_identification:_identify(src/DynamixelSDK/c#/protocol2.0/factory_reset/win32/factory_reset) by extensions ['ros']
[0.213s] Level 1:colcon.colcon_core.package_identification:_identify(src/DynamixelSDK/c#/protocol2.0/factory_reset/win32/factory_reset) by extension 'ros'
[0.213s] Level 1:colcon.colcon_core.package_identification:_identify(src/DynamixelSDK/c#/protocol2.0/factory_reset/win32/factory_reset) by extensions ['cmake', 'python']
[0.213s] Level 1:colcon.colcon_core.package_identification:_identify(src/DynamixelSDK/c#/protocol2.0/factory_reset/win32/factory_reset) by extension 'cmake'
[0.213s] Level 1:colcon.colcon_core.package_identification:_identify(src/DynamixelSDK/c#/protocol2.0/factory_reset/win32/factory_reset) by extension 'python'
[0.213s] Level 1:colcon.colcon_core.package_identification:_identify(src/DynamixelSDK/c#/protocol2.0/factory_reset/win32/factory_reset) by extensions ['python_setup_py']
[0.213s] Level 1:colcon.colcon_core.package_identification:_identify(src/DynamixelSDK/c#/protocol2.0/factory_reset/win32/factory_reset) by extension 'python_setup_py'
[0.213s] Level 1:colcon.colcon_core.package_identification:_identify(src/DynamixelSDK/c#/protocol2.0/factory_reset/win32/factory_reset/Properties) by extensions ['ignore', 'ignore_ament_install']
[0.213s] Level 1:colcon.colcon_core.package_identification:_identify(src/DynamixelSDK/c#/protocol2.0/factory_reset/win32/factory_reset/Properties) by extension 'ignore'
[0.213s] Level 1:colcon.colcon_core.package_identification:_identify(src/DynamixelSDK/c#/protocol2.0/factory_reset/win32/factory_reset/Properties) by extension 'ignore_ament_install'
[0.213s] Level 1:colcon.colcon_core.package_identification:_identify(src/DynamixelSDK/c#/protocol2.0/factory_reset/win32/factory_reset/Properties) by extensions ['colcon_pkg']
[0.213s] Level 1:colcon.colcon_core.package_identification:_identify(src/DynamixelSDK/c#/protocol2.0/factory_reset/win32/factory_reset/Properties) by extension 'colcon_pkg'
[0.213s] Level 1:colcon.colcon_core.package_identification:_identify(src/DynamixelSDK/c#/protocol2.0/factory_reset/win32/factory_reset/Properties) by extensions ['colcon_meta']
[0.213s] Level 1:colcon.colcon_core.package_identification:_identify(src/DynamixelSDK/c#/protocol2.0/factory_reset/win32/factory_reset/Properties) by extension 'colcon_meta'
[0.214s] Level 1:colcon.colcon_core.package_identification:_identify(src/DynamixelSDK/c#/protocol2.0/factory_reset/win32/factory_reset/Properties) by extensions ['ros']
[0.214s] Level 1:colcon.colcon_core.package_identification:_identify(src/DynamixelSDK/c#/protocol2.0/factory_reset/win32/factory_reset/Properties) by extension 'ros'
[0.214s] Level 1:colcon.colcon_core.package_identification:_identify(src/DynamixelSDK/c#/protocol2.0/factory_reset/win32/factory_reset/Properties) by extensions ['cmake', 'python']
[0.214s] Level 1:colcon.colcon_core.package_identification:_identify(src/DynamixelSDK/c#/protocol2.0/factory_reset/win32/factory_reset/Properties) by extension 'cmake'
[0.214s] Level 1:colcon.colcon_core.package_identification:_identify(src/DynamixelSDK/c#/protocol2.0/factory_reset/win32/factory_reset/Properties) by extension 'python'
[0.214s] Level 1:colcon.colcon_core.package_identification:_identify(src/DynamixelSDK/c#/protocol2.0/factory_reset/win32/factory_reset/Properties) by extensions ['python_setup_py']
[0.214s] Level 1:colcon.colcon_core.package_identification:_identify(src/DynamixelSDK/c#/protocol2.0/factory_reset/win32/factory_reset/Properties) by extension 'python_setup_py'
[0.214s] Level 1:colcon.colcon_core.package_identification:_identify(src/DynamixelSDK/c#/protocol2.0/factory_reset/win64) by extensions ['ignore', 'ignore_ament_install']
[0.214s] Level 1:colcon.colcon_core.package_identification:_identify(src/DynamixelSDK/c#/protocol2.0/factory_reset/win64) by extension 'ignore'
[0.214s] Level 1:colcon.colcon_core.package_identification:_identify(src/DynamixelSDK/c#/protocol2.0/factory_reset/win64) by extension 'ignore_ament_install'
[0.214s] Level 1:colcon.colcon_core.package_identification:_identify(src/DynamixelSDK/c#/protocol2.0/factory_reset/win64) by extensions ['colcon_pkg']
[0.214s] Level 1:colcon.colcon_core.package_identification:_identify(src/DynamixelSDK/c#/protocol2.0/factory_reset/win64) by extension 'colcon_pkg'
[0.214s] Level 1:colcon.colcon_core.package_identification:_identify(src/DynamixelSDK/c#/protocol2.0/factory_reset/win64) by extensions ['colcon_meta']
[0.214s] Level 1:colcon.colcon_core.package_identification:_identify(src/DynamixelSDK/c#/protocol2.0/factory_reset/win64) by extension 'colcon_meta'
[0.214s] Level 1:colcon.colcon_core.package_identification:_identify(src/DynamixelSDK/c#/protocol2.0/factory_reset/win64) by extensions ['ros']
[0.214s] Level 1:colcon.colcon_core.package_identification:_identify(src/DynamixelSDK/c#/protocol2.0/factory_reset/win64) by extension 'ros'
[0.214s] Level 1:colcon.colcon_core.package_identification:_identify(src/DynamixelSDK/c#/protocol2.0/factory_reset/win64) by extensions ['cmake', 'python']
[0.214s] Level 1:colcon.colcon_core.package_identification:_identify(src/DynamixelSDK/c#/protocol2.0/factory_reset/win64) by extension 'cmake'
[0.214s] Level 1:colcon.colcon_core.package_identification:_identify(src/DynamixelSDK/c#/protocol2.0/factory_reset/win64) by extension 'python'
[0.214s] Level 1:colcon.colcon_core.package_identification:_identify(src/DynamixelSDK/c#/protocol2.0/factory_reset/win64) by extensions ['python_setup_py']
[0.214s] Level 1:colcon.colcon_core.package_identification:_identify(src/DynamixelSDK/c#/protocol2.0/factory_reset/win64) by extension 'python_setup_py'
[0.214s] Level 1:colcon.colcon_core.package_identification:_identify(src/DynamixelSDK/c#/protocol2.0/factory_reset/win64/factory_reset) by extensions ['ignore', 'ignore_ament_install']
[0.215s] Level 1:colcon.colcon_core.package_identification:_identify(src/DynamixelSDK/c#/protocol2.0/factory_reset/win64/factory_reset) by extension 'ignore'
[0.215s] Level 1:colcon.colcon_core.package_identification:_identify(src/DynamixelSDK/c#/protocol2.0/factory_reset/win64/factory_reset) by extension 'ignore_ament_install'
[0.215s] Level 1:colcon.colcon_core.package_identification:_identify(src/DynamixelSDK/c#/protocol2.0/factory_reset/win64/factory_reset) by extensions ['colcon_pkg']
[0.215s] Level 1:colcon.colcon_core.package_identification:_identify(src/DynamixelSDK/c#/protocol2.0/factory_reset/win64/factory_reset) by extension 'colcon_pkg'
[0.215s] Level 1:colcon.colcon_core.package_identification:_identify(src/DynamixelSDK/c#/protocol2.0/factory_reset/win64/factory_reset) by extensions ['colcon_meta']
[0.215s] Level 1:colcon.colcon_core.package_identification:_identify(src/DynamixelSDK/c#/protocol2.0/factory_reset/win64/factory_reset) by extension 'colcon_meta'
[0.215s] Level 1:colcon.colcon_core.package_identification:_identify(src/DynamixelSDK/c#/protocol2.0/factory_reset/win64/factory_reset) by extensions ['ros']
[0.215s] Level 1:colcon.colcon_core.package_identification:_identify(src/DynamixelSDK/c#/protocol2.0/factory_reset/win64/factory_reset) by extension 'ros'
[0.215s] Level 1:colcon.colcon_core.package_identification:_identify(src/DynamixelSDK/c#/protocol2.0/factory_reset/win64/factory_reset) by extensions ['cmake', 'python']
[0.215s] Level 1:colcon.colcon_core.package_identification:_identify(src/DynamixelSDK/c#/protocol2.0/factory_reset/win64/factory_reset) by extension 'cmake'
[0.215s] Level 1:colcon.colcon_core.package_identification:_identify(src/DynamixelSDK/c#/protocol2.0/factory_reset/win64/factory_reset) by extension 'python'
[0.215s] Level 1:colcon.colcon_core.package_identification:_identify(src/DynamixelSDK/c#/protocol2.0/factory_reset/win64/factory_reset) by extensions ['python_setup_py']
[0.215s] Level 1:colcon.colcon_core.package_identification:_identify(src/DynamixelSDK/c#/protocol2.0/factory_reset/win64/factory_reset) by extension 'python_setup_py'
[0.215s] Level 1:colcon.colcon_core.package_identification:_identify(src/DynamixelSDK/c#/protocol2.0/factory_reset/win64/factory_reset/Properties) by extensions ['ignore', 'ignore_ament_install']
[0.215s] Level 1:colcon.colcon_core.package_identification:_identify(src/DynamixelSDK/c#/protocol2.0/factory_reset/win64/factory_reset/Properties) by extension 'ignore'
[0.215s] Level 1:colcon.colcon_core.package_identification:_identify(src/DynamixelSDK/c#/protocol2.0/factory_reset/win64/factory_reset/Properties) by extension 'ignore_ament_install'
[0.215s] Level 1:colcon.colcon_core.package_identification:_identify(src/DynamixelSDK/c#/protocol2.0/factory_reset/win64/factory_reset/Properties) by extensions ['colcon_pkg']
[0.215s] Level 1:colcon.colcon_core.package_identification:_identify(src/DynamixelSDK/c#/protocol2.0/factory_reset/win64/factory_reset/Properties) by extension 'colcon_pkg'
[0.215s] Level 1:colcon.colcon_core.package_identification:_identify(src/DynamixelSDK/c#/protocol2.0/factory_reset/win64/factory_reset/Properties) by extensions ['colcon_meta']
[0.215s] Level 1:colcon.colcon_core.package_identification:_identify(src/DynamixelSDK/c#/protocol2.0/factory_reset/win64/factory_reset/Properties) by extension 'colcon_meta'
[0.215s] Level 1:colcon.colcon_core.package_identification:_identify(src/DynamixelSDK/c#/protocol2.0/factory_reset/win64/factory_reset/Properties) by extensions ['ros']
[0.215s] Level 1:colcon.colcon_core.package_identification:_identify(src/DynamixelSDK/c#/protocol2.0/factory_reset/win64/factory_reset/Properties) by extension 'ros'
[0.216s] Level 1:colcon.colcon_core.package_identification:_identify(src/DynamixelSDK/c#/protocol2.0/factory_reset/win64/factory_reset/Properties) by extensions ['cmake', 'python']
[0.216s] Level 1:colcon.colcon_core.package_identification:_identify(src/DynamixelSDK/c#/protocol2.0/factory_reset/win64/factory_reset/Properties) by extension 'cmake'
[0.216s] Level 1:colcon.colcon_core.package_identification:_identify(src/DynamixelSDK/c#/protocol2.0/factory_reset/win64/factory_reset/Properties) by extension 'python'
[0.216s] Level 1:colcon.colcon_core.package_identification:_identify(src/DynamixelSDK/c#/protocol2.0/factory_reset/win64/factory_reset/Properties) by extensions ['python_setup_py']
[0.216s] Level 1:colcon.colcon_core.package_identification:_identify(src/DynamixelSDK/c#/protocol2.0/factory_reset/win64/factory_reset/Properties) by extension 'python_setup_py'
[0.216s] Level 1:colcon.colcon_core.package_identification:_identify(src/DynamixelSDK/c#/protocol2.0/indirect_address) by extensions ['ignore', 'ignore_ament_install']
[0.216s] Level 1:colcon.colcon_core.package_identification:_identify(src/DynamixelSDK/c#/protocol2.0/indirect_address) by extension 'ignore'
[0.216s] Level 1:colcon.colcon_core.package_identification:_identify(src/DynamixelSDK/c#/protocol2.0/indirect_address) by extension 'ignore_ament_install'
[0.216s] Level 1:colcon.colcon_core.package_identification:_identify(src/DynamixelSDK/c#/protocol2.0/indirect_address) by extensions ['colcon_pkg']
[0.216s] Level 1:colcon.colcon_core.package_identification:_identify(src/DynamixelSDK/c#/protocol2.0/indirect_address) by extension 'colcon_pkg'
[0.216s] Level 1:colcon.colcon_core.package_identification:_identify(src/DynamixelSDK/c#/protocol2.0/indirect_address) by extensions ['colcon_meta']
[0.216s] Level 1:colcon.colcon_core.package_identification:_identify(src/DynamixelSDK/c#/protocol2.0/indirect_address) by extension 'colcon_meta'
[0.216s] Level 1:colcon.colcon_core.package_identification:_identify(src/DynamixelSDK/c#/protocol2.0/indirect_address) by extensions ['ros']
[0.216s] Level 1:colcon.colcon_core.package_identification:_identify(src/DynamixelSDK/c#/protocol2.0/indirect_address) by extension 'ros'
[0.216s] Level 1:colcon.colcon_core.package_identification:_identify(src/DynamixelSDK/c#/protocol2.0/indirect_address) by extensions ['cmake', 'python']
[0.216s] Level 1:colcon.colcon_core.package_identification:_identify(src/DynamixelSDK/c#/protocol2.0/indirect_address) by extension 'cmake'
[0.216s] Level 1:colcon.colcon_core.package_identification:_identify(src/DynamixelSDK/c#/protocol2.0/indirect_address) by extension 'python'
[0.216s] Level 1:colcon.colcon_core.package_identification:_identify(src/DynamixelSDK/c#/protocol2.0/indirect_address) by extensions ['python_setup_py']
[0.216s] Level 1:colcon.colcon_core.package_identification:_identify(src/DynamixelSDK/c#/protocol2.0/indirect_address) by extension 'python_setup_py'
[0.216s] Level 1:colcon.colcon_core.package_identification:_identify(src/DynamixelSDK/c#/protocol2.0/indirect_address/win32) by extensions ['ignore', 'ignore_ament_install']
[0.216s] Level 1:colcon.colcon_core.package_identification:_identify(src/DynamixelSDK/c#/protocol2.0/indirect_address/win32) by extension 'ignore'
[0.216s] Level 1:colcon.colcon_core.package_identification:_identify(src/DynamixelSDK/c#/protocol2.0/indirect_address/win32) by extension 'ignore_ament_install'
[0.217s] Level 1:colcon.colcon_core.package_identification:_identify(src/DynamixelSDK/c#/protocol2.0/indirect_address/win32) by extensions ['colcon_pkg']
[0.217s] Level 1:colcon.colcon_core.package_identification:_identify(src/DynamixelSDK/c#/protocol2.0/indirect_address/win32) by extension 'colcon_pkg'
[0.217s] Level 1:colcon.colcon_core.package_identification:_identify(src/DynamixelSDK/c#/protocol2.0/indirect_address/win32) by extensions ['colcon_meta']
[0.217s] Level 1:colcon.colcon_core.package_identification:_identify(src/DynamixelSDK/c#/protocol2.0/indirect_address/win32) by extension 'colcon_meta'
[0.217s] Level 1:colcon.colcon_core.package_identification:_identify(src/DynamixelSDK/c#/protocol2.0/indirect_address/win32) by extensions ['ros']
[0.217s] Level 1:colcon.colcon_core.package_identification:_identify(src/DynamixelSDK/c#/protocol2.0/indirect_address/win32) by extension 'ros'
[0.217s] Level 1:colcon.colcon_core.package_identification:_identify(src/DynamixelSDK/c#/protocol2.0/indirect_address/win32) by extensions ['cmake', 'python']
[0.217s] Level 1:colcon.colcon_core.package_identification:_identify(src/DynamixelSDK/c#/protocol2.0/indirect_address/win32) by extension 'cmake'
[0.217s] Level 1:colcon.colcon_core.package_identification:_identify(src/DynamixelSDK/c#/protocol2.0/indirect_address/win32) by extension 'python'
[0.217s] Level 1:colcon.colcon_core.package_identification:_identify(src/DynamixelSDK/c#/protocol2.0/indirect_address/win32) by extensions ['python_setup_py']
[0.217s] Level 1:colcon.colcon_core.package_identification:_identify(src/DynamixelSDK/c#/protocol2.0/indirect_address/win32) by extension 'python_setup_py'
[0.217s] Level 1:colcon.colcon_core.package_identification:_identify(src/DynamixelSDK/c#/protocol2.0/indirect_address/win32/indirect_address) by extensions ['ignore', 'ignore_ament_install']
[0.217s] Level 1:colcon.colcon_core.package_identification:_identify(src/DynamixelSDK/c#/protocol2.0/indirect_address/win32/indirect_address) by extension 'ignore'
[0.217s] Level 1:colcon.colcon_core.package_identification:_identify(src/DynamixelSDK/c#/protocol2.0/indirect_address/win32/indirect_address) by extension 'ignore_ament_install'
[0.217s] Level 1:colcon.colcon_core.package_identification:_identify(src/DynamixelSDK/c#/protocol2.0/indirect_address/win32/indirect_address) by extensions ['colcon_pkg']
[0.217s] Level 1:colcon.colcon_core.package_identification:_identify(src/DynamixelSDK/c#/protocol2.0/indirect_address/win32/indirect_address) by extension 'colcon_pkg'
[0.217s] Level 1:colcon.colcon_core.package_identification:_identify(src/DynamixelSDK/c#/protocol2.0/indirect_address/win32/indirect_address) by extensions ['colcon_meta']
[0.217s] Level 1:colcon.colcon_core.package_identification:_identify(src/DynamixelSDK/c#/protocol2.0/indirect_address/win32/indirect_address) by extension 'colcon_meta'
[0.217s] Level 1:colcon.colcon_core.package_identification:_identify(src/DynamixelSDK/c#/protocol2.0/indirect_address/win32/indirect_address) by extensions ['ros']
[0.217s] Level 1:colcon.colcon_core.package_identification:_identify(src/DynamixelSDK/c#/protocol2.0/indirect_address/win32/indirect_address) by extension 'ros'
[0.217s] Level 1:colcon.colcon_core.package_identification:_identify(src/DynamixelSDK/c#/protocol2.0/indirect_address/win32/indirect_address) by extensions ['cmake', 'python']
[0.217s] Level 1:colcon.colcon_core.package_identification:_identify(src/DynamixelSDK/c#/protocol2.0/indirect_address/win32/indirect_address) by extension 'cmake'
[0.217s] Level 1:colcon.colcon_core.package_identification:_identify(src/DynamixelSDK/c#/protocol2.0/indirect_address/win32/indirect_address) by extension 'python'
[0.217s] Level 1:colcon.colcon_core.package_identification:_identify(src/DynamixelSDK/c#/protocol2.0/indirect_address/win32/indirect_address) by extensions ['python_setup_py']
[0.217s] Level 1:colcon.colcon_core.package_identification:_identify(src/DynamixelSDK/c#/protocol2.0/indirect_address/win32/indirect_address) by extension 'python_setup_py'
[0.218s] Level 1:colcon.colcon_core.package_identification:_identify(src/DynamixelSDK/c#/protocol2.0/indirect_address/win32/indirect_address/Properties) by extensions ['ignore', 'ignore_ament_install']
[0.218s] Level 1:colcon.colcon_core.package_identification:_identify(src/DynamixelSDK/c#/protocol2.0/indirect_address/win32/indirect_address/Properties) by extension 'ignore'
[0.218s] Level 1:colcon.colcon_core.package_identification:_identify(src/DynamixelSDK/c#/protocol2.0/indirect_address/win32/indirect_address/Properties) by extension 'ignore_ament_install'
[0.218s] Level 1:colcon.colcon_core.package_identification:_identify(src/DynamixelSDK/c#/protocol2.0/indirect_address/win32/indirect_address/Properties) by extensions ['colcon_pkg']
[0.218s] Level 1:colcon.colcon_core.package_identification:_identify(src/DynamixelSDK/c#/protocol2.0/indirect_address/win32/indirect_address/Properties) by extension 'colcon_pkg'
[0.218s] Level 1:colcon.colcon_core.package_identification:_identify(src/DynamixelSDK/c#/protocol2.0/indirect_address/win32/indirect_address/Properties) by extensions ['colcon_meta']
[0.218s] Level 1:colcon.colcon_core.package_identification:_identify(src/DynamixelSDK/c#/protocol2.0/indirect_address/win32/indirect_address/Properties) by extension 'colcon_meta'
[0.218s] Level 1:colcon.colcon_core.package_identification:_identify(src/DynamixelSDK/c#/protocol2.0/indirect_address/win32/indirect_address/Properties) by extensions ['ros']
[0.218s] Level 1:colcon.colcon_core.package_identification:_identify(src/DynamixelSDK/c#/protocol2.0/indirect_address/win32/indirect_address/Properties) by extension 'ros'
[0.218s] Level 1:colcon.colcon_core.package_identification:_identify(src/DynamixelSDK/c#/protocol2.0/indirect_address/win32/indirect_address/Properties) by extensions ['cmake', 'python']
[0.218s] Level 1:colcon.colcon_core.package_identification:_identify(src/DynamixelSDK/c#/protocol2.0/indirect_address/win32/indirect_address/Properties) by extension 'cmake'
[0.218s] Level 1:colcon.colcon_core.package_identification:_identify(src/DynamixelSDK/c#/protocol2.0/indirect_address/win32/indirect_address/Properties) by extension 'python'
[0.218s] Level 1:colcon.colcon_core.package_identification:_identify(src/DynamixelSDK/c#/protocol2.0/indirect_address/win32/indirect_address/Properties) by extensions ['python_setup_py']
[0.218s] Level 1:colcon.colcon_core.package_identification:_identify(src/DynamixelSDK/c#/protocol2.0/indirect_address/win32/indirect_address/Properties) by extension 'python_setup_py'
[0.218s] Level 1:colcon.colcon_core.package_identification:_identify(src/DynamixelSDK/c#/protocol2.0/indirect_address/win64) by extensions ['ignore', 'ignore_ament_install']
[0.218s] Level 1:colcon.colcon_core.package_identification:_identify(src/DynamixelSDK/c#/protocol2.0/indirect_address/win64) by extension 'ignore'
[0.218s] Level 1:colcon.colcon_core.package_identification:_identify(src/DynamixelSDK/c#/protocol2.0/indirect_address/win64) by extension 'ignore_ament_install'
[0.218s] Level 1:colcon.colcon_core.package_identification:_identify(src/DynamixelSDK/c#/protocol2.0/indirect_address/win64) by extensions ['colcon_pkg']
[0.218s] Level 1:colcon.colcon_core.package_identification:_identify(src/DynamixelSDK/c#/protocol2.0/indirect_address/win64) by extension 'colcon_pkg'
[0.219s] Level 1:colcon.colcon_core.package_identification:_identify(src/DynamixelSDK/c#/protocol2.0/indirect_address/win64) by extensions ['colcon_meta']
[0.219s] Level 1:colcon.colcon_core.package_identification:_identify(src/DynamixelSDK/c#/protocol2.0/indirect_address/win64) by extension 'colcon_meta'
[0.219s] Level 1:colcon.colcon_core.package_identification:_identify(src/DynamixelSDK/c#/protocol2.0/indirect_address/win64) by extensions ['ros']
[0.219s] Level 1:colcon.colcon_core.package_identification:_identify(src/DynamixelSDK/c#/protocol2.0/indirect_address/win64) by extension 'ros'
[0.219s] Level 1:colcon.colcon_core.package_identification:_identify(src/DynamixelSDK/c#/protocol2.0/indirect_address/win64) by extensions ['cmake', 'python']
[0.219s] Level 1:colcon.colcon_core.package_identification:_identify(src/DynamixelSDK/c#/protocol2.0/indirect_address/win64) by extension 'cmake'
[0.219s] Level 1:colcon.colcon_core.package_identification:_identify(src/DynamixelSDK/c#/protocol2.0/indirect_address/win64) by extension 'python'
[0.219s] Level 1:colcon.colcon_core.package_identification:_identify(src/DynamixelSDK/c#/protocol2.0/indirect_address/win64) by extensions ['python_setup_py']
[0.219s] Level 1:colcon.colcon_core.package_identification:_identify(src/DynamixelSDK/c#/protocol2.0/indirect_address/win64) by extension 'python_setup_py'
[0.219s] Level 1:colcon.colcon_core.package_identification:_identify(src/DynamixelSDK/c#/protocol2.0/indirect_address/win64/indirect_address) by extensions ['ignore', 'ignore_ament_install']
[0.219s] Level 1:colcon.colcon_core.package_identification:_identify(src/DynamixelSDK/c#/protocol2.0/indirect_address/win64/indirect_address) by extension 'ignore'
[0.219s] Level 1:colcon.colcon_core.package_identification:_identify(src/DynamixelSDK/c#/protocol2.0/indirect_address/win64/indirect_address) by extension 'ignore_ament_install'
[0.219s] Level 1:colcon.colcon_core.package_identification:_identify(src/DynamixelSDK/c#/protocol2.0/indirect_address/win64/indirect_address) by extensions ['colcon_pkg']
[0.219s] Level 1:colcon.colcon_core.package_identification:_identify(src/DynamixelSDK/c#/protocol2.0/indirect_address/win64/indirect_address) by extension 'colcon_pkg'
[0.219s] Level 1:colcon.colcon_core.package_identification:_identify(src/DynamixelSDK/c#/protocol2.0/indirect_address/win64/indirect_address) by extensions ['colcon_meta']
[0.219s] Level 1:colcon.colcon_core.package_identification:_identify(src/DynamixelSDK/c#/protocol2.0/indirect_address/win64/indirect_address) by extension 'colcon_meta'
[0.219s] Level 1:colcon.colcon_core.package_identification:_identify(src/DynamixelSDK/c#/protocol2.0/indirect_address/win64/indirect_address) by extensions ['ros']
[0.219s] Level 1:colcon.colcon_core.package_identification:_identify(src/DynamixelSDK/c#/protocol2.0/indirect_address/win64/indirect_address) by extension 'ros'
[0.219s] Level 1:colcon.colcon_core.package_identification:_identify(src/DynamixelSDK/c#/protocol2.0/indirect_address/win64/indirect_address) by extensions ['cmake', 'python']
[0.219s] Level 1:colcon.colcon_core.package_identification:_identify(src/DynamixelSDK/c#/protocol2.0/indirect_address/win64/indirect_address) by extension 'cmake'
[0.219s] Level 1:colcon.colcon_core.package_identification:_identify(src/DynamixelSDK/c#/protocol2.0/indirect_address/win64/indirect_address) by extension 'python'
[0.219s] Level 1:colcon.colcon_core.package_identification:_identify(src/DynamixelSDK/c#/protocol2.0/indirect_address/win64/indirect_address) by extensions ['python_setup_py']
[0.219s] Level 1:colcon.colcon_core.package_identification:_identify(src/DynamixelSDK/c#/protocol2.0/indirect_address/win64/indirect_address) by extension 'python_setup_py'
[0.220s] Level 1:colcon.colcon_core.package_identification:_identify(src/DynamixelSDK/c#/protocol2.0/indirect_address/win64/indirect_address/Properties) by extensions ['ignore', 'ignore_ament_install']
[0.220s] Level 1:colcon.colcon_core.package_identification:_identify(src/DynamixelSDK/c#/protocol2.0/indirect_address/win64/indirect_address/Properties) by extension 'ignore'
[0.220s] Level 1:colcon.colcon_core.package_identification:_identify(src/DynamixelSDK/c#/protocol2.0/indirect_address/win64/indirect_address/Properties) by extension 'ignore_ament_install'
[0.220s] Level 1:colcon.colcon_core.package_identification:_identify(src/DynamixelSDK/c#/protocol2.0/indirect_address/win64/indirect_address/Properties) by extensions ['colcon_pkg']
[0.220s] Level 1:colcon.colcon_core.package_identification:_identify(src/DynamixelSDK/c#/protocol2.0/indirect_address/win64/indirect_address/Properties) by extension 'colcon_pkg'
[0.220s] Level 1:colcon.colcon_core.package_identification:_identify(src/DynamixelSDK/c#/protocol2.0/indirect_address/win64/indirect_address/Properties) by extensions ['colcon_meta']
[0.220s] Level 1:colcon.colcon_core.package_identification:_identify(src/DynamixelSDK/c#/protocol2.0/indirect_address/win64/indirect_address/Properties) by extension 'colcon_meta'
[0.220s] Level 1:colcon.colcon_core.package_identification:_identify(src/DynamixelSDK/c#/protocol2.0/indirect_address/win64/indirect_address/Properties) by extensions ['ros']
[0.220s] Level 1:colcon.colcon_core.package_identification:_identify(src/DynamixelSDK/c#/protocol2.0/indirect_address/win64/indirect_address/Properties) by extension 'ros'
[0.220s] Level 1:colcon.colcon_core.package_identification:_identify(src/DynamixelSDK/c#/protocol2.0/indirect_address/win64/indirect_address/Properties) by extensions ['cmake', 'python']
[0.220s] Level 1:colcon.colcon_core.package_identification:_identify(src/DynamixelSDK/c#/protocol2.0/indirect_address/win64/indirect_address/Properties) by extension 'cmake'
[0.220s] Level 1:colcon.colcon_core.package_identification:_identify(src/DynamixelSDK/c#/protocol2.0/indirect_address/win64/indirect_address/Properties) by extension 'python'
[0.220s] Level 1:colcon.colcon_core.package_identification:_identify(src/DynamixelSDK/c#/protocol2.0/indirect_address/win64/indirect_address/Properties) by extensions ['python_setup_py']
[0.220s] Level 1:colcon.colcon_core.package_identification:_identify(src/DynamixelSDK/c#/protocol2.0/indirect_address/win64/indirect_address/Properties) by extension 'python_setup_py'
[0.220s] Level 1:colcon.colcon_core.package_identification:_identify(src/DynamixelSDK/c#/protocol2.0/multi_port) by extensions ['ignore', 'ignore_ament_install']
[0.220s] Level 1:colcon.colcon_core.package_identification:_identify(src/DynamixelSDK/c#/protocol2.0/multi_port) by extension 'ignore'
[0.220s] Level 1:colcon.colcon_core.package_identification:_identify(src/DynamixelSDK/c#/protocol2.0/multi_port) by extension 'ignore_ament_install'
[0.220s] Level 1:colcon.colcon_core.package_identification:_identify(src/DynamixelSDK/c#/protocol2.0/multi_port) by extensions ['colcon_pkg']
[0.220s] Level 1:colcon.colcon_core.package_identification:_identify(src/DynamixelSDK/c#/protocol2.0/multi_port) by extension 'colcon_pkg'
[0.220s] Level 1:colcon.colcon_core.package_identification:_identify(src/DynamixelSDK/c#/protocol2.0/multi_port) by extensions ['colcon_meta']
[0.220s] Level 1:colcon.colcon_core.package_identification:_identify(src/DynamixelSDK/c#/protocol2.0/multi_port) by extension 'colcon_meta'
[0.221s] Level 1:colcon.colcon_core.package_identification:_identify(src/DynamixelSDK/c#/protocol2.0/multi_port) by extensions ['ros']
[0.221s] Level 1:colcon.colcon_core.package_identification:_identify(src/DynamixelSDK/c#/protocol2.0/multi_port) by extension 'ros'
[0.221s] Level 1:colcon.colcon_core.package_identification:_identify(src/DynamixelSDK/c#/protocol2.0/multi_port) by extensions ['cmake', 'python']
[0.221s] Level 1:colcon.colcon_core.package_identification:_identify(src/DynamixelSDK/c#/protocol2.0/multi_port) by extension 'cmake'
[0.221s] Level 1:colcon.colcon_core.package_identification:_identify(src/DynamixelSDK/c#/protocol2.0/multi_port) by extension 'python'
[0.221s] Level 1:colcon.colcon_core.package_identification:_identify(src/DynamixelSDK/c#/protocol2.0/multi_port) by extensions ['python_setup_py']
[0.221s] Level 1:colcon.colcon_core.package_identification:_identify(src/DynamixelSDK/c#/protocol2.0/multi_port) by extension 'python_setup_py'
[0.221s] Level 1:colcon.colcon_core.package_identification:_identify(src/DynamixelSDK/c#/protocol2.0/multi_port/win32) by extensions ['ignore', 'ignore_ament_install']
[0.221s] Level 1:colcon.colcon_core.package_identification:_identify(src/DynamixelSDK/c#/protocol2.0/multi_port/win32) by extension 'ignore'
[0.221s] Level 1:colcon.colcon_core.package_identification:_identify(src/DynamixelSDK/c#/protocol2.0/multi_port/win32) by extension 'ignore_ament_install'
[0.221s] Level 1:colcon.colcon_core.package_identification:_identify(src/DynamixelSDK/c#/protocol2.0/multi_port/win32) by extensions ['colcon_pkg']
[0.221s] Level 1:colcon.colcon_core.package_identification:_identify(src/DynamixelSDK/c#/protocol2.0/multi_port/win32) by extension 'colcon_pkg'
[0.221s] Level 1:colcon.colcon_core.package_identification:_identify(src/DynamixelSDK/c#/protocol2.0/multi_port/win32) by extensions ['colcon_meta']
[0.221s] Level 1:colcon.colcon_core.package_identification:_identify(src/DynamixelSDK/c#/protocol2.0/multi_port/win32) by extension 'colcon_meta'
[0.221s] Level 1:colcon.colcon_core.package_identification:_identify(src/DynamixelSDK/c#/protocol2.0/multi_port/win32) by extensions ['ros']
[0.221s] Level 1:colcon.colcon_core.package_identification:_identify(src/DynamixelSDK/c#/protocol2.0/multi_port/win32) by extension 'ros'
[0.221s] Level 1:colcon.colcon_core.package_identification:_identify(src/DynamixelSDK/c#/protocol2.0/multi_port/win32) by extensions ['cmake', 'python']
[0.221s] Level 1:colcon.colcon_core.package_identification:_identify(src/DynamixelSDK/c#/protocol2.0/multi_port/win32) by extension 'cmake'
[0.221s] Level 1:colcon.colcon_core.package_identification:_identify(src/DynamixelSDK/c#/protocol2.0/multi_port/win32) by extension 'python'
[0.221s] Level 1:colcon.colcon_core.package_identification:_identify(src/DynamixelSDK/c#/protocol2.0/multi_port/win32) by extensions ['python_setup_py']
[0.221s] Level 1:colcon.colcon_core.package_identification:_identify(src/DynamixelSDK/c#/protocol2.0/multi_port/win32) by extension 'python_setup_py'
[0.221s] Level 1:colcon.colcon_core.package_identification:_identify(src/DynamixelSDK/c#/protocol2.0/multi_port/win32/multi_port) by extensions ['ignore', 'ignore_ament_install']
[0.222s] Level 1:colcon.colcon_core.package_identification:_identify(src/DynamixelSDK/c#/protocol2.0/multi_port/win32/multi_port) by extension 'ignore'
[0.222s] Level 1:colcon.colcon_core.package_identification:_identify(src/DynamixelSDK/c#/protocol2.0/multi_port/win32/multi_port) by extension 'ignore_ament_install'
[0.222s] Level 1:colcon.colcon_core.package_identification:_identify(src/DynamixelSDK/c#/protocol2.0/multi_port/win32/multi_port) by extensions ['colcon_pkg']
[0.222s] Level 1:colcon.colcon_core.package_identification:_identify(src/DynamixelSDK/c#/protocol2.0/multi_port/win32/multi_port) by extension 'colcon_pkg'
[0.222s] Level 1:colcon.colcon_core.package_identification:_identify(src/DynamixelSDK/c#/protocol2.0/multi_port/win32/multi_port) by extensions ['colcon_meta']
[0.222s] Level 1:colcon.colcon_core.package_identification:_identify(src/DynamixelSDK/c#/protocol2.0/multi_port/win32/multi_port) by extension 'colcon_meta'
[0.222s] Level 1:colcon.colcon_core.package_identification:_identify(src/DynamixelSDK/c#/protocol2.0/multi_port/win32/multi_port) by extensions ['ros']
[0.222s] Level 1:colcon.colcon_core.package_identification:_identify(src/DynamixelSDK/c#/protocol2.0/multi_port/win32/multi_port) by extension 'ros'
[0.222s] Level 1:colcon.colcon_core.package_identification:_identify(src/DynamixelSDK/c#/protocol2.0/multi_port/win32/multi_port) by extensions ['cmake', 'python']
[0.222s] Level 1:colcon.colcon_core.package_identification:_identify(src/DynamixelSDK/c#/protocol2.0/multi_port/win32/multi_port) by extension 'cmake'
[0.222s] Level 1:colcon.colcon_core.package_identification:_identify(src/DynamixelSDK/c#/protocol2.0/multi_port/win32/multi_port) by extension 'python'
[0.222s] Level 1:colcon.colcon_core.package_identification:_identify(src/DynamixelSDK/c#/protocol2.0/multi_port/win32/multi_port) by extensions ['python_setup_py']
[0.222s] Level 1:colcon.colcon_core.package_identification:_identify(src/DynamixelSDK/c#/protocol2.0/multi_port/win32/multi_port) by extension 'python_setup_py'
[0.222s] Level 1:colcon.colcon_core.package_identification:_identify(src/DynamixelSDK/c#/protocol2.0/multi_port/win32/multi_port/Properties) by extensions ['ignore', 'ignore_ament_install']
[0.222s] Level 1:colcon.colcon_core.package_identification:_identify(src/DynamixelSDK/c#/protocol2.0/multi_port/win32/multi_port/Properties) by extension 'ignore'
[0.222s] Level 1:colcon.colcon_core.package_identification:_identify(src/DynamixelSDK/c#/protocol2.0/multi_port/win32/multi_port/Properties) by extension 'ignore_ament_install'
[0.222s] Level 1:colcon.colcon_core.package_identification:_identify(src/DynamixelSDK/c#/protocol2.0/multi_port/win32/multi_port/Properties) by extensions ['colcon_pkg']
[0.222s] Level 1:colcon.colcon_core.package_identification:_identify(src/DynamixelSDK/c#/protocol2.0/multi_port/win32/multi_port/Properties) by extension 'colcon_pkg'
[0.222s] Level 1:colcon.colcon_core.package_identification:_identify(src/DynamixelSDK/c#/protocol2.0/multi_port/win32/multi_port/Properties) by extensions ['colcon_meta']
[0.222s] Level 1:colcon.colcon_core.package_identification:_identify(src/DynamixelSDK/c#/protocol2.0/multi_port/win32/multi_port/Properties) by extension 'colcon_meta'
[0.222s] Level 1:colcon.colcon_core.package_identification:_identify(src/DynamixelSDK/c#/protocol2.0/multi_port/win32/multi_port/Properties) by extensions ['ros']
[0.222s] Level 1:colcon.colcon_core.package_identification:_identify(src/DynamixelSDK/c#/protocol2.0/multi_port/win32/multi_port/Properties) by extension 'ros'
[0.223s] Level 1:colcon.colcon_core.package_identification:_identify(src/DynamixelSDK/c#/protocol2.0/multi_port/win32/multi_port/Properties) by extensions ['cmake', 'python']
[0.223s] Level 1:colcon.colcon_core.package_identification:_identify(src/DynamixelSDK/c#/protocol2.0/multi_port/win32/multi_port/Properties) by extension 'cmake'
[0.223s] Level 1:colcon.colcon_core.package_identification:_identify(src/DynamixelSDK/c#/protocol2.0/multi_port/win32/multi_port/Properties) by extension 'python'
[0.223s] Level 1:colcon.colcon_core.package_identification:_identify(src/DynamixelSDK/c#/protocol2.0/multi_port/win32/multi_port/Properties) by extensions ['python_setup_py']
[0.223s] Level 1:colcon.colcon_core.package_identification:_identify(src/DynamixelSDK/c#/protocol2.0/multi_port/win32/multi_port/Properties) by extension 'python_setup_py'
[0.223s] Level 1:colcon.colcon_core.package_identification:_identify(src/DynamixelSDK/c#/protocol2.0/multi_port/win64) by extensions ['ignore', 'ignore_ament_install']
[0.223s] Level 1:colcon.colcon_core.package_identification:_identify(src/DynamixelSDK/c#/protocol2.0/multi_port/win64) by extension 'ignore'
[0.223s] Level 1:colcon.colcon_core.package_identification:_identify(src/DynamixelSDK/c#/protocol2.0/multi_port/win64) by extension 'ignore_ament_install'
[0.223s] Level 1:colcon.colcon_core.package_identification:_identify(src/DynamixelSDK/c#/protocol2.0/multi_port/win64) by extensions ['colcon_pkg']
[0.223s] Level 1:colcon.colcon_core.package_identification:_identify(src/DynamixelSDK/c#/protocol2.0/multi_port/win64) by extension 'colcon_pkg'
[0.223s] Level 1:colcon.colcon_core.package_identification:_identify(src/DynamixelSDK/c#/protocol2.0/multi_port/win64) by extensions ['colcon_meta']
[0.223s] Level 1:colcon.colcon_core.package_identification:_identify(src/DynamixelSDK/c#/protocol2.0/multi_port/win64) by extension 'colcon_meta'
[0.223s] Level 1:colcon.colcon_core.package_identification:_identify(src/DynamixelSDK/c#/protocol2.0/multi_port/win64) by extensions ['ros']
[0.223s] Level 1:colcon.colcon_core.package_identification:_identify(src/DynamixelSDK/c#/protocol2.0/multi_port/win64) by extension 'ros'
[0.223s] Level 1:colcon.colcon_core.package_identification:_identify(src/DynamixelSDK/c#/protocol2.0/multi_port/win64) by extensions ['cmake', 'python']
[0.223s] Level 1:colcon.colcon_core.package_identification:_identify(src/DynamixelSDK/c#/protocol2.0/multi_port/win64) by extension 'cmake'
[0.223s] Level 1:colcon.colcon_core.package_identification:_identify(src/DynamixelSDK/c#/protocol2.0/multi_port/win64) by extension 'python'
[0.223s] Level 1:colcon.colcon_core.package_identification:_identify(src/DynamixelSDK/c#/protocol2.0/multi_port/win64) by extensions ['python_setup_py']
[0.223s] Level 1:colcon.colcon_core.package_identification:_identify(src/DynamixelSDK/c#/protocol2.0/multi_port/win64) by extension 'python_setup_py'
[0.223s] Level 1:colcon.colcon_core.package_identification:_identify(src/DynamixelSDK/c#/protocol2.0/multi_port/win64/multi_port) by extensions ['ignore', 'ignore_ament_install']
[0.223s] Level 1:colcon.colcon_core.package_identification:_identify(src/DynamixelSDK/c#/protocol2.0/multi_port/win64/multi_port) by extension 'ignore'
[0.224s] Level 1:colcon.colcon_core.package_identification:_identify(src/DynamixelSDK/c#/protocol2.0/multi_port/win64/multi_port) by extension 'ignore_ament_install'
[0.224s] Level 1:colcon.colcon_core.package_identification:_identify(src/DynamixelSDK/c#/protocol2.0/multi_port/win64/multi_port) by extensions ['colcon_pkg']
[0.224s] Level 1:colcon.colcon_core.package_identification:_identify(src/DynamixelSDK/c#/protocol2.0/multi_port/win64/multi_port) by extension 'colcon_pkg'
[0.224s] Level 1:colcon.colcon_core.package_identification:_identify(src/DynamixelSDK/c#/protocol2.0/multi_port/win64/multi_port) by extensions ['colcon_meta']
[0.224s] Level 1:colcon.colcon_core.package_identification:_identify(src/DynamixelSDK/c#/protocol2.0/multi_port/win64/multi_port) by extension 'colcon_meta'
[0.224s] Level 1:colcon.colcon_core.package_identification:_identify(src/DynamixelSDK/c#/protocol2.0/multi_port/win64/multi_port) by extensions ['ros']
[0.224s] Level 1:colcon.colcon_core.package_identification:_identify(src/DynamixelSDK/c#/protocol2.0/multi_port/win64/multi_port) by extension 'ros'
[0.224s] Level 1:colcon.colcon_core.package_identification:_identify(src/DynamixelSDK/c#/protocol2.0/multi_port/win64/multi_port) by extensions ['cmake', 'python']
[0.224s] Level 1:colcon.colcon_core.package_identification:_identify(src/DynamixelSDK/c#/protocol2.0/multi_port/win64/multi_port) by extension 'cmake'
[0.224s] Level 1:colcon.colcon_core.package_identification:_identify(src/DynamixelSDK/c#/protocol2.0/multi_port/win64/multi_port) by extension 'python'
[0.224s] Level 1:colcon.colcon_core.package_identification:_identify(src/DynamixelSDK/c#/protocol2.0/multi_port/win64/multi_port) by extensions ['python_setup_py']
[0.224s] Level 1:colcon.colcon_core.package_identification:_identify(src/DynamixelSDK/c#/protocol2.0/multi_port/win64/multi_port) by extension 'python_setup_py'
[0.224s] Level 1:colcon.colcon_core.package_identification:_identify(src/DynamixelSDK/c#/protocol2.0/multi_port/win64/multi_port/Properties) by extensions ['ignore', 'ignore_ament_install']
[0.224s] Level 1:colcon.colcon_core.package_identification:_identify(src/DynamixelSDK/c#/protocol2.0/multi_port/win64/multi_port/Properties) by extension 'ignore'
[0.224s] Level 1:colcon.colcon_core.package_identification:_identify(src/DynamixelSDK/c#/protocol2.0/multi_port/win64/multi_port/Properties) by extension 'ignore_ament_install'
[0.224s] Level 1:colcon.colcon_core.package_identification:_identify(src/DynamixelSDK/c#/protocol2.0/multi_port/win64/multi_port/Properties) by extensions ['colcon_pkg']
[0.224s] Level 1:colcon.colcon_core.package_identification:_identify(src/DynamixelSDK/c#/protocol2.0/multi_port/win64/multi_port/Properties) by extension 'colcon_pkg'
[0.224s] Level 1:colcon.colcon_core.package_identification:_identify(src/DynamixelSDK/c#/protocol2.0/multi_port/win64/multi_port/Properties) by extensions ['colcon_meta']
[0.224s] Level 1:colcon.colcon_core.package_identification:_identify(src/DynamixelSDK/c#/protocol2.0/multi_port/win64/multi_port/Properties) by extension 'colcon_meta'
[0.224s] Level 1:colcon.colcon_core.package_identification:_identify(src/DynamixelSDK/c#/protocol2.0/multi_port/win64/multi_port/Properties) by extensions ['ros']
[0.224s] Level 1:colcon.colcon_core.package_identification:_identify(src/DynamixelSDK/c#/protocol2.0/multi_port/win64/multi_port/Properties) by extension 'ros'
[0.224s] Level 1:colcon.colcon_core.package_identification:_identify(src/DynamixelSDK/c#/protocol2.0/multi_port/win64/multi_port/Properties) by extensions ['cmake', 'python']
[0.224s] Level 1:colcon.colcon_core.package_identification:_identify(src/DynamixelSDK/c#/protocol2.0/multi_port/win64/multi_port/Properties) by extension 'cmake'
[0.225s] Level 1:colcon.colcon_core.package_identification:_identify(src/DynamixelSDK/c#/protocol2.0/multi_port/win64/multi_port/Properties) by extension 'python'
[0.225s] Level 1:colcon.colcon_core.package_identification:_identify(src/DynamixelSDK/c#/protocol2.0/multi_port/win64/multi_port/Properties) by extensions ['python_setup_py']
[0.225s] Level 1:colcon.colcon_core.package_identification:_identify(src/DynamixelSDK/c#/protocol2.0/multi_port/win64/multi_port/Properties) by extension 'python_setup_py'
[0.225s] Level 1:colcon.colcon_core.package_identification:_identify(src/DynamixelSDK/c#/protocol2.0/ping) by extensions ['ignore', 'ignore_ament_install']
[0.225s] Level 1:colcon.colcon_core.package_identification:_identify(src/DynamixelSDK/c#/protocol2.0/ping) by extension 'ignore'
[0.225s] Level 1:colcon.colcon_core.package_identification:_identify(src/DynamixelSDK/c#/protocol2.0/ping) by extension 'ignore_ament_install'
[0.225s] Level 1:colcon.colcon_core.package_identification:_identify(src/DynamixelSDK/c#/protocol2.0/ping) by extensions ['colcon_pkg']
[0.225s] Level 1:colcon.colcon_core.package_identification:_identify(src/DynamixelSDK/c#/protocol2.0/ping) by extension 'colcon_pkg'
[0.225s] Level 1:colcon.colcon_core.package_identification:_identify(src/DynamixelSDK/c#/protocol2.0/ping) by extensions ['colcon_meta']
[0.225s] Level 1:colcon.colcon_core.package_identification:_identify(src/DynamixelSDK/c#/protocol2.0/ping) by extension 'colcon_meta'
[0.225s] Level 1:colcon.colcon_core.package_identification:_identify(src/DynamixelSDK/c#/protocol2.0/ping) by extensions ['ros']
[0.225s] Level 1:colcon.colcon_core.package_identification:_identify(src/DynamixelSDK/c#/protocol2.0/ping) by extension 'ros'
[0.225s] Level 1:colcon.colcon_core.package_identification:_identify(src/DynamixelSDK/c#/protocol2.0/ping) by extensions ['cmake', 'python']
[0.225s] Level 1:colcon.colcon_core.package_identification:_identify(src/DynamixelSDK/c#/protocol2.0/ping) by extension 'cmake'
[0.225s] Level 1:colcon.colcon_core.package_identification:_identify(src/DynamixelSDK/c#/protocol2.0/ping) by extension 'python'
[0.225s] Level 1:colcon.colcon_core.package_identification:_identify(src/DynamixelSDK/c#/protocol2.0/ping) by extensions ['python_setup_py']
[0.225s] Level 1:colcon.colcon_core.package_identification:_identify(src/DynamixelSDK/c#/protocol2.0/ping) by extension 'python_setup_py'
[0.225s] Level 1:colcon.colcon_core.package_identification:_identify(src/DynamixelSDK/c#/protocol2.0/ping/win32) by extensions ['ignore', 'ignore_ament_install']
[0.225s] Level 1:colcon.colcon_core.package_identification:_identify(src/DynamixelSDK/c#/protocol2.0/ping/win32) by extension 'ignore'
[0.225s] Level 1:colcon.colcon_core.package_identification:_identify(src/DynamixelSDK/c#/protocol2.0/ping/win32) by extension 'ignore_ament_install'
[0.225s] Level 1:colcon.colcon_core.package_identification:_identify(src/DynamixelSDK/c#/protocol2.0/ping/win32) by extensions ['colcon_pkg']
[0.225s] Level 1:colcon.colcon_core.package_identification:_identify(src/DynamixelSDK/c#/protocol2.0/ping/win32) by extension 'colcon_pkg'
[0.226s] Level 1:colcon.colcon_core.package_identification:_identify(src/DynamixelSDK/c#/protocol2.0/ping/win32) by extensions ['colcon_meta']
[0.226s] Level 1:colcon.colcon_core.package_identification:_identify(src/DynamixelSDK/c#/protocol2.0/ping/win32) by extension 'colcon_meta'
[0.226s] Level 1:colcon.colcon_core.package_identification:_identify(src/DynamixelSDK/c#/protocol2.0/ping/win32) by extensions ['ros']
[0.226s] Level 1:colcon.colcon_core.package_identification:_identify(src/DynamixelSDK/c#/protocol2.0/ping/win32) by extension 'ros'
[0.226s] Level 1:colcon.colcon_core.package_identification:_identify(src/DynamixelSDK/c#/protocol2.0/ping/win32) by extensions ['cmake', 'python']
[0.226s] Level 1:colcon.colcon_core.package_identification:_identify(src/DynamixelSDK/c#/protocol2.0/ping/win32) by extension 'cmake'
[0.226s] Level 1:colcon.colcon_core.package_identification:_identify(src/DynamixelSDK/c#/protocol2.0/ping/win32) by extension 'python'
[0.226s] Level 1:colcon.colcon_core.package_identification:_identify(src/DynamixelSDK/c#/protocol2.0/ping/win32) by extensions ['python_setup_py']
[0.226s] Level 1:colcon.colcon_core.package_identification:_identify(src/DynamixelSDK/c#/protocol2.0/ping/win32) by extension 'python_setup_py'
[0.226s] Level 1:colcon.colcon_core.package_identification:_identify(src/DynamixelSDK/c#/protocol2.0/ping/win32/ping) by extensions ['ignore', 'ignore_ament_install']
[0.226s] Level 1:colcon.colcon_core.package_identification:_identify(src/DynamixelSDK/c#/protocol2.0/ping/win32/ping) by extension 'ignore'
[0.226s] Level 1:colcon.colcon_core.package_identification:_identify(src/DynamixelSDK/c#/protocol2.0/ping/win32/ping) by extension 'ignore_ament_install'
[0.226s] Level 1:colcon.colcon_core.package_identification:_identify(src/DynamixelSDK/c#/protocol2.0/ping/win32/ping) by extensions ['colcon_pkg']
[0.226s] Level 1:colcon.colcon_core.package_identification:_identify(src/DynamixelSDK/c#/protocol2.0/ping/win32/ping) by extension 'colcon_pkg'
[0.226s] Level 1:colcon.colcon_core.package_identification:_identify(src/DynamixelSDK/c#/protocol2.0/ping/win32/ping) by extensions ['colcon_meta']
[0.226s] Level 1:colcon.colcon_core.package_identification:_identify(src/DynamixelSDK/c#/protocol2.0/ping/win32/ping) by extension 'colcon_meta'
[0.226s] Level 1:colcon.colcon_core.package_identification:_identify(src/DynamixelSDK/c#/protocol2.0/ping/win32/ping) by extensions ['ros']
[0.226s] Level 1:colcon.colcon_core.package_identification:_identify(src/DynamixelSDK/c#/protocol2.0/ping/win32/ping) by extension 'ros'
[0.226s] Level 1:colcon.colcon_core.package_identification:_identify(src/DynamixelSDK/c#/protocol2.0/ping/win32/ping) by extensions ['cmake', 'python']
[0.226s] Level 1:colcon.colcon_core.package_identification:_identify(src/DynamixelSDK/c#/protocol2.0/ping/win32/ping) by extension 'cmake'
[0.226s] Level 1:colcon.colcon_core.package_identification:_identify(src/DynamixelSDK/c#/protocol2.0/ping/win32/ping) by extension 'python'
[0.226s] Level 1:colcon.colcon_core.package_identification:_identify(src/DynamixelSDK/c#/protocol2.0/ping/win32/ping) by extensions ['python_setup_py']
[0.226s] Level 1:colcon.colcon_core.package_identification:_identify(src/DynamixelSDK/c#/protocol2.0/ping/win32/ping) by extension 'python_setup_py'
[0.227s] Level 1:colcon.colcon_core.package_identification:_identify(src/DynamixelSDK/c#/protocol2.0/ping/win32/ping/Properties) by extensions ['ignore', 'ignore_ament_install']
[0.227s] Level 1:colcon.colcon_core.package_identification:_identify(src/DynamixelSDK/c#/protocol2.0/ping/win32/ping/Properties) by extension 'ignore'
[0.227s] Level 1:colcon.colcon_core.package_identification:_identify(src/DynamixelSDK/c#/protocol2.0/ping/win32/ping/Properties) by extension 'ignore_ament_install'
[0.227s] Level 1:colcon.colcon_core.package_identification:_identify(src/DynamixelSDK/c#/protocol2.0/ping/win32/ping/Properties) by extensions ['colcon_pkg']
[0.227s] Level 1:colcon.colcon_core.package_identification:_identify(src/DynamixelSDK/c#/protocol2.0/ping/win32/ping/Properties) by extension 'colcon_pkg'
[0.227s] Level 1:colcon.colcon_core.package_identification:_identify(src/DynamixelSDK/c#/protocol2.0/ping/win32/ping/Properties) by extensions ['colcon_meta']
[0.227s] Level 1:colcon.colcon_core.package_identification:_identify(src/DynamixelSDK/c#/protocol2.0/ping/win32/ping/Properties) by extension 'colcon_meta'
[0.227s] Level 1:colcon.colcon_core.package_identification:_identify(src/DynamixelSDK/c#/protocol2.0/ping/win32/ping/Properties) by extensions ['ros']
[0.227s] Level 1:colcon.colcon_core.package_identification:_identify(src/DynamixelSDK/c#/protocol2.0/ping/win32/ping/Properties) by extension 'ros'
[0.227s] Level 1:colcon.colcon_core.package_identification:_identify(src/DynamixelSDK/c#/protocol2.0/ping/win32/ping/Properties) by extensions ['cmake', 'python']
[0.227s] Level 1:colcon.colcon_core.package_identification:_identify(src/DynamixelSDK/c#/protocol2.0/ping/win32/ping/Properties) by extension 'cmake'
[0.227s] Level 1:colcon.colcon_core.package_identification:_identify(src/DynamixelSDK/c#/protocol2.0/ping/win32/ping/Properties) by extension 'python'
[0.227s] Level 1:colcon.colcon_core.package_identification:_identify(src/DynamixelSDK/c#/protocol2.0/ping/win32/ping/Properties) by extensions ['python_setup_py']
[0.227s] Level 1:colcon.colcon_core.package_identification:_identify(src/DynamixelSDK/c#/protocol2.0/ping/win32/ping/Properties) by extension 'python_setup_py'
[0.227s] Level 1:colcon.colcon_core.package_identification:_identify(src/DynamixelSDK/c#/protocol2.0/ping/win64) by extensions ['ignore', 'ignore_ament_install']
[0.227s] Level 1:colcon.colcon_core.package_identification:_identify(src/DynamixelSDK/c#/protocol2.0/ping/win64) by extension 'ignore'
[0.227s] Level 1:colcon.colcon_core.package_identification:_identify(src/DynamixelSDK/c#/protocol2.0/ping/win64) by extension 'ignore_ament_install'
[0.227s] Level 1:colcon.colcon_core.package_identification:_identify(src/DynamixelSDK/c#/protocol2.0/ping/win64) by extensions ['colcon_pkg']
[0.227s] Level 1:colcon.colcon_core.package_identification:_identify(src/DynamixelSDK/c#/protocol2.0/ping/win64) by extension 'colcon_pkg'
[0.227s] Level 1:colcon.colcon_core.package_identification:_identify(src/DynamixelSDK/c#/protocol2.0/ping/win64) by extensions ['colcon_meta']
[0.227s] Level 1:colcon.colcon_core.package_identification:_identify(src/DynamixelSDK/c#/protocol2.0/ping/win64) by extension 'colcon_meta'
[0.228s] Level 1:colcon.colcon_core.package_identification:_identify(src/DynamixelSDK/c#/protocol2.0/ping/win64) by extensions ['ros']
[0.228s] Level 1:colcon.colcon_core.package_identification:_identify(src/DynamixelSDK/c#/protocol2.0/ping/win64) by extension 'ros'
[0.228s] Level 1:colcon.colcon_core.package_identification:_identify(src/DynamixelSDK/c#/protocol2.0/ping/win64) by extensions ['cmake', 'python']
[0.228s] Level 1:colcon.colcon_core.package_identification:_identify(src/DynamixelSDK/c#/protocol2.0/ping/win64) by extension 'cmake'
[0.228s] Level 1:colcon.colcon_core.package_identification:_identify(src/DynamixelSDK/c#/protocol2.0/ping/win64) by extension 'python'
[0.228s] Level 1:colcon.colcon_core.package_identification:_identify(src/DynamixelSDK/c#/protocol2.0/ping/win64) by extensions ['python_setup_py']
[0.228s] Level 1:colcon.colcon_core.package_identification:_identify(src/DynamixelSDK/c#/protocol2.0/ping/win64) by extension 'python_setup_py'
[0.228s] Level 1:colcon.colcon_core.package_identification:_identify(src/DynamixelSDK/c#/protocol2.0/ping/win64/ping) by extensions ['ignore', 'ignore_ament_install']
[0.228s] Level 1:colcon.colcon_core.package_identification:_identify(src/DynamixelSDK/c#/protocol2.0/ping/win64/ping) by extension 'ignore'
[0.228s] Level 1:colcon.colcon_core.package_identification:_identify(src/DynamixelSDK/c#/protocol2.0/ping/win64/ping) by extension 'ignore_ament_install'
[0.228s] Level 1:colcon.colcon_core.package_identification:_identify(src/DynamixelSDK/c#/protocol2.0/ping/win64/ping) by extensions ['colcon_pkg']
[0.228s] Level 1:colcon.colcon_core.package_identification:_identify(src/DynamixelSDK/c#/protocol2.0/ping/win64/ping) by extension 'colcon_pkg'
[0.228s] Level 1:colcon.colcon_core.package_identification:_identify(src/DynamixelSDK/c#/protocol2.0/ping/win64/ping) by extensions ['colcon_meta']
[0.228s] Level 1:colcon.colcon_core.package_identification:_identify(src/DynamixelSDK/c#/protocol2.0/ping/win64/ping) by extension 'colcon_meta'
[0.228s] Level 1:colcon.colcon_core.package_identification:_identify(src/DynamixelSDK/c#/protocol2.0/ping/win64/ping) by extensions ['ros']
[0.228s] Level 1:colcon.colcon_core.package_identification:_identify(src/DynamixelSDK/c#/protocol2.0/ping/win64/ping) by extension 'ros'
[0.228s] Level 1:colcon.colcon_core.package_identification:_identify(src/DynamixelSDK/c#/protocol2.0/ping/win64/ping) by extensions ['cmake', 'python']
[0.228s] Level 1:colcon.colcon_core.package_identification:_identify(src/DynamixelSDK/c#/protocol2.0/ping/win64/ping) by extension 'cmake'
[0.228s] Level 1:colcon.colcon_core.package_identification:_identify(src/DynamixelSDK/c#/protocol2.0/ping/win64/ping) by extension 'python'
[0.228s] Level 1:colcon.colcon_core.package_identification:_identify(src/DynamixelSDK/c#/protocol2.0/ping/win64/ping) by extensions ['python_setup_py']
[0.228s] Level 1:colcon.colcon_core.package_identification:_identify(src/DynamixelSDK/c#/protocol2.0/ping/win64/ping) by extension 'python_setup_py'
[0.229s] Level 1:colcon.colcon_core.package_identification:_identify(src/DynamixelSDK/c#/protocol2.0/ping/win64/ping/Properties) by extensions ['ignore', 'ignore_ament_install']
[0.229s] Level 1:colcon.colcon_core.package_identification:_identify(src/DynamixelSDK/c#/protocol2.0/ping/win64/ping/Properties) by extension 'ignore'
[0.229s] Level 1:colcon.colcon_core.package_identification:_identify(src/DynamixelSDK/c#/protocol2.0/ping/win64/ping/Properties) by extension 'ignore_ament_install'
[0.229s] Level 1:colcon.colcon_core.package_identification:_identify(src/DynamixelSDK/c#/protocol2.0/ping/win64/ping/Properties) by extensions ['colcon_pkg']
[0.229s] Level 1:colcon.colcon_core.package_identification:_identify(src/DynamixelSDK/c#/protocol2.0/ping/win64/ping/Properties) by extension 'colcon_pkg'
[0.229s] Level 1:colcon.colcon_core.package_identification:_identify(src/DynamixelSDK/c#/protocol2.0/ping/win64/ping/Properties) by extensions ['colcon_meta']
[0.229s] Level 1:colcon.colcon_core.package_identification:_identify(src/DynamixelSDK/c#/protocol2.0/ping/win64/ping/Properties) by extension 'colcon_meta'
[0.229s] Level 1:colcon.colcon_core.package_identification:_identify(src/DynamixelSDK/c#/protocol2.0/ping/win64/ping/Properties) by extensions ['ros']
[0.229s] Level 1:colcon.colcon_core.package_identification:_identify(src/DynamixelSDK/c#/protocol2.0/ping/win64/ping/Properties) by extension 'ros'
[0.229s] Level 1:colcon.colcon_core.package_identification:_identify(src/DynamixelSDK/c#/protocol2.0/ping/win64/ping/Properties) by extensions ['cmake', 'python']
[0.229s] Level 1:colcon.colcon_core.package_identification:_identify(src/DynamixelSDK/c#/protocol2.0/ping/win64/ping/Properties) by extension 'cmake'
[0.229s] Level 1:colcon.colcon_core.package_identification:_identify(src/DynamixelSDK/c#/protocol2.0/ping/win64/ping/Properties) by extension 'python'
[0.229s] Level 1:colcon.colcon_core.package_identification:_identify(src/DynamixelSDK/c#/protocol2.0/ping/win64/ping/Properties) by extensions ['python_setup_py']
[0.229s] Level 1:colcon.colcon_core.package_identification:_identify(src/DynamixelSDK/c#/protocol2.0/ping/win64/ping/Properties) by extension 'python_setup_py'
[0.229s] Level 1:colcon.colcon_core.package_identification:_identify(src/DynamixelSDK/c#/protocol2.0/read_write) by extensions ['ignore', 'ignore_ament_install']
[0.229s] Level 1:colcon.colcon_core.package_identification:_identify(src/DynamixelSDK/c#/protocol2.0/read_write) by extension 'ignore'
[0.229s] Level 1:colcon.colcon_core.package_identification:_identify(src/DynamixelSDK/c#/protocol2.0/read_write) by extension 'ignore_ament_install'
[0.229s] Level 1:colcon.colcon_core.package_identification:_identify(src/DynamixelSDK/c#/protocol2.0/read_write) by extensions ['colcon_pkg']
[0.229s] Level 1:colcon.colcon_core.package_identification:_identify(src/DynamixelSDK/c#/protocol2.0/read_write) by extension 'colcon_pkg'
[0.229s] Level 1:colcon.colcon_core.package_identification:_identify(src/DynamixelSDK/c#/protocol2.0/read_write) by extensions ['colcon_meta']
[0.229s] Level 1:colcon.colcon_core.package_identification:_identify(src/DynamixelSDK/c#/protocol2.0/read_write) by extension 'colcon_meta'
[0.229s] Level 1:colcon.colcon_core.package_identification:_identify(src/DynamixelSDK/c#/protocol2.0/read_write) by extensions ['ros']
[0.229s] Level 1:colcon.colcon_core.package_identification:_identify(src/DynamixelSDK/c#/protocol2.0/read_write) by extension 'ros'
[0.230s] Level 1:colcon.colcon_core.package_identification:_identify(src/DynamixelSDK/c#/protocol2.0/read_write) by extensions ['cmake', 'python']
[0.230s] Level 1:colcon.colcon_core.package_identification:_identify(src/DynamixelSDK/c#/protocol2.0/read_write) by extension 'cmake'
[0.230s] Level 1:colcon.colcon_core.package_identification:_identify(src/DynamixelSDK/c#/protocol2.0/read_write) by extension 'python'
[0.230s] Level 1:colcon.colcon_core.package_identification:_identify(src/DynamixelSDK/c#/protocol2.0/read_write) by extensions ['python_setup_py']
[0.230s] Level 1:colcon.colcon_core.package_identification:_identify(src/DynamixelSDK/c#/protocol2.0/read_write) by extension 'python_setup_py'
[0.230s] Level 1:colcon.colcon_core.package_identification:_identify(src/DynamixelSDK/c#/protocol2.0/read_write/win32) by extensions ['ignore', 'ignore_ament_install']
[0.230s] Level 1:colcon.colcon_core.package_identification:_identify(src/DynamixelSDK/c#/protocol2.0/read_write/win32) by extension 'ignore'
[0.230s] Level 1:colcon.colcon_core.package_identification:_identify(src/DynamixelSDK/c#/protocol2.0/read_write/win32) by extension 'ignore_ament_install'
[0.230s] Level 1:colcon.colcon_core.package_identification:_identify(src/DynamixelSDK/c#/protocol2.0/read_write/win32) by extensions ['colcon_pkg']
[0.230s] Level 1:colcon.colcon_core.package_identification:_identify(src/DynamixelSDK/c#/protocol2.0/read_write/win32) by extension 'colcon_pkg'
[0.230s] Level 1:colcon.colcon_core.package_identification:_identify(src/DynamixelSDK/c#/protocol2.0/read_write/win32) by extensions ['colcon_meta']
[0.230s] Level 1:colcon.colcon_core.package_identification:_identify(src/DynamixelSDK/c#/protocol2.0/read_write/win32) by extension 'colcon_meta'
[0.230s] Level 1:colcon.colcon_core.package_identification:_identify(src/DynamixelSDK/c#/protocol2.0/read_write/win32) by extensions ['ros']
[0.230s] Level 1:colcon.colcon_core.package_identification:_identify(src/DynamixelSDK/c#/protocol2.0/read_write/win32) by extension 'ros'
[0.230s] Level 1:colcon.colcon_core.package_identification:_identify(src/DynamixelSDK/c#/protocol2.0/read_write/win32) by extensions ['cmake', 'python']
[0.230s] Level 1:colcon.colcon_core.package_identification:_identify(src/DynamixelSDK/c#/protocol2.0/read_write/win32) by extension 'cmake'
[0.230s] Level 1:colcon.colcon_core.package_identification:_identify(src/DynamixelSDK/c#/protocol2.0/read_write/win32) by extension 'python'
[0.230s] Level 1:colcon.colcon_core.package_identification:_identify(src/DynamixelSDK/c#/protocol2.0/read_write/win32) by extensions ['python_setup_py']
[0.230s] Level 1:colcon.colcon_core.package_identification:_identify(src/DynamixelSDK/c#/protocol2.0/read_write/win32) by extension 'python_setup_py'
[0.230s] Level 1:colcon.colcon_core.package_identification:_identify(src/DynamixelSDK/c#/protocol2.0/read_write/win32/read_write) by extensions ['ignore', 'ignore_ament_install']
[0.230s] Level 1:colcon.colcon_core.package_identification:_identify(src/DynamixelSDK/c#/protocol2.0/read_write/win32/read_write) by extension 'ignore'
[0.231s] Level 1:colcon.colcon_core.package_identification:_identify(src/DynamixelSDK/c#/protocol2.0/read_write/win32/read_write) by extension 'ignore_ament_install'
[0.231s] Level 1:colcon.colcon_core.package_identification:_identify(src/DynamixelSDK/c#/protocol2.0/read_write/win32/read_write) by extensions ['colcon_pkg']
[0.231s] Level 1:colcon.colcon_core.package_identification:_identify(src/DynamixelSDK/c#/protocol2.0/read_write/win32/read_write) by extension 'colcon_pkg'
[0.231s] Level 1:colcon.colcon_core.package_identification:_identify(src/DynamixelSDK/c#/protocol2.0/read_write/win32/read_write) by extensions ['colcon_meta']
[0.231s] Level 1:colcon.colcon_core.package_identification:_identify(src/DynamixelSDK/c#/protocol2.0/read_write/win32/read_write) by extension 'colcon_meta'
[0.231s] Level 1:colcon.colcon_core.package_identification:_identify(src/DynamixelSDK/c#/protocol2.0/read_write/win32/read_write) by extensions ['ros']
[0.231s] Level 1:colcon.colcon_core.package_identification:_identify(src/DynamixelSDK/c#/protocol2.0/read_write/win32/read_write) by extension 'ros'
[0.231s] Level 1:colcon.colcon_core.package_identification:_identify(src/DynamixelSDK/c#/protocol2.0/read_write/win32/read_write) by extensions ['cmake', 'python']
[0.231s] Level 1:colcon.colcon_core.package_identification:_identify(src/DynamixelSDK/c#/protocol2.0/read_write/win32/read_write) by extension 'cmake'
[0.231s] Level 1:colcon.colcon_core.package_identification:_identify(src/DynamixelSDK/c#/protocol2.0/read_write/win32/read_write) by extension 'python'
[0.231s] Level 1:colcon.colcon_core.package_identification:_identify(src/DynamixelSDK/c#/protocol2.0/read_write/win32/read_write) by extensions ['python_setup_py']
[0.231s] Level 1:colcon.colcon_core.package_identification:_identify(src/DynamixelSDK/c#/protocol2.0/read_write/win32/read_write) by extension 'python_setup_py'
[0.231s] Level 1:colcon.colcon_core.package_identification:_identify(src/DynamixelSDK/c#/protocol2.0/read_write/win32/read_write/Properties) by extensions ['ignore', 'ignore_ament_install']
[0.231s] Level 1:colcon.colcon_core.package_identification:_identify(src/DynamixelSDK/c#/protocol2.0/read_write/win32/read_write/Properties) by extension 'ignore'
[0.231s] Level 1:colcon.colcon_core.package_identification:_identify(src/DynamixelSDK/c#/protocol2.0/read_write/win32/read_write/Properties) by extension 'ignore_ament_install'
[0.231s] Level 1:colcon.colcon_core.package_identification:_identify(src/DynamixelSDK/c#/protocol2.0/read_write/win32/read_write/Properties) by extensions ['colcon_pkg']
[0.231s] Level 1:colcon.colcon_core.package_identification:_identify(src/DynamixelSDK/c#/protocol2.0/read_write/win32/read_write/Properties) by extension 'colcon_pkg'
[0.231s] Level 1:colcon.colcon_core.package_identification:_identify(src/DynamixelSDK/c#/protocol2.0/read_write/win32/read_write/Properties) by extensions ['colcon_meta']
[0.231s] Level 1:colcon.colcon_core.package_identification:_identify(src/DynamixelSDK/c#/protocol2.0/read_write/win32/read_write/Properties) by extension 'colcon_meta'
[0.231s] Level 1:colcon.colcon_core.package_identification:_identify(src/DynamixelSDK/c#/protocol2.0/read_write/win32/read_write/Properties) by extensions ['ros']
[0.231s] Level 1:colcon.colcon_core.package_identification:_identify(src/DynamixelSDK/c#/protocol2.0/read_write/win32/read_write/Properties) by extension 'ros'
[0.231s] Level 1:colcon.colcon_core.package_identification:_identify(src/DynamixelSDK/c#/protocol2.0/read_write/win32/read_write/Properties) by extensions ['cmake', 'python']
[0.231s] Level 1:colcon.colcon_core.package_identification:_identify(src/DynamixelSDK/c#/protocol2.0/read_write/win32/read_write/Properties) by extension 'cmake'
[0.231s] Level 1:colcon.colcon_core.package_identification:_identify(src/DynamixelSDK/c#/protocol2.0/read_write/win32/read_write/Properties) by extension 'python'
[0.232s] Level 1:colcon.colcon_core.package_identification:_identify(src/DynamixelSDK/c#/protocol2.0/read_write/win32/read_write/Properties) by extensions ['python_setup_py']
[0.232s] Level 1:colcon.colcon_core.package_identification:_identify(src/DynamixelSDK/c#/protocol2.0/read_write/win32/read_write/Properties) by extension 'python_setup_py'
[0.232s] Level 1:colcon.colcon_core.package_identification:_identify(src/DynamixelSDK/c#/protocol2.0/read_write/win64) by extensions ['ignore', 'ignore_ament_install']
[0.232s] Level 1:colcon.colcon_core.package_identification:_identify(src/DynamixelSDK/c#/protocol2.0/read_write/win64) by extension 'ignore'
[0.232s] Level 1:colcon.colcon_core.package_identification:_identify(src/DynamixelSDK/c#/protocol2.0/read_write/win64) by extension 'ignore_ament_install'
[0.232s] Level 1:colcon.colcon_core.package_identification:_identify(src/DynamixelSDK/c#/protocol2.0/read_write/win64) by extensions ['colcon_pkg']
[0.232s] Level 1:colcon.colcon_core.package_identification:_identify(src/DynamixelSDK/c#/protocol2.0/read_write/win64) by extension 'colcon_pkg'
[0.232s] Level 1:colcon.colcon_core.package_identification:_identify(src/DynamixelSDK/c#/protocol2.0/read_write/win64) by extensions ['colcon_meta']
[0.232s] Level 1:colcon.colcon_core.package_identification:_identify(src/DynamixelSDK/c#/protocol2.0/read_write/win64) by extension 'colcon_meta'
[0.232s] Level 1:colcon.colcon_core.package_identification:_identify(src/DynamixelSDK/c#/protocol2.0/read_write/win64) by extensions ['ros']
[0.232s] Level 1:colcon.colcon_core.package_identification:_identify(src/DynamixelSDK/c#/protocol2.0/read_write/win64) by extension 'ros'
[0.232s] Level 1:colcon.colcon_core.package_identification:_identify(src/DynamixelSDK/c#/protocol2.0/read_write/win64) by extensions ['cmake', 'python']
[0.232s] Level 1:colcon.colcon_core.package_identification:_identify(src/DynamixelSDK/c#/protocol2.0/read_write/win64) by extension 'cmake'
[0.232s] Level 1:colcon.colcon_core.package_identification:_identify(src/DynamixelSDK/c#/protocol2.0/read_write/win64) by extension 'python'
[0.232s] Level 1:colcon.colcon_core.package_identification:_identify(src/DynamixelSDK/c#/protocol2.0/read_write/win64) by extensions ['python_setup_py']
[0.232s] Level 1:colcon.colcon_core.package_identification:_identify(src/DynamixelSDK/c#/protocol2.0/read_write/win64) by extension 'python_setup_py'
[0.232s] Level 1:colcon.colcon_core.package_identification:_identify(src/DynamixelSDK/c#/protocol2.0/read_write/win64/read_write) by extensions ['ignore', 'ignore_ament_install']
[0.232s] Level 1:colcon.colcon_core.package_identification:_identify(src/DynamixelSDK/c#/protocol2.0/read_write/win64/read_write) by extension 'ignore'
[0.232s] Level 1:colcon.colcon_core.package_identification:_identify(src/DynamixelSDK/c#/protocol2.0/read_write/win64/read_write) by extension 'ignore_ament_install'
[0.232s] Level 1:colcon.colcon_core.package_identification:_identify(src/DynamixelSDK/c#/protocol2.0/read_write/win64/read_write) by extensions ['colcon_pkg']
[0.233s] Level 1:colcon.colcon_core.package_identification:_identify(src/DynamixelSDK/c#/protocol2.0/read_write/win64/read_write) by extension 'colcon_pkg'
[0.233s] Level 1:colcon.colcon_core.package_identification:_identify(src/DynamixelSDK/c#/protocol2.0/read_write/win64/read_write) by extensions ['colcon_meta']
[0.233s] Level 1:colcon.colcon_core.package_identification:_identify(src/DynamixelSDK/c#/protocol2.0/read_write/win64/read_write) by extension 'colcon_meta'
[0.233s] Level 1:colcon.colcon_core.package_identification:_identify(src/DynamixelSDK/c#/protocol2.0/read_write/win64/read_write) by extensions ['ros']
[0.233s] Level 1:colcon.colcon_core.package_identification:_identify(src/DynamixelSDK/c#/protocol2.0/read_write/win64/read_write) by extension 'ros'
[0.233s] Level 1:colcon.colcon_core.package_identification:_identify(src/DynamixelSDK/c#/protocol2.0/read_write/win64/read_write) by extensions ['cmake', 'python']
[0.233s] Level 1:colcon.colcon_core.package_identification:_identify(src/DynamixelSDK/c#/protocol2.0/read_write/win64/read_write) by extension 'cmake'
[0.233s] Level 1:colcon.colcon_core.package_identification:_identify(src/DynamixelSDK/c#/protocol2.0/read_write/win64/read_write) by extension 'python'
[0.233s] Level 1:colcon.colcon_core.package_identification:_identify(src/DynamixelSDK/c#/protocol2.0/read_write/win64/read_write) by extensions ['python_setup_py']
[0.233s] Level 1:colcon.colcon_core.package_identification:_identify(src/DynamixelSDK/c#/protocol2.0/read_write/win64/read_write) by extension 'python_setup_py'
[0.233s] Level 1:colcon.colcon_core.package_identification:_identify(src/DynamixelSDK/c#/protocol2.0/read_write/win64/read_write/Properties) by extensions ['ignore', 'ignore_ament_install']
[0.233s] Level 1:colcon.colcon_core.package_identification:_identify(src/DynamixelSDK/c#/protocol2.0/read_write/win64/read_write/Properties) by extension 'ignore'
[0.233s] Level 1:colcon.colcon_core.package_identification:_identify(src/DynamixelSDK/c#/protocol2.0/read_write/win64/read_write/Properties) by extension 'ignore_ament_install'
[0.233s] Level 1:colcon.colcon_core.package_identification:_identify(src/DynamixelSDK/c#/protocol2.0/read_write/win64/read_write/Properties) by extensions ['colcon_pkg']
[0.233s] Level 1:colcon.colcon_core.package_identification:_identify(src/DynamixelSDK/c#/protocol2.0/read_write/win64/read_write/Properties) by extension 'colcon_pkg'
[0.233s] Level 1:colcon.colcon_core.package_identification:_identify(src/DynamixelSDK/c#/protocol2.0/read_write/win64/read_write/Properties) by extensions ['colcon_meta']
[0.233s] Level 1:colcon.colcon_core.package_identification:_identify(src/DynamixelSDK/c#/protocol2.0/read_write/win64/read_write/Properties) by extension 'colcon_meta'
[0.233s] Level 1:colcon.colcon_core.package_identification:_identify(src/DynamixelSDK/c#/protocol2.0/read_write/win64/read_write/Properties) by extensions ['ros']
[0.233s] Level 1:colcon.colcon_core.package_identification:_identify(src/DynamixelSDK/c#/protocol2.0/read_write/win64/read_write/Properties) by extension 'ros'
[0.233s] Level 1:colcon.colcon_core.package_identification:_identify(src/DynamixelSDK/c#/protocol2.0/read_write/win64/read_write/Properties) by extensions ['cmake', 'python']
[0.233s] Level 1:colcon.colcon_core.package_identification:_identify(src/DynamixelSDK/c#/protocol2.0/read_write/win64/read_write/Properties) by extension 'cmake'
[0.233s] Level 1:colcon.colcon_core.package_identification:_identify(src/DynamixelSDK/c#/protocol2.0/read_write/win64/read_write/Properties) by extension 'python'
[0.233s] Level 1:colcon.colcon_core.package_identification:_identify(src/DynamixelSDK/c#/protocol2.0/read_write/win64/read_write/Properties) by extensions ['python_setup_py']
[0.233s] Level 1:colcon.colcon_core.package_identification:_identify(src/DynamixelSDK/c#/protocol2.0/read_write/win64/read_write/Properties) by extension 'python_setup_py'
[0.234s] Level 1:colcon.colcon_core.package_identification:_identify(src/DynamixelSDK/c#/protocol2.0/reboot) by extensions ['ignore', 'ignore_ament_install']
[0.234s] Level 1:colcon.colcon_core.package_identification:_identify(src/DynamixelSDK/c#/protocol2.0/reboot) by extension 'ignore'
[0.234s] Level 1:colcon.colcon_core.package_identification:_identify(src/DynamixelSDK/c#/protocol2.0/reboot) by extension 'ignore_ament_install'
[0.234s] Level 1:colcon.colcon_core.package_identification:_identify(src/DynamixelSDK/c#/protocol2.0/reboot) by extensions ['colcon_pkg']
[0.234s] Level 1:colcon.colcon_core.package_identification:_identify(src/DynamixelSDK/c#/protocol2.0/reboot) by extension 'colcon_pkg'
[0.234s] Level 1:colcon.colcon_core.package_identification:_identify(src/DynamixelSDK/c#/protocol2.0/reboot) by extensions ['colcon_meta']
[0.234s] Level 1:colcon.colcon_core.package_identification:_identify(src/DynamixelSDK/c#/protocol2.0/reboot) by extension 'colcon_meta'
[0.234s] Level 1:colcon.colcon_core.package_identification:_identify(src/DynamixelSDK/c#/protocol2.0/reboot) by extensions ['ros']
[0.234s] Level 1:colcon.colcon_core.package_identification:_identify(src/DynamixelSDK/c#/protocol2.0/reboot) by extension 'ros'
[0.234s] Level 1:colcon.colcon_core.package_identification:_identify(src/DynamixelSDK/c#/protocol2.0/reboot) by extensions ['cmake', 'python']
[0.234s] Level 1:colcon.colcon_core.package_identification:_identify(src/DynamixelSDK/c#/protocol2.0/reboot) by extension 'cmake'
[0.234s] Level 1:colcon.colcon_core.package_identification:_identify(src/DynamixelSDK/c#/protocol2.0/reboot) by extension 'python'
[0.234s] Level 1:colcon.colcon_core.package_identification:_identify(src/DynamixelSDK/c#/protocol2.0/reboot) by extensions ['python_setup_py']
[0.234s] Level 1:colcon.colcon_core.package_identification:_identify(src/DynamixelSDK/c#/protocol2.0/reboot) by extension 'python_setup_py'
[0.234s] Level 1:colcon.colcon_core.package_identification:_identify(src/DynamixelSDK/c#/protocol2.0/reboot/win32) by extensions ['ignore', 'ignore_ament_install']
[0.234s] Level 1:colcon.colcon_core.package_identification:_identify(src/DynamixelSDK/c#/protocol2.0/reboot/win32) by extension 'ignore'
[0.234s] Level 1:colcon.colcon_core.package_identification:_identify(src/DynamixelSDK/c#/protocol2.0/reboot/win32) by extension 'ignore_ament_install'
[0.234s] Level 1:colcon.colcon_core.package_identification:_identify(src/DynamixelSDK/c#/protocol2.0/reboot/win32) by extensions ['colcon_pkg']
[0.234s] Level 1:colcon.colcon_core.package_identification:_identify(src/DynamixelSDK/c#/protocol2.0/reboot/win32) by extension 'colcon_pkg'
[0.234s] Level 1:colcon.colcon_core.package_identification:_identify(src/DynamixelSDK/c#/protocol2.0/reboot/win32) by extensions ['colcon_meta']
[0.234s] Level 1:colcon.colcon_core.package_identification:_identify(src/DynamixelSDK/c#/protocol2.0/reboot/win32) by extension 'colcon_meta'
[0.235s] Level 1:colcon.colcon_core.package_identification:_identify(src/DynamixelSDK/c#/protocol2.0/reboot/win32) by extensions ['ros']
[0.235s] Level 1:colcon.colcon_core.package_identification:_identify(src/DynamixelSDK/c#/protocol2.0/reboot/win32) by extension 'ros'
[0.235s] Level 1:colcon.colcon_core.package_identification:_identify(src/DynamixelSDK/c#/protocol2.0/reboot/win32) by extensions ['cmake', 'python']
[0.235s] Level 1:colcon.colcon_core.package_identification:_identify(src/DynamixelSDK/c#/protocol2.0/reboot/win32) by extension 'cmake'
[0.235s] Level 1:colcon.colcon_core.package_identification:_identify(src/DynamixelSDK/c#/protocol2.0/reboot/win32) by extension 'python'
[0.235s] Level 1:colcon.colcon_core.package_identification:_identify(src/DynamixelSDK/c#/protocol2.0/reboot/win32) by extensions ['python_setup_py']
[0.235s] Level 1:colcon.colcon_core.package_identification:_identify(src/DynamixelSDK/c#/protocol2.0/reboot/win32) by extension 'python_setup_py'
[0.235s] Level 1:colcon.colcon_core.package_identification:_identify(src/DynamixelSDK/c#/protocol2.0/reboot/win32/reboot) by extensions ['ignore', 'ignore_ament_install']
[0.235s] Level 1:colcon.colcon_core.package_identification:_identify(src/DynamixelSDK/c#/protocol2.0/reboot/win32/reboot) by extension 'ignore'
[0.235s] Level 1:colcon.colcon_core.package_identification:_identify(src/DynamixelSDK/c#/protocol2.0/reboot/win32/reboot) by extension 'ignore_ament_install'
[0.235s] Level 1:colcon.colcon_core.package_identification:_identify(src/DynamixelSDK/c#/protocol2.0/reboot/win32/reboot) by extensions ['colcon_pkg']
[0.235s] Level 1:colcon.colcon_core.package_identification:_identify(src/DynamixelSDK/c#/protocol2.0/reboot/win32/reboot) by extension 'colcon_pkg'
[0.235s] Level 1:colcon.colcon_core.package_identification:_identify(src/DynamixelSDK/c#/protocol2.0/reboot/win32/reboot) by extensions ['colcon_meta']
[0.235s] Level 1:colcon.colcon_core.package_identification:_identify(src/DynamixelSDK/c#/protocol2.0/reboot/win32/reboot) by extension 'colcon_meta'
[0.235s] Level 1:colcon.colcon_core.package_identification:_identify(src/DynamixelSDK/c#/protocol2.0/reboot/win32/reboot) by extensions ['ros']
[0.235s] Level 1:colcon.colcon_core.package_identification:_identify(src/DynamixelSDK/c#/protocol2.0/reboot/win32/reboot) by extension 'ros'
[0.235s] Level 1:colcon.colcon_core.package_identification:_identify(src/DynamixelSDK/c#/protocol2.0/reboot/win32/reboot) by extensions ['cmake', 'python']
[0.235s] Level 1:colcon.colcon_core.package_identification:_identify(src/DynamixelSDK/c#/protocol2.0/reboot/win32/reboot) by extension 'cmake'
[0.235s] Level 1:colcon.colcon_core.package_identification:_identify(src/DynamixelSDK/c#/protocol2.0/reboot/win32/reboot) by extension 'python'
[0.235s] Level 1:colcon.colcon_core.package_identification:_identify(src/DynamixelSDK/c#/protocol2.0/reboot/win32/reboot) by extensions ['python_setup_py']
[0.235s] Level 1:colcon.colcon_core.package_identification:_identify(src/DynamixelSDK/c#/protocol2.0/reboot/win32/reboot) by extension 'python_setup_py'
[0.235s] Level 1:colcon.colcon_core.package_identification:_identify(src/DynamixelSDK/c#/protocol2.0/reboot/win32/reboot/Properties) by extensions ['ignore', 'ignore_ament_install']
[0.236s] Level 1:colcon.colcon_core.package_identification:_identify(src/DynamixelSDK/c#/protocol2.0/reboot/win32/reboot/Properties) by extension 'ignore'
[0.236s] Level 1:colcon.colcon_core.package_identification:_identify(src/DynamixelSDK/c#/protocol2.0/reboot/win32/reboot/Properties) by extension 'ignore_ament_install'
[0.236s] Level 1:colcon.colcon_core.package_identification:_identify(src/DynamixelSDK/c#/protocol2.0/reboot/win32/reboot/Properties) by extensions ['colcon_pkg']
[0.236s] Level 1:colcon.colcon_core.package_identification:_identify(src/DynamixelSDK/c#/protocol2.0/reboot/win32/reboot/Properties) by extension 'colcon_pkg'
[0.236s] Level 1:colcon.colcon_core.package_identification:_identify(src/DynamixelSDK/c#/protocol2.0/reboot/win32/reboot/Properties) by extensions ['colcon_meta']
[0.236s] Level 1:colcon.colcon_core.package_identification:_identify(src/DynamixelSDK/c#/protocol2.0/reboot/win32/reboot/Properties) by extension 'colcon_meta'
[0.236s] Level 1:colcon.colcon_core.package_identification:_identify(src/DynamixelSDK/c#/protocol2.0/reboot/win32/reboot/Properties) by extensions ['ros']
[0.236s] Level 1:colcon.colcon_core.package_identification:_identify(src/DynamixelSDK/c#/protocol2.0/reboot/win32/reboot/Properties) by extension 'ros'
[0.236s] Level 1:colcon.colcon_core.package_identification:_identify(src/DynamixelSDK/c#/protocol2.0/reboot/win32/reboot/Properties) by extensions ['cmake', 'python']
[0.236s] Level 1:colcon.colcon_core.package_identification:_identify(src/DynamixelSDK/c#/protocol2.0/reboot/win32/reboot/Properties) by extension 'cmake'
[0.236s] Level 1:colcon.colcon_core.package_identification:_identify(src/DynamixelSDK/c#/protocol2.0/reboot/win32/reboot/Properties) by extension 'python'
[0.236s] Level 1:colcon.colcon_core.package_identification:_identify(src/DynamixelSDK/c#/protocol2.0/reboot/win32/reboot/Properties) by extensions ['python_setup_py']
[0.236s] Level 1:colcon.colcon_core.package_identification:_identify(src/DynamixelSDK/c#/protocol2.0/reboot/win32/reboot/Properties) by extension 'python_setup_py'
[0.236s] Level 1:colcon.colcon_core.package_identification:_identify(src/DynamixelSDK/c#/protocol2.0/reboot/win64) by extensions ['ignore', 'ignore_ament_install']
[0.236s] Level 1:colcon.colcon_core.package_identification:_identify(src/DynamixelSDK/c#/protocol2.0/reboot/win64) by extension 'ignore'
[0.236s] Level 1:colcon.colcon_core.package_identification:_identify(src/DynamixelSDK/c#/protocol2.0/reboot/win64) by extension 'ignore_ament_install'
[0.236s] Level 1:colcon.colcon_core.package_identification:_identify(src/DynamixelSDK/c#/protocol2.0/reboot/win64) by extensions ['colcon_pkg']
[0.236s] Level 1:colcon.colcon_core.package_identification:_identify(src/DynamixelSDK/c#/protocol2.0/reboot/win64) by extension 'colcon_pkg'
[0.236s] Level 1:colcon.colcon_core.package_identification:_identify(src/DynamixelSDK/c#/protocol2.0/reboot/win64) by extensions ['colcon_meta']
[0.236s] Level 1:colcon.colcon_core.package_identification:_identify(src/DynamixelSDK/c#/protocol2.0/reboot/win64) by extension 'colcon_meta'
[0.236s] Level 1:colcon.colcon_core.package_identification:_identify(src/DynamixelSDK/c#/protocol2.0/reboot/win64) by extensions ['ros']
[0.236s] Level 1:colcon.colcon_core.package_identification:_identify(src/DynamixelSDK/c#/protocol2.0/reboot/win64) by extension 'ros'
[0.236s] Level 1:colcon.colcon_core.package_identification:_identify(src/DynamixelSDK/c#/protocol2.0/reboot/win64) by extensions ['cmake', 'python']
[0.237s] Level 1:colcon.colcon_core.package_identification:_identify(src/DynamixelSDK/c#/protocol2.0/reboot/win64) by extension 'cmake'
[0.237s] Level 1:colcon.colcon_core.package_identification:_identify(src/DynamixelSDK/c#/protocol2.0/reboot/win64) by extension 'python'
[0.237s] Level 1:colcon.colcon_core.package_identification:_identify(src/DynamixelSDK/c#/protocol2.0/reboot/win64) by extensions ['python_setup_py']
[0.237s] Level 1:colcon.colcon_core.package_identification:_identify(src/DynamixelSDK/c#/protocol2.0/reboot/win64) by extension 'python_setup_py'
[0.237s] Level 1:colcon.colcon_core.package_identification:_identify(src/DynamixelSDK/c#/protocol2.0/reboot/win64/reboot) by extensions ['ignore', 'ignore_ament_install']
[0.237s] Level 1:colcon.colcon_core.package_identification:_identify(src/DynamixelSDK/c#/protocol2.0/reboot/win64/reboot) by extension 'ignore'
[0.237s] Level 1:colcon.colcon_core.package_identification:_identify(src/DynamixelSDK/c#/protocol2.0/reboot/win64/reboot) by extension 'ignore_ament_install'
[0.237s] Level 1:colcon.colcon_core.package_identification:_identify(src/DynamixelSDK/c#/protocol2.0/reboot/win64/reboot) by extensions ['colcon_pkg']
[0.237s] Level 1:colcon.colcon_core.package_identification:_identify(src/DynamixelSDK/c#/protocol2.0/reboot/win64/reboot) by extension 'colcon_pkg'
[0.237s] Level 1:colcon.colcon_core.package_identification:_identify(src/DynamixelSDK/c#/protocol2.0/reboot/win64/reboot) by extensions ['colcon_meta']
[0.237s] Level 1:colcon.colcon_core.package_identification:_identify(src/DynamixelSDK/c#/protocol2.0/reboot/win64/reboot) by extension 'colcon_meta'
[0.237s] Level 1:colcon.colcon_core.package_identification:_identify(src/DynamixelSDK/c#/protocol2.0/reboot/win64/reboot) by extensions ['ros']
[0.237s] Level 1:colcon.colcon_core.package_identification:_identify(src/DynamixelSDK/c#/protocol2.0/reboot/win64/reboot) by extension 'ros'
[0.237s] Level 1:colcon.colcon_core.package_identification:_identify(src/DynamixelSDK/c#/protocol2.0/reboot/win64/reboot) by extensions ['cmake', 'python']
[0.237s] Level 1:colcon.colcon_core.package_identification:_identify(src/DynamixelSDK/c#/protocol2.0/reboot/win64/reboot) by extension 'cmake'
[0.237s] Level 1:colcon.colcon_core.package_identification:_identify(src/DynamixelSDK/c#/protocol2.0/reboot/win64/reboot) by extension 'python'
[0.237s] Level 1:colcon.colcon_core.package_identification:_identify(src/DynamixelSDK/c#/protocol2.0/reboot/win64/reboot) by extensions ['python_setup_py']
[0.237s] Level 1:colcon.colcon_core.package_identification:_identify(src/DynamixelSDK/c#/protocol2.0/reboot/win64/reboot) by extension 'python_setup_py'
[0.237s] Level 1:colcon.colcon_core.package_identification:_identify(src/DynamixelSDK/c#/protocol2.0/reboot/win64/reboot/Properties) by extensions ['ignore', 'ignore_ament_install']
[0.237s] Level 1:colcon.colcon_core.package_identification:_identify(src/DynamixelSDK/c#/protocol2.0/reboot/win64/reboot/Properties) by extension 'ignore'
[0.238s] Level 1:colcon.colcon_core.package_identification:_identify(src/DynamixelSDK/c#/protocol2.0/reboot/win64/reboot/Properties) by extension 'ignore_ament_install'
[0.238s] Level 1:colcon.colcon_core.package_identification:_identify(src/DynamixelSDK/c#/protocol2.0/reboot/win64/reboot/Properties) by extensions ['colcon_pkg']
[0.238s] Level 1:colcon.colcon_core.package_identification:_identify(src/DynamixelSDK/c#/protocol2.0/reboot/win64/reboot/Properties) by extension 'colcon_pkg'
[0.238s] Level 1:colcon.colcon_core.package_identification:_identify(src/DynamixelSDK/c#/protocol2.0/reboot/win64/reboot/Properties) by extensions ['colcon_meta']
[0.238s] Level 1:colcon.colcon_core.package_identification:_identify(src/DynamixelSDK/c#/protocol2.0/reboot/win64/reboot/Properties) by extension 'colcon_meta'
[0.238s] Level 1:colcon.colcon_core.package_identification:_identify(src/DynamixelSDK/c#/protocol2.0/reboot/win64/reboot/Properties) by extensions ['ros']
[0.238s] Level 1:colcon.colcon_core.package_identification:_identify(src/DynamixelSDK/c#/protocol2.0/reboot/win64/reboot/Properties) by extension 'ros'
[0.238s] Level 1:colcon.colcon_core.package_identification:_identify(src/DynamixelSDK/c#/protocol2.0/reboot/win64/reboot/Properties) by extensions ['cmake', 'python']
[0.238s] Level 1:colcon.colcon_core.package_identification:_identify(src/DynamixelSDK/c#/protocol2.0/reboot/win64/reboot/Properties) by extension 'cmake'
[0.238s] Level 1:colcon.colcon_core.package_identification:_identify(src/DynamixelSDK/c#/protocol2.0/reboot/win64/reboot/Properties) by extension 'python'
[0.238s] Level 1:colcon.colcon_core.package_identification:_identify(src/DynamixelSDK/c#/protocol2.0/reboot/win64/reboot/Properties) by extensions ['python_setup_py']
[0.238s] Level 1:colcon.colcon_core.package_identification:_identify(src/DynamixelSDK/c#/protocol2.0/reboot/win64/reboot/Properties) by extension 'python_setup_py'
[0.238s] Level 1:colcon.colcon_core.package_identification:_identify(src/DynamixelSDK/c#/protocol2.0/sync_read_write) by extensions ['ignore', 'ignore_ament_install']
[0.238s] Level 1:colcon.colcon_core.package_identification:_identify(src/DynamixelSDK/c#/protocol2.0/sync_read_write) by extension 'ignore'
[0.238s] Level 1:colcon.colcon_core.package_identification:_identify(src/DynamixelSDK/c#/protocol2.0/sync_read_write) by extension 'ignore_ament_install'
[0.238s] Level 1:colcon.colcon_core.package_identification:_identify(src/DynamixelSDK/c#/protocol2.0/sync_read_write) by extensions ['colcon_pkg']
[0.238s] Level 1:colcon.colcon_core.package_identification:_identify(src/DynamixelSDK/c#/protocol2.0/sync_read_write) by extension 'colcon_pkg'
[0.238s] Level 1:colcon.colcon_core.package_identification:_identify(src/DynamixelSDK/c#/protocol2.0/sync_read_write) by extensions ['colcon_meta']
[0.238s] Level 1:colcon.colcon_core.package_identification:_identify(src/DynamixelSDK/c#/protocol2.0/sync_read_write) by extension 'colcon_meta'
[0.238s] Level 1:colcon.colcon_core.package_identification:_identify(src/DynamixelSDK/c#/protocol2.0/sync_read_write) by extensions ['ros']
[0.238s] Level 1:colcon.colcon_core.package_identification:_identify(src/DynamixelSDK/c#/protocol2.0/sync_read_write) by extension 'ros'
[0.238s] Level 1:colcon.colcon_core.package_identification:_identify(src/DynamixelSDK/c#/protocol2.0/sync_read_write) by extensions ['cmake', 'python']
[0.238s] Level 1:colcon.colcon_core.package_identification:_identify(src/DynamixelSDK/c#/protocol2.0/sync_read_write) by extension 'cmake'
[0.238s] Level 1:colcon.colcon_core.package_identification:_identify(src/DynamixelSDK/c#/protocol2.0/sync_read_write) by extension 'python'
[0.238s] Level 1:colcon.colcon_core.package_identification:_identify(src/DynamixelSDK/c#/protocol2.0/sync_read_write) by extensions ['python_setup_py']
[0.238s] Level 1:colcon.colcon_core.package_identification:_identify(src/DynamixelSDK/c#/protocol2.0/sync_read_write) by extension 'python_setup_py'
[0.239s] Level 1:colcon.colcon_core.package_identification:_identify(src/DynamixelSDK/c#/protocol2.0/sync_read_write/win32) by extensions ['ignore', 'ignore_ament_install']
[0.239s] Level 1:colcon.colcon_core.package_identification:_identify(src/DynamixelSDK/c#/protocol2.0/sync_read_write/win32) by extension 'ignore'
[0.239s] Level 1:colcon.colcon_core.package_identification:_identify(src/DynamixelSDK/c#/protocol2.0/sync_read_write/win32) by extension 'ignore_ament_install'
[0.239s] Level 1:colcon.colcon_core.package_identification:_identify(src/DynamixelSDK/c#/protocol2.0/sync_read_write/win32) by extensions ['colcon_pkg']
[0.239s] Level 1:colcon.colcon_core.package_identification:_identify(src/DynamixelSDK/c#/protocol2.0/sync_read_write/win32) by extension 'colcon_pkg'
[0.239s] Level 1:colcon.colcon_core.package_identification:_identify(src/DynamixelSDK/c#/protocol2.0/sync_read_write/win32) by extensions ['colcon_meta']
[0.239s] Level 1:colcon.colcon_core.package_identification:_identify(src/DynamixelSDK/c#/protocol2.0/sync_read_write/win32) by extension 'colcon_meta'
[0.239s] Level 1:colcon.colcon_core.package_identification:_identify(src/DynamixelSDK/c#/protocol2.0/sync_read_write/win32) by extensions ['ros']
[0.239s] Level 1:colcon.colcon_core.package_identification:_identify(src/DynamixelSDK/c#/protocol2.0/sync_read_write/win32) by extension 'ros'
[0.239s] Level 1:colcon.colcon_core.package_identification:_identify(src/DynamixelSDK/c#/protocol2.0/sync_read_write/win32) by extensions ['cmake', 'python']
[0.239s] Level 1:colcon.colcon_core.package_identification:_identify(src/DynamixelSDK/c#/protocol2.0/sync_read_write/win32) by extension 'cmake'
[0.239s] Level 1:colcon.colcon_core.package_identification:_identify(src/DynamixelSDK/c#/protocol2.0/sync_read_write/win32) by extension 'python'
[0.239s] Level 1:colcon.colcon_core.package_identification:_identify(src/DynamixelSDK/c#/protocol2.0/sync_read_write/win32) by extensions ['python_setup_py']
[0.239s] Level 1:colcon.colcon_core.package_identification:_identify(src/DynamixelSDK/c#/protocol2.0/sync_read_write/win32) by extension 'python_setup_py'
[0.239s] Level 1:colcon.colcon_core.package_identification:_identify(src/DynamixelSDK/c#/protocol2.0/sync_read_write/win32/sync_read_write) by extensions ['ignore', 'ignore_ament_install']
[0.239s] Level 1:colcon.colcon_core.package_identification:_identify(src/DynamixelSDK/c#/protocol2.0/sync_read_write/win32/sync_read_write) by extension 'ignore'
[0.239s] Level 1:colcon.colcon_core.package_identification:_identify(src/DynamixelSDK/c#/protocol2.0/sync_read_write/win32/sync_read_write) by extension 'ignore_ament_install'
[0.239s] Level 1:colcon.colcon_core.package_identification:_identify(src/DynamixelSDK/c#/protocol2.0/sync_read_write/win32/sync_read_write) by extensions ['colcon_pkg']
[0.239s] Level 1:colcon.colcon_core.package_identification:_identify(src/DynamixelSDK/c#/protocol2.0/sync_read_write/win32/sync_read_write) by extension 'colcon_pkg'
[0.239s] Level 1:colcon.colcon_core.package_identification:_identify(src/DynamixelSDK/c#/protocol2.0/sync_read_write/win32/sync_read_write) by extensions ['colcon_meta']
[0.240s] Level 1:colcon.colcon_core.package_identification:_identify(src/DynamixelSDK/c#/protocol2.0/sync_read_write/win32/sync_read_write) by extension 'colcon_meta'
[0.240s] Level 1:colcon.colcon_core.package_identification:_identify(src/DynamixelSDK/c#/protocol2.0/sync_read_write/win32/sync_read_write) by extensions ['ros']
[0.240s] Level 1:colcon.colcon_core.package_identification:_identify(src/DynamixelSDK/c#/protocol2.0/sync_read_write/win32/sync_read_write) by extension 'ros'
[0.240s] Level 1:colcon.colcon_core.package_identification:_identify(src/DynamixelSDK/c#/protocol2.0/sync_read_write/win32/sync_read_write) by extensions ['cmake', 'python']
[0.240s] Level 1:colcon.colcon_core.package_identification:_identify(src/DynamixelSDK/c#/protocol2.0/sync_read_write/win32/sync_read_write) by extension 'cmake'
[0.240s] Level 1:colcon.colcon_core.package_identification:_identify(src/DynamixelSDK/c#/protocol2.0/sync_read_write/win32/sync_read_write) by extension 'python'
[0.240s] Level 1:colcon.colcon_core.package_identification:_identify(src/DynamixelSDK/c#/protocol2.0/sync_read_write/win32/sync_read_write) by extensions ['python_setup_py']
[0.240s] Level 1:colcon.colcon_core.package_identification:_identify(src/DynamixelSDK/c#/protocol2.0/sync_read_write/win32/sync_read_write) by extension 'python_setup_py'
[0.240s] Level 1:colcon.colcon_core.package_identification:_identify(src/DynamixelSDK/c#/protocol2.0/sync_read_write/win32/sync_read_write/Properties) by extensions ['ignore', 'ignore_ament_install']
[0.240s] Level 1:colcon.colcon_core.package_identification:_identify(src/DynamixelSDK/c#/protocol2.0/sync_read_write/win32/sync_read_write/Properties) by extension 'ignore'
[0.240s] Level 1:colcon.colcon_core.package_identification:_identify(src/DynamixelSDK/c#/protocol2.0/sync_read_write/win32/sync_read_write/Properties) by extension 'ignore_ament_install'
[0.240s] Level 1:colcon.colcon_core.package_identification:_identify(src/DynamixelSDK/c#/protocol2.0/sync_read_write/win32/sync_read_write/Properties) by extensions ['colcon_pkg']
[0.240s] Level 1:colcon.colcon_core.package_identification:_identify(src/DynamixelSDK/c#/protocol2.0/sync_read_write/win32/sync_read_write/Properties) by extension 'colcon_pkg'
[0.240s] Level 1:colcon.colcon_core.package_identification:_identify(src/DynamixelSDK/c#/protocol2.0/sync_read_write/win32/sync_read_write/Properties) by extensions ['colcon_meta']
[0.240s] Level 1:colcon.colcon_core.package_identification:_identify(src/DynamixelSDK/c#/protocol2.0/sync_read_write/win32/sync_read_write/Properties) by extension 'colcon_meta'
[0.240s] Level 1:colcon.colcon_core.package_identification:_identify(src/DynamixelSDK/c#/protocol2.0/sync_read_write/win32/sync_read_write/Properties) by extensions ['ros']
[0.240s] Level 1:colcon.colcon_core.package_identification:_identify(src/DynamixelSDK/c#/protocol2.0/sync_read_write/win32/sync_read_write/Properties) by extension 'ros'
[0.240s] Level 1:colcon.colcon_core.package_identification:_identify(src/DynamixelSDK/c#/protocol2.0/sync_read_write/win32/sync_read_write/Properties) by extensions ['cmake', 'python']
[0.240s] Level 1:colcon.colcon_core.package_identification:_identify(src/DynamixelSDK/c#/protocol2.0/sync_read_write/win32/sync_read_write/Properties) by extension 'cmake'
[0.240s] Level 1:colcon.colcon_core.package_identification:_identify(src/DynamixelSDK/c#/protocol2.0/sync_read_write/win32/sync_read_write/Properties) by extension 'python'
[0.240s] Level 1:colcon.colcon_core.package_identification:_identify(src/DynamixelSDK/c#/protocol2.0/sync_read_write/win32/sync_read_write/Properties) by extensions ['python_setup_py']
[0.240s] Level 1:colcon.colcon_core.package_identification:_identify(src/DynamixelSDK/c#/protocol2.0/sync_read_write/win32/sync_read_write/Properties) by extension 'python_setup_py'
[0.241s] Level 1:colcon.colcon_core.package_identification:_identify(src/DynamixelSDK/c#/protocol2.0/sync_read_write/win64) by extensions ['ignore', 'ignore_ament_install']
[0.241s] Level 1:colcon.colcon_core.package_identification:_identify(src/DynamixelSDK/c#/protocol2.0/sync_read_write/win64) by extension 'ignore'
[0.241s] Level 1:colcon.colcon_core.package_identification:_identify(src/DynamixelSDK/c#/protocol2.0/sync_read_write/win64) by extension 'ignore_ament_install'
[0.241s] Level 1:colcon.colcon_core.package_identification:_identify(src/DynamixelSDK/c#/protocol2.0/sync_read_write/win64) by extensions ['colcon_pkg']
[0.241s] Level 1:colcon.colcon_core.package_identification:_identify(src/DynamixelSDK/c#/protocol2.0/sync_read_write/win64) by extension 'colcon_pkg'
[0.241s] Level 1:colcon.colcon_core.package_identification:_identify(src/DynamixelSDK/c#/protocol2.0/sync_read_write/win64) by extensions ['colcon_meta']
[0.241s] Level 1:colcon.colcon_core.package_identification:_identify(src/DynamixelSDK/c#/protocol2.0/sync_read_write/win64) by extension 'colcon_meta'
[0.241s] Level 1:colcon.colcon_core.package_identification:_identify(src/DynamixelSDK/c#/protocol2.0/sync_read_write/win64) by extensions ['ros']
[0.241s] Level 1:colcon.colcon_core.package_identification:_identify(src/DynamixelSDK/c#/protocol2.0/sync_read_write/win64) by extension 'ros'
[0.241s] Level 1:colcon.colcon_core.package_identification:_identify(src/DynamixelSDK/c#/protocol2.0/sync_read_write/win64) by extensions ['cmake', 'python']
[0.241s] Level 1:colcon.colcon_core.package_identification:_identify(src/DynamixelSDK/c#/protocol2.0/sync_read_write/win64) by extension 'cmake'
[0.241s] Level 1:colcon.colcon_core.package_identification:_identify(src/DynamixelSDK/c#/protocol2.0/sync_read_write/win64) by extension 'python'
[0.241s] Level 1:colcon.colcon_core.package_identification:_identify(src/DynamixelSDK/c#/protocol2.0/sync_read_write/win64) by extensions ['python_setup_py']
[0.241s] Level 1:colcon.colcon_core.package_identification:_identify(src/DynamixelSDK/c#/protocol2.0/sync_read_write/win64) by extension 'python_setup_py'
[0.241s] Level 1:colcon.colcon_core.package_identification:_identify(src/DynamixelSDK/c#/protocol2.0/sync_read_write/win64/sync_read_write) by extensions ['ignore', 'ignore_ament_install']
[0.241s] Level 1:colcon.colcon_core.package_identification:_identify(src/DynamixelSDK/c#/protocol2.0/sync_read_write/win64/sync_read_write) by extension 'ignore'
[0.241s] Level 1:colcon.colcon_core.package_identification:_identify(src/DynamixelSDK/c#/protocol2.0/sync_read_write/win64/sync_read_write) by extension 'ignore_ament_install'
[0.241s] Level 1:colcon.colcon_core.package_identification:_identify(src/DynamixelSDK/c#/protocol2.0/sync_read_write/win64/sync_read_write) by extensions ['colcon_pkg']
[0.241s] Level 1:colcon.colcon_core.package_identification:_identify(src/DynamixelSDK/c#/protocol2.0/sync_read_write/win64/sync_read_write) by extension 'colcon_pkg'
[0.241s] Level 1:colcon.colcon_core.package_identification:_identify(src/DynamixelSDK/c#/protocol2.0/sync_read_write/win64/sync_read_write) by extensions ['colcon_meta']
[0.241s] Level 1:colcon.colcon_core.package_identification:_identify(src/DynamixelSDK/c#/protocol2.0/sync_read_write/win64/sync_read_write) by extension 'colcon_meta'
[0.241s] Level 1:colcon.colcon_core.package_identification:_identify(src/DynamixelSDK/c#/protocol2.0/sync_read_write/win64/sync_read_write) by extensions ['ros']
[0.241s] Level 1:colcon.colcon_core.package_identification:_identify(src/DynamixelSDK/c#/protocol2.0/sync_read_write/win64/sync_read_write) by extension 'ros'
[0.242s] Level 1:colcon.colcon_core.package_identification:_identify(src/DynamixelSDK/c#/protocol2.0/sync_read_write/win64/sync_read_write) by extensions ['cmake', 'python']
[0.242s] Level 1:colcon.colcon_core.package_identification:_identify(src/DynamixelSDK/c#/protocol2.0/sync_read_write/win64/sync_read_write) by extension 'cmake'
[0.242s] Level 1:colcon.colcon_core.package_identification:_identify(src/DynamixelSDK/c#/protocol2.0/sync_read_write/win64/sync_read_write) by extension 'python'
[0.242s] Level 1:colcon.colcon_core.package_identification:_identify(src/DynamixelSDK/c#/protocol2.0/sync_read_write/win64/sync_read_write) by extensions ['python_setup_py']
[0.242s] Level 1:colcon.colcon_core.package_identification:_identify(src/DynamixelSDK/c#/protocol2.0/sync_read_write/win64/sync_read_write) by extension 'python_setup_py'
[0.242s] Level 1:colcon.colcon_core.package_identification:_identify(src/DynamixelSDK/c#/protocol2.0/sync_read_write/win64/sync_read_write/Properties) by extensions ['ignore', 'ignore_ament_install']
[0.242s] Level 1:colcon.colcon_core.package_identification:_identify(src/DynamixelSDK/c#/protocol2.0/sync_read_write/win64/sync_read_write/Properties) by extension 'ignore'
[0.242s] Level 1:colcon.colcon_core.package_identification:_identify(src/DynamixelSDK/c#/protocol2.0/sync_read_write/win64/sync_read_write/Properties) by extension 'ignore_ament_install'
[0.242s] Level 1:colcon.colcon_core.package_identification:_identify(src/DynamixelSDK/c#/protocol2.0/sync_read_write/win64/sync_read_write/Properties) by extensions ['colcon_pkg']
[0.242s] Level 1:colcon.colcon_core.package_identification:_identify(src/DynamixelSDK/c#/protocol2.0/sync_read_write/win64/sync_read_write/Properties) by extension 'colcon_pkg'
[0.242s] Level 1:colcon.colcon_core.package_identification:_identify(src/DynamixelSDK/c#/protocol2.0/sync_read_write/win64/sync_read_write/Properties) by extensions ['colcon_meta']
[0.242s] Level 1:colcon.colcon_core.package_identification:_identify(src/DynamixelSDK/c#/protocol2.0/sync_read_write/win64/sync_read_write/Properties) by extension 'colcon_meta'
[0.242s] Level 1:colcon.colcon_core.package_identification:_identify(src/DynamixelSDK/c#/protocol2.0/sync_read_write/win64/sync_read_write/Properties) by extensions ['ros']
[0.242s] Level 1:colcon.colcon_core.package_identification:_identify(src/DynamixelSDK/c#/protocol2.0/sync_read_write/win64/sync_read_write/Properties) by extension 'ros'
[0.242s] Level 1:colcon.colcon_core.package_identification:_identify(src/DynamixelSDK/c#/protocol2.0/sync_read_write/win64/sync_read_write/Properties) by extensions ['cmake', 'python']
[0.242s] Level 1:colcon.colcon_core.package_identification:_identify(src/DynamixelSDK/c#/protocol2.0/sync_read_write/win64/sync_read_write/Properties) by extension 'cmake'
[0.242s] Level 1:colcon.colcon_core.package_identification:_identify(src/DynamixelSDK/c#/protocol2.0/sync_read_write/win64/sync_read_write/Properties) by extension 'python'
[0.242s] Level 1:colcon.colcon_core.package_identification:_identify(src/DynamixelSDK/c#/protocol2.0/sync_read_write/win64/sync_read_write/Properties) by extensions ['python_setup_py']
[0.242s] Level 1:colcon.colcon_core.package_identification:_identify(src/DynamixelSDK/c#/protocol2.0/sync_read_write/win64/sync_read_write/Properties) by extension 'python_setup_py'
[0.242s] Level 1:colcon.colcon_core.package_identification:_identify(src/DynamixelSDK/c#/protocol_combined) by extensions ['ignore', 'ignore_ament_install']
[0.243s] Level 1:colcon.colcon_core.package_identification:_identify(src/DynamixelSDK/c#/protocol_combined) by extension 'ignore'
[0.243s] Level 1:colcon.colcon_core.package_identification:_identify(src/DynamixelSDK/c#/protocol_combined) by extension 'ignore_ament_install'
[0.243s] Level 1:colcon.colcon_core.package_identification:_identify(src/DynamixelSDK/c#/protocol_combined) by extensions ['colcon_pkg']
[0.243s] Level 1:colcon.colcon_core.package_identification:_identify(src/DynamixelSDK/c#/protocol_combined) by extension 'colcon_pkg'
[0.243s] Level 1:colcon.colcon_core.package_identification:_identify(src/DynamixelSDK/c#/protocol_combined) by extensions ['colcon_meta']
[0.243s] Level 1:colcon.colcon_core.package_identification:_identify(src/DynamixelSDK/c#/protocol_combined) by extension 'colcon_meta'
[0.243s] Level 1:colcon.colcon_core.package_identification:_identify(src/DynamixelSDK/c#/protocol_combined) by extensions ['ros']
[0.243s] Level 1:colcon.colcon_core.package_identification:_identify(src/DynamixelSDK/c#/protocol_combined) by extension 'ros'
[0.243s] Level 1:colcon.colcon_core.package_identification:_identify(src/DynamixelSDK/c#/protocol_combined) by extensions ['cmake', 'python']
[0.243s] Level 1:colcon.colcon_core.package_identification:_identify(src/DynamixelSDK/c#/protocol_combined) by extension 'cmake'
[0.243s] Level 1:colcon.colcon_core.package_identification:_identify(src/DynamixelSDK/c#/protocol_combined) by extension 'python'
[0.243s] Level 1:colcon.colcon_core.package_identification:_identify(src/DynamixelSDK/c#/protocol_combined) by extensions ['python_setup_py']
[0.243s] Level 1:colcon.colcon_core.package_identification:_identify(src/DynamixelSDK/c#/protocol_combined) by extension 'python_setup_py'
[0.243s] Level 1:colcon.colcon_core.package_identification:_identify(src/DynamixelSDK/c#/protocol_combined/win32) by extensions ['ignore', 'ignore_ament_install']
[0.243s] Level 1:colcon.colcon_core.package_identification:_identify(src/DynamixelSDK/c#/protocol_combined/win32) by extension 'ignore'
[0.243s] Level 1:colcon.colcon_core.package_identification:_identify(src/DynamixelSDK/c#/protocol_combined/win32) by extension 'ignore_ament_install'
[0.243s] Level 1:colcon.colcon_core.package_identification:_identify(src/DynamixelSDK/c#/protocol_combined/win32) by extensions ['colcon_pkg']
[0.243s] Level 1:colcon.colcon_core.package_identification:_identify(src/DynamixelSDK/c#/protocol_combined/win32) by extension 'colcon_pkg'
[0.243s] Level 1:colcon.colcon_core.package_identification:_identify(src/DynamixelSDK/c#/protocol_combined/win32) by extensions ['colcon_meta']
[0.243s] Level 1:colcon.colcon_core.package_identification:_identify(src/DynamixelSDK/c#/protocol_combined/win32) by extension 'colcon_meta'
[0.243s] Level 1:colcon.colcon_core.package_identification:_identify(src/DynamixelSDK/c#/protocol_combined/win32) by extensions ['ros']
[0.243s] Level 1:colcon.colcon_core.package_identification:_identify(src/DynamixelSDK/c#/protocol_combined/win32) by extension 'ros'
[0.243s] Level 1:colcon.colcon_core.package_identification:_identify(src/DynamixelSDK/c#/protocol_combined/win32) by extensions ['cmake', 'python']
[0.243s] Level 1:colcon.colcon_core.package_identification:_identify(src/DynamixelSDK/c#/protocol_combined/win32) by extension 'cmake'
[0.243s] Level 1:colcon.colcon_core.package_identification:_identify(src/DynamixelSDK/c#/protocol_combined/win32) by extension 'python'
[0.244s] Level 1:colcon.colcon_core.package_identification:_identify(src/DynamixelSDK/c#/protocol_combined/win32) by extensions ['python_setup_py']
[0.244s] Level 1:colcon.colcon_core.package_identification:_identify(src/DynamixelSDK/c#/protocol_combined/win32) by extension 'python_setup_py'
[0.244s] Level 1:colcon.colcon_core.package_identification:_identify(src/DynamixelSDK/c#/protocol_combined/win32/protocol_combined) by extensions ['ignore', 'ignore_ament_install']
[0.244s] Level 1:colcon.colcon_core.package_identification:_identify(src/DynamixelSDK/c#/protocol_combined/win32/protocol_combined) by extension 'ignore'
[0.244s] Level 1:colcon.colcon_core.package_identification:_identify(src/DynamixelSDK/c#/protocol_combined/win32/protocol_combined) by extension 'ignore_ament_install'
[0.244s] Level 1:colcon.colcon_core.package_identification:_identify(src/DynamixelSDK/c#/protocol_combined/win32/protocol_combined) by extensions ['colcon_pkg']
[0.244s] Level 1:colcon.colcon_core.package_identification:_identify(src/DynamixelSDK/c#/protocol_combined/win32/protocol_combined) by extension 'colcon_pkg'
[0.244s] Level 1:colcon.colcon_core.package_identification:_identify(src/DynamixelSDK/c#/protocol_combined/win32/protocol_combined) by extensions ['colcon_meta']
[0.244s] Level 1:colcon.colcon_core.package_identification:_identify(src/DynamixelSDK/c#/protocol_combined/win32/protocol_combined) by extension 'colcon_meta'
[0.244s] Level 1:colcon.colcon_core.package_identification:_identify(src/DynamixelSDK/c#/protocol_combined/win32/protocol_combined) by extensions ['ros']
[0.244s] Level 1:colcon.colcon_core.package_identification:_identify(src/DynamixelSDK/c#/protocol_combined/win32/protocol_combined) by extension 'ros'
[0.244s] Level 1:colcon.colcon_core.package_identification:_identify(src/DynamixelSDK/c#/protocol_combined/win32/protocol_combined) by extensions ['cmake', 'python']
[0.244s] Level 1:colcon.colcon_core.package_identification:_identify(src/DynamixelSDK/c#/protocol_combined/win32/protocol_combined) by extension 'cmake'
[0.244s] Level 1:colcon.colcon_core.package_identification:_identify(src/DynamixelSDK/c#/protocol_combined/win32/protocol_combined) by extension 'python'
[0.244s] Level 1:colcon.colcon_core.package_identification:_identify(src/DynamixelSDK/c#/protocol_combined/win32/protocol_combined) by extensions ['python_setup_py']
[0.244s] Level 1:colcon.colcon_core.package_identification:_identify(src/DynamixelSDK/c#/protocol_combined/win32/protocol_combined) by extension 'python_setup_py'
[0.244s] Level 1:colcon.colcon_core.package_identification:_identify(src/DynamixelSDK/c#/protocol_combined/win32/protocol_combined/Properties) by extensions ['ignore', 'ignore_ament_install']
[0.244s] Level 1:colcon.colcon_core.package_identification:_identify(src/DynamixelSDK/c#/protocol_combined/win32/protocol_combined/Properties) by extension 'ignore'
[0.244s] Level 1:colcon.colcon_core.package_identification:_identify(src/DynamixelSDK/c#/protocol_combined/win32/protocol_combined/Properties) by extension 'ignore_ament_install'
[0.244s] Level 1:colcon.colcon_core.package_identification:_identify(src/DynamixelSDK/c#/protocol_combined/win32/protocol_combined/Properties) by extensions ['colcon_pkg']
[0.244s] Level 1:colcon.colcon_core.package_identification:_identify(src/DynamixelSDK/c#/protocol_combined/win32/protocol_combined/Properties) by extension 'colcon_pkg'
[0.245s] Level 1:colcon.colcon_core.package_identification:_identify(src/DynamixelSDK/c#/protocol_combined/win32/protocol_combined/Properties) by extensions ['colcon_meta']
[0.245s] Level 1:colcon.colcon_core.package_identification:_identify(src/DynamixelSDK/c#/protocol_combined/win32/protocol_combined/Properties) by extension 'colcon_meta'
[0.245s] Level 1:colcon.colcon_core.package_identification:_identify(src/DynamixelSDK/c#/protocol_combined/win32/protocol_combined/Properties) by extensions ['ros']
[0.245s] Level 1:colcon.colcon_core.package_identification:_identify(src/DynamixelSDK/c#/protocol_combined/win32/protocol_combined/Properties) by extension 'ros'
[0.245s] Level 1:colcon.colcon_core.package_identification:_identify(src/DynamixelSDK/c#/protocol_combined/win32/protocol_combined/Properties) by extensions ['cmake', 'python']
[0.245s] Level 1:colcon.colcon_core.package_identification:_identify(src/DynamixelSDK/c#/protocol_combined/win32/protocol_combined/Properties) by extension 'cmake'
[0.245s] Level 1:colcon.colcon_core.package_identification:_identify(src/DynamixelSDK/c#/protocol_combined/win32/protocol_combined/Properties) by extension 'python'
[0.245s] Level 1:colcon.colcon_core.package_identification:_identify(src/DynamixelSDK/c#/protocol_combined/win32/protocol_combined/Properties) by extensions ['python_setup_py']
[0.245s] Level 1:colcon.colcon_core.package_identification:_identify(src/DynamixelSDK/c#/protocol_combined/win32/protocol_combined/Properties) by extension 'python_setup_py'
[0.245s] Level 1:colcon.colcon_core.package_identification:_identify(src/DynamixelSDK/c#/protocol_combined/win32/protocol_combined/obj) by extensions ['ignore', 'ignore_ament_install']
[0.245s] Level 1:colcon.colcon_core.package_identification:_identify(src/DynamixelSDK/c#/protocol_combined/win32/protocol_combined/obj) by extension 'ignore'
[0.245s] Level 1:colcon.colcon_core.package_identification:_identify(src/DynamixelSDK/c#/protocol_combined/win32/protocol_combined/obj) by extension 'ignore_ament_install'
[0.245s] Level 1:colcon.colcon_core.package_identification:_identify(src/DynamixelSDK/c#/protocol_combined/win32/protocol_combined/obj) by extensions ['colcon_pkg']
[0.245s] Level 1:colcon.colcon_core.package_identification:_identify(src/DynamixelSDK/c#/protocol_combined/win32/protocol_combined/obj) by extension 'colcon_pkg'
[0.245s] Level 1:colcon.colcon_core.package_identification:_identify(src/DynamixelSDK/c#/protocol_combined/win32/protocol_combined/obj) by extensions ['colcon_meta']
[0.245s] Level 1:colcon.colcon_core.package_identification:_identify(src/DynamixelSDK/c#/protocol_combined/win32/protocol_combined/obj) by extension 'colcon_meta'
[0.245s] Level 1:colcon.colcon_core.package_identification:_identify(src/DynamixelSDK/c#/protocol_combined/win32/protocol_combined/obj) by extensions ['ros']
[0.245s] Level 1:colcon.colcon_core.package_identification:_identify(src/DynamixelSDK/c#/protocol_combined/win32/protocol_combined/obj) by extension 'ros'
[0.245s] Level 1:colcon.colcon_core.package_identification:_identify(src/DynamixelSDK/c#/protocol_combined/win32/protocol_combined/obj) by extensions ['cmake', 'python']
[0.245s] Level 1:colcon.colcon_core.package_identification:_identify(src/DynamixelSDK/c#/protocol_combined/win32/protocol_combined/obj) by extension 'cmake'
[0.245s] Level 1:colcon.colcon_core.package_identification:_identify(src/DynamixelSDK/c#/protocol_combined/win32/protocol_combined/obj) by extension 'python'
[0.245s] Level 1:colcon.colcon_core.package_identification:_identify(src/DynamixelSDK/c#/protocol_combined/win32/protocol_combined/obj) by extensions ['python_setup_py']
[0.245s] Level 1:colcon.colcon_core.package_identification:_identify(src/DynamixelSDK/c#/protocol_combined/win32/protocol_combined/obj) by extension 'python_setup_py'
[0.246s] Level 1:colcon.colcon_core.package_identification:_identify(src/DynamixelSDK/c#/protocol_combined/win32/protocol_combined/obj/Debug) by extensions ['ignore', 'ignore_ament_install']
[0.246s] Level 1:colcon.colcon_core.package_identification:_identify(src/DynamixelSDK/c#/protocol_combined/win32/protocol_combined/obj/Debug) by extension 'ignore'
[0.246s] Level 1:colcon.colcon_core.package_identification:_identify(src/DynamixelSDK/c#/protocol_combined/win32/protocol_combined/obj/Debug) by extension 'ignore_ament_install'
[0.246s] Level 1:colcon.colcon_core.package_identification:_identify(src/DynamixelSDK/c#/protocol_combined/win32/protocol_combined/obj/Debug) by extensions ['colcon_pkg']
[0.246s] Level 1:colcon.colcon_core.package_identification:_identify(src/DynamixelSDK/c#/protocol_combined/win32/protocol_combined/obj/Debug) by extension 'colcon_pkg'
[0.246s] Level 1:colcon.colcon_core.package_identification:_identify(src/DynamixelSDK/c#/protocol_combined/win32/protocol_combined/obj/Debug) by extensions ['colcon_meta']
[0.246s] Level 1:colcon.colcon_core.package_identification:_identify(src/DynamixelSDK/c#/protocol_combined/win32/protocol_combined/obj/Debug) by extension 'colcon_meta'
[0.246s] Level 1:colcon.colcon_core.package_identification:_identify(src/DynamixelSDK/c#/protocol_combined/win32/protocol_combined/obj/Debug) by extensions ['ros']
[0.246s] Level 1:colcon.colcon_core.package_identification:_identify(src/DynamixelSDK/c#/protocol_combined/win32/protocol_combined/obj/Debug) by extension 'ros'
[0.246s] Level 1:colcon.colcon_core.package_identification:_identify(src/DynamixelSDK/c#/protocol_combined/win32/protocol_combined/obj/Debug) by extensions ['cmake', 'python']
[0.246s] Level 1:colcon.colcon_core.package_identification:_identify(src/DynamixelSDK/c#/protocol_combined/win32/protocol_combined/obj/Debug) by extension 'cmake'
[0.246s] Level 1:colcon.colcon_core.package_identification:_identify(src/DynamixelSDK/c#/protocol_combined/win32/protocol_combined/obj/Debug) by extension 'python'
[0.246s] Level 1:colcon.colcon_core.package_identification:_identify(src/DynamixelSDK/c#/protocol_combined/win32/protocol_combined/obj/Debug) by extensions ['python_setup_py']
[0.246s] Level 1:colcon.colcon_core.package_identification:_identify(src/DynamixelSDK/c#/protocol_combined/win32/protocol_combined/obj/Debug) by extension 'python_setup_py'
[0.246s] Level 1:colcon.colcon_core.package_identification:_identify(src/DynamixelSDK/c#/protocol_combined/win32/protocol_combined/obj/Release) by extensions ['ignore', 'ignore_ament_install']
[0.246s] Level 1:colcon.colcon_core.package_identification:_identify(src/DynamixelSDK/c#/protocol_combined/win32/protocol_combined/obj/Release) by extension 'ignore'
[0.246s] Level 1:colcon.colcon_core.package_identification:_identify(src/DynamixelSDK/c#/protocol_combined/win32/protocol_combined/obj/Release) by extension 'ignore_ament_install'
[0.246s] Level 1:colcon.colcon_core.package_identification:_identify(src/DynamixelSDK/c#/protocol_combined/win32/protocol_combined/obj/Release) by extensions ['colcon_pkg']
[0.246s] Level 1:colcon.colcon_core.package_identification:_identify(src/DynamixelSDK/c#/protocol_combined/win32/protocol_combined/obj/Release) by extension 'colcon_pkg'
[0.246s] Level 1:colcon.colcon_core.package_identification:_identify(src/DynamixelSDK/c#/protocol_combined/win32/protocol_combined/obj/Release) by extensions ['colcon_meta']
[0.246s] Level 1:colcon.colcon_core.package_identification:_identify(src/DynamixelSDK/c#/protocol_combined/win32/protocol_combined/obj/Release) by extension 'colcon_meta'
[0.246s] Level 1:colcon.colcon_core.package_identification:_identify(src/DynamixelSDK/c#/protocol_combined/win32/protocol_combined/obj/Release) by extensions ['ros']
[0.247s] Level 1:colcon.colcon_core.package_identification:_identify(src/DynamixelSDK/c#/protocol_combined/win32/protocol_combined/obj/Release) by extension 'ros'
[0.247s] Level 1:colcon.colcon_core.package_identification:_identify(src/DynamixelSDK/c#/protocol_combined/win32/protocol_combined/obj/Release) by extensions ['cmake', 'python']
[0.247s] Level 1:colcon.colcon_core.package_identification:_identify(src/DynamixelSDK/c#/protocol_combined/win32/protocol_combined/obj/Release) by extension 'cmake'
[0.247s] Level 1:colcon.colcon_core.package_identification:_identify(src/DynamixelSDK/c#/protocol_combined/win32/protocol_combined/obj/Release) by extension 'python'
[0.247s] Level 1:colcon.colcon_core.package_identification:_identify(src/DynamixelSDK/c#/protocol_combined/win32/protocol_combined/obj/Release) by extensions ['python_setup_py']
[0.247s] Level 1:colcon.colcon_core.package_identification:_identify(src/DynamixelSDK/c#/protocol_combined/win32/protocol_combined/obj/Release) by extension 'python_setup_py'
[0.247s] Level 1:colcon.colcon_core.package_identification:_identify(src/DynamixelSDK/c#/protocol_combined/win32/protocol_combined/obj/x86) by extensions ['ignore', 'ignore_ament_install']
[0.247s] Level 1:colcon.colcon_core.package_identification:_identify(src/DynamixelSDK/c#/protocol_combined/win32/protocol_combined/obj/x86) by extension 'ignore'
[0.247s] Level 1:colcon.colcon_core.package_identification:_identify(src/DynamixelSDK/c#/protocol_combined/win32/protocol_combined/obj/x86) by extension 'ignore_ament_install'
[0.247s] Level 1:colcon.colcon_core.package_identification:_identify(src/DynamixelSDK/c#/protocol_combined/win32/protocol_combined/obj/x86) by extensions ['colcon_pkg']
[0.247s] Level 1:colcon.colcon_core.package_identification:_identify(src/DynamixelSDK/c#/protocol_combined/win32/protocol_combined/obj/x86) by extension 'colcon_pkg'
[0.247s] Level 1:colcon.colcon_core.package_identification:_identify(src/DynamixelSDK/c#/protocol_combined/win32/protocol_combined/obj/x86) by extensions ['colcon_meta']
[0.247s] Level 1:colcon.colcon_core.package_identification:_identify(src/DynamixelSDK/c#/protocol_combined/win32/protocol_combined/obj/x86) by extension 'colcon_meta'
[0.247s] Level 1:colcon.colcon_core.package_identification:_identify(src/DynamixelSDK/c#/protocol_combined/win32/protocol_combined/obj/x86) by extensions ['ros']
[0.247s] Level 1:colcon.colcon_core.package_identification:_identify(src/DynamixelSDK/c#/protocol_combined/win32/protocol_combined/obj/x86) by extension 'ros'
[0.247s] Level 1:colcon.colcon_core.package_identification:_identify(src/DynamixelSDK/c#/protocol_combined/win32/protocol_combined/obj/x86) by extensions ['cmake', 'python']
[0.247s] Level 1:colcon.colcon_core.package_identification:_identify(src/DynamixelSDK/c#/protocol_combined/win32/protocol_combined/obj/x86) by extension 'cmake'
[0.247s] Level 1:colcon.colcon_core.package_identification:_identify(src/DynamixelSDK/c#/protocol_combined/win32/protocol_combined/obj/x86) by extension 'python'
[0.247s] Level 1:colcon.colcon_core.package_identification:_identify(src/DynamixelSDK/c#/protocol_combined/win32/protocol_combined/obj/x86) by extensions ['python_setup_py']
[0.247s] Level 1:colcon.colcon_core.package_identification:_identify(src/DynamixelSDK/c#/protocol_combined/win32/protocol_combined/obj/x86) by extension 'python_setup_py'
[0.248s] Level 1:colcon.colcon_core.package_identification:_identify(src/DynamixelSDK/c#/protocol_combined/win32/protocol_combined/obj/x86/Debug) by extensions ['ignore', 'ignore_ament_install']
[0.248s] Level 1:colcon.colcon_core.package_identification:_identify(src/DynamixelSDK/c#/protocol_combined/win32/protocol_combined/obj/x86/Debug) by extension 'ignore'
[0.248s] Level 1:colcon.colcon_core.package_identification:_identify(src/DynamixelSDK/c#/protocol_combined/win32/protocol_combined/obj/x86/Debug) by extension 'ignore_ament_install'
[0.248s] Level 1:colcon.colcon_core.package_identification:_identify(src/DynamixelSDK/c#/protocol_combined/win32/protocol_combined/obj/x86/Debug) by extensions ['colcon_pkg']
[0.248s] Level 1:colcon.colcon_core.package_identification:_identify(src/DynamixelSDK/c#/protocol_combined/win32/protocol_combined/obj/x86/Debug) by extension 'colcon_pkg'
[0.248s] Level 1:colcon.colcon_core.package_identification:_identify(src/DynamixelSDK/c#/protocol_combined/win32/protocol_combined/obj/x86/Debug) by extensions ['colcon_meta']
[0.248s] Level 1:colcon.colcon_core.package_identification:_identify(src/DynamixelSDK/c#/protocol_combined/win32/protocol_combined/obj/x86/Debug) by extension 'colcon_meta'
[0.248s] Level 1:colcon.colcon_core.package_identification:_identify(src/DynamixelSDK/c#/protocol_combined/win32/protocol_combined/obj/x86/Debug) by extensions ['ros']
[0.248s] Level 1:colcon.colcon_core.package_identification:_identify(src/DynamixelSDK/c#/protocol_combined/win32/protocol_combined/obj/x86/Debug) by extension 'ros'
[0.248s] Level 1:colcon.colcon_core.package_identification:_identify(src/DynamixelSDK/c#/protocol_combined/win32/protocol_combined/obj/x86/Debug) by extensions ['cmake', 'python']
[0.248s] Level 1:colcon.colcon_core.package_identification:_identify(src/DynamixelSDK/c#/protocol_combined/win32/protocol_combined/obj/x86/Debug) by extension 'cmake'
[0.248s] Level 1:colcon.colcon_core.package_identification:_identify(src/DynamixelSDK/c#/protocol_combined/win32/protocol_combined/obj/x86/Debug) by extension 'python'
[0.248s] Level 1:colcon.colcon_core.package_identification:_identify(src/DynamixelSDK/c#/protocol_combined/win32/protocol_combined/obj/x86/Debug) by extensions ['python_setup_py']
[0.248s] Level 1:colcon.colcon_core.package_identification:_identify(src/DynamixelSDK/c#/protocol_combined/win32/protocol_combined/obj/x86/Debug) by extension 'python_setup_py'
[0.248s] Level 1:colcon.colcon_core.package_identification:_identify(src/DynamixelSDK/c#/protocol_combined/win32/protocol_combined/obj/x86/Release) by extensions ['ignore', 'ignore_ament_install']
[0.248s] Level 1:colcon.colcon_core.package_identification:_identify(src/DynamixelSDK/c#/protocol_combined/win32/protocol_combined/obj/x86/Release) by extension 'ignore'
[0.248s] Level 1:colcon.colcon_core.package_identification:_identify(src/DynamixelSDK/c#/protocol_combined/win32/protocol_combined/obj/x86/Release) by extension 'ignore_ament_install'
[0.248s] Level 1:colcon.colcon_core.package_identification:_identify(src/DynamixelSDK/c#/protocol_combined/win32/protocol_combined/obj/x86/Release) by extensions ['colcon_pkg']
[0.248s] Level 1:colcon.colcon_core.package_identification:_identify(src/DynamixelSDK/c#/protocol_combined/win32/protocol_combined/obj/x86/Release) by extension 'colcon_pkg'
[0.248s] Level 1:colcon.colcon_core.package_identification:_identify(src/DynamixelSDK/c#/protocol_combined/win32/protocol_combined/obj/x86/Release) by extensions ['colcon_meta']
[0.248s] Level 1:colcon.colcon_core.package_identification:_identify(src/DynamixelSDK/c#/protocol_combined/win32/protocol_combined/obj/x86/Release) by extension 'colcon_meta'
[0.248s] Level 1:colcon.colcon_core.package_identification:_identify(src/DynamixelSDK/c#/protocol_combined/win32/protocol_combined/obj/x86/Release) by extensions ['ros']
[0.248s] Level 1:colcon.colcon_core.package_identification:_identify(src/DynamixelSDK/c#/protocol_combined/win32/protocol_combined/obj/x86/Release) by extension 'ros'
[0.249s] Level 1:colcon.colcon_core.package_identification:_identify(src/DynamixelSDK/c#/protocol_combined/win32/protocol_combined/obj/x86/Release) by extensions ['cmake', 'python']
[0.249s] Level 1:colcon.colcon_core.package_identification:_identify(src/DynamixelSDK/c#/protocol_combined/win32/protocol_combined/obj/x86/Release) by extension 'cmake'
[0.249s] Level 1:colcon.colcon_core.package_identification:_identify(src/DynamixelSDK/c#/protocol_combined/win32/protocol_combined/obj/x86/Release) by extension 'python'
[0.249s] Level 1:colcon.colcon_core.package_identification:_identify(src/DynamixelSDK/c#/protocol_combined/win32/protocol_combined/obj/x86/Release) by extensions ['python_setup_py']
[0.249s] Level 1:colcon.colcon_core.package_identification:_identify(src/DynamixelSDK/c#/protocol_combined/win32/protocol_combined/obj/x86/Release) by extension 'python_setup_py'
[0.249s] Level 1:colcon.colcon_core.package_identification:_identify(src/DynamixelSDK/c#/protocol_combined/win64) by extensions ['ignore', 'ignore_ament_install']
[0.249s] Level 1:colcon.colcon_core.package_identification:_identify(src/DynamixelSDK/c#/protocol_combined/win64) by extension 'ignore'
[0.249s] Level 1:colcon.colcon_core.package_identification:_identify(src/DynamixelSDK/c#/protocol_combined/win64) by extension 'ignore_ament_install'
[0.249s] Level 1:colcon.colcon_core.package_identification:_identify(src/DynamixelSDK/c#/protocol_combined/win64) by extensions ['colcon_pkg']
[0.249s] Level 1:colcon.colcon_core.package_identification:_identify(src/DynamixelSDK/c#/protocol_combined/win64) by extension 'colcon_pkg'
[0.249s] Level 1:colcon.colcon_core.package_identification:_identify(src/DynamixelSDK/c#/protocol_combined/win64) by extensions ['colcon_meta']
[0.249s] Level 1:colcon.colcon_core.package_identification:_identify(src/DynamixelSDK/c#/protocol_combined/win64) by extension 'colcon_meta'
[0.249s] Level 1:colcon.colcon_core.package_identification:_identify(src/DynamixelSDK/c#/protocol_combined/win64) by extensions ['ros']
[0.249s] Level 1:colcon.colcon_core.package_identification:_identify(src/DynamixelSDK/c#/protocol_combined/win64) by extension 'ros'
[0.249s] Level 1:colcon.colcon_core.package_identification:_identify(src/DynamixelSDK/c#/protocol_combined/win64) by extensions ['cmake', 'python']
[0.249s] Level 1:colcon.colcon_core.package_identification:_identify(src/DynamixelSDK/c#/protocol_combined/win64) by extension 'cmake'
[0.249s] Level 1:colcon.colcon_core.package_identification:_identify(src/DynamixelSDK/c#/protocol_combined/win64) by extension 'python'
[0.249s] Level 1:colcon.colcon_core.package_identification:_identify(src/DynamixelSDK/c#/protocol_combined/win64) by extensions ['python_setup_py']
[0.249s] Level 1:colcon.colcon_core.package_identification:_identify(src/DynamixelSDK/c#/protocol_combined/win64) by extension 'python_setup_py'
[0.249s] Level 1:colcon.colcon_core.package_identification:_identify(src/DynamixelSDK/c#/protocol_combined/win64/protocol_combined) by extensions ['ignore', 'ignore_ament_install']
[0.249s] Level 1:colcon.colcon_core.package_identification:_identify(src/DynamixelSDK/c#/protocol_combined/win64/protocol_combined) by extension 'ignore'
[0.250s] Level 1:colcon.colcon_core.package_identification:_identify(src/DynamixelSDK/c#/protocol_combined/win64/protocol_combined) by extension 'ignore_ament_install'
[0.250s] Level 1:colcon.colcon_core.package_identification:_identify(src/DynamixelSDK/c#/protocol_combined/win64/protocol_combined) by extensions ['colcon_pkg']
[0.250s] Level 1:colcon.colcon_core.package_identification:_identify(src/DynamixelSDK/c#/protocol_combined/win64/protocol_combined) by extension 'colcon_pkg'
[0.250s] Level 1:colcon.colcon_core.package_identification:_identify(src/DynamixelSDK/c#/protocol_combined/win64/protocol_combined) by extensions ['colcon_meta']
[0.250s] Level 1:colcon.colcon_core.package_identification:_identify(src/DynamixelSDK/c#/protocol_combined/win64/protocol_combined) by extension 'colcon_meta'
[0.250s] Level 1:colcon.colcon_core.package_identification:_identify(src/DynamixelSDK/c#/protocol_combined/win64/protocol_combined) by extensions ['ros']
[0.250s] Level 1:colcon.colcon_core.package_identification:_identify(src/DynamixelSDK/c#/protocol_combined/win64/protocol_combined) by extension 'ros'
[0.250s] Level 1:colcon.colcon_core.package_identification:_identify(src/DynamixelSDK/c#/protocol_combined/win64/protocol_combined) by extensions ['cmake', 'python']
[0.250s] Level 1:colcon.colcon_core.package_identification:_identify(src/DynamixelSDK/c#/protocol_combined/win64/protocol_combined) by extension 'cmake'
[0.250s] Level 1:colcon.colcon_core.package_identification:_identify(src/DynamixelSDK/c#/protocol_combined/win64/protocol_combined) by extension 'python'
[0.250s] Level 1:colcon.colcon_core.package_identification:_identify(src/DynamixelSDK/c#/protocol_combined/win64/protocol_combined) by extensions ['python_setup_py']
[0.250s] Level 1:colcon.colcon_core.package_identification:_identify(src/DynamixelSDK/c#/protocol_combined/win64/protocol_combined) by extension 'python_setup_py'
[0.250s] Level 1:colcon.colcon_core.package_identification:_identify(src/DynamixelSDK/c#/protocol_combined/win64/protocol_combined/Properties) by extensions ['ignore', 'ignore_ament_install']
[0.250s] Level 1:colcon.colcon_core.package_identification:_identify(src/DynamixelSDK/c#/protocol_combined/win64/protocol_combined/Properties) by extension 'ignore'
[0.250s] Level 1:colcon.colcon_core.package_identification:_identify(src/DynamixelSDK/c#/protocol_combined/win64/protocol_combined/Properties) by extension 'ignore_ament_install'
[0.250s] Level 1:colcon.colcon_core.package_identification:_identify(src/DynamixelSDK/c#/protocol_combined/win64/protocol_combined/Properties) by extensions ['colcon_pkg']
[0.250s] Level 1:colcon.colcon_core.package_identification:_identify(src/DynamixelSDK/c#/protocol_combined/win64/protocol_combined/Properties) by extension 'colcon_pkg'
[0.250s] Level 1:colcon.colcon_core.package_identification:_identify(src/DynamixelSDK/c#/protocol_combined/win64/protocol_combined/Properties) by extensions ['colcon_meta']
[0.250s] Level 1:colcon.colcon_core.package_identification:_identify(src/DynamixelSDK/c#/protocol_combined/win64/protocol_combined/Properties) by extension 'colcon_meta'
[0.250s] Level 1:colcon.colcon_core.package_identification:_identify(src/DynamixelSDK/c#/protocol_combined/win64/protocol_combined/Properties) by extensions ['ros']
[0.250s] Level 1:colcon.colcon_core.package_identification:_identify(src/DynamixelSDK/c#/protocol_combined/win64/protocol_combined/Properties) by extension 'ros'
[0.250s] Level 1:colcon.colcon_core.package_identification:_identify(src/DynamixelSDK/c#/protocol_combined/win64/protocol_combined/Properties) by extensions ['cmake', 'python']
[0.250s] Level 1:colcon.colcon_core.package_identification:_identify(src/DynamixelSDK/c#/protocol_combined/win64/protocol_combined/Properties) by extension 'cmake'
[0.250s] Level 1:colcon.colcon_core.package_identification:_identify(src/DynamixelSDK/c#/protocol_combined/win64/protocol_combined/Properties) by extension 'python'
[0.251s] Level 1:colcon.colcon_core.package_identification:_identify(src/DynamixelSDK/c#/protocol_combined/win64/protocol_combined/Properties) by extensions ['python_setup_py']
[0.251s] Level 1:colcon.colcon_core.package_identification:_identify(src/DynamixelSDK/c#/protocol_combined/win64/protocol_combined/Properties) by extension 'python_setup_py'
[0.251s] Level 1:colcon.colcon_core.package_identification:_identify(src/DynamixelSDK/c#/protocol_combined/win64/protocol_combined/obj) by extensions ['ignore', 'ignore_ament_install']
[0.251s] Level 1:colcon.colcon_core.package_identification:_identify(src/DynamixelSDK/c#/protocol_combined/win64/protocol_combined/obj) by extension 'ignore'
[0.251s] Level 1:colcon.colcon_core.package_identification:_identify(src/DynamixelSDK/c#/protocol_combined/win64/protocol_combined/obj) by extension 'ignore_ament_install'
[0.251s] Level 1:colcon.colcon_core.package_identification:_identify(src/DynamixelSDK/c#/protocol_combined/win64/protocol_combined/obj) by extensions ['colcon_pkg']
[0.251s] Level 1:colcon.colcon_core.package_identification:_identify(src/DynamixelSDK/c#/protocol_combined/win64/protocol_combined/obj) by extension 'colcon_pkg'
[0.251s] Level 1:colcon.colcon_core.package_identification:_identify(src/DynamixelSDK/c#/protocol_combined/win64/protocol_combined/obj) by extensions ['colcon_meta']
[0.251s] Level 1:colcon.colcon_core.package_identification:_identify(src/DynamixelSDK/c#/protocol_combined/win64/protocol_combined/obj) by extension 'colcon_meta'
[0.251s] Level 1:colcon.colcon_core.package_identification:_identify(src/DynamixelSDK/c#/protocol_combined/win64/protocol_combined/obj) by extensions ['ros']
[0.251s] Level 1:colcon.colcon_core.package_identification:_identify(src/DynamixelSDK/c#/protocol_combined/win64/protocol_combined/obj) by extension 'ros'
[0.251s] Level 1:colcon.colcon_core.package_identification:_identify(src/DynamixelSDK/c#/protocol_combined/win64/protocol_combined/obj) by extensions ['cmake', 'python']
[0.251s] Level 1:colcon.colcon_core.package_identification:_identify(src/DynamixelSDK/c#/protocol_combined/win64/protocol_combined/obj) by extension 'cmake'
[0.251s] Level 1:colcon.colcon_core.package_identification:_identify(src/DynamixelSDK/c#/protocol_combined/win64/protocol_combined/obj) by extension 'python'
[0.251s] Level 1:colcon.colcon_core.package_identification:_identify(src/DynamixelSDK/c#/protocol_combined/win64/protocol_combined/obj) by extensions ['python_setup_py']
[0.251s] Level 1:colcon.colcon_core.package_identification:_identify(src/DynamixelSDK/c#/protocol_combined/win64/protocol_combined/obj) by extension 'python_setup_py'
[0.251s] Level 1:colcon.colcon_core.package_identification:_identify(src/DynamixelSDK/c#/protocol_combined/win64/protocol_combined/obj/Debug) by extensions ['ignore', 'ignore_ament_install']
[0.251s] Level 1:colcon.colcon_core.package_identification:_identify(src/DynamixelSDK/c#/protocol_combined/win64/protocol_combined/obj/Debug) by extension 'ignore'
[0.251s] Level 1:colcon.colcon_core.package_identification:_identify(src/DynamixelSDK/c#/protocol_combined/win64/protocol_combined/obj/Debug) by extension 'ignore_ament_install'
[0.251s] Level 1:colcon.colcon_core.package_identification:_identify(src/DynamixelSDK/c#/protocol_combined/win64/protocol_combined/obj/Debug) by extensions ['colcon_pkg']
[0.251s] Level 1:colcon.colcon_core.package_identification:_identify(src/DynamixelSDK/c#/protocol_combined/win64/protocol_combined/obj/Debug) by extension 'colcon_pkg'
[0.252s] Level 1:colcon.colcon_core.package_identification:_identify(src/DynamixelSDK/c#/protocol_combined/win64/protocol_combined/obj/Debug) by extensions ['colcon_meta']
[0.252s] Level 1:colcon.colcon_core.package_identification:_identify(src/DynamixelSDK/c#/protocol_combined/win64/protocol_combined/obj/Debug) by extension 'colcon_meta'
[0.252s] Level 1:colcon.colcon_core.package_identification:_identify(src/DynamixelSDK/c#/protocol_combined/win64/protocol_combined/obj/Debug) by extensions ['ros']
[0.252s] Level 1:colcon.colcon_core.package_identification:_identify(src/DynamixelSDK/c#/protocol_combined/win64/protocol_combined/obj/Debug) by extension 'ros'
[0.252s] Level 1:colcon.colcon_core.package_identification:_identify(src/DynamixelSDK/c#/protocol_combined/win64/protocol_combined/obj/Debug) by extensions ['cmake', 'python']
[0.252s] Level 1:colcon.colcon_core.package_identification:_identify(src/DynamixelSDK/c#/protocol_combined/win64/protocol_combined/obj/Debug) by extension 'cmake'
[0.252s] Level 1:colcon.colcon_core.package_identification:_identify(src/DynamixelSDK/c#/protocol_combined/win64/protocol_combined/obj/Debug) by extension 'python'
[0.252s] Level 1:colcon.colcon_core.package_identification:_identify(src/DynamixelSDK/c#/protocol_combined/win64/protocol_combined/obj/Debug) by extensions ['python_setup_py']
[0.252s] Level 1:colcon.colcon_core.package_identification:_identify(src/DynamixelSDK/c#/protocol_combined/win64/protocol_combined/obj/Debug) by extension 'python_setup_py'
[0.252s] Level 1:colcon.colcon_core.package_identification:_identify(src/DynamixelSDK/c#/protocol_combined/win64/protocol_combined/obj/Release) by extensions ['ignore', 'ignore_ament_install']
[0.252s] Level 1:colcon.colcon_core.package_identification:_identify(src/DynamixelSDK/c#/protocol_combined/win64/protocol_combined/obj/Release) by extension 'ignore'
[0.252s] Level 1:colcon.colcon_core.package_identification:_identify(src/DynamixelSDK/c#/protocol_combined/win64/protocol_combined/obj/Release) by extension 'ignore_ament_install'
[0.252s] Level 1:colcon.colcon_core.package_identification:_identify(src/DynamixelSDK/c#/protocol_combined/win64/protocol_combined/obj/Release) by extensions ['colcon_pkg']
[0.252s] Level 1:colcon.colcon_core.package_identification:_identify(src/DynamixelSDK/c#/protocol_combined/win64/protocol_combined/obj/Release) by extension 'colcon_pkg'
[0.252s] Level 1:colcon.colcon_core.package_identification:_identify(src/DynamixelSDK/c#/protocol_combined/win64/protocol_combined/obj/Release) by extensions ['colcon_meta']
[0.252s] Level 1:colcon.colcon_core.package_identification:_identify(src/DynamixelSDK/c#/protocol_combined/win64/protocol_combined/obj/Release) by extension 'colcon_meta'
[0.252s] Level 1:colcon.colcon_core.package_identification:_identify(src/DynamixelSDK/c#/protocol_combined/win64/protocol_combined/obj/Release) by extensions ['ros']
[0.252s] Level 1:colcon.colcon_core.package_identification:_identify(src/DynamixelSDK/c#/protocol_combined/win64/protocol_combined/obj/Release) by extension 'ros'
[0.252s] Level 1:colcon.colcon_core.package_identification:_identify(src/DynamixelSDK/c#/protocol_combined/win64/protocol_combined/obj/Release) by extensions ['cmake', 'python']
[0.252s] Level 1:colcon.colcon_core.package_identification:_identify(src/DynamixelSDK/c#/protocol_combined/win64/protocol_combined/obj/Release) by extension 'cmake'
[0.252s] Level 1:colcon.colcon_core.package_identification:_identify(src/DynamixelSDK/c#/protocol_combined/win64/protocol_combined/obj/Release) by extension 'python'
[0.252s] Level 1:colcon.colcon_core.package_identification:_identify(src/DynamixelSDK/c#/protocol_combined/win64/protocol_combined/obj/Release) by extensions ['python_setup_py']
[0.252s] Level 1:colcon.colcon_core.package_identification:_identify(src/DynamixelSDK/c#/protocol_combined/win64/protocol_combined/obj/Release) by extension 'python_setup_py'
[0.253s] Level 1:colcon.colcon_core.package_identification:_identify(src/DynamixelSDK/c#/protocol_combined/win64/protocol_combined/obj/x64) by extensions ['ignore', 'ignore_ament_install']
[0.253s] Level 1:colcon.colcon_core.package_identification:_identify(src/DynamixelSDK/c#/protocol_combined/win64/protocol_combined/obj/x64) by extension 'ignore'
[0.253s] Level 1:colcon.colcon_core.package_identification:_identify(src/DynamixelSDK/c#/protocol_combined/win64/protocol_combined/obj/x64) by extension 'ignore_ament_install'
[0.253s] Level 1:colcon.colcon_core.package_identification:_identify(src/DynamixelSDK/c#/protocol_combined/win64/protocol_combined/obj/x64) by extensions ['colcon_pkg']
[0.253s] Level 1:colcon.colcon_core.package_identification:_identify(src/DynamixelSDK/c#/protocol_combined/win64/protocol_combined/obj/x64) by extension 'colcon_pkg'
[0.253s] Level 1:colcon.colcon_core.package_identification:_identify(src/DynamixelSDK/c#/protocol_combined/win64/protocol_combined/obj/x64) by extensions ['colcon_meta']
[0.253s] Level 1:colcon.colcon_core.package_identification:_identify(src/DynamixelSDK/c#/protocol_combined/win64/protocol_combined/obj/x64) by extension 'colcon_meta'
[0.253s] Level 1:colcon.colcon_core.package_identification:_identify(src/DynamixelSDK/c#/protocol_combined/win64/protocol_combined/obj/x64) by extensions ['ros']
[0.253s] Level 1:colcon.colcon_core.package_identification:_identify(src/DynamixelSDK/c#/protocol_combined/win64/protocol_combined/obj/x64) by extension 'ros'
[0.253s] Level 1:colcon.colcon_core.package_identification:_identify(src/DynamixelSDK/c#/protocol_combined/win64/protocol_combined/obj/x64) by extensions ['cmake', 'python']
[0.253s] Level 1:colcon.colcon_core.package_identification:_identify(src/DynamixelSDK/c#/protocol_combined/win64/protocol_combined/obj/x64) by extension 'cmake'
[0.253s] Level 1:colcon.colcon_core.package_identification:_identify(src/DynamixelSDK/c#/protocol_combined/win64/protocol_combined/obj/x64) by extension 'python'
[0.253s] Level 1:colcon.colcon_core.package_identification:_identify(src/DynamixelSDK/c#/protocol_combined/win64/protocol_combined/obj/x64) by extensions ['python_setup_py']
[0.253s] Level 1:colcon.colcon_core.package_identification:_identify(src/DynamixelSDK/c#/protocol_combined/win64/protocol_combined/obj/x64) by extension 'python_setup_py'
[0.253s] Level 1:colcon.colcon_core.package_identification:_identify(src/DynamixelSDK/c#/protocol_combined/win64/protocol_combined/obj/x64/Debug) by extensions ['ignore', 'ignore_ament_install']
[0.253s] Level 1:colcon.colcon_core.package_identification:_identify(src/DynamixelSDK/c#/protocol_combined/win64/protocol_combined/obj/x64/Debug) by extension 'ignore'
[0.253s] Level 1:colcon.colcon_core.package_identification:_identify(src/DynamixelSDK/c#/protocol_combined/win64/protocol_combined/obj/x64/Debug) by extension 'ignore_ament_install'
[0.253s] Level 1:colcon.colcon_core.package_identification:_identify(src/DynamixelSDK/c#/protocol_combined/win64/protocol_combined/obj/x64/Debug) by extensions ['colcon_pkg']
[0.253s] Level 1:colcon.colcon_core.package_identification:_identify(src/DynamixelSDK/c#/protocol_combined/win64/protocol_combined/obj/x64/Debug) by extension 'colcon_pkg'
[0.253s] Level 1:colcon.colcon_core.package_identification:_identify(src/DynamixelSDK/c#/protocol_combined/win64/protocol_combined/obj/x64/Debug) by extensions ['colcon_meta']
[0.253s] Level 1:colcon.colcon_core.package_identification:_identify(src/DynamixelSDK/c#/protocol_combined/win64/protocol_combined/obj/x64/Debug) by extension 'colcon_meta'
[0.254s] Level 1:colcon.colcon_core.package_identification:_identify(src/DynamixelSDK/c#/protocol_combined/win64/protocol_combined/obj/x64/Debug) by extensions ['ros']
[0.254s] Level 1:colcon.colcon_core.package_identification:_identify(src/DynamixelSDK/c#/protocol_combined/win64/protocol_combined/obj/x64/Debug) by extension 'ros'
[0.254s] Level 1:colcon.colcon_core.package_identification:_identify(src/DynamixelSDK/c#/protocol_combined/win64/protocol_combined/obj/x64/Debug) by extensions ['cmake', 'python']
[0.254s] Level 1:colcon.colcon_core.package_identification:_identify(src/DynamixelSDK/c#/protocol_combined/win64/protocol_combined/obj/x64/Debug) by extension 'cmake'
[0.254s] Level 1:colcon.colcon_core.package_identification:_identify(src/DynamixelSDK/c#/protocol_combined/win64/protocol_combined/obj/x64/Debug) by extension 'python'
[0.254s] Level 1:colcon.colcon_core.package_identification:_identify(src/DynamixelSDK/c#/protocol_combined/win64/protocol_combined/obj/x64/Debug) by extensions ['python_setup_py']
[0.254s] Level 1:colcon.colcon_core.package_identification:_identify(src/DynamixelSDK/c#/protocol_combined/win64/protocol_combined/obj/x64/Debug) by extension 'python_setup_py'
[0.254s] Level 1:colcon.colcon_core.package_identification:_identify(src/DynamixelSDK/c#/protocol_combined/win64/protocol_combined/obj/x64/Release) by extensions ['ignore', 'ignore_ament_install']
[0.254s] Level 1:colcon.colcon_core.package_identification:_identify(src/DynamixelSDK/c#/protocol_combined/win64/protocol_combined/obj/x64/Release) by extension 'ignore'
[0.254s] Level 1:colcon.colcon_core.package_identification:_identify(src/DynamixelSDK/c#/protocol_combined/win64/protocol_combined/obj/x64/Release) by extension 'ignore_ament_install'
[0.254s] Level 1:colcon.colcon_core.package_identification:_identify(src/DynamixelSDK/c#/protocol_combined/win64/protocol_combined/obj/x64/Release) by extensions ['colcon_pkg']
[0.254s] Level 1:colcon.colcon_core.package_identification:_identify(src/DynamixelSDK/c#/protocol_combined/win64/protocol_combined/obj/x64/Release) by extension 'colcon_pkg'
[0.254s] Level 1:colcon.colcon_core.package_identification:_identify(src/DynamixelSDK/c#/protocol_combined/win64/protocol_combined/obj/x64/Release) by extensions ['colcon_meta']
[0.254s] Level 1:colcon.colcon_core.package_identification:_identify(src/DynamixelSDK/c#/protocol_combined/win64/protocol_combined/obj/x64/Release) by extension 'colcon_meta'
[0.254s] Level 1:colcon.colcon_core.package_identification:_identify(src/DynamixelSDK/c#/protocol_combined/win64/protocol_combined/obj/x64/Release) by extensions ['ros']
[0.254s] Level 1:colcon.colcon_core.package_identification:_identify(src/DynamixelSDK/c#/protocol_combined/win64/protocol_combined/obj/x64/Release) by extension 'ros'
[0.254s] Level 1:colcon.colcon_core.package_identification:_identify(src/DynamixelSDK/c#/protocol_combined/win64/protocol_combined/obj/x64/Release) by extensions ['cmake', 'python']
[0.254s] Level 1:colcon.colcon_core.package_identification:_identify(src/DynamixelSDK/c#/protocol_combined/win64/protocol_combined/obj/x64/Release) by extension 'cmake'
[0.254s] Level 1:colcon.colcon_core.package_identification:_identify(src/DynamixelSDK/c#/protocol_combined/win64/protocol_combined/obj/x64/Release) by extension 'python'
[0.254s] Level 1:colcon.colcon_core.package_identification:_identify(src/DynamixelSDK/c#/protocol_combined/win64/protocol_combined/obj/x64/Release) by extensions ['python_setup_py']
[0.254s] Level 1:colcon.colcon_core.package_identification:_identify(src/DynamixelSDK/c#/protocol_combined/win64/protocol_combined/obj/x64/Release) by extension 'python_setup_py'
[0.255s] Level 1:colcon.colcon_core.package_identification:_identify(src/DynamixelSDK/c++) by extensions ['ignore', 'ignore_ament_install']
[0.255s] Level 1:colcon.colcon_core.package_identification:_identify(src/DynamixelSDK/c++) by extension 'ignore'
[0.255s] Level 1:colcon.colcon_core.package_identification:_identify(src/DynamixelSDK/c++) ignored
[0.255s] Level 1:colcon.colcon_core.package_identification:_identify(src/DynamixelSDK/control_table) by extensions ['ignore', 'ignore_ament_install']
[0.255s] Level 1:colcon.colcon_core.package_identification:_identify(src/DynamixelSDK/control_table) by extension 'ignore'
[0.255s] Level 1:colcon.colcon_core.package_identification:_identify(src/DynamixelSDK/control_table) by extension 'ignore_ament_install'
[0.255s] Level 1:colcon.colcon_core.package_identification:_identify(src/DynamixelSDK/control_table) by extensions ['colcon_pkg']
[0.255s] Level 1:colcon.colcon_core.package_identification:_identify(src/DynamixelSDK/control_table) by extension 'colcon_pkg'
[0.255s] Level 1:colcon.colcon_core.package_identification:_identify(src/DynamixelSDK/control_table) by extensions ['colcon_meta']
[0.255s] Level 1:colcon.colcon_core.package_identification:_identify(src/DynamixelSDK/control_table) by extension 'colcon_meta'
[0.255s] Level 1:colcon.colcon_core.package_identification:_identify(src/DynamixelSDK/control_table) by extensions ['ros']
[0.255s] Level 1:colcon.colcon_core.package_identification:_identify(src/DynamixelSDK/control_table) by extension 'ros'
[0.255s] Level 1:colcon.colcon_core.package_identification:_identify(src/DynamixelSDK/control_table) by extensions ['cmake', 'python']
[0.255s] Level 1:colcon.colcon_core.package_identification:_identify(src/DynamixelSDK/control_table) by extension 'cmake'
[0.255s] Level 1:colcon.colcon_core.package_identification:_identify(src/DynamixelSDK/control_table) by extension 'python'
[0.255s] Level 1:colcon.colcon_core.package_identification:_identify(src/DynamixelSDK/control_table) by extensions ['python_setup_py']
[0.255s] Level 1:colcon.colcon_core.package_identification:_identify(src/DynamixelSDK/control_table) by extension 'python_setup_py'
[0.256s] Level 1:colcon.colcon_core.package_identification:_identify(src/DynamixelSDK/documents) by extensions ['ignore', 'ignore_ament_install']
[0.256s] Level 1:colcon.colcon_core.package_identification:_identify(src/DynamixelSDK/documents) by extension 'ignore'
[0.256s] Level 1:colcon.colcon_core.package_identification:_identify(src/DynamixelSDK/documents) by extension 'ignore_ament_install'
[0.256s] Level 1:colcon.colcon_core.package_identification:_identify(src/DynamixelSDK/documents) by extensions ['colcon_pkg']
[0.256s] Level 1:colcon.colcon_core.package_identification:_identify(src/DynamixelSDK/documents) by extension 'colcon_pkg'
[0.256s] Level 1:colcon.colcon_core.package_identification:_identify(src/DynamixelSDK/documents) by extensions ['colcon_meta']
[0.256s] Level 1:colcon.colcon_core.package_identification:_identify(src/DynamixelSDK/documents) by extension 'colcon_meta'
[0.256s] Level 1:colcon.colcon_core.package_identification:_identify(src/DynamixelSDK/documents) by extensions ['ros']
[0.256s] Level 1:colcon.colcon_core.package_identification:_identify(src/DynamixelSDK/documents) by extension 'ros'
[0.256s] Level 1:colcon.colcon_core.package_identification:_identify(src/DynamixelSDK/documents) by extensions ['cmake', 'python']
[0.256s] Level 1:colcon.colcon_core.package_identification:_identify(src/DynamixelSDK/documents) by extension 'cmake'
[0.256s] Level 1:colcon.colcon_core.package_identification:_identify(src/DynamixelSDK/documents) by extension 'python'
[0.256s] Level 1:colcon.colcon_core.package_identification:_identify(src/DynamixelSDK/documents) by extensions ['python_setup_py']
[0.256s] Level 1:colcon.colcon_core.package_identification:_identify(src/DynamixelSDK/documents) by extension 'python_setup_py'
[0.256s] Level 1:colcon.colcon_core.package_identification:_identify(src/DynamixelSDK/documents/cpp) by extensions ['ignore', 'ignore_ament_install']
[0.256s] Level 1:colcon.colcon_core.package_identification:_identify(src/DynamixelSDK/documents/cpp) by extension 'ignore'
[0.257s] Level 1:colcon.colcon_core.package_identification:_identify(src/DynamixelSDK/documents/cpp) by extension 'ignore_ament_install'
[0.257s] Level 1:colcon.colcon_core.package_identification:_identify(src/DynamixelSDK/documents/cpp) by extensions ['colcon_pkg']
[0.257s] Level 1:colcon.colcon_core.package_identification:_identify(src/DynamixelSDK/documents/cpp) by extension 'colcon_pkg'
[0.257s] Level 1:colcon.colcon_core.package_identification:_identify(src/DynamixelSDK/documents/cpp) by extensions ['colcon_meta']
[0.257s] Level 1:colcon.colcon_core.package_identification:_identify(src/DynamixelSDK/documents/cpp) by extension 'colcon_meta'
[0.257s] Level 1:colcon.colcon_core.package_identification:_identify(src/DynamixelSDK/documents/cpp) by extensions ['ros']
[0.257s] Level 1:colcon.colcon_core.package_identification:_identify(src/DynamixelSDK/documents/cpp) by extension 'ros'
[0.257s] Level 1:colcon.colcon_core.package_identification:_identify(src/DynamixelSDK/documents/cpp) by extensions ['cmake', 'python']
[0.257s] Level 1:colcon.colcon_core.package_identification:_identify(src/DynamixelSDK/documents/cpp) by extension 'cmake'
[0.257s] Level 1:colcon.colcon_core.package_identification:_identify(src/DynamixelSDK/documents/cpp) by extension 'python'
[0.257s] Level 1:colcon.colcon_core.package_identification:_identify(src/DynamixelSDK/documents/cpp) by extensions ['python_setup_py']
[0.257s] Level 1:colcon.colcon_core.package_identification:_identify(src/DynamixelSDK/documents/cpp) by extension 'python_setup_py'
[0.257s] Level 1:colcon.colcon_core.package_identification:_identify(src/DynamixelSDK/documents/cpp/html) by extensions ['ignore', 'ignore_ament_install']
[0.257s] Level 1:colcon.colcon_core.package_identification:_identify(src/DynamixelSDK/documents/cpp/html) by extension 'ignore'
[0.257s] Level 1:colcon.colcon_core.package_identification:_identify(src/DynamixelSDK/documents/cpp/html) by extension 'ignore_ament_install'
[0.257s] Level 1:colcon.colcon_core.package_identification:_identify(src/DynamixelSDK/documents/cpp/html) by extensions ['colcon_pkg']
[0.257s] Level 1:colcon.colcon_core.package_identification:_identify(src/DynamixelSDK/documents/cpp/html) by extension 'colcon_pkg'
[0.257s] Level 1:colcon.colcon_core.package_identification:_identify(src/DynamixelSDK/documents/cpp/html) by extensions ['colcon_meta']
[0.257s] Level 1:colcon.colcon_core.package_identification:_identify(src/DynamixelSDK/documents/cpp/html) by extension 'colcon_meta'
[0.258s] Level 1:colcon.colcon_core.package_identification:_identify(src/DynamixelSDK/documents/cpp/html) by extensions ['ros']
[0.258s] Level 1:colcon.colcon_core.package_identification:_identify(src/DynamixelSDK/documents/cpp/html) by extension 'ros'
[0.258s] Level 1:colcon.colcon_core.package_identification:_identify(src/DynamixelSDK/documents/cpp/html) by extensions ['cmake', 'python']
[0.258s] Level 1:colcon.colcon_core.package_identification:_identify(src/DynamixelSDK/documents/cpp/html) by extension 'cmake'
[0.258s] Level 1:colcon.colcon_core.package_identification:_identify(src/DynamixelSDK/documents/cpp/html) by extension 'python'
[0.258s] Level 1:colcon.colcon_core.package_identification:_identify(src/DynamixelSDK/documents/cpp/html) by extensions ['python_setup_py']
[0.258s] Level 1:colcon.colcon_core.package_identification:_identify(src/DynamixelSDK/documents/cpp/html) by extension 'python_setup_py'
[0.258s] Level 1:colcon.colcon_core.package_identification:_identify(src/DynamixelSDK/documents/cpp/html/search) by extensions ['ignore', 'ignore_ament_install']
[0.258s] Level 1:colcon.colcon_core.package_identification:_identify(src/DynamixelSDK/documents/cpp/html/search) by extension 'ignore'
[0.258s] Level 1:colcon.colcon_core.package_identification:_identify(src/DynamixelSDK/documents/cpp/html/search) by extension 'ignore_ament_install'
[0.258s] Level 1:colcon.colcon_core.package_identification:_identify(src/DynamixelSDK/documents/cpp/html/search) by extensions ['colcon_pkg']
[0.258s] Level 1:colcon.colcon_core.package_identification:_identify(src/DynamixelSDK/documents/cpp/html/search) by extension 'colcon_pkg'
[0.258s] Level 1:colcon.colcon_core.package_identification:_identify(src/DynamixelSDK/documents/cpp/html/search) by extensions ['colcon_meta']
[0.258s] Level 1:colcon.colcon_core.package_identification:_identify(src/DynamixelSDK/documents/cpp/html/search) by extension 'colcon_meta'
[0.258s] Level 1:colcon.colcon_core.package_identification:_identify(src/DynamixelSDK/documents/cpp/html/search) by extensions ['ros']
[0.258s] Level 1:colcon.colcon_core.package_identification:_identify(src/DynamixelSDK/documents/cpp/html/search) by extension 'ros'
[0.258s] Level 1:colcon.colcon_core.package_identification:_identify(src/DynamixelSDK/documents/cpp/html/search) by extensions ['cmake', 'python']
[0.258s] Level 1:colcon.colcon_core.package_identification:_identify(src/DynamixelSDK/documents/cpp/html/search) by extension 'cmake'
[0.259s] Level 1:colcon.colcon_core.package_identification:_identify(src/DynamixelSDK/documents/cpp/html/search) by extension 'python'
[0.259s] Level 1:colcon.colcon_core.package_identification:_identify(src/DynamixelSDK/documents/cpp/html/search) by extensions ['python_setup_py']
[0.259s] Level 1:colcon.colcon_core.package_identification:_identify(src/DynamixelSDK/documents/cpp/html/search) by extension 'python_setup_py'
[0.259s] Level 1:colcon.colcon_core.package_identification:_identify(src/DynamixelSDK/java) by extensions ['ignore', 'ignore_ament_install']
[0.259s] Level 1:colcon.colcon_core.package_identification:_identify(src/DynamixelSDK/java) by extension 'ignore'
[0.259s] Level 1:colcon.colcon_core.package_identification:_identify(src/DynamixelSDK/java) by extension 'ignore_ament_install'
[0.259s] Level 1:colcon.colcon_core.package_identification:_identify(src/DynamixelSDK/java) by extensions ['colcon_pkg']
[0.259s] Level 1:colcon.colcon_core.package_identification:_identify(src/DynamixelSDK/java) by extension 'colcon_pkg'
[0.259s] Level 1:colcon.colcon_core.package_identification:_identify(src/DynamixelSDK/java) by extensions ['colcon_meta']
[0.259s] Level 1:colcon.colcon_core.package_identification:_identify(src/DynamixelSDK/java) by extension 'colcon_meta'
[0.259s] Level 1:colcon.colcon_core.package_identification:_identify(src/DynamixelSDK/java) by extensions ['ros']
[0.259s] Level 1:colcon.colcon_core.package_identification:_identify(src/DynamixelSDK/java) by extension 'ros'
[0.259s] Level 1:colcon.colcon_core.package_identification:_identify(src/DynamixelSDK/java) by extensions ['cmake', 'python']
[0.259s] Level 1:colcon.colcon_core.package_identification:_identify(src/DynamixelSDK/java) by extension 'cmake'
[0.259s] Level 1:colcon.colcon_core.package_identification:_identify(src/DynamixelSDK/java) by extension 'python'
[0.259s] Level 1:colcon.colcon_core.package_identification:_identify(src/DynamixelSDK/java) by extensions ['python_setup_py']
[0.259s] Level 1:colcon.colcon_core.package_identification:_identify(src/DynamixelSDK/java) by extension 'python_setup_py'
[0.259s] Level 1:colcon.colcon_core.package_identification:_identify(src/DynamixelSDK/java/dynamixel_functions_java) by extensions ['ignore', 'ignore_ament_install']
[0.260s] Level 1:colcon.colcon_core.package_identification:_identify(src/DynamixelSDK/java/dynamixel_functions_java) by extension 'ignore'
[0.260s] Level 1:colcon.colcon_core.package_identification:_identify(src/DynamixelSDK/java/dynamixel_functions_java) by extension 'ignore_ament_install'
[0.260s] Level 1:colcon.colcon_core.package_identification:_identify(src/DynamixelSDK/java/dynamixel_functions_java) by extensions ['colcon_pkg']
[0.260s] Level 1:colcon.colcon_core.package_identification:_identify(src/DynamixelSDK/java/dynamixel_functions_java) by extension 'colcon_pkg'
[0.260s] Level 1:colcon.colcon_core.package_identification:_identify(src/DynamixelSDK/java/dynamixel_functions_java) by extensions ['colcon_meta']
[0.260s] Level 1:colcon.colcon_core.package_identification:_identify(src/DynamixelSDK/java/dynamixel_functions_java) by extension 'colcon_meta'
[0.260s] Level 1:colcon.colcon_core.package_identification:_identify(src/DynamixelSDK/java/dynamixel_functions_java) by extensions ['ros']
[0.260s] Level 1:colcon.colcon_core.package_identification:_identify(src/DynamixelSDK/java/dynamixel_functions_java) by extension 'ros'
[0.260s] Level 1:colcon.colcon_core.package_identification:_identify(src/DynamixelSDK/java/dynamixel_functions_java) by extensions ['cmake', 'python']
[0.260s] Level 1:colcon.colcon_core.package_identification:_identify(src/DynamixelSDK/java/dynamixel_functions_java) by extension 'cmake'
[0.260s] Level 1:colcon.colcon_core.package_identification:_identify(src/DynamixelSDK/java/dynamixel_functions_java) by extension 'python'
[0.260s] Level 1:colcon.colcon_core.package_identification:_identify(src/DynamixelSDK/java/dynamixel_functions_java) by extensions ['python_setup_py']
[0.260s] Level 1:colcon.colcon_core.package_identification:_identify(src/DynamixelSDK/java/dynamixel_functions_java) by extension 'python_setup_py'
[0.260s] Level 1:colcon.colcon_core.package_identification:_identify(src/DynamixelSDK/java/dynamixel_functions_java/mac_x64) by extensions ['ignore', 'ignore_ament_install']
[0.260s] Level 1:colcon.colcon_core.package_identification:_identify(src/DynamixelSDK/java/dynamixel_functions_java/mac_x64) by extension 'ignore'
[0.260s] Level 1:colcon.colcon_core.package_identification:_identify(src/DynamixelSDK/java/dynamixel_functions_java/mac_x64) by extension 'ignore_ament_install'
[0.260s] Level 1:colcon.colcon_core.package_identification:_identify(src/DynamixelSDK/java/dynamixel_functions_java/mac_x64) by extensions ['colcon_pkg']
[0.260s] Level 1:colcon.colcon_core.package_identification:_identify(src/DynamixelSDK/java/dynamixel_functions_java/mac_x64) by extension 'colcon_pkg'
[0.260s] Level 1:colcon.colcon_core.package_identification:_identify(src/DynamixelSDK/java/dynamixel_functions_java/mac_x64) by extensions ['colcon_meta']
[0.260s] Level 1:colcon.colcon_core.package_identification:_identify(src/DynamixelSDK/java/dynamixel_functions_java/mac_x64) by extension 'colcon_meta'
[0.260s] Level 1:colcon.colcon_core.package_identification:_identify(src/DynamixelSDK/java/dynamixel_functions_java/mac_x64) by extensions ['ros']
[0.260s] Level 1:colcon.colcon_core.package_identification:_identify(src/DynamixelSDK/java/dynamixel_functions_java/mac_x64) by extension 'ros'
[0.261s] Level 1:colcon.colcon_core.package_identification:_identify(src/DynamixelSDK/java/dynamixel_functions_java/mac_x64) by extensions ['cmake', 'python']
[0.261s] Level 1:colcon.colcon_core.package_identification:_identify(src/DynamixelSDK/java/dynamixel_functions_java/mac_x64) by extension 'cmake'
[0.261s] Level 1:colcon.colcon_core.package_identification:_identify(src/DynamixelSDK/java/dynamixel_functions_java/mac_x64) by extension 'python'
[0.261s] Level 1:colcon.colcon_core.package_identification:_identify(src/DynamixelSDK/java/dynamixel_functions_java/mac_x64) by extensions ['python_setup_py']
[0.261s] Level 1:colcon.colcon_core.package_identification:_identify(src/DynamixelSDK/java/dynamixel_functions_java/mac_x64) by extension 'python_setup_py'
[0.261s] Level 1:colcon.colcon_core.package_identification:_identify(src/DynamixelSDK/java/dynamixel_functions_java/x64) by extensions ['ignore', 'ignore_ament_install']
[0.261s] Level 1:colcon.colcon_core.package_identification:_identify(src/DynamixelSDK/java/dynamixel_functions_java/x64) by extension 'ignore'
[0.261s] Level 1:colcon.colcon_core.package_identification:_identify(src/DynamixelSDK/java/dynamixel_functions_java/x64) by extension 'ignore_ament_install'
[0.261s] Level 1:colcon.colcon_core.package_identification:_identify(src/DynamixelSDK/java/dynamixel_functions_java/x64) by extensions ['colcon_pkg']
[0.261s] Level 1:colcon.colcon_core.package_identification:_identify(src/DynamixelSDK/java/dynamixel_functions_java/x64) by extension 'colcon_pkg'
[0.261s] Level 1:colcon.colcon_core.package_identification:_identify(src/DynamixelSDK/java/dynamixel_functions_java/x64) by extensions ['colcon_meta']
[0.261s] Level 1:colcon.colcon_core.package_identification:_identify(src/DynamixelSDK/java/dynamixel_functions_java/x64) by extension 'colcon_meta'
[0.261s] Level 1:colcon.colcon_core.package_identification:_identify(src/DynamixelSDK/java/dynamixel_functions_java/x64) by extensions ['ros']
[0.261s] Level 1:colcon.colcon_core.package_identification:_identify(src/DynamixelSDK/java/dynamixel_functions_java/x64) by extension 'ros'
[0.261s] Level 1:colcon.colcon_core.package_identification:_identify(src/DynamixelSDK/java/dynamixel_functions_java/x64) by extensions ['cmake', 'python']
[0.261s] Level 1:colcon.colcon_core.package_identification:_identify(src/DynamixelSDK/java/dynamixel_functions_java/x64) by extension 'cmake'
[0.261s] Level 1:colcon.colcon_core.package_identification:_identify(src/DynamixelSDK/java/dynamixel_functions_java/x64) by extension 'python'
[0.261s] Level 1:colcon.colcon_core.package_identification:_identify(src/DynamixelSDK/java/dynamixel_functions_java/x64) by extensions ['python_setup_py']
[0.261s] Level 1:colcon.colcon_core.package_identification:_identify(src/DynamixelSDK/java/dynamixel_functions_java/x64) by extension 'python_setup_py'
[0.262s] Level 1:colcon.colcon_core.package_identification:_identify(src/DynamixelSDK/java/dynamixel_functions_java/x86) by extensions ['ignore', 'ignore_ament_install']
[0.262s] Level 1:colcon.colcon_core.package_identification:_identify(src/DynamixelSDK/java/dynamixel_functions_java/x86) by extension 'ignore'
[0.262s] Level 1:colcon.colcon_core.package_identification:_identify(src/DynamixelSDK/java/dynamixel_functions_java/x86) by extension 'ignore_ament_install'
[0.262s] Level 1:colcon.colcon_core.package_identification:_identify(src/DynamixelSDK/java/dynamixel_functions_java/x86) by extensions ['colcon_pkg']
[0.262s] Level 1:colcon.colcon_core.package_identification:_identify(src/DynamixelSDK/java/dynamixel_functions_java/x86) by extension 'colcon_pkg'
[0.262s] Level 1:colcon.colcon_core.package_identification:_identify(src/DynamixelSDK/java/dynamixel_functions_java/x86) by extensions ['colcon_meta']
[0.262s] Level 1:colcon.colcon_core.package_identification:_identify(src/DynamixelSDK/java/dynamixel_functions_java/x86) by extension 'colcon_meta'
[0.262s] Level 1:colcon.colcon_core.package_identification:_identify(src/DynamixelSDK/java/dynamixel_functions_java/x86) by extensions ['ros']
[0.262s] Level 1:colcon.colcon_core.package_identification:_identify(src/DynamixelSDK/java/dynamixel_functions_java/x86) by extension 'ros'
[0.262s] Level 1:colcon.colcon_core.package_identification:_identify(src/DynamixelSDK/java/dynamixel_functions_java/x86) by extensions ['cmake', 'python']
[0.262s] Level 1:colcon.colcon_core.package_identification:_identify(src/DynamixelSDK/java/dynamixel_functions_java/x86) by extension 'cmake'
[0.262s] Level 1:colcon.colcon_core.package_identification:_identify(src/DynamixelSDK/java/dynamixel_functions_java/x86) by extension 'python'
[0.262s] Level 1:colcon.colcon_core.package_identification:_identify(src/DynamixelSDK/java/dynamixel_functions_java/x86) by extensions ['python_setup_py']
[0.262s] Level 1:colcon.colcon_core.package_identification:_identify(src/DynamixelSDK/java/dynamixel_functions_java/x86) by extension 'python_setup_py'
[0.262s] Level 1:colcon.colcon_core.package_identification:_identify(src/DynamixelSDK/java/protocol1.0) by extensions ['ignore', 'ignore_ament_install']
[0.262s] Level 1:colcon.colcon_core.package_identification:_identify(src/DynamixelSDK/java/protocol1.0) by extension 'ignore'
[0.262s] Level 1:colcon.colcon_core.package_identification:_identify(src/DynamixelSDK/java/protocol1.0) by extension 'ignore_ament_install'
[0.262s] Level 1:colcon.colcon_core.package_identification:_identify(src/DynamixelSDK/java/protocol1.0) by extensions ['colcon_pkg']
[0.262s] Level 1:colcon.colcon_core.package_identification:_identify(src/DynamixelSDK/java/protocol1.0) by extension 'colcon_pkg'
[0.263s] Level 1:colcon.colcon_core.package_identification:_identify(src/DynamixelSDK/java/protocol1.0) by extensions ['colcon_meta']
[0.263s] Level 1:colcon.colcon_core.package_identification:_identify(src/DynamixelSDK/java/protocol1.0) by extension 'colcon_meta'
[0.263s] Level 1:colcon.colcon_core.package_identification:_identify(src/DynamixelSDK/java/protocol1.0) by extensions ['ros']
[0.263s] Level 1:colcon.colcon_core.package_identification:_identify(src/DynamixelSDK/java/protocol1.0) by extension 'ros'
[0.263s] Level 1:colcon.colcon_core.package_identification:_identify(src/DynamixelSDK/java/protocol1.0) by extensions ['cmake', 'python']
[0.263s] Level 1:colcon.colcon_core.package_identification:_identify(src/DynamixelSDK/java/protocol1.0) by extension 'cmake'
[0.263s] Level 1:colcon.colcon_core.package_identification:_identify(src/DynamixelSDK/java/protocol1.0) by extension 'python'
[0.263s] Level 1:colcon.colcon_core.package_identification:_identify(src/DynamixelSDK/java/protocol1.0) by extensions ['python_setup_py']
[0.263s] Level 1:colcon.colcon_core.package_identification:_identify(src/DynamixelSDK/java/protocol1.0) by extension 'python_setup_py'
[0.263s] Level 1:colcon.colcon_core.package_identification:_identify(src/DynamixelSDK/java/protocol1.0/bulk_read) by extensions ['ignore', 'ignore_ament_install']
[0.263s] Level 1:colcon.colcon_core.package_identification:_identify(src/DynamixelSDK/java/protocol1.0/bulk_read) by extension 'ignore'
[0.263s] Level 1:colcon.colcon_core.package_identification:_identify(src/DynamixelSDK/java/protocol1.0/bulk_read) by extension 'ignore_ament_install'
[0.263s] Level 1:colcon.colcon_core.package_identification:_identify(src/DynamixelSDK/java/protocol1.0/bulk_read) by extensions ['colcon_pkg']
[0.263s] Level 1:colcon.colcon_core.package_identification:_identify(src/DynamixelSDK/java/protocol1.0/bulk_read) by extension 'colcon_pkg'
[0.263s] Level 1:colcon.colcon_core.package_identification:_identify(src/DynamixelSDK/java/protocol1.0/bulk_read) by extensions ['colcon_meta']
[0.263s] Level 1:colcon.colcon_core.package_identification:_identify(src/DynamixelSDK/java/protocol1.0/bulk_read) by extension 'colcon_meta'
[0.263s] Level 1:colcon.colcon_core.package_identification:_identify(src/DynamixelSDK/java/protocol1.0/bulk_read) by extensions ['ros']
[0.263s] Level 1:colcon.colcon_core.package_identification:_identify(src/DynamixelSDK/java/protocol1.0/bulk_read) by extension 'ros'
[0.263s] Level 1:colcon.colcon_core.package_identification:_identify(src/DynamixelSDK/java/protocol1.0/bulk_read) by extensions ['cmake', 'python']
[0.263s] Level 1:colcon.colcon_core.package_identification:_identify(src/DynamixelSDK/java/protocol1.0/bulk_read) by extension 'cmake'
[0.263s] Level 1:colcon.colcon_core.package_identification:_identify(src/DynamixelSDK/java/protocol1.0/bulk_read) by extension 'python'
[0.263s] Level 1:colcon.colcon_core.package_identification:_identify(src/DynamixelSDK/java/protocol1.0/bulk_read) by extensions ['python_setup_py']
[0.263s] Level 1:colcon.colcon_core.package_identification:_identify(src/DynamixelSDK/java/protocol1.0/bulk_read) by extension 'python_setup_py'
[0.264s] Level 1:colcon.colcon_core.package_identification:_identify(src/DynamixelSDK/java/protocol1.0/multi_port) by extensions ['ignore', 'ignore_ament_install']
[0.264s] Level 1:colcon.colcon_core.package_identification:_identify(src/DynamixelSDK/java/protocol1.0/multi_port) by extension 'ignore'
[0.264s] Level 1:colcon.colcon_core.package_identification:_identify(src/DynamixelSDK/java/protocol1.0/multi_port) by extension 'ignore_ament_install'
[0.264s] Level 1:colcon.colcon_core.package_identification:_identify(src/DynamixelSDK/java/protocol1.0/multi_port) by extensions ['colcon_pkg']
[0.264s] Level 1:colcon.colcon_core.package_identification:_identify(src/DynamixelSDK/java/protocol1.0/multi_port) by extension 'colcon_pkg'
[0.264s] Level 1:colcon.colcon_core.package_identification:_identify(src/DynamixelSDK/java/protocol1.0/multi_port) by extensions ['colcon_meta']
[0.264s] Level 1:colcon.colcon_core.package_identification:_identify(src/DynamixelSDK/java/protocol1.0/multi_port) by extension 'colcon_meta'
[0.264s] Level 1:colcon.colcon_core.package_identification:_identify(src/DynamixelSDK/java/protocol1.0/multi_port) by extensions ['ros']
[0.264s] Level 1:colcon.colcon_core.package_identification:_identify(src/DynamixelSDK/java/protocol1.0/multi_port) by extension 'ros'
[0.264s] Level 1:colcon.colcon_core.package_identification:_identify(src/DynamixelSDK/java/protocol1.0/multi_port) by extensions ['cmake', 'python']
[0.264s] Level 1:colcon.colcon_core.package_identification:_identify(src/DynamixelSDK/java/protocol1.0/multi_port) by extension 'cmake'
[0.264s] Level 1:colcon.colcon_core.package_identification:_identify(src/DynamixelSDK/java/protocol1.0/multi_port) by extension 'python'
[0.264s] Level 1:colcon.colcon_core.package_identification:_identify(src/DynamixelSDK/java/protocol1.0/multi_port) by extensions ['python_setup_py']
[0.264s] Level 1:colcon.colcon_core.package_identification:_identify(src/DynamixelSDK/java/protocol1.0/multi_port) by extension 'python_setup_py'
[0.264s] Level 1:colcon.colcon_core.package_identification:_identify(src/DynamixelSDK/java/protocol1.0/ping) by extensions ['ignore', 'ignore_ament_install']
[0.264s] Level 1:colcon.colcon_core.package_identification:_identify(src/DynamixelSDK/java/protocol1.0/ping) by extension 'ignore'
[0.264s] Level 1:colcon.colcon_core.package_identification:_identify(src/DynamixelSDK/java/protocol1.0/ping) by extension 'ignore_ament_install'
[0.264s] Level 1:colcon.colcon_core.package_identification:_identify(src/DynamixelSDK/java/protocol1.0/ping) by extensions ['colcon_pkg']
[0.264s] Level 1:colcon.colcon_core.package_identification:_identify(src/DynamixelSDK/java/protocol1.0/ping) by extension 'colcon_pkg'
[0.264s] Level 1:colcon.colcon_core.package_identification:_identify(src/DynamixelSDK/java/protocol1.0/ping) by extensions ['colcon_meta']
[0.264s] Level 1:colcon.colcon_core.package_identification:_identify(src/DynamixelSDK/java/protocol1.0/ping) by extension 'colcon_meta'
[0.264s] Level 1:colcon.colcon_core.package_identification:_identify(src/DynamixelSDK/java/protocol1.0/ping) by extensions ['ros']
[0.264s] Level 1:colcon.colcon_core.package_identification:_identify(src/DynamixelSDK/java/protocol1.0/ping) by extension 'ros'
[0.265s] Level 1:colcon.colcon_core.package_identification:_identify(src/DynamixelSDK/java/protocol1.0/ping) by extensions ['cmake', 'python']
[0.265s] Level 1:colcon.colcon_core.package_identification:_identify(src/DynamixelSDK/java/protocol1.0/ping) by extension 'cmake'
[0.265s] Level 1:colcon.colcon_core.package_identification:_identify(src/DynamixelSDK/java/protocol1.0/ping) by extension 'python'
[0.265s] Level 1:colcon.colcon_core.package_identification:_identify(src/DynamixelSDK/java/protocol1.0/ping) by extensions ['python_setup_py']
[0.265s] Level 1:colcon.colcon_core.package_identification:_identify(src/DynamixelSDK/java/protocol1.0/ping) by extension 'python_setup_py'
[0.265s] Level 1:colcon.colcon_core.package_identification:_identify(src/DynamixelSDK/java/protocol1.0/read_write) by extensions ['ignore', 'ignore_ament_install']
[0.265s] Level 1:colcon.colcon_core.package_identification:_identify(src/DynamixelSDK/java/protocol1.0/read_write) by extension 'ignore'
[0.265s] Level 1:colcon.colcon_core.package_identification:_identify(src/DynamixelSDK/java/protocol1.0/read_write) by extension 'ignore_ament_install'
[0.265s] Level 1:colcon.colcon_core.package_identification:_identify(src/DynamixelSDK/java/protocol1.0/read_write) by extensions ['colcon_pkg']
[0.265s] Level 1:colcon.colcon_core.package_identification:_identify(src/DynamixelSDK/java/protocol1.0/read_write) by extension 'colcon_pkg'
[0.265s] Level 1:colcon.colcon_core.package_identification:_identify(src/DynamixelSDK/java/protocol1.0/read_write) by extensions ['colcon_meta']
[0.265s] Level 1:colcon.colcon_core.package_identification:_identify(src/DynamixelSDK/java/protocol1.0/read_write) by extension 'colcon_meta'
[0.265s] Level 1:colcon.colcon_core.package_identification:_identify(src/DynamixelSDK/java/protocol1.0/read_write) by extensions ['ros']
[0.265s] Level 1:colcon.colcon_core.package_identification:_identify(src/DynamixelSDK/java/protocol1.0/read_write) by extension 'ros'
[0.265s] Level 1:colcon.colcon_core.package_identification:_identify(src/DynamixelSDK/java/protocol1.0/read_write) by extensions ['cmake', 'python']
[0.265s] Level 1:colcon.colcon_core.package_identification:_identify(src/DynamixelSDK/java/protocol1.0/read_write) by extension 'cmake'
[0.265s] Level 1:colcon.colcon_core.package_identification:_identify(src/DynamixelSDK/java/protocol1.0/read_write) by extension 'python'
[0.265s] Level 1:colcon.colcon_core.package_identification:_identify(src/DynamixelSDK/java/protocol1.0/read_write) by extensions ['python_setup_py']
[0.265s] Level 1:colcon.colcon_core.package_identification:_identify(src/DynamixelSDK/java/protocol1.0/read_write) by extension 'python_setup_py'
[0.265s] Level 1:colcon.colcon_core.package_identification:_identify(src/DynamixelSDK/java/protocol1.0/reset) by extensions ['ignore', 'ignore_ament_install']
[0.265s] Level 1:colcon.colcon_core.package_identification:_identify(src/DynamixelSDK/java/protocol1.0/reset) by extension 'ignore'
[0.265s] Level 1:colcon.colcon_core.package_identification:_identify(src/DynamixelSDK/java/protocol1.0/reset) by extension 'ignore_ament_install'
[0.266s] Level 1:colcon.colcon_core.package_identification:_identify(src/DynamixelSDK/java/protocol1.0/reset) by extensions ['colcon_pkg']
[0.266s] Level 1:colcon.colcon_core.package_identification:_identify(src/DynamixelSDK/java/protocol1.0/reset) by extension 'colcon_pkg'
[0.266s] Level 1:colcon.colcon_core.package_identification:_identify(src/DynamixelSDK/java/protocol1.0/reset) by extensions ['colcon_meta']
[0.266s] Level 1:colcon.colcon_core.package_identification:_identify(src/DynamixelSDK/java/protocol1.0/reset) by extension 'colcon_meta'
[0.266s] Level 1:colcon.colcon_core.package_identification:_identify(src/DynamixelSDK/java/protocol1.0/reset) by extensions ['ros']
[0.266s] Level 1:colcon.colcon_core.package_identification:_identify(src/DynamixelSDK/java/protocol1.0/reset) by extension 'ros'
[0.266s] Level 1:colcon.colcon_core.package_identification:_identify(src/DynamixelSDK/java/protocol1.0/reset) by extensions ['cmake', 'python']
[0.266s] Level 1:colcon.colcon_core.package_identification:_identify(src/DynamixelSDK/java/protocol1.0/reset) by extension 'cmake'
[0.266s] Level 1:colcon.colcon_core.package_identification:_identify(src/DynamixelSDK/java/protocol1.0/reset) by extension 'python'
[0.266s] Level 1:colcon.colcon_core.package_identification:_identify(src/DynamixelSDK/java/protocol1.0/reset) by extensions ['python_setup_py']
[0.266s] Level 1:colcon.colcon_core.package_identification:_identify(src/DynamixelSDK/java/protocol1.0/reset) by extension 'python_setup_py'
[0.266s] Level 1:colcon.colcon_core.package_identification:_identify(src/DynamixelSDK/java/protocol1.0/sync_write) by extensions ['ignore', 'ignore_ament_install']
[0.266s] Level 1:colcon.colcon_core.package_identification:_identify(src/DynamixelSDK/java/protocol1.0/sync_write) by extension 'ignore'
[0.266s] Level 1:colcon.colcon_core.package_identification:_identify(src/DynamixelSDK/java/protocol1.0/sync_write) by extension 'ignore_ament_install'
[0.266s] Level 1:colcon.colcon_core.package_identification:_identify(src/DynamixelSDK/java/protocol1.0/sync_write) by extensions ['colcon_pkg']
[0.266s] Level 1:colcon.colcon_core.package_identification:_identify(src/DynamixelSDK/java/protocol1.0/sync_write) by extension 'colcon_pkg'
[0.266s] Level 1:colcon.colcon_core.package_identification:_identify(src/DynamixelSDK/java/protocol1.0/sync_write) by extensions ['colcon_meta']
[0.266s] Level 1:colcon.colcon_core.package_identification:_identify(src/DynamixelSDK/java/protocol1.0/sync_write) by extension 'colcon_meta'
[0.266s] Level 1:colcon.colcon_core.package_identification:_identify(src/DynamixelSDK/java/protocol1.0/sync_write) by extensions ['ros']
[0.266s] Level 1:colcon.colcon_core.package_identification:_identify(src/DynamixelSDK/java/protocol1.0/sync_write) by extension 'ros'
[0.266s] Level 1:colcon.colcon_core.package_identification:_identify(src/DynamixelSDK/java/protocol1.0/sync_write) by extensions ['cmake', 'python']
[0.266s] Level 1:colcon.colcon_core.package_identification:_identify(src/DynamixelSDK/java/protocol1.0/sync_write) by extension 'cmake'
[0.266s] Level 1:colcon.colcon_core.package_identification:_identify(src/DynamixelSDK/java/protocol1.0/sync_write) by extension 'python'
[0.267s] Level 1:colcon.colcon_core.package_identification:_identify(src/DynamixelSDK/java/protocol1.0/sync_write) by extensions ['python_setup_py']
[0.267s] Level 1:colcon.colcon_core.package_identification:_identify(src/DynamixelSDK/java/protocol1.0/sync_write) by extension 'python_setup_py'
[0.267s] Level 1:colcon.colcon_core.package_identification:_identify(src/DynamixelSDK/java/protocol2.0) by extensions ['ignore', 'ignore_ament_install']
[0.267s] Level 1:colcon.colcon_core.package_identification:_identify(src/DynamixelSDK/java/protocol2.0) by extension 'ignore'
[0.267s] Level 1:colcon.colcon_core.package_identification:_identify(src/DynamixelSDK/java/protocol2.0) by extension 'ignore_ament_install'
[0.267s] Level 1:colcon.colcon_core.package_identification:_identify(src/DynamixelSDK/java/protocol2.0) by extensions ['colcon_pkg']
[0.267s] Level 1:colcon.colcon_core.package_identification:_identify(src/DynamixelSDK/java/protocol2.0) by extension 'colcon_pkg'
[0.267s] Level 1:colcon.colcon_core.package_identification:_identify(src/DynamixelSDK/java/protocol2.0) by extensions ['colcon_meta']
[0.267s] Level 1:colcon.colcon_core.package_identification:_identify(src/DynamixelSDK/java/protocol2.0) by extension 'colcon_meta'
[0.267s] Level 1:colcon.colcon_core.package_identification:_identify(src/DynamixelSDK/java/protocol2.0) by extensions ['ros']
[0.267s] Level 1:colcon.colcon_core.package_identification:_identify(src/DynamixelSDK/java/protocol2.0) by extension 'ros'
[0.267s] Level 1:colcon.colcon_core.package_identification:_identify(src/DynamixelSDK/java/protocol2.0) by extensions ['cmake', 'python']
[0.267s] Level 1:colcon.colcon_core.package_identification:_identify(src/DynamixelSDK/java/protocol2.0) by extension 'cmake'
[0.267s] Level 1:colcon.colcon_core.package_identification:_identify(src/DynamixelSDK/java/protocol2.0) by extension 'python'
[0.267s] Level 1:colcon.colcon_core.package_identification:_identify(src/DynamixelSDK/java/protocol2.0) by extensions ['python_setup_py']
[0.267s] Level 1:colcon.colcon_core.package_identification:_identify(src/DynamixelSDK/java/protocol2.0) by extension 'python_setup_py'
[0.267s] Level 1:colcon.colcon_core.package_identification:_identify(src/DynamixelSDK/java/protocol2.0/broadcast_ping) by extensions ['ignore', 'ignore_ament_install']
[0.267s] Level 1:colcon.colcon_core.package_identification:_identify(src/DynamixelSDK/java/protocol2.0/broadcast_ping) by extension 'ignore'
[0.267s] Level 1:colcon.colcon_core.package_identification:_identify(src/DynamixelSDK/java/protocol2.0/broadcast_ping) by extension 'ignore_ament_install'
[0.267s] Level 1:colcon.colcon_core.package_identification:_identify(src/DynamixelSDK/java/protocol2.0/broadcast_ping) by extensions ['colcon_pkg']
[0.268s] Level 1:colcon.colcon_core.package_identification:_identify(src/DynamixelSDK/java/protocol2.0/broadcast_ping) by extension 'colcon_pkg'
[0.268s] Level 1:colcon.colcon_core.package_identification:_identify(src/DynamixelSDK/java/protocol2.0/broadcast_ping) by extensions ['colcon_meta']
[0.268s] Level 1:colcon.colcon_core.package_identification:_identify(src/DynamixelSDK/java/protocol2.0/broadcast_ping) by extension 'colcon_meta'
[0.268s] Level 1:colcon.colcon_core.package_identification:_identify(src/DynamixelSDK/java/protocol2.0/broadcast_ping) by extensions ['ros']
[0.268s] Level 1:colcon.colcon_core.package_identification:_identify(src/DynamixelSDK/java/protocol2.0/broadcast_ping) by extension 'ros'
[0.268s] Level 1:colcon.colcon_core.package_identification:_identify(src/DynamixelSDK/java/protocol2.0/broadcast_ping) by extensions ['cmake', 'python']
[0.268s] Level 1:colcon.colcon_core.package_identification:_identify(src/DynamixelSDK/java/protocol2.0/broadcast_ping) by extension 'cmake'
[0.268s] Level 1:colcon.colcon_core.package_identification:_identify(src/DynamixelSDK/java/protocol2.0/broadcast_ping) by extension 'python'
[0.268s] Level 1:colcon.colcon_core.package_identification:_identify(src/DynamixelSDK/java/protocol2.0/broadcast_ping) by extensions ['python_setup_py']
[0.268s] Level 1:colcon.colcon_core.package_identification:_identify(src/DynamixelSDK/java/protocol2.0/broadcast_ping) by extension 'python_setup_py'
[0.268s] Level 1:colcon.colcon_core.package_identification:_identify(src/DynamixelSDK/java/protocol2.0/bulk_read_write) by extensions ['ignore', 'ignore_ament_install']
[0.268s] Level 1:colcon.colcon_core.package_identification:_identify(src/DynamixelSDK/java/protocol2.0/bulk_read_write) by extension 'ignore'
[0.268s] Level 1:colcon.colcon_core.package_identification:_identify(src/DynamixelSDK/java/protocol2.0/bulk_read_write) by extension 'ignore_ament_install'
[0.268s] Level 1:colcon.colcon_core.package_identification:_identify(src/DynamixelSDK/java/protocol2.0/bulk_read_write) by extensions ['colcon_pkg']
[0.268s] Level 1:colcon.colcon_core.package_identification:_identify(src/DynamixelSDK/java/protocol2.0/bulk_read_write) by extension 'colcon_pkg'
[0.268s] Level 1:colcon.colcon_core.package_identification:_identify(src/DynamixelSDK/java/protocol2.0/bulk_read_write) by extensions ['colcon_meta']
[0.268s] Level 1:colcon.colcon_core.package_identification:_identify(src/DynamixelSDK/java/protocol2.0/bulk_read_write) by extension 'colcon_meta'
[0.268s] Level 1:colcon.colcon_core.package_identification:_identify(src/DynamixelSDK/java/protocol2.0/bulk_read_write) by extensions ['ros']
[0.268s] Level 1:colcon.colcon_core.package_identification:_identify(src/DynamixelSDK/java/protocol2.0/bulk_read_write) by extension 'ros'
[0.268s] Level 1:colcon.colcon_core.package_identification:_identify(src/DynamixelSDK/java/protocol2.0/bulk_read_write) by extensions ['cmake', 'python']
[0.268s] Level 1:colcon.colcon_core.package_identification:_identify(src/DynamixelSDK/java/protocol2.0/bulk_read_write) by extension 'cmake'
[0.268s] Level 1:colcon.colcon_core.package_identification:_identify(src/DynamixelSDK/java/protocol2.0/bulk_read_write) by extension 'python'
[0.268s] Level 1:colcon.colcon_core.package_identification:_identify(src/DynamixelSDK/java/protocol2.0/bulk_read_write) by extensions ['python_setup_py']
[0.268s] Level 1:colcon.colcon_core.package_identification:_identify(src/DynamixelSDK/java/protocol2.0/bulk_read_write) by extension 'python_setup_py'
[0.269s] Level 1:colcon.colcon_core.package_identification:_identify(src/DynamixelSDK/java/protocol2.0/clear_multi_turn) by extensions ['ignore', 'ignore_ament_install']
[0.269s] Level 1:colcon.colcon_core.package_identification:_identify(src/DynamixelSDK/java/protocol2.0/clear_multi_turn) by extension 'ignore'
[0.269s] Level 1:colcon.colcon_core.package_identification:_identify(src/DynamixelSDK/java/protocol2.0/clear_multi_turn) by extension 'ignore_ament_install'
[0.269s] Level 1:colcon.colcon_core.package_identification:_identify(src/DynamixelSDK/java/protocol2.0/clear_multi_turn) by extensions ['colcon_pkg']
[0.269s] Level 1:colcon.colcon_core.package_identification:_identify(src/DynamixelSDK/java/protocol2.0/clear_multi_turn) by extension 'colcon_pkg'
[0.269s] Level 1:colcon.colcon_core.package_identification:_identify(src/DynamixelSDK/java/protocol2.0/clear_multi_turn) by extensions ['colcon_meta']
[0.269s] Level 1:colcon.colcon_core.package_identification:_identify(src/DynamixelSDK/java/protocol2.0/clear_multi_turn) by extension 'colcon_meta'
[0.269s] Level 1:colcon.colcon_core.package_identification:_identify(src/DynamixelSDK/java/protocol2.0/clear_multi_turn) by extensions ['ros']
[0.269s] Level 1:colcon.colcon_core.package_identification:_identify(src/DynamixelSDK/java/protocol2.0/clear_multi_turn) by extension 'ros'
[0.269s] Level 1:colcon.colcon_core.package_identification:_identify(src/DynamixelSDK/java/protocol2.0/clear_multi_turn) by extensions ['cmake', 'python']
[0.269s] Level 1:colcon.colcon_core.package_identification:_identify(src/DynamixelSDK/java/protocol2.0/clear_multi_turn) by extension 'cmake'
[0.269s] Level 1:colcon.colcon_core.package_identification:_identify(src/DynamixelSDK/java/protocol2.0/clear_multi_turn) by extension 'python'
[0.269s] Level 1:colcon.colcon_core.package_identification:_identify(src/DynamixelSDK/java/protocol2.0/clear_multi_turn) by extensions ['python_setup_py']
[0.269s] Level 1:colcon.colcon_core.package_identification:_identify(src/DynamixelSDK/java/protocol2.0/clear_multi_turn) by extension 'python_setup_py'
[0.269s] Level 1:colcon.colcon_core.package_identification:_identify(src/DynamixelSDK/java/protocol2.0/factory_reset) by extensions ['ignore', 'ignore_ament_install']
[0.269s] Level 1:colcon.colcon_core.package_identification:_identify(src/DynamixelSDK/java/protocol2.0/factory_reset) by extension 'ignore'
[0.269s] Level 1:colcon.colcon_core.package_identification:_identify(src/DynamixelSDK/java/protocol2.0/factory_reset) by extension 'ignore_ament_install'
[0.269s] Level 1:colcon.colcon_core.package_identification:_identify(src/DynamixelSDK/java/protocol2.0/factory_reset) by extensions ['colcon_pkg']
[0.269s] Level 1:colcon.colcon_core.package_identification:_identify(src/DynamixelSDK/java/protocol2.0/factory_reset) by extension 'colcon_pkg'
[0.269s] Level 1:colcon.colcon_core.package_identification:_identify(src/DynamixelSDK/java/protocol2.0/factory_reset) by extensions ['colcon_meta']
[0.269s] Level 1:colcon.colcon_core.package_identification:_identify(src/DynamixelSDK/java/protocol2.0/factory_reset) by extension 'colcon_meta'
[0.269s] Level 1:colcon.colcon_core.package_identification:_identify(src/DynamixelSDK/java/protocol2.0/factory_reset) by extensions ['ros']
[0.269s] Level 1:colcon.colcon_core.package_identification:_identify(src/DynamixelSDK/java/protocol2.0/factory_reset) by extension 'ros'
[0.270s] Level 1:colcon.colcon_core.package_identification:_identify(src/DynamixelSDK/java/protocol2.0/factory_reset) by extensions ['cmake', 'python']
[0.270s] Level 1:colcon.colcon_core.package_identification:_identify(src/DynamixelSDK/java/protocol2.0/factory_reset) by extension 'cmake'
[0.270s] Level 1:colcon.colcon_core.package_identification:_identify(src/DynamixelSDK/java/protocol2.0/factory_reset) by extension 'python'
[0.270s] Level 1:colcon.colcon_core.package_identification:_identify(src/DynamixelSDK/java/protocol2.0/factory_reset) by extensions ['python_setup_py']
[0.270s] Level 1:colcon.colcon_core.package_identification:_identify(src/DynamixelSDK/java/protocol2.0/factory_reset) by extension 'python_setup_py'
[0.270s] Level 1:colcon.colcon_core.package_identification:_identify(src/DynamixelSDK/java/protocol2.0/indirect_address) by extensions ['ignore', 'ignore_ament_install']
[0.270s] Level 1:colcon.colcon_core.package_identification:_identify(src/DynamixelSDK/java/protocol2.0/indirect_address) by extension 'ignore'
[0.270s] Level 1:colcon.colcon_core.package_identification:_identify(src/DynamixelSDK/java/protocol2.0/indirect_address) by extension 'ignore_ament_install'
[0.270s] Level 1:colcon.colcon_core.package_identification:_identify(src/DynamixelSDK/java/protocol2.0/indirect_address) by extensions ['colcon_pkg']
[0.270s] Level 1:colcon.colcon_core.package_identification:_identify(src/DynamixelSDK/java/protocol2.0/indirect_address) by extension 'colcon_pkg'
[0.270s] Level 1:colcon.colcon_core.package_identification:_identify(src/DynamixelSDK/java/protocol2.0/indirect_address) by extensions ['colcon_meta']
[0.270s] Level 1:colcon.colcon_core.package_identification:_identify(src/DynamixelSDK/java/protocol2.0/indirect_address) by extension 'colcon_meta'
[0.270s] Level 1:colcon.colcon_core.package_identification:_identify(src/DynamixelSDK/java/protocol2.0/indirect_address) by extensions ['ros']
[0.270s] Level 1:colcon.colcon_core.package_identification:_identify(src/DynamixelSDK/java/protocol2.0/indirect_address) by extension 'ros'
[0.270s] Level 1:colcon.colcon_core.package_identification:_identify(src/DynamixelSDK/java/protocol2.0/indirect_address) by extensions ['cmake', 'python']
[0.270s] Level 1:colcon.colcon_core.package_identification:_identify(src/DynamixelSDK/java/protocol2.0/indirect_address) by extension 'cmake'
[0.270s] Level 1:colcon.colcon_core.package_identification:_identify(src/DynamixelSDK/java/protocol2.0/indirect_address) by extension 'python'
[0.270s] Level 1:colcon.colcon_core.package_identification:_identify(src/DynamixelSDK/java/protocol2.0/indirect_address) by extensions ['python_setup_py']
[0.270s] Level 1:colcon.colcon_core.package_identification:_identify(src/DynamixelSDK/java/protocol2.0/indirect_address) by extension 'python_setup_py'
[0.270s] Level 1:colcon.colcon_core.package_identification:_identify(src/DynamixelSDK/java/protocol2.0/multi_port) by extensions ['ignore', 'ignore_ament_install']
[0.270s] Level 1:colcon.colcon_core.package_identification:_identify(src/DynamixelSDK/java/protocol2.0/multi_port) by extension 'ignore'
[0.271s] Level 1:colcon.colcon_core.package_identification:_identify(src/DynamixelSDK/java/protocol2.0/multi_port) by extension 'ignore_ament_install'
[0.271s] Level 1:colcon.colcon_core.package_identification:_identify(src/DynamixelSDK/java/protocol2.0/multi_port) by extensions ['colcon_pkg']
[0.271s] Level 1:colcon.colcon_core.package_identification:_identify(src/DynamixelSDK/java/protocol2.0/multi_port) by extension 'colcon_pkg'
[0.271s] Level 1:colcon.colcon_core.package_identification:_identify(src/DynamixelSDK/java/protocol2.0/multi_port) by extensions ['colcon_meta']
[0.271s] Level 1:colcon.colcon_core.package_identification:_identify(src/DynamixelSDK/java/protocol2.0/multi_port) by extension 'colcon_meta'
[0.271s] Level 1:colcon.colcon_core.package_identification:_identify(src/DynamixelSDK/java/protocol2.0/multi_port) by extensions ['ros']
[0.271s] Level 1:colcon.colcon_core.package_identification:_identify(src/DynamixelSDK/java/protocol2.0/multi_port) by extension 'ros'
[0.271s] Level 1:colcon.colcon_core.package_identification:_identify(src/DynamixelSDK/java/protocol2.0/multi_port) by extensions ['cmake', 'python']
[0.271s] Level 1:colcon.colcon_core.package_identification:_identify(src/DynamixelSDK/java/protocol2.0/multi_port) by extension 'cmake'
[0.271s] Level 1:colcon.colcon_core.package_identification:_identify(src/DynamixelSDK/java/protocol2.0/multi_port) by extension 'python'
[0.271s] Level 1:colcon.colcon_core.package_identification:_identify(src/DynamixelSDK/java/protocol2.0/multi_port) by extensions ['python_setup_py']
[0.271s] Level 1:colcon.colcon_core.package_identification:_identify(src/DynamixelSDK/java/protocol2.0/multi_port) by extension 'python_setup_py'
[0.271s] Level 1:colcon.colcon_core.package_identification:_identify(src/DynamixelSDK/java/protocol2.0/ping) by extensions ['ignore', 'ignore_ament_install']
[0.271s] Level 1:colcon.colcon_core.package_identification:_identify(src/DynamixelSDK/java/protocol2.0/ping) by extension 'ignore'
[0.271s] Level 1:colcon.colcon_core.package_identification:_identify(src/DynamixelSDK/java/protocol2.0/ping) by extension 'ignore_ament_install'
[0.271s] Level 1:colcon.colcon_core.package_identification:_identify(src/DynamixelSDK/java/protocol2.0/ping) by extensions ['colcon_pkg']
[0.271s] Level 1:colcon.colcon_core.package_identification:_identify(src/DynamixelSDK/java/protocol2.0/ping) by extension 'colcon_pkg'
[0.271s] Level 1:colcon.colcon_core.package_identification:_identify(src/DynamixelSDK/java/protocol2.0/ping) by extensions ['colcon_meta']
[0.271s] Level 1:colcon.colcon_core.package_identification:_identify(src/DynamixelSDK/java/protocol2.0/ping) by extension 'colcon_meta'
[0.271s] Level 1:colcon.colcon_core.package_identification:_identify(src/DynamixelSDK/java/protocol2.0/ping) by extensions ['ros']
[0.271s] Level 1:colcon.colcon_core.package_identification:_identify(src/DynamixelSDK/java/protocol2.0/ping) by extension 'ros'
[0.271s] Level 1:colcon.colcon_core.package_identification:_identify(src/DynamixelSDK/java/protocol2.0/ping) by extensions ['cmake', 'python']
[0.271s] Level 1:colcon.colcon_core.package_identification:_identify(src/DynamixelSDK/java/protocol2.0/ping) by extension 'cmake'
[0.271s] Level 1:colcon.colcon_core.package_identification:_identify(src/DynamixelSDK/java/protocol2.0/ping) by extension 'python'
[0.271s] Level 1:colcon.colcon_core.package_identification:_identify(src/DynamixelSDK/java/protocol2.0/ping) by extensions ['python_setup_py']
[0.272s] Level 1:colcon.colcon_core.package_identification:_identify(src/DynamixelSDK/java/protocol2.0/ping) by extension 'python_setup_py'
[0.272s] Level 1:colcon.colcon_core.package_identification:_identify(src/DynamixelSDK/java/protocol2.0/read_write) by extensions ['ignore', 'ignore_ament_install']
[0.272s] Level 1:colcon.colcon_core.package_identification:_identify(src/DynamixelSDK/java/protocol2.0/read_write) by extension 'ignore'
[0.272s] Level 1:colcon.colcon_core.package_identification:_identify(src/DynamixelSDK/java/protocol2.0/read_write) by extension 'ignore_ament_install'
[0.272s] Level 1:colcon.colcon_core.package_identification:_identify(src/DynamixelSDK/java/protocol2.0/read_write) by extensions ['colcon_pkg']
[0.272s] Level 1:colcon.colcon_core.package_identification:_identify(src/DynamixelSDK/java/protocol2.0/read_write) by extension 'colcon_pkg'
[0.272s] Level 1:colcon.colcon_core.package_identification:_identify(src/DynamixelSDK/java/protocol2.0/read_write) by extensions ['colcon_meta']
[0.272s] Level 1:colcon.colcon_core.package_identification:_identify(src/DynamixelSDK/java/protocol2.0/read_write) by extension 'colcon_meta'
[0.272s] Level 1:colcon.colcon_core.package_identification:_identify(src/DynamixelSDK/java/protocol2.0/read_write) by extensions ['ros']
[0.272s] Level 1:colcon.colcon_core.package_identification:_identify(src/DynamixelSDK/java/protocol2.0/read_write) by extension 'ros'
[0.272s] Level 1:colcon.colcon_core.package_identification:_identify(src/DynamixelSDK/java/protocol2.0/read_write) by extensions ['cmake', 'python']
[0.272s] Level 1:colcon.colcon_core.package_identification:_identify(src/DynamixelSDK/java/protocol2.0/read_write) by extension 'cmake'
[0.272s] Level 1:colcon.colcon_core.package_identification:_identify(src/DynamixelSDK/java/protocol2.0/read_write) by extension 'python'
[0.272s] Level 1:colcon.colcon_core.package_identification:_identify(src/DynamixelSDK/java/protocol2.0/read_write) by extensions ['python_setup_py']
[0.272s] Level 1:colcon.colcon_core.package_identification:_identify(src/DynamixelSDK/java/protocol2.0/read_write) by extension 'python_setup_py'
[0.272s] Level 1:colcon.colcon_core.package_identification:_identify(src/DynamixelSDK/java/protocol2.0/reboot) by extensions ['ignore', 'ignore_ament_install']
[0.272s] Level 1:colcon.colcon_core.package_identification:_identify(src/DynamixelSDK/java/protocol2.0/reboot) by extension 'ignore'
[0.272s] Level 1:colcon.colcon_core.package_identification:_identify(src/DynamixelSDK/java/protocol2.0/reboot) by extension 'ignore_ament_install'
[0.272s] Level 1:colcon.colcon_core.package_identification:_identify(src/DynamixelSDK/java/protocol2.0/reboot) by extensions ['colcon_pkg']
[0.272s] Level 1:colcon.colcon_core.package_identification:_identify(src/DynamixelSDK/java/protocol2.0/reboot) by extension 'colcon_pkg'
[0.272s] Level 1:colcon.colcon_core.package_identification:_identify(src/DynamixelSDK/java/protocol2.0/reboot) by extensions ['colcon_meta']
[0.272s] Level 1:colcon.colcon_core.package_identification:_identify(src/DynamixelSDK/java/protocol2.0/reboot) by extension 'colcon_meta'
[0.273s] Level 1:colcon.colcon_core.package_identification:_identify(src/DynamixelSDK/java/protocol2.0/reboot) by extensions ['ros']
[0.273s] Level 1:colcon.colcon_core.package_identification:_identify(src/DynamixelSDK/java/protocol2.0/reboot) by extension 'ros'
[0.273s] Level 1:colcon.colcon_core.package_identification:_identify(src/DynamixelSDK/java/protocol2.0/reboot) by extensions ['cmake', 'python']
[0.273s] Level 1:colcon.colcon_core.package_identification:_identify(src/DynamixelSDK/java/protocol2.0/reboot) by extension 'cmake'
[0.273s] Level 1:colcon.colcon_core.package_identification:_identify(src/DynamixelSDK/java/protocol2.0/reboot) by extension 'python'
[0.273s] Level 1:colcon.colcon_core.package_identification:_identify(src/DynamixelSDK/java/protocol2.0/reboot) by extensions ['python_setup_py']
[0.273s] Level 1:colcon.colcon_core.package_identification:_identify(src/DynamixelSDK/java/protocol2.0/reboot) by extension 'python_setup_py'
[0.273s] Level 1:colcon.colcon_core.package_identification:_identify(src/DynamixelSDK/java/protocol2.0/sync_read_write) by extensions ['ignore', 'ignore_ament_install']
[0.273s] Level 1:colcon.colcon_core.package_identification:_identify(src/DynamixelSDK/java/protocol2.0/sync_read_write) by extension 'ignore'
[0.273s] Level 1:colcon.colcon_core.package_identification:_identify(src/DynamixelSDK/java/protocol2.0/sync_read_write) by extension 'ignore_ament_install'
[0.273s] Level 1:colcon.colcon_core.package_identification:_identify(src/DynamixelSDK/java/protocol2.0/sync_read_write) by extensions ['colcon_pkg']
[0.273s] Level 1:colcon.colcon_core.package_identification:_identify(src/DynamixelSDK/java/protocol2.0/sync_read_write) by extension 'colcon_pkg'
[0.273s] Level 1:colcon.colcon_core.package_identification:_identify(src/DynamixelSDK/java/protocol2.0/sync_read_write) by extensions ['colcon_meta']
[0.273s] Level 1:colcon.colcon_core.package_identification:_identify(src/DynamixelSDK/java/protocol2.0/sync_read_write) by extension 'colcon_meta'
[0.273s] Level 1:colcon.colcon_core.package_identification:_identify(src/DynamixelSDK/java/protocol2.0/sync_read_write) by extensions ['ros']
[0.273s] Level 1:colcon.colcon_core.package_identification:_identify(src/DynamixelSDK/java/protocol2.0/sync_read_write) by extension 'ros'
[0.273s] Level 1:colcon.colcon_core.package_identification:_identify(src/DynamixelSDK/java/protocol2.0/sync_read_write) by extensions ['cmake', 'python']
[0.273s] Level 1:colcon.colcon_core.package_identification:_identify(src/DynamixelSDK/java/protocol2.0/sync_read_write) by extension 'cmake'
[0.273s] Level 1:colcon.colcon_core.package_identification:_identify(src/DynamixelSDK/java/protocol2.0/sync_read_write) by extension 'python'
[0.273s] Level 1:colcon.colcon_core.package_identification:_identify(src/DynamixelSDK/java/protocol2.0/sync_read_write) by extensions ['python_setup_py']
[0.273s] Level 1:colcon.colcon_core.package_identification:_identify(src/DynamixelSDK/java/protocol2.0/sync_read_write) by extension 'python_setup_py'
[0.273s] Level 1:colcon.colcon_core.package_identification:_identify(src/DynamixelSDK/java/protocol_combined) by extensions ['ignore', 'ignore_ament_install']
[0.274s] Level 1:colcon.colcon_core.package_identification:_identify(src/DynamixelSDK/java/protocol_combined) by extension 'ignore'
[0.274s] Level 1:colcon.colcon_core.package_identification:_identify(src/DynamixelSDK/java/protocol_combined) by extension 'ignore_ament_install'
[0.274s] Level 1:colcon.colcon_core.package_identification:_identify(src/DynamixelSDK/java/protocol_combined) by extensions ['colcon_pkg']
[0.274s] Level 1:colcon.colcon_core.package_identification:_identify(src/DynamixelSDK/java/protocol_combined) by extension 'colcon_pkg'
[0.274s] Level 1:colcon.colcon_core.package_identification:_identify(src/DynamixelSDK/java/protocol_combined) by extensions ['colcon_meta']
[0.274s] Level 1:colcon.colcon_core.package_identification:_identify(src/DynamixelSDK/java/protocol_combined) by extension 'colcon_meta'
[0.274s] Level 1:colcon.colcon_core.package_identification:_identify(src/DynamixelSDK/java/protocol_combined) by extensions ['ros']
[0.274s] Level 1:colcon.colcon_core.package_identification:_identify(src/DynamixelSDK/java/protocol_combined) by extension 'ros'
[0.274s] Level 1:colcon.colcon_core.package_identification:_identify(src/DynamixelSDK/java/protocol_combined) by extensions ['cmake', 'python']
[0.274s] Level 1:colcon.colcon_core.package_identification:_identify(src/DynamixelSDK/java/protocol_combined) by extension 'cmake'
[0.274s] Level 1:colcon.colcon_core.package_identification:_identify(src/DynamixelSDK/java/protocol_combined) by extension 'python'
[0.274s] Level 1:colcon.colcon_core.package_identification:_identify(src/DynamixelSDK/java/protocol_combined) by extensions ['python_setup_py']
[0.274s] Level 1:colcon.colcon_core.package_identification:_identify(src/DynamixelSDK/java/protocol_combined) by extension 'python_setup_py'
[0.274s] Level 1:colcon.colcon_core.package_identification:_identify(src/DynamixelSDK/labview) by extensions ['ignore', 'ignore_ament_install']
[0.274s] Level 1:colcon.colcon_core.package_identification:_identify(src/DynamixelSDK/labview) by extension 'ignore'
[0.274s] Level 1:colcon.colcon_core.package_identification:_identify(src/DynamixelSDK/labview) by extension 'ignore_ament_install'
[0.274s] Level 1:colcon.colcon_core.package_identification:_identify(src/DynamixelSDK/labview) by extensions ['colcon_pkg']
[0.274s] Level 1:colcon.colcon_core.package_identification:_identify(src/DynamixelSDK/labview) by extension 'colcon_pkg'
[0.274s] Level 1:colcon.colcon_core.package_identification:_identify(src/DynamixelSDK/labview) by extensions ['colcon_meta']
[0.274s] Level 1:colcon.colcon_core.package_identification:_identify(src/DynamixelSDK/labview) by extension 'colcon_meta'
[0.274s] Level 1:colcon.colcon_core.package_identification:_identify(src/DynamixelSDK/labview) by extensions ['ros']
[0.274s] Level 1:colcon.colcon_core.package_identification:_identify(src/DynamixelSDK/labview) by extension 'ros'
[0.274s] Level 1:colcon.colcon_core.package_identification:_identify(src/DynamixelSDK/labview) by extensions ['cmake', 'python']
[0.274s] Level 1:colcon.colcon_core.package_identification:_identify(src/DynamixelSDK/labview) by extension 'cmake'
[0.274s] Level 1:colcon.colcon_core.package_identification:_identify(src/DynamixelSDK/labview) by extension 'python'
[0.274s] Level 1:colcon.colcon_core.package_identification:_identify(src/DynamixelSDK/labview) by extensions ['python_setup_py']
[0.275s] Level 1:colcon.colcon_core.package_identification:_identify(src/DynamixelSDK/labview) by extension 'python_setup_py'
[0.275s] Level 1:colcon.colcon_core.package_identification:_identify(src/DynamixelSDK/labview/dxl_x86_c.lvlib) by extensions ['ignore', 'ignore_ament_install']
[0.275s] Level 1:colcon.colcon_core.package_identification:_identify(src/DynamixelSDK/labview/dxl_x86_c.lvlib) by extension 'ignore'
[0.275s] Level 1:colcon.colcon_core.package_identification:_identify(src/DynamixelSDK/labview/dxl_x86_c.lvlib) by extension 'ignore_ament_install'
[0.275s] Level 1:colcon.colcon_core.package_identification:_identify(src/DynamixelSDK/labview/dxl_x86_c.lvlib) by extensions ['colcon_pkg']
[0.275s] Level 1:colcon.colcon_core.package_identification:_identify(src/DynamixelSDK/labview/dxl_x86_c.lvlib) by extension 'colcon_pkg'
[0.275s] Level 1:colcon.colcon_core.package_identification:_identify(src/DynamixelSDK/labview/dxl_x86_c.lvlib) by extensions ['colcon_meta']
[0.275s] Level 1:colcon.colcon_core.package_identification:_identify(src/DynamixelSDK/labview/dxl_x86_c.lvlib) by extension 'colcon_meta'
[0.275s] Level 1:colcon.colcon_core.package_identification:_identify(src/DynamixelSDK/labview/dxl_x86_c.lvlib) by extensions ['ros']
[0.275s] Level 1:colcon.colcon_core.package_identification:_identify(src/DynamixelSDK/labview/dxl_x86_c.lvlib) by extension 'ros'
[0.275s] Level 1:colcon.colcon_core.package_identification:_identify(src/DynamixelSDK/labview/dxl_x86_c.lvlib) by extensions ['cmake', 'python']
[0.275s] Level 1:colcon.colcon_core.package_identification:_identify(src/DynamixelSDK/labview/dxl_x86_c.lvlib) by extension 'cmake'
[0.275s] Level 1:colcon.colcon_core.package_identification:_identify(src/DynamixelSDK/labview/dxl_x86_c.lvlib) by extension 'python'
[0.275s] Level 1:colcon.colcon_core.package_identification:_identify(src/DynamixelSDK/labview/dxl_x86_c.lvlib) by extensions ['python_setup_py']
[0.275s] Level 1:colcon.colcon_core.package_identification:_identify(src/DynamixelSDK/labview/dxl_x86_c.lvlib) by extension 'python_setup_py'
[0.275s] Level 1:colcon.colcon_core.package_identification:_identify(src/DynamixelSDK/labview/dxl_x86_c.lvlib/VIs) by extensions ['ignore', 'ignore_ament_install']
[0.275s] Level 1:colcon.colcon_core.package_identification:_identify(src/DynamixelSDK/labview/dxl_x86_c.lvlib/VIs) by extension 'ignore'
[0.275s] Level 1:colcon.colcon_core.package_identification:_identify(src/DynamixelSDK/labview/dxl_x86_c.lvlib/VIs) by extension 'ignore_ament_install'
[0.275s] Level 1:colcon.colcon_core.package_identification:_identify(src/DynamixelSDK/labview/dxl_x86_c.lvlib/VIs) by extensions ['colcon_pkg']
[0.276s] Level 1:colcon.colcon_core.package_identification:_identify(src/DynamixelSDK/labview/dxl_x86_c.lvlib/VIs) by extension 'colcon_pkg'
[0.276s] Level 1:colcon.colcon_core.package_identification:_identify(src/DynamixelSDK/labview/dxl_x86_c.lvlib/VIs) by extensions ['colcon_meta']
[0.276s] Level 1:colcon.colcon_core.package_identification:_identify(src/DynamixelSDK/labview/dxl_x86_c.lvlib/VIs) by extension 'colcon_meta'
[0.276s] Level 1:colcon.colcon_core.package_identification:_identify(src/DynamixelSDK/labview/dxl_x86_c.lvlib/VIs) by extensions ['ros']
[0.276s] Level 1:colcon.colcon_core.package_identification:_identify(src/DynamixelSDK/labview/dxl_x86_c.lvlib/VIs) by extension 'ros'
[0.276s] Level 1:colcon.colcon_core.package_identification:_identify(src/DynamixelSDK/labview/dxl_x86_c.lvlib/VIs) by extensions ['cmake', 'python']
[0.276s] Level 1:colcon.colcon_core.package_identification:_identify(src/DynamixelSDK/labview/dxl_x86_c.lvlib/VIs) by extension 'cmake'
[0.276s] Level 1:colcon.colcon_core.package_identification:_identify(src/DynamixelSDK/labview/dxl_x86_c.lvlib/VIs) by extension 'python'
[0.276s] Level 1:colcon.colcon_core.package_identification:_identify(src/DynamixelSDK/labview/dxl_x86_c.lvlib/VIs) by extensions ['python_setup_py']
[0.276s] Level 1:colcon.colcon_core.package_identification:_identify(src/DynamixelSDK/labview/dxl_x86_c.lvlib/VIs) by extension 'python_setup_py'
[0.276s] Level 1:colcon.colcon_core.package_identification:_identify(src/DynamixelSDK/labview/protocol1.0) by extensions ['ignore', 'ignore_ament_install']
[0.276s] Level 1:colcon.colcon_core.package_identification:_identify(src/DynamixelSDK/labview/protocol1.0) by extension 'ignore'
[0.276s] Level 1:colcon.colcon_core.package_identification:_identify(src/DynamixelSDK/labview/protocol1.0) by extension 'ignore_ament_install'
[0.276s] Level 1:colcon.colcon_core.package_identification:_identify(src/DynamixelSDK/labview/protocol1.0) by extensions ['colcon_pkg']
[0.276s] Level 1:colcon.colcon_core.package_identification:_identify(src/DynamixelSDK/labview/protocol1.0) by extension 'colcon_pkg'
[0.276s] Level 1:colcon.colcon_core.package_identification:_identify(src/DynamixelSDK/labview/protocol1.0) by extensions ['colcon_meta']
[0.276s] Level 1:colcon.colcon_core.package_identification:_identify(src/DynamixelSDK/labview/protocol1.0) by extension 'colcon_meta'
[0.276s] Level 1:colcon.colcon_core.package_identification:_identify(src/DynamixelSDK/labview/protocol1.0) by extensions ['ros']
[0.276s] Level 1:colcon.colcon_core.package_identification:_identify(src/DynamixelSDK/labview/protocol1.0) by extension 'ros'
[0.276s] Level 1:colcon.colcon_core.package_identification:_identify(src/DynamixelSDK/labview/protocol1.0) by extensions ['cmake', 'python']
[0.276s] Level 1:colcon.colcon_core.package_identification:_identify(src/DynamixelSDK/labview/protocol1.0) by extension 'cmake'
[0.277s] Level 1:colcon.colcon_core.package_identification:_identify(src/DynamixelSDK/labview/protocol1.0) by extension 'python'
[0.277s] Level 1:colcon.colcon_core.package_identification:_identify(src/DynamixelSDK/labview/protocol1.0) by extensions ['python_setup_py']
[0.277s] Level 1:colcon.colcon_core.package_identification:_identify(src/DynamixelSDK/labview/protocol1.0) by extension 'python_setup_py'
[0.277s] Level 1:colcon.colcon_core.package_identification:_identify(src/DynamixelSDK/labview/protocol2.0) by extensions ['ignore', 'ignore_ament_install']
[0.277s] Level 1:colcon.colcon_core.package_identification:_identify(src/DynamixelSDK/labview/protocol2.0) by extension 'ignore'
[0.277s] Level 1:colcon.colcon_core.package_identification:_identify(src/DynamixelSDK/labview/protocol2.0) by extension 'ignore_ament_install'
[0.277s] Level 1:colcon.colcon_core.package_identification:_identify(src/DynamixelSDK/labview/protocol2.0) by extensions ['colcon_pkg']
[0.277s] Level 1:colcon.colcon_core.package_identification:_identify(src/DynamixelSDK/labview/protocol2.0) by extension 'colcon_pkg'
[0.277s] Level 1:colcon.colcon_core.package_identification:_identify(src/DynamixelSDK/labview/protocol2.0) by extensions ['colcon_meta']
[0.277s] Level 1:colcon.colcon_core.package_identification:_identify(src/DynamixelSDK/labview/protocol2.0) by extension 'colcon_meta'
[0.277s] Level 1:colcon.colcon_core.package_identification:_identify(src/DynamixelSDK/labview/protocol2.0) by extensions ['ros']
[0.277s] Level 1:colcon.colcon_core.package_identification:_identify(src/DynamixelSDK/labview/protocol2.0) by extension 'ros'
[0.277s] Level 1:colcon.colcon_core.package_identification:_identify(src/DynamixelSDK/labview/protocol2.0) by extensions ['cmake', 'python']
[0.277s] Level 1:colcon.colcon_core.package_identification:_identify(src/DynamixelSDK/labview/protocol2.0) by extension 'cmake'
[0.277s] Level 1:colcon.colcon_core.package_identification:_identify(src/DynamixelSDK/labview/protocol2.0) by extension 'python'
[0.277s] Level 1:colcon.colcon_core.package_identification:_identify(src/DynamixelSDK/labview/protocol2.0) by extensions ['python_setup_py']
[0.277s] Level 1:colcon.colcon_core.package_identification:_identify(src/DynamixelSDK/labview/protocol2.0) by extension 'python_setup_py'
[0.278s] Level 1:colcon.colcon_core.package_identification:_identify(src/DynamixelSDK/labview/protocol_combined) by extensions ['ignore', 'ignore_ament_install']
[0.278s] Level 1:colcon.colcon_core.package_identification:_identify(src/DynamixelSDK/labview/protocol_combined) by extension 'ignore'
[0.278s] Level 1:colcon.colcon_core.package_identification:_identify(src/DynamixelSDK/labview/protocol_combined) by extension 'ignore_ament_install'
[0.278s] Level 1:colcon.colcon_core.package_identification:_identify(src/DynamixelSDK/labview/protocol_combined) by extensions ['colcon_pkg']
[0.278s] Level 1:colcon.colcon_core.package_identification:_identify(src/DynamixelSDK/labview/protocol_combined) by extension 'colcon_pkg'
[0.278s] Level 1:colcon.colcon_core.package_identification:_identify(src/DynamixelSDK/labview/protocol_combined) by extensions ['colcon_meta']
[0.278s] Level 1:colcon.colcon_core.package_identification:_identify(src/DynamixelSDK/labview/protocol_combined) by extension 'colcon_meta'
[0.278s] Level 1:colcon.colcon_core.package_identification:_identify(src/DynamixelSDK/labview/protocol_combined) by extensions ['ros']
[0.278s] Level 1:colcon.colcon_core.package_identification:_identify(src/DynamixelSDK/labview/protocol_combined) by extension 'ros'
[0.278s] Level 1:colcon.colcon_core.package_identification:_identify(src/DynamixelSDK/labview/protocol_combined) by extensions ['cmake', 'python']
[0.278s] Level 1:colcon.colcon_core.package_identification:_identify(src/DynamixelSDK/labview/protocol_combined) by extension 'cmake'
[0.278s] Level 1:colcon.colcon_core.package_identification:_identify(src/DynamixelSDK/labview/protocol_combined) by extension 'python'
[0.278s] Level 1:colcon.colcon_core.package_identification:_identify(src/DynamixelSDK/labview/protocol_combined) by extensions ['python_setup_py']
[0.278s] Level 1:colcon.colcon_core.package_identification:_identify(src/DynamixelSDK/labview/protocol_combined) by extension 'python_setup_py'
[0.278s] Level 1:colcon.colcon_core.package_identification:_identify(src/DynamixelSDK/matlab) by extensions ['ignore', 'ignore_ament_install']
[0.278s] Level 1:colcon.colcon_core.package_identification:_identify(src/DynamixelSDK/matlab) by extension 'ignore'
[0.278s] Level 1:colcon.colcon_core.package_identification:_identify(src/DynamixelSDK/matlab) by extension 'ignore_ament_install'
[0.278s] Level 1:colcon.colcon_core.package_identification:_identify(src/DynamixelSDK/matlab) by extensions ['colcon_pkg']
[0.278s] Level 1:colcon.colcon_core.package_identification:_identify(src/DynamixelSDK/matlab) by extension 'colcon_pkg'
[0.279s] Level 1:colcon.colcon_core.package_identification:_identify(src/DynamixelSDK/matlab) by extensions ['colcon_meta']
[0.279s] Level 1:colcon.colcon_core.package_identification:_identify(src/DynamixelSDK/matlab) by extension 'colcon_meta'
[0.279s] Level 1:colcon.colcon_core.package_identification:_identify(src/DynamixelSDK/matlab) by extensions ['ros']
[0.279s] Level 1:colcon.colcon_core.package_identification:_identify(src/DynamixelSDK/matlab) by extension 'ros'
[0.279s] Level 1:colcon.colcon_core.package_identification:_identify(src/DynamixelSDK/matlab) by extensions ['cmake', 'python']
[0.279s] Level 1:colcon.colcon_core.package_identification:_identify(src/DynamixelSDK/matlab) by extension 'cmake'
[0.279s] Level 1:colcon.colcon_core.package_identification:_identify(src/DynamixelSDK/matlab) by extension 'python'
[0.279s] Level 1:colcon.colcon_core.package_identification:_identify(src/DynamixelSDK/matlab) by extensions ['python_setup_py']
[0.279s] Level 1:colcon.colcon_core.package_identification:_identify(src/DynamixelSDK/matlab) by extension 'python_setup_py'
[0.279s] Level 1:colcon.colcon_core.package_identification:_identify(src/DynamixelSDK/matlab/m_basic_function) by extensions ['ignore', 'ignore_ament_install']
[0.279s] Level 1:colcon.colcon_core.package_identification:_identify(src/DynamixelSDK/matlab/m_basic_function) by extension 'ignore'
[0.279s] Level 1:colcon.colcon_core.package_identification:_identify(src/DynamixelSDK/matlab/m_basic_function) by extension 'ignore_ament_install'
[0.279s] Level 1:colcon.colcon_core.package_identification:_identify(src/DynamixelSDK/matlab/m_basic_function) by extensions ['colcon_pkg']
[0.279s] Level 1:colcon.colcon_core.package_identification:_identify(src/DynamixelSDK/matlab/m_basic_function) by extension 'colcon_pkg'
[0.279s] Level 1:colcon.colcon_core.package_identification:_identify(src/DynamixelSDK/matlab/m_basic_function) by extensions ['colcon_meta']
[0.279s] Level 1:colcon.colcon_core.package_identification:_identify(src/DynamixelSDK/matlab/m_basic_function) by extension 'colcon_meta'
[0.279s] Level 1:colcon.colcon_core.package_identification:_identify(src/DynamixelSDK/matlab/m_basic_function) by extensions ['ros']
[0.279s] Level 1:colcon.colcon_core.package_identification:_identify(src/DynamixelSDK/matlab/m_basic_function) by extension 'ros'
[0.279s] Level 1:colcon.colcon_core.package_identification:_identify(src/DynamixelSDK/matlab/m_basic_function) by extensions ['cmake', 'python']
[0.279s] Level 1:colcon.colcon_core.package_identification:_identify(src/DynamixelSDK/matlab/m_basic_function) by extension 'cmake'
[0.279s] Level 1:colcon.colcon_core.package_identification:_identify(src/DynamixelSDK/matlab/m_basic_function) by extension 'python'
[0.280s] Level 1:colcon.colcon_core.package_identification:_identify(src/DynamixelSDK/matlab/m_basic_function) by extensions ['python_setup_py']
[0.280s] Level 1:colcon.colcon_core.package_identification:_identify(src/DynamixelSDK/matlab/m_basic_function) by extension 'python_setup_py'
[0.280s] Level 1:colcon.colcon_core.package_identification:_identify(src/DynamixelSDK/matlab/m_basic_function/group_bulk_read) by extensions ['ignore', 'ignore_ament_install']
[0.280s] Level 1:colcon.colcon_core.package_identification:_identify(src/DynamixelSDK/matlab/m_basic_function/group_bulk_read) by extension 'ignore'
[0.280s] Level 1:colcon.colcon_core.package_identification:_identify(src/DynamixelSDK/matlab/m_basic_function/group_bulk_read) by extension 'ignore_ament_install'
[0.280s] Level 1:colcon.colcon_core.package_identification:_identify(src/DynamixelSDK/matlab/m_basic_function/group_bulk_read) by extensions ['colcon_pkg']
[0.280s] Level 1:colcon.colcon_core.package_identification:_identify(src/DynamixelSDK/matlab/m_basic_function/group_bulk_read) by extension 'colcon_pkg'
[0.280s] Level 1:colcon.colcon_core.package_identification:_identify(src/DynamixelSDK/matlab/m_basic_function/group_bulk_read) by extensions ['colcon_meta']
[0.280s] Level 1:colcon.colcon_core.package_identification:_identify(src/DynamixelSDK/matlab/m_basic_function/group_bulk_read) by extension 'colcon_meta'
[0.280s] Level 1:colcon.colcon_core.package_identification:_identify(src/DynamixelSDK/matlab/m_basic_function/group_bulk_read) by extensions ['ros']
[0.280s] Level 1:colcon.colcon_core.package_identification:_identify(src/DynamixelSDK/matlab/m_basic_function/group_bulk_read) by extension 'ros'
[0.280s] Level 1:colcon.colcon_core.package_identification:_identify(src/DynamixelSDK/matlab/m_basic_function/group_bulk_read) by extensions ['cmake', 'python']
[0.280s] Level 1:colcon.colcon_core.package_identification:_identify(src/DynamixelSDK/matlab/m_basic_function/group_bulk_read) by extension 'cmake'
[0.280s] Level 1:colcon.colcon_core.package_identification:_identify(src/DynamixelSDK/matlab/m_basic_function/group_bulk_read) by extension 'python'
[0.280s] Level 1:colcon.colcon_core.package_identification:_identify(src/DynamixelSDK/matlab/m_basic_function/group_bulk_read) by extensions ['python_setup_py']
[0.280s] Level 1:colcon.colcon_core.package_identification:_identify(src/DynamixelSDK/matlab/m_basic_function/group_bulk_read) by extension 'python_setup_py'
[0.280s] Level 1:colcon.colcon_core.package_identification:_identify(src/DynamixelSDK/matlab/m_basic_function/group_bulk_write) by extensions ['ignore', 'ignore_ament_install']
[0.280s] Level 1:colcon.colcon_core.package_identification:_identify(src/DynamixelSDK/matlab/m_basic_function/group_bulk_write) by extension 'ignore'
[0.281s] Level 1:colcon.colcon_core.package_identification:_identify(src/DynamixelSDK/matlab/m_basic_function/group_bulk_write) by extension 'ignore_ament_install'
[0.281s] Level 1:colcon.colcon_core.package_identification:_identify(src/DynamixelSDK/matlab/m_basic_function/group_bulk_write) by extensions ['colcon_pkg']
[0.281s] Level 1:colcon.colcon_core.package_identification:_identify(src/DynamixelSDK/matlab/m_basic_function/group_bulk_write) by extension 'colcon_pkg'
[0.281s] Level 1:colcon.colcon_core.package_identification:_identify(src/DynamixelSDK/matlab/m_basic_function/group_bulk_write) by extensions ['colcon_meta']
[0.281s] Level 1:colcon.colcon_core.package_identification:_identify(src/DynamixelSDK/matlab/m_basic_function/group_bulk_write) by extension 'colcon_meta'
[0.281s] Level 1:colcon.colcon_core.package_identification:_identify(src/DynamixelSDK/matlab/m_basic_function/group_bulk_write) by extensions ['ros']
[0.281s] Level 1:colcon.colcon_core.package_identification:_identify(src/DynamixelSDK/matlab/m_basic_function/group_bulk_write) by extension 'ros'
[0.281s] Level 1:colcon.colcon_core.package_identification:_identify(src/DynamixelSDK/matlab/m_basic_function/group_bulk_write) by extensions ['cmake', 'python']
[0.281s] Level 1:colcon.colcon_core.package_identification:_identify(src/DynamixelSDK/matlab/m_basic_function/group_bulk_write) by extension 'cmake'
[0.281s] Level 1:colcon.colcon_core.package_identification:_identify(src/DynamixelSDK/matlab/m_basic_function/group_bulk_write) by extension 'python'
[0.281s] Level 1:colcon.colcon_core.package_identification:_identify(src/DynamixelSDK/matlab/m_basic_function/group_bulk_write) by extensions ['python_setup_py']
[0.281s] Level 1:colcon.colcon_core.package_identification:_identify(src/DynamixelSDK/matlab/m_basic_function/group_bulk_write) by extension 'python_setup_py'
[0.281s] Level 1:colcon.colcon_core.package_identification:_identify(src/DynamixelSDK/matlab/m_basic_function/group_sync_read) by extensions ['ignore', 'ignore_ament_install']
[0.281s] Level 1:colcon.colcon_core.package_identification:_identify(src/DynamixelSDK/matlab/m_basic_function/group_sync_read) by extension 'ignore'
[0.281s] Level 1:colcon.colcon_core.package_identification:_identify(src/DynamixelSDK/matlab/m_basic_function/group_sync_read) by extension 'ignore_ament_install'
[0.281s] Level 1:colcon.colcon_core.package_identification:_identify(src/DynamixelSDK/matlab/m_basic_function/group_sync_read) by extensions ['colcon_pkg']
[0.281s] Level 1:colcon.colcon_core.package_identification:_identify(src/DynamixelSDK/matlab/m_basic_function/group_sync_read) by extension 'colcon_pkg'
[0.281s] Level 1:colcon.colcon_core.package_identification:_identify(src/DynamixelSDK/matlab/m_basic_function/group_sync_read) by extensions ['colcon_meta']
[0.281s] Level 1:colcon.colcon_core.package_identification:_identify(src/DynamixelSDK/matlab/m_basic_function/group_sync_read) by extension 'colcon_meta'
[0.281s] Level 1:colcon.colcon_core.package_identification:_identify(src/DynamixelSDK/matlab/m_basic_function/group_sync_read) by extensions ['ros']
[0.281s] Level 1:colcon.colcon_core.package_identification:_identify(src/DynamixelSDK/matlab/m_basic_function/group_sync_read) by extension 'ros'
[0.281s] Level 1:colcon.colcon_core.package_identification:_identify(src/DynamixelSDK/matlab/m_basic_function/group_sync_read) by extensions ['cmake', 'python']
[0.281s] Level 1:colcon.colcon_core.package_identification:_identify(src/DynamixelSDK/matlab/m_basic_function/group_sync_read) by extension 'cmake'
[0.282s] Level 1:colcon.colcon_core.package_identification:_identify(src/DynamixelSDK/matlab/m_basic_function/group_sync_read) by extension 'python'
[0.282s] Level 1:colcon.colcon_core.package_identification:_identify(src/DynamixelSDK/matlab/m_basic_function/group_sync_read) by extensions ['python_setup_py']
[0.282s] Level 1:colcon.colcon_core.package_identification:_identify(src/DynamixelSDK/matlab/m_basic_function/group_sync_read) by extension 'python_setup_py'
[0.282s] Level 1:colcon.colcon_core.package_identification:_identify(src/DynamixelSDK/matlab/m_basic_function/group_sync_write) by extensions ['ignore', 'ignore_ament_install']
[0.282s] Level 1:colcon.colcon_core.package_identification:_identify(src/DynamixelSDK/matlab/m_basic_function/group_sync_write) by extension 'ignore'
[0.282s] Level 1:colcon.colcon_core.package_identification:_identify(src/DynamixelSDK/matlab/m_basic_function/group_sync_write) by extension 'ignore_ament_install'
[0.282s] Level 1:colcon.colcon_core.package_identification:_identify(src/DynamixelSDK/matlab/m_basic_function/group_sync_write) by extensions ['colcon_pkg']
[0.282s] Level 1:colcon.colcon_core.package_identification:_identify(src/DynamixelSDK/matlab/m_basic_function/group_sync_write) by extension 'colcon_pkg'
[0.282s] Level 1:colcon.colcon_core.package_identification:_identify(src/DynamixelSDK/matlab/m_basic_function/group_sync_write) by extensions ['colcon_meta']
[0.282s] Level 1:colcon.colcon_core.package_identification:_identify(src/DynamixelSDK/matlab/m_basic_function/group_sync_write) by extension 'colcon_meta'
[0.282s] Level 1:colcon.colcon_core.package_identification:_identify(src/DynamixelSDK/matlab/m_basic_function/group_sync_write) by extensions ['ros']
[0.282s] Level 1:colcon.colcon_core.package_identification:_identify(src/DynamixelSDK/matlab/m_basic_function/group_sync_write) by extension 'ros'
[0.282s] Level 1:colcon.colcon_core.package_identification:_identify(src/DynamixelSDK/matlab/m_basic_function/group_sync_write) by extensions ['cmake', 'python']
[0.282s] Level 1:colcon.colcon_core.package_identification:_identify(src/DynamixelSDK/matlab/m_basic_function/group_sync_write) by extension 'cmake'
[0.282s] Level 1:colcon.colcon_core.package_identification:_identify(src/DynamixelSDK/matlab/m_basic_function/group_sync_write) by extension 'python'
[0.282s] Level 1:colcon.colcon_core.package_identification:_identify(src/DynamixelSDK/matlab/m_basic_function/group_sync_write) by extensions ['python_setup_py']
[0.282s] Level 1:colcon.colcon_core.package_identification:_identify(src/DynamixelSDK/matlab/m_basic_function/group_sync_write) by extension 'python_setup_py'
[0.283s] Level 1:colcon.colcon_core.package_identification:_identify(src/DynamixelSDK/matlab/m_basic_function/packet_handler) by extensions ['ignore', 'ignore_ament_install']
[0.283s] Level 1:colcon.colcon_core.package_identification:_identify(src/DynamixelSDK/matlab/m_basic_function/packet_handler) by extension 'ignore'
[0.283s] Level 1:colcon.colcon_core.package_identification:_identify(src/DynamixelSDK/matlab/m_basic_function/packet_handler) by extension 'ignore_ament_install'
[0.283s] Level 1:colcon.colcon_core.package_identification:_identify(src/DynamixelSDK/matlab/m_basic_function/packet_handler) by extensions ['colcon_pkg']
[0.283s] Level 1:colcon.colcon_core.package_identification:_identify(src/DynamixelSDK/matlab/m_basic_function/packet_handler) by extension 'colcon_pkg'
[0.283s] Level 1:colcon.colcon_core.package_identification:_identify(src/DynamixelSDK/matlab/m_basic_function/packet_handler) by extensions ['colcon_meta']
[0.283s] Level 1:colcon.colcon_core.package_identification:_identify(src/DynamixelSDK/matlab/m_basic_function/packet_handler) by extension 'colcon_meta'
[0.283s] Level 1:colcon.colcon_core.package_identification:_identify(src/DynamixelSDK/matlab/m_basic_function/packet_handler) by extensions ['ros']
[0.283s] Level 1:colcon.colcon_core.package_identification:_identify(src/DynamixelSDK/matlab/m_basic_function/packet_handler) by extension 'ros'
[0.283s] Level 1:colcon.colcon_core.package_identification:_identify(src/DynamixelSDK/matlab/m_basic_function/packet_handler) by extensions ['cmake', 'python']
[0.283s] Level 1:colcon.colcon_core.package_identification:_identify(src/DynamixelSDK/matlab/m_basic_function/packet_handler) by extension 'cmake'
[0.283s] Level 1:colcon.colcon_core.package_identification:_identify(src/DynamixelSDK/matlab/m_basic_function/packet_handler) by extension 'python'
[0.283s] Level 1:colcon.colcon_core.package_identification:_identify(src/DynamixelSDK/matlab/m_basic_function/packet_handler) by extensions ['python_setup_py']
[0.283s] Level 1:colcon.colcon_core.package_identification:_identify(src/DynamixelSDK/matlab/m_basic_function/packet_handler) by extension 'python_setup_py'
[0.283s] Level 1:colcon.colcon_core.package_identification:_identify(src/DynamixelSDK/matlab/m_basic_function/port_handler) by extensions ['ignore', 'ignore_ament_install']
[0.283s] Level 1:colcon.colcon_core.package_identification:_identify(src/DynamixelSDK/matlab/m_basic_function/port_handler) by extension 'ignore'
[0.283s] Level 1:colcon.colcon_core.package_identification:_identify(src/DynamixelSDK/matlab/m_basic_function/port_handler) by extension 'ignore_ament_install'
[0.283s] Level 1:colcon.colcon_core.package_identification:_identify(src/DynamixelSDK/matlab/m_basic_function/port_handler) by extensions ['colcon_pkg']
[0.284s] Level 1:colcon.colcon_core.package_identification:_identify(src/DynamixelSDK/matlab/m_basic_function/port_handler) by extension 'colcon_pkg'
[0.284s] Level 1:colcon.colcon_core.package_identification:_identify(src/DynamixelSDK/matlab/m_basic_function/port_handler) by extensions ['colcon_meta']
[0.284s] Level 1:colcon.colcon_core.package_identification:_identify(src/DynamixelSDK/matlab/m_basic_function/port_handler) by extension 'colcon_meta'
[0.284s] Level 1:colcon.colcon_core.package_identification:_identify(src/DynamixelSDK/matlab/m_basic_function/port_handler) by extensions ['ros']
[0.284s] Level 1:colcon.colcon_core.package_identification:_identify(src/DynamixelSDK/matlab/m_basic_function/port_handler) by extension 'ros'
[0.284s] Level 1:colcon.colcon_core.package_identification:_identify(src/DynamixelSDK/matlab/m_basic_function/port_handler) by extensions ['cmake', 'python']
[0.284s] Level 1:colcon.colcon_core.package_identification:_identify(src/DynamixelSDK/matlab/m_basic_function/port_handler) by extension 'cmake'
[0.284s] Level 1:colcon.colcon_core.package_identification:_identify(src/DynamixelSDK/matlab/m_basic_function/port_handler) by extension 'python'
[0.284s] Level 1:colcon.colcon_core.package_identification:_identify(src/DynamixelSDK/matlab/m_basic_function/port_handler) by extensions ['python_setup_py']
[0.284s] Level 1:colcon.colcon_core.package_identification:_identify(src/DynamixelSDK/matlab/m_basic_function/port_handler) by extension 'python_setup_py'
[0.284s] Level 1:colcon.colcon_core.package_identification:_identify(src/DynamixelSDK/matlab/protocol1.0) by extensions ['ignore', 'ignore_ament_install']
[0.284s] Level 1:colcon.colcon_core.package_identification:_identify(src/DynamixelSDK/matlab/protocol1.0) by extension 'ignore'
[0.284s] Level 1:colcon.colcon_core.package_identification:_identify(src/DynamixelSDK/matlab/protocol1.0) by extension 'ignore_ament_install'
[0.284s] Level 1:colcon.colcon_core.package_identification:_identify(src/DynamixelSDK/matlab/protocol1.0) by extensions ['colcon_pkg']
[0.284s] Level 1:colcon.colcon_core.package_identification:_identify(src/DynamixelSDK/matlab/protocol1.0) by extension 'colcon_pkg'
[0.284s] Level 1:colcon.colcon_core.package_identification:_identify(src/DynamixelSDK/matlab/protocol1.0) by extensions ['colcon_meta']
[0.284s] Level 1:colcon.colcon_core.package_identification:_identify(src/DynamixelSDK/matlab/protocol1.0) by extension 'colcon_meta'
[0.284s] Level 1:colcon.colcon_core.package_identification:_identify(src/DynamixelSDK/matlab/protocol1.0) by extensions ['ros']
[0.284s] Level 1:colcon.colcon_core.package_identification:_identify(src/DynamixelSDK/matlab/protocol1.0) by extension 'ros'
[0.284s] Level 1:colcon.colcon_core.package_identification:_identify(src/DynamixelSDK/matlab/protocol1.0) by extensions ['cmake', 'python']
[0.284s] Level 1:colcon.colcon_core.package_identification:_identify(src/DynamixelSDK/matlab/protocol1.0) by extension 'cmake'
[0.284s] Level 1:colcon.colcon_core.package_identification:_identify(src/DynamixelSDK/matlab/protocol1.0) by extension 'python'
[0.284s] Level 1:colcon.colcon_core.package_identification:_identify(src/DynamixelSDK/matlab/protocol1.0) by extensions ['python_setup_py']
[0.284s] Level 1:colcon.colcon_core.package_identification:_identify(src/DynamixelSDK/matlab/protocol1.0) by extension 'python_setup_py'
[0.285s] Level 1:colcon.colcon_core.package_identification:_identify(src/DynamixelSDK/matlab/protocol2.0) by extensions ['ignore', 'ignore_ament_install']
[0.285s] Level 1:colcon.colcon_core.package_identification:_identify(src/DynamixelSDK/matlab/protocol2.0) by extension 'ignore'
[0.285s] Level 1:colcon.colcon_core.package_identification:_identify(src/DynamixelSDK/matlab/protocol2.0) by extension 'ignore_ament_install'
[0.285s] Level 1:colcon.colcon_core.package_identification:_identify(src/DynamixelSDK/matlab/protocol2.0) by extensions ['colcon_pkg']
[0.285s] Level 1:colcon.colcon_core.package_identification:_identify(src/DynamixelSDK/matlab/protocol2.0) by extension 'colcon_pkg'
[0.285s] Level 1:colcon.colcon_core.package_identification:_identify(src/DynamixelSDK/matlab/protocol2.0) by extensions ['colcon_meta']
[0.285s] Level 1:colcon.colcon_core.package_identification:_identify(src/DynamixelSDK/matlab/protocol2.0) by extension 'colcon_meta'
[0.285s] Level 1:colcon.colcon_core.package_identification:_identify(src/DynamixelSDK/matlab/protocol2.0) by extensions ['ros']
[0.285s] Level 1:colcon.colcon_core.package_identification:_identify(src/DynamixelSDK/matlab/protocol2.0) by extension 'ros'
[0.285s] Level 1:colcon.colcon_core.package_identification:_identify(src/DynamixelSDK/matlab/protocol2.0) by extensions ['cmake', 'python']
[0.285s] Level 1:colcon.colcon_core.package_identification:_identify(src/DynamixelSDK/matlab/protocol2.0) by extension 'cmake'
[0.285s] Level 1:colcon.colcon_core.package_identification:_identify(src/DynamixelSDK/matlab/protocol2.0) by extension 'python'
[0.285s] Level 1:colcon.colcon_core.package_identification:_identify(src/DynamixelSDK/matlab/protocol2.0) by extensions ['python_setup_py']
[0.285s] Level 1:colcon.colcon_core.package_identification:_identify(src/DynamixelSDK/matlab/protocol2.0) by extension 'python_setup_py'
[0.285s] Level 1:colcon.colcon_core.package_identification:_identify(src/DynamixelSDK/matlab/protocol_combined) by extensions ['ignore', 'ignore_ament_install']
[0.285s] Level 1:colcon.colcon_core.package_identification:_identify(src/DynamixelSDK/matlab/protocol_combined) by extension 'ignore'
[0.285s] Level 1:colcon.colcon_core.package_identification:_identify(src/DynamixelSDK/matlab/protocol_combined) by extension 'ignore_ament_install'
[0.285s] Level 1:colcon.colcon_core.package_identification:_identify(src/DynamixelSDK/matlab/protocol_combined) by extensions ['colcon_pkg']
[0.285s] Level 1:colcon.colcon_core.package_identification:_identify(src/DynamixelSDK/matlab/protocol_combined) by extension 'colcon_pkg'
[0.285s] Level 1:colcon.colcon_core.package_identification:_identify(src/DynamixelSDK/matlab/protocol_combined) by extensions ['colcon_meta']
[0.285s] Level 1:colcon.colcon_core.package_identification:_identify(src/DynamixelSDK/matlab/protocol_combined) by extension 'colcon_meta'
[0.285s] Level 1:colcon.colcon_core.package_identification:_identify(src/DynamixelSDK/matlab/protocol_combined) by extensions ['ros']
[0.285s] Level 1:colcon.colcon_core.package_identification:_identify(src/DynamixelSDK/matlab/protocol_combined) by extension 'ros'
[0.286s] Level 1:colcon.colcon_core.package_identification:_identify(src/DynamixelSDK/matlab/protocol_combined) by extensions ['cmake', 'python']
[0.286s] Level 1:colcon.colcon_core.package_identification:_identify(src/DynamixelSDK/matlab/protocol_combined) by extension 'cmake'
[0.286s] Level 1:colcon.colcon_core.package_identification:_identify(src/DynamixelSDK/matlab/protocol_combined) by extension 'python'
[0.286s] Level 1:colcon.colcon_core.package_identification:_identify(src/DynamixelSDK/matlab/protocol_combined) by extensions ['python_setup_py']
[0.286s] Level 1:colcon.colcon_core.package_identification:_identify(src/DynamixelSDK/matlab/protocol_combined) by extension 'python_setup_py'
[0.286s] Level 1:colcon.colcon_core.package_identification:_identify(src/DynamixelSDK/python) by extensions ['ignore', 'ignore_ament_install']
[0.286s] Level 1:colcon.colcon_core.package_identification:_identify(src/DynamixelSDK/python) by extension 'ignore'
[0.286s] Level 1:colcon.colcon_core.package_identification:_identify(src/DynamixelSDK/python) by extension 'ignore_ament_install'
[0.286s] Level 1:colcon.colcon_core.package_identification:_identify(src/DynamixelSDK/python) by extensions ['colcon_pkg']
[0.286s] Level 1:colcon.colcon_core.package_identification:_identify(src/DynamixelSDK/python) by extension 'colcon_pkg'
[0.286s] Level 1:colcon.colcon_core.package_identification:_identify(src/DynamixelSDK/python) by extensions ['colcon_meta']
[0.286s] Level 1:colcon.colcon_core.package_identification:_identify(src/DynamixelSDK/python) by extension 'colcon_meta'
[0.286s] Level 1:colcon.colcon_core.package_identification:_identify(src/DynamixelSDK/python) by extensions ['ros']
[0.286s] Level 1:colcon.colcon_core.package_identification:_identify(src/DynamixelSDK/python) by extension 'ros'
[0.286s] Level 1:colcon.colcon_core.package_identification:_identify(src/DynamixelSDK/python) ignored
[0.286s] Level 1:colcon.colcon_core.package_identification:_identify(src/DynamixelSDK/ros) by extensions ['ignore', 'ignore_ament_install']
[0.286s] Level 1:colcon.colcon_core.package_identification:_identify(src/DynamixelSDK/ros) by extension 'ignore'
[0.286s] Level 1:colcon.colcon_core.package_identification:_identify(src/DynamixelSDK/ros) by extension 'ignore_ament_install'
[0.286s] Level 1:colcon.colcon_core.package_identification:_identify(src/DynamixelSDK/ros) by extensions ['colcon_pkg']
[0.286s] Level 1:colcon.colcon_core.package_identification:_identify(src/DynamixelSDK/ros) by extension 'colcon_pkg'
[0.286s] Level 1:colcon.colcon_core.package_identification:_identify(src/DynamixelSDK/ros) by extensions ['colcon_meta']
[0.286s] Level 1:colcon.colcon_core.package_identification:_identify(src/DynamixelSDK/ros) by extension 'colcon_meta'
[0.286s] Level 1:colcon.colcon_core.package_identification:_identify(src/DynamixelSDK/ros) by extensions ['ros']
[0.286s] Level 1:colcon.colcon_core.package_identification:_identify(src/DynamixelSDK/ros) by extension 'ros'
[0.287s] Level 1:colcon.colcon_core.package_identification:_identify(src/DynamixelSDK/ros) by extensions ['cmake', 'python']
[0.287s] Level 1:colcon.colcon_core.package_identification:_identify(src/DynamixelSDK/ros) by extension 'cmake'
[0.287s] Level 1:colcon.colcon_core.package_identification:_identify(src/DynamixelSDK/ros) by extension 'python'
[0.287s] Level 1:colcon.colcon_core.package_identification:_identify(src/DynamixelSDK/ros) by extensions ['python_setup_py']
[0.287s] Level 1:colcon.colcon_core.package_identification:_identify(src/DynamixelSDK/ros) by extension 'python_setup_py'
[0.287s] Level 1:colcon.colcon_core.package_identification:_identify(src/DynamixelSDK/ros/dynamixel_sdk) by extensions ['ignore', 'ignore_ament_install']
[0.287s] Level 1:colcon.colcon_core.package_identification:_identify(src/DynamixelSDK/ros/dynamixel_sdk) by extension 'ignore'
[0.287s] Level 1:colcon.colcon_core.package_identification:_identify(src/DynamixelSDK/ros/dynamixel_sdk) by extension 'ignore_ament_install'
[0.287s] Level 1:colcon.colcon_core.package_identification:_identify(src/DynamixelSDK/ros/dynamixel_sdk) by extensions ['colcon_pkg']
[0.287s] Level 1:colcon.colcon_core.package_identification:_identify(src/DynamixelSDK/ros/dynamixel_sdk) by extension 'colcon_pkg'
[0.287s] Level 1:colcon.colcon_core.package_identification:_identify(src/DynamixelSDK/ros/dynamixel_sdk) by extensions ['colcon_meta']
[0.287s] Level 1:colcon.colcon_core.package_identification:_identify(src/DynamixelSDK/ros/dynamixel_sdk) by extension 'colcon_meta'
[0.287s] Level 1:colcon.colcon_core.package_identification:_identify(src/DynamixelSDK/ros/dynamixel_sdk) by extensions ['ros']
[0.287s] Level 1:colcon.colcon_core.package_identification:_identify(src/DynamixelSDK/ros/dynamixel_sdk) by extension 'ros'
[0.289s] DEBUG:colcon.colcon_core.package_identification:Package 'src/DynamixelSDK/ros/dynamixel_sdk' with type 'ros.ament_cmake' and name 'dynamixel_sdk'
[0.289s] Level 1:colcon.colcon_core.package_identification:_identify(src/DynamixelSDK/ros/dynamixel_sdk_custom_interfaces) by extensions ['ignore', 'ignore_ament_install']
[0.290s] Level 1:colcon.colcon_core.package_identification:_identify(src/DynamixelSDK/ros/dynamixel_sdk_custom_interfaces) by extension 'ignore'
[0.290s] Level 1:colcon.colcon_core.package_identification:_identify(src/DynamixelSDK/ros/dynamixel_sdk_custom_interfaces) by extension 'ignore_ament_install'
[0.290s] Level 1:colcon.colcon_core.package_identification:_identify(src/DynamixelSDK/ros/dynamixel_sdk_custom_interfaces) by extensions ['colcon_pkg']
[0.290s] Level 1:colcon.colcon_core.package_identification:_identify(src/DynamixelSDK/ros/dynamixel_sdk_custom_interfaces) by extension 'colcon_pkg'
[0.290s] Level 1:colcon.colcon_core.package_identification:_identify(src/DynamixelSDK/ros/dynamixel_sdk_custom_interfaces) by extensions ['colcon_meta']
[0.290s] Level 1:colcon.colcon_core.package_identification:_identify(src/DynamixelSDK/ros/dynamixel_sdk_custom_interfaces) by extension 'colcon_meta'
[0.290s] Level 1:colcon.colcon_core.package_identification:_identify(src/DynamixelSDK/ros/dynamixel_sdk_custom_interfaces) by extensions ['ros']
[0.290s] Level 1:colcon.colcon_core.package_identification:_identify(src/DynamixelSDK/ros/dynamixel_sdk_custom_interfaces) by extension 'ros'
[0.290s] DEBUG:colcon.colcon_core.package_identification:Package 'src/DynamixelSDK/ros/dynamixel_sdk_custom_interfaces' with type 'ros.ament_cmake' and name 'dynamixel_sdk_custom_interfaces'
[0.290s] Level 1:colcon.colcon_core.package_identification:_identify(src/DynamixelSDK/ros/dynamixel_sdk_examples) by extensions ['ignore', 'ignore_ament_install']
[0.291s] Level 1:colcon.colcon_core.package_identification:_identify(src/DynamixelSDK/ros/dynamixel_sdk_examples) by extension 'ignore'
[0.291s] Level 1:colcon.colcon_core.package_identification:_identify(src/DynamixelSDK/ros/dynamixel_sdk_examples) by extension 'ignore_ament_install'
[0.291s] Level 1:colcon.colcon_core.package_identification:_identify(src/DynamixelSDK/ros/dynamixel_sdk_examples) by extensions ['colcon_pkg']
[0.291s] Level 1:colcon.colcon_core.package_identification:_identify(src/DynamixelSDK/ros/dynamixel_sdk_examples) by extension 'colcon_pkg'
[0.291s] Level 1:colcon.colcon_core.package_identification:_identify(src/DynamixelSDK/ros/dynamixel_sdk_examples) by extensions ['colcon_meta']
[0.291s] Level 1:colcon.colcon_core.package_identification:_identify(src/DynamixelSDK/ros/dynamixel_sdk_examples) by extension 'colcon_meta'
[0.291s] Level 1:colcon.colcon_core.package_identification:_identify(src/DynamixelSDK/ros/dynamixel_sdk_examples) by extensions ['ros']
[0.291s] Level 1:colcon.colcon_core.package_identification:_identify(src/DynamixelSDK/ros/dynamixel_sdk_examples) by extension 'ros'
[0.292s] DEBUG:colcon.colcon_core.package_identification:Package 'src/DynamixelSDK/ros/dynamixel_sdk_examples' with type 'ros.ament_cmake' and name 'dynamixel_sdk_examples'
[0.292s] Level 1:colcon.colcon_core.package_identification:_identify(src/dynamixel_hardware_interface) by extensions ['ignore', 'ignore_ament_install']
[0.292s] Level 1:colcon.colcon_core.package_identification:_identify(src/dynamixel_hardware_interface) by extension 'ignore'
[0.292s] Level 1:colcon.colcon_core.package_identification:_identify(src/dynamixel_hardware_interface) by extension 'ignore_ament_install'
[0.292s] Level 1:colcon.colcon_core.package_identification:_identify(src/dynamixel_hardware_interface) by extensions ['colcon_pkg']
[0.292s] Level 1:colcon.colcon_core.package_identification:_identify(src/dynamixel_hardware_interface) by extension 'colcon_pkg'
[0.292s] Level 1:colcon.colcon_core.package_identification:_identify(src/dynamixel_hardware_interface) by extensions ['colcon_meta']
[0.292s] Level 1:colcon.colcon_core.package_identification:_identify(src/dynamixel_hardware_interface) by extension 'colcon_meta'
[0.292s] Level 1:colcon.colcon_core.package_identification:_identify(src/dynamixel_hardware_interface) by extensions ['ros']
[0.292s] Level 1:colcon.colcon_core.package_identification:_identify(src/dynamixel_hardware_interface) by extension 'ros'
[0.293s] DEBUG:colcon.colcon_core.package_identification:Package 'src/dynamixel_hardware_interface' with type 'ros.ament_cmake' and name 'dynamixel_hardware_interface'
[0.293s] Level 1:colcon.colcon_core.package_identification:_identify(src/dynamixel_interfaces) by extensions ['ignore', 'ignore_ament_install']
[0.293s] Level 1:colcon.colcon_core.package_identification:_identify(src/dynamixel_interfaces) by extension 'ignore'
[0.293s] Level 1:colcon.colcon_core.package_identification:_identify(src/dynamixel_interfaces) by extension 'ignore_ament_install'
[0.293s] Level 1:colcon.colcon_core.package_identification:_identify(src/dynamixel_interfaces) by extensions ['colcon_pkg']
[0.293s] Level 1:colcon.colcon_core.package_identification:_identify(src/dynamixel_interfaces) by extension 'colcon_pkg'
[0.293s] Level 1:colcon.colcon_core.package_identification:_identify(src/dynamixel_interfaces) by extensions ['colcon_meta']
[0.293s] Level 1:colcon.colcon_core.package_identification:_identify(src/dynamixel_interfaces) by extension 'colcon_meta'
[0.293s] Level 1:colcon.colcon_core.package_identification:_identify(src/dynamixel_interfaces) by extensions ['ros']
[0.293s] Level 1:colcon.colcon_core.package_identification:_identify(src/dynamixel_interfaces) by extension 'ros'
[0.294s] DEBUG:colcon.colcon_core.package_identification:Package 'src/dynamixel_interfaces' with type 'ros.ament_cmake' and name 'dynamixel_interfaces'
[0.294s] Level 1:colcon.colcon_core.package_identification:_identify(src/open_manipulator) by extensions ['ignore', 'ignore_ament_install']
[0.294s] Level 1:colcon.colcon_core.package_identification:_identify(src/open_manipulator) by extension 'ignore'
[0.294s] Level 1:colcon.colcon_core.package_identification:_identify(src/open_manipulator) by extension 'ignore_ament_install'
[0.294s] Level 1:colcon.colcon_core.package_identification:_identify(src/open_manipulator) by extensions ['colcon_pkg']
[0.294s] Level 1:colcon.colcon_core.package_identification:_identify(src/open_manipulator) by extension 'colcon_pkg'
[0.294s] Level 1:colcon.colcon_core.package_identification:_identify(src/open_manipulator) by extensions ['colcon_meta']
[0.294s] Level 1:colcon.colcon_core.package_identification:_identify(src/open_manipulator) by extension 'colcon_meta'
[0.294s] Level 1:colcon.colcon_core.package_identification:_identify(src/open_manipulator) by extensions ['ros']
[0.294s] Level 1:colcon.colcon_core.package_identification:_identify(src/open_manipulator) by extension 'ros'
[0.294s] Level 1:colcon.colcon_core.package_identification:_identify(src/open_manipulator) by extensions ['cmake', 'python']
[0.294s] Level 1:colcon.colcon_core.package_identification:_identify(src/open_manipulator) by extension 'cmake'
[0.294s] Level 1:colcon.colcon_core.package_identification:_identify(src/open_manipulator) by extension 'python'
[0.294s] Level 1:colcon.colcon_core.package_identification:_identify(src/open_manipulator) by extensions ['python_setup_py']
[0.294s] Level 1:colcon.colcon_core.package_identification:_identify(src/open_manipulator) by extension 'python_setup_py'
[0.294s] Level 1:colcon.colcon_core.package_identification:_identify(src/open_manipulator/docker) by extensions ['ignore', 'ignore_ament_install']
[0.295s] Level 1:colcon.colcon_core.package_identification:_identify(src/open_manipulator/docker) by extension 'ignore'
[0.295s] Level 1:colcon.colcon_core.package_identification:_identify(src/open_manipulator/docker) ignored
[0.295s] Level 1:colcon.colcon_core.package_identification:_identify(src/open_manipulator/open_manipulator) by extensions ['ignore', 'ignore_ament_install']
[0.295s] Level 1:colcon.colcon_core.package_identification:_identify(src/open_manipulator/open_manipulator) by extension 'ignore'
[0.295s] Level 1:colcon.colcon_core.package_identification:_identify(src/open_manipulator/open_manipulator) by extension 'ignore_ament_install'
[0.295s] Level 1:colcon.colcon_core.package_identification:_identify(src/open_manipulator/open_manipulator) by extensions ['colcon_pkg']
[0.295s] Level 1:colcon.colcon_core.package_identification:_identify(src/open_manipulator/open_manipulator) by extension 'colcon_pkg'
[0.295s] Level 1:colcon.colcon_core.package_identification:_identify(src/open_manipulator/open_manipulator) by extensions ['colcon_meta']
[0.295s] Level 1:colcon.colcon_core.package_identification:_identify(src/open_manipulator/open_manipulator) by extension 'colcon_meta'
[0.295s] Level 1:colcon.colcon_core.package_identification:_identify(src/open_manipulator/open_manipulator) by extensions ['ros']
[0.295s] Level 1:colcon.colcon_core.package_identification:_identify(src/open_manipulator/open_manipulator) by extension 'ros'
[0.296s] DEBUG:colcon.colcon_core.package_identification:Package 'src/open_manipulator/open_manipulator' with type 'ros.ament_cmake' and name 'open_manipulator'
[0.296s] Level 1:colcon.colcon_core.package_identification:_identify(src/open_manipulator/open_manipulator_bringup) by extensions ['ignore', 'ignore_ament_install']
[0.296s] Level 1:colcon.colcon_core.package_identification:_identify(src/open_manipulator/open_manipulator_bringup) by extension 'ignore'
[0.296s] Level 1:colcon.colcon_core.package_identification:_identify(src/open_manipulator/open_manipulator_bringup) by extension 'ignore_ament_install'
[0.296s] Level 1:colcon.colcon_core.package_identification:_identify(src/open_manipulator/open_manipulator_bringup) by extensions ['colcon_pkg']
[0.296s] Level 1:colcon.colcon_core.package_identification:_identify(src/open_manipulator/open_manipulator_bringup) by extension 'colcon_pkg'
[0.296s] Level 1:colcon.colcon_core.package_identification:_identify(src/open_manipulator/open_manipulator_bringup) by extensions ['colcon_meta']
[0.296s] Level 1:colcon.colcon_core.package_identification:_identify(src/open_manipulator/open_manipulator_bringup) by extension 'colcon_meta'
[0.296s] Level 1:colcon.colcon_core.package_identification:_identify(src/open_manipulator/open_manipulator_bringup) by extensions ['ros']
[0.296s] Level 1:colcon.colcon_core.package_identification:_identify(src/open_manipulator/open_manipulator_bringup) by extension 'ros'
[0.297s] DEBUG:colcon.colcon_core.package_identification:Package 'src/open_manipulator/open_manipulator_bringup' with type 'ros.ament_python' and name 'open_manipulator_bringup'
[0.297s] Level 1:colcon.colcon_core.package_identification:_identify(src/open_manipulator/open_manipulator_collision) by extensions ['ignore', 'ignore_ament_install']
[0.297s] Level 1:colcon.colcon_core.package_identification:_identify(src/open_manipulator/open_manipulator_collision) by extension 'ignore'
[0.297s] Level 1:colcon.colcon_core.package_identification:_identify(src/open_manipulator/open_manipulator_collision) by extension 'ignore_ament_install'
[0.297s] Level 1:colcon.colcon_core.package_identification:_identify(src/open_manipulator/open_manipulator_collision) by extensions ['colcon_pkg']
[0.297s] Level 1:colcon.colcon_core.package_identification:_identify(src/open_manipulator/open_manipulator_collision) by extension 'colcon_pkg'
[0.297s] Level 1:colcon.colcon_core.package_identification:_identify(src/open_manipulator/open_manipulator_collision) by extensions ['colcon_meta']
[0.298s] Level 1:colcon.colcon_core.package_identification:_identify(src/open_manipulator/open_manipulator_collision) by extension 'colcon_meta'
[0.298s] Level 1:colcon.colcon_core.package_identification:_identify(src/open_manipulator/open_manipulator_collision) by extensions ['ros']
[0.298s] Level 1:colcon.colcon_core.package_identification:_identify(src/open_manipulator/open_manipulator_collision) by extension 'ros'
[0.298s] DEBUG:colcon.colcon_core.package_identification:Package 'src/open_manipulator/open_manipulator_collision' with type 'ros.ament_cmake' and name 'open_manipulator_collision'
[0.298s] Level 1:colcon.colcon_core.package_identification:_identify(src/open_manipulator/open_manipulator_description) by extensions ['ignore', 'ignore_ament_install']
[0.299s] Level 1:colcon.colcon_core.package_identification:_identify(src/open_manipulator/open_manipulator_description) by extension 'ignore'
[0.299s] Level 1:colcon.colcon_core.package_identification:_identify(src/open_manipulator/open_manipulator_description) by extension 'ignore_ament_install'
[0.299s] Level 1:colcon.colcon_core.package_identification:_identify(src/open_manipulator/open_manipulator_description) by extensions ['colcon_pkg']
[0.299s] Level 1:colcon.colcon_core.package_identification:_identify(src/open_manipulator/open_manipulator_description) by extension 'colcon_pkg'
[0.299s] Level 1:colcon.colcon_core.package_identification:_identify(src/open_manipulator/open_manipulator_description) by extensions ['colcon_meta']
[0.299s] Level 1:colcon.colcon_core.package_identification:_identify(src/open_manipulator/open_manipulator_description) by extension 'colcon_meta'
[0.299s] Level 1:colcon.colcon_core.package_identification:_identify(src/open_manipulator/open_manipulator_description) by extensions ['ros']
[0.299s] Level 1:colcon.colcon_core.package_identification:_identify(src/open_manipulator/open_manipulator_description) by extension 'ros'
[0.299s] DEBUG:colcon.colcon_core.package_identification:Package 'src/open_manipulator/open_manipulator_description' with type 'ros.ament_cmake' and name 'open_manipulator_description'
[0.300s] Level 1:colcon.colcon_core.package_identification:_identify(src/open_manipulator/open_manipulator_gui) by extensions ['ignore', 'ignore_ament_install']
[0.300s] Level 1:colcon.colcon_core.package_identification:_identify(src/open_manipulator/open_manipulator_gui) by extension 'ignore'
[0.300s] Level 1:colcon.colcon_core.package_identification:_identify(src/open_manipulator/open_manipulator_gui) by extension 'ignore_ament_install'
[0.300s] Level 1:colcon.colcon_core.package_identification:_identify(src/open_manipulator/open_manipulator_gui) by extensions ['colcon_pkg']
[0.300s] Level 1:colcon.colcon_core.package_identification:_identify(src/open_manipulator/open_manipulator_gui) by extension 'colcon_pkg'
[0.300s] Level 1:colcon.colcon_core.package_identification:_identify(src/open_manipulator/open_manipulator_gui) by extensions ['colcon_meta']
[0.300s] Level 1:colcon.colcon_core.package_identification:_identify(src/open_manipulator/open_manipulator_gui) by extension 'colcon_meta'
[0.300s] Level 1:colcon.colcon_core.package_identification:_identify(src/open_manipulator/open_manipulator_gui) by extensions ['ros']
[0.300s] Level 1:colcon.colcon_core.package_identification:_identify(src/open_manipulator/open_manipulator_gui) by extension 'ros'
[0.301s] DEBUG:colcon.colcon_core.package_identification:Package 'src/open_manipulator/open_manipulator_gui' with type 'ros.ament_cmake' and name 'open_manipulator_gui'
[0.301s] Level 1:colcon.colcon_core.package_identification:_identify(src/open_manipulator/open_manipulator_moveit_config) by extensions ['ignore', 'ignore_ament_install']
[0.301s] Level 1:colcon.colcon_core.package_identification:_identify(src/open_manipulator/open_manipulator_moveit_config) by extension 'ignore'
[0.301s] Level 1:colcon.colcon_core.package_identification:_identify(src/open_manipulator/open_manipulator_moveit_config) by extension 'ignore_ament_install'
[0.301s] Level 1:colcon.colcon_core.package_identification:_identify(src/open_manipulator/open_manipulator_moveit_config) by extensions ['colcon_pkg']
[0.302s] Level 1:colcon.colcon_core.package_identification:_identify(src/open_manipulator/open_manipulator_moveit_config) by extension 'colcon_pkg'
[0.302s] Level 1:colcon.colcon_core.package_identification:_identify(src/open_manipulator/open_manipulator_moveit_config) by extensions ['colcon_meta']
[0.302s] Level 1:colcon.colcon_core.package_identification:_identify(src/open_manipulator/open_manipulator_moveit_config) by extension 'colcon_meta'
[0.302s] Level 1:colcon.colcon_core.package_identification:_identify(src/open_manipulator/open_manipulator_moveit_config) by extensions ['ros']
[0.302s] Level 1:colcon.colcon_core.package_identification:_identify(src/open_manipulator/open_manipulator_moveit_config) by extension 'ros'
[0.302s] DEBUG:colcon.colcon_core.package_identification:Package 'src/open_manipulator/open_manipulator_moveit_config' with type 'ros.ament_cmake' and name 'open_manipulator_moveit_config'
[0.303s] Level 1:colcon.colcon_core.package_identification:_identify(src/open_manipulator/open_manipulator_playground) by extensions ['ignore', 'ignore_ament_install']
[0.303s] Level 1:colcon.colcon_core.package_identification:_identify(src/open_manipulator/open_manipulator_playground) by extension 'ignore'
[0.303s] Level 1:colcon.colcon_core.package_identification:_identify(src/open_manipulator/open_manipulator_playground) by extension 'ignore_ament_install'
[0.303s] Level 1:colcon.colcon_core.package_identification:_identify(src/open_manipulator/open_manipulator_playground) by extensions ['colcon_pkg']
[0.303s] Level 1:colcon.colcon_core.package_identification:_identify(src/open_manipulator/open_manipulator_playground) by extension 'colcon_pkg'
[0.303s] Level 1:colcon.colcon_core.package_identification:_identify(src/open_manipulator/open_manipulator_playground) by extensions ['colcon_meta']
[0.303s] Level 1:colcon.colcon_core.package_identification:_identify(src/open_manipulator/open_manipulator_playground) by extension 'colcon_meta'
[0.303s] Level 1:colcon.colcon_core.package_identification:_identify(src/open_manipulator/open_manipulator_playground) by extensions ['ros']
[0.303s] Level 1:colcon.colcon_core.package_identification:_identify(src/open_manipulator/open_manipulator_playground) by extension 'ros'
[0.304s] DEBUG:colcon.colcon_core.package_identification:Package 'src/open_manipulator/open_manipulator_playground' with type 'ros.ament_cmake' and name 'open_manipulator_playground'
[0.304s] Level 1:colcon.colcon_core.package_identification:_identify(src/open_manipulator/open_manipulator_teleop) by extensions ['ignore', 'ignore_ament_install']
[0.304s] Level 1:colcon.colcon_core.package_identification:_identify(src/open_manipulator/open_manipulator_teleop) by extension 'ignore'
[0.304s] Level 1:colcon.colcon_core.package_identification:_identify(src/open_manipulator/open_manipulator_teleop) by extension 'ignore_ament_install'
[0.304s] Level 1:colcon.colcon_core.package_identification:_identify(src/open_manipulator/open_manipulator_teleop) by extensions ['colcon_pkg']
[0.304s] Level 1:colcon.colcon_core.package_identification:_identify(src/open_manipulator/open_manipulator_teleop) by extension 'colcon_pkg'
[0.304s] Level 1:colcon.colcon_core.package_identification:_identify(src/open_manipulator/open_manipulator_teleop) by extensions ['colcon_meta']
[0.304s] Level 1:colcon.colcon_core.package_identification:_identify(src/open_manipulator/open_manipulator_teleop) by extension 'colcon_meta'
[0.304s] Level 1:colcon.colcon_core.package_identification:_identify(src/open_manipulator/open_manipulator_teleop) by extensions ['ros']
[0.304s] Level 1:colcon.colcon_core.package_identification:_identify(src/open_manipulator/open_manipulator_teleop) by extension 'ros'
[0.305s] DEBUG:colcon.colcon_core.package_identification:Package 'src/open_manipulator/open_manipulator_teleop' with type 'ros.ament_python' and name 'open_manipulator_teleop'
[0.305s] Level 1:colcon.colcon_core.package_identification:_identify(src/open_manipulator/ros2_controller) by extensions ['ignore', 'ignore_ament_install']
[0.305s] Level 1:colcon.colcon_core.package_identification:_identify(src/open_manipulator/ros2_controller) by extension 'ignore'
[0.305s] Level 1:colcon.colcon_core.package_identification:_identify(src/open_manipulator/ros2_controller) by extension 'ignore_ament_install'
[0.305s] Level 1:colcon.colcon_core.package_identification:_identify(src/open_manipulator/ros2_controller) by extensions ['colcon_pkg']
[0.305s] Level 1:colcon.colcon_core.package_identification:_identify(src/open_manipulator/ros2_controller) by extension 'colcon_pkg'
[0.305s] Level 1:colcon.colcon_core.package_identification:_identify(src/open_manipulator/ros2_controller) by extensions ['colcon_meta']
[0.305s] Level 1:colcon.colcon_core.package_identification:_identify(src/open_manipulator/ros2_controller) by extension 'colcon_meta'
[0.305s] Level 1:colcon.colcon_core.package_identification:_identify(src/open_manipulator/ros2_controller) by extensions ['ros']
[0.305s] Level 1:colcon.colcon_core.package_identification:_identify(src/open_manipulator/ros2_controller) by extension 'ros'
[0.305s] Level 1:colcon.colcon_core.package_identification:_identify(src/open_manipulator/ros2_controller) by extensions ['cmake', 'python']
[0.305s] Level 1:colcon.colcon_core.package_identification:_identify(src/open_manipulator/ros2_controller) by extension 'cmake'
[0.305s] Level 1:colcon.colcon_core.package_identification:_identify(src/open_manipulator/ros2_controller) by extension 'python'
[0.305s] Level 1:colcon.colcon_core.package_identification:_identify(src/open_manipulator/ros2_controller) by extensions ['python_setup_py']
[0.305s] Level 1:colcon.colcon_core.package_identification:_identify(src/open_manipulator/ros2_controller) by extension 'python_setup_py'
[0.305s] Level 1:colcon.colcon_core.package_identification:_identify(src/open_manipulator/ros2_controller/om_gravity_compensation_controller) by extensions ['ignore', 'ignore_ament_install']
[0.305s] Level 1:colcon.colcon_core.package_identification:_identify(src/open_manipulator/ros2_controller/om_gravity_compensation_controller) by extension 'ignore'
[0.306s] Level 1:colcon.colcon_core.package_identification:_identify(src/open_manipulator/ros2_controller/om_gravity_compensation_controller) by extension 'ignore_ament_install'
[0.306s] Level 1:colcon.colcon_core.package_identification:_identify(src/open_manipulator/ros2_controller/om_gravity_compensation_controller) by extensions ['colcon_pkg']
[0.306s] Level 1:colcon.colcon_core.package_identification:_identify(src/open_manipulator/ros2_controller/om_gravity_compensation_controller) by extension 'colcon_pkg'
[0.306s] Level 1:colcon.colcon_core.package_identification:_identify(src/open_manipulator/ros2_controller/om_gravity_compensation_controller) by extensions ['colcon_meta']
[0.306s] Level 1:colcon.colcon_core.package_identification:_identify(src/open_manipulator/ros2_controller/om_gravity_compensation_controller) by extension 'colcon_meta'
[0.306s] Level 1:colcon.colcon_core.package_identification:_identify(src/open_manipulator/ros2_controller/om_gravity_compensation_controller) by extensions ['ros']
[0.306s] Level 1:colcon.colcon_core.package_identification:_identify(src/open_manipulator/ros2_controller/om_gravity_compensation_controller) by extension 'ros'
[0.307s] DEBUG:colcon.colcon_core.package_identification:Package 'src/open_manipulator/ros2_controller/om_gravity_compensation_controller' with type 'ros.ament_cmake' and name 'om_gravity_compensation_controller'
[0.307s] Level 1:colcon.colcon_core.package_identification:_identify(src/open_manipulator/ros2_controller/om_joint_trajectory_command_broadcaster) by extensions ['ignore', 'ignore_ament_install']
[0.307s] Level 1:colcon.colcon_core.package_identification:_identify(src/open_manipulator/ros2_controller/om_joint_trajectory_command_broadcaster) by extension 'ignore'
[0.307s] Level 1:colcon.colcon_core.package_identification:_identify(src/open_manipulator/ros2_controller/om_joint_trajectory_command_broadcaster) by extension 'ignore_ament_install'
[0.307s] Level 1:colcon.colcon_core.package_identification:_identify(src/open_manipulator/ros2_controller/om_joint_trajectory_command_broadcaster) by extensions ['colcon_pkg']
[0.307s] Level 1:colcon.colcon_core.package_identification:_identify(src/open_manipulator/ros2_controller/om_joint_trajectory_command_broadcaster) by extension 'colcon_pkg'
[0.307s] Level 1:colcon.colcon_core.package_identification:_identify(src/open_manipulator/ros2_controller/om_joint_trajectory_command_broadcaster) by extensions ['colcon_meta']
[0.307s] Level 1:colcon.colcon_core.package_identification:_identify(src/open_manipulator/ros2_controller/om_joint_trajectory_command_broadcaster) by extension 'colcon_meta'
[0.307s] Level 1:colcon.colcon_core.package_identification:_identify(src/open_manipulator/ros2_controller/om_joint_trajectory_command_broadcaster) by extensions ['ros']
[0.307s] Level 1:colcon.colcon_core.package_identification:_identify(src/open_manipulator/ros2_controller/om_joint_trajectory_command_broadcaster) by extension 'ros'
[0.308s] DEBUG:colcon.colcon_core.package_identification:Package 'src/open_manipulator/ros2_controller/om_joint_trajectory_command_broadcaster' with type 'ros.ament_cmake' and name 'om_joint_trajectory_command_broadcaster'
[0.308s] Level 1:colcon.colcon_core.package_identification:_identify(src/open_manipulator/ros2_controller/om_spring_actuator_controller) by extensions ['ignore', 'ignore_ament_install']
[0.308s] Level 1:colcon.colcon_core.package_identification:_identify(src/open_manipulator/ros2_controller/om_spring_actuator_controller) by extension 'ignore'
[0.308s] Level 1:colcon.colcon_core.package_identification:_identify(src/open_manipulator/ros2_controller/om_spring_actuator_controller) by extension 'ignore_ament_install'
[0.308s] Level 1:colcon.colcon_core.package_identification:_identify(src/open_manipulator/ros2_controller/om_spring_actuator_controller) by extensions ['colcon_pkg']
[0.308s] Level 1:colcon.colcon_core.package_identification:_identify(src/open_manipulator/ros2_controller/om_spring_actuator_controller) by extension 'colcon_pkg'
[0.308s] Level 1:colcon.colcon_core.package_identification:_identify(src/open_manipulator/ros2_controller/om_spring_actuator_controller) by extensions ['colcon_meta']
[0.308s] Level 1:colcon.colcon_core.package_identification:_identify(src/open_manipulator/ros2_controller/om_spring_actuator_controller) by extension 'colcon_meta'
[0.308s] Level 1:colcon.colcon_core.package_identification:_identify(src/open_manipulator/ros2_controller/om_spring_actuator_controller) by extensions ['ros']
[0.308s] Level 1:colcon.colcon_core.package_identification:_identify(src/open_manipulator/ros2_controller/om_spring_actuator_controller) by extension 'ros'
[0.309s] DEBUG:colcon.colcon_core.package_identification:Package 'src/open_manipulator/ros2_controller/om_spring_actuator_controller' with type 'ros.ament_cmake' and name 'om_spring_actuator_controller'
[0.309s] Level 1:colcon.colcon_core.package_identification:_identify(src/robotis_interfaces) by extensions ['ignore', 'ignore_ament_install']
[0.309s] Level 1:colcon.colcon_core.package_identification:_identify(src/robotis_interfaces) by extension 'ignore'
[0.309s] Level 1:colcon.colcon_core.package_identification:_identify(src/robotis_interfaces) by extension 'ignore_ament_install'
[0.309s] Level 1:colcon.colcon_core.package_identification:_identify(src/robotis_interfaces) by extensions ['colcon_pkg']
[0.309s] Level 1:colcon.colcon_core.package_identification:_identify(src/robotis_interfaces) by extension 'colcon_pkg'
[0.309s] Level 1:colcon.colcon_core.package_identification:_identify(src/robotis_interfaces) by extensions ['colcon_meta']
[0.309s] Level 1:colcon.colcon_core.package_identification:_identify(src/robotis_interfaces) by extension 'colcon_meta'
[0.309s] Level 1:colcon.colcon_core.package_identification:_identify(src/robotis_interfaces) by extensions ['ros']
[0.309s] Level 1:colcon.colcon_core.package_identification:_identify(src/robotis_interfaces) by extension 'ros'
[0.310s] DEBUG:colcon.colcon_core.package_identification:Package 'src/robotis_interfaces' with type 'ros.ament_cmake' and name 'robotis_interfaces'
[0.310s] Level 1:colcon.colcon_core.package_discovery:discover_packages(recursive) using defaults
[0.310s] Level 1:colcon.colcon_core.package_discovery:discover_packages(ignore) discover
[0.310s] Level 1:colcon.colcon_core.package_discovery:discover_packages(ignore) using defaults
[0.310s] Level 1:colcon.colcon_core.package_discovery:discover_packages(path) discover
[0.310s] Level 1:colcon.colcon_core.package_discovery:discover_packages(path) using defaults
[0.330s] Level 1:colcon.colcon_core.package_discovery:discover_packages(prefix_path) check parameters
[0.330s] Level 1:colcon.colcon_core.package_discovery:discover_packages(prefix_path) discover
[0.331s] WARNING:colcon.colcon_core.prefix_path.colcon:The path '/home/jamiek/open_manipulator_ws/install' in the environment variable COLCON_PREFIX_PATH doesn't exist
[0.331s] WARNING:colcon.colcon_ros.prefix_path.ament:The path '/home/jamiek/open_manipulator_ws/install/open_manipulator' in the environment variable AMENT_PREFIX_PATH doesn't exist
[0.331s] WARNING:colcon.colcon_ros.prefix_path.ament:The path '/home/jamiek/open_manipulator_ws/install/open_manipulator_playground' in the environment variable AMENT_PREFIX_PATH doesn't exist
[0.331s] WARNING:colcon.colcon_ros.prefix_path.ament:The path '/home/jamiek/open_manipulator_ws/install/robotis_interfaces' in the environment variable AMENT_PREFIX_PATH doesn't exist
[0.331s] WARNING:colcon.colcon_ros.prefix_path.ament:The path '/home/jamiek/open_manipulator_ws/install/open_manipulator_teleop' in the environment variable AMENT_PREFIX_PATH doesn't exist
[0.331s] WARNING:colcon.colcon_ros.prefix_path.ament:The path '/home/jamiek/open_manipulator_ws/install/open_manipulator_moveit_config' in the environment variable AMENT_PREFIX_PATH doesn't exist
[0.331s] WARNING:colcon.colcon_ros.prefix_path.ament:The path '/home/jamiek/open_manipulator_ws/install/open_manipulator_gui' in the environment variable AMENT_PREFIX_PATH doesn't exist
[0.331s] WARNING:colcon.colcon_ros.prefix_path.ament:The path '/home/jamiek/open_manipulator_ws/install/open_manipulator_bringup' in the environment variable AMENT_PREFIX_PATH doesn't exist
[0.331s] WARNING:colcon.colcon_ros.prefix_path.ament:The path '/home/jamiek/open_manipulator_ws/install/open_manipulator_description' in the environment variable AMENT_PREFIX_PATH doesn't exist
[0.331s] WARNING:colcon.colcon_ros.prefix_path.ament:The path '/home/jamiek/open_manipulator_ws/install/open_manipulator_collision' in the environment variable AMENT_PREFIX_PATH doesn't exist
[0.331s] WARNING:colcon.colcon_ros.prefix_path.ament:The path '/home/jamiek/open_manipulator_ws/install/om_spring_actuator_controller' in the environment variable AMENT_PREFIX_PATH doesn't exist
[0.331s] WARNING:colcon.colcon_ros.prefix_path.ament:The path '/home/jamiek/open_manipulator_ws/install/om_joint_trajectory_command_broadcaster' in the environment variable AMENT_PREFIX_PATH doesn't exist
[0.331s] WARNING:colcon.colcon_ros.prefix_path.ament:The path '/home/jamiek/open_manipulator_ws/install/om_gravity_compensation_controller' in the environment variable AMENT_PREFIX_PATH doesn't exist
[0.331s] WARNING:colcon.colcon_ros.prefix_path.ament:The path '/home/jamiek/open_manipulator_ws/install/dynamixel_sdk_examples' in the environment variable AMENT_PREFIX_PATH doesn't exist
[0.331s] WARNING:colcon.colcon_ros.prefix_path.ament:The path '/home/jamiek/open_manipulator_ws/install/dynamixel_sdk_custom_interfaces' in the environment variable AMENT_PREFIX_PATH doesn't exist
[0.331s] WARNING:colcon.colcon_ros.prefix_path.ament:The path '/home/jamiek/open_manipulator_ws/install/dynamixel_hardware_interface' in the environment variable AMENT_PREFIX_PATH doesn't exist
[0.331s] WARNING:colcon.colcon_ros.prefix_path.ament:The path '/home/jamiek/open_manipulator_ws/install/dynamixel_sdk' in the environment variable AMENT_PREFIX_PATH doesn't exist
[0.331s] WARNING:colcon.colcon_ros.prefix_path.ament:The path '/home/jamiek/open_manipulator_ws/install/dynamixel_interfaces' in the environment variable AMENT_PREFIX_PATH doesn't exist
[0.332s] WARNING:colcon.colcon_ros.prefix_path.catkin:The path '/home/jamiek/open_manipulator_ws/install/open_manipulator' in the environment variable CMAKE_PREFIX_PATH doesn't exist
[0.332s] WARNING:colcon.colcon_ros.prefix_path.catkin:The path '/home/jamiek/open_manipulator_ws/install/open_manipulator_playground' in the environment variable CMAKE_PREFIX_PATH doesn't exist
[0.332s] WARNING:colcon.colcon_ros.prefix_path.catkin:The path '/home/jamiek/open_manipulator_ws/install/robotis_interfaces' in the environment variable CMAKE_PREFIX_PATH doesn't exist
[0.332s] WARNING:colcon.colcon_ros.prefix_path.catkin:The path '/home/jamiek/open_manipulator_ws/install/open_manipulator_moveit_config' in the environment variable CMAKE_PREFIX_PATH doesn't exist
[0.332s] WARNING:colcon.colcon_ros.prefix_path.catkin:The path '/home/jamiek/open_manipulator_ws/install/open_manipulator_gui' in the environment variable CMAKE_PREFIX_PATH doesn't exist
[0.332s] WARNING:colcon.colcon_ros.prefix_path.catkin:The path '/home/jamiek/open_manipulator_ws/install/open_manipulator_description' in the environment variable CMAKE_PREFIX_PATH doesn't exist
[0.332s] WARNING:colcon.colcon_ros.prefix_path.catkin:The path '/home/jamiek/open_manipulator_ws/install/open_manipulator_collision' in the environment variable CMAKE_PREFIX_PATH doesn't exist
[0.332s] WARNING:colcon.colcon_ros.prefix_path.catkin:The path '/home/jamiek/open_manipulator_ws/install/om_spring_actuator_controller' in the environment variable CMAKE_PREFIX_PATH doesn't exist
[0.332s] WARNING:colcon.colcon_ros.prefix_path.catkin:The path '/home/jamiek/open_manipulator_ws/install/om_joint_trajectory_command_broadcaster' in the environment variable CMAKE_PREFIX_PATH doesn't exist
[0.332s] WARNING:colcon.colcon_ros.prefix_path.catkin:The path '/home/jamiek/open_manipulator_ws/install/om_gravity_compensation_controller' in the environment variable CMAKE_PREFIX_PATH doesn't exist
[0.332s] WARNING:colcon.colcon_ros.prefix_path.catkin:The path '/home/jamiek/open_manipulator_ws/install/dynamixel_sdk_examples' in the environment variable CMAKE_PREFIX_PATH doesn't exist
[0.332s] WARNING:colcon.colcon_ros.prefix_path.catkin:The path '/home/jamiek/open_manipulator_ws/install/dynamixel_sdk_custom_interfaces' in the environment variable CMAKE_PREFIX_PATH doesn't exist
[0.332s] WARNING:colcon.colcon_ros.prefix_path.catkin:The path '/home/jamiek/open_manipulator_ws/install/dynamixel_hardware_interface' in the environment variable CMAKE_PREFIX_PATH doesn't exist
[0.332s] WARNING:colcon.colcon_ros.prefix_path.catkin:The path '/home/jamiek/open_manipulator_ws/install/dynamixel_sdk' in the environment variable CMAKE_PREFIX_PATH doesn't exist
[0.332s] WARNING:colcon.colcon_ros.prefix_path.catkin:The path '/home/jamiek/open_manipulator_ws/install/dynamixel_interfaces' in the environment variable CMAKE_PREFIX_PATH doesn't exist
[0.333s] DEBUG:colcon.colcon_installed_package_information.package_discovery:Found 3 installed packages in /home/jamiek/2026_ROS_manipulator/ros_ws/install
[0.335s] DEBUG:colcon.colcon_installed_package_information.package_discovery:Found 408 installed packages in /opt/ros/jazzy
[0.335s] Level 1:colcon.colcon_core.package_discovery:discover_packages(prefix_path) using defaults
[0.398s] Level 5:colcon.colcon_core.verb:set package 'dynamixel_interfaces' build argument 'cmake_args' from command line to 'None'
[0.398s] Level 5:colcon.colcon_core.verb:set package 'dynamixel_interfaces' build argument 'cmake_target' from command line to 'None'
[0.399s] Level 5:colcon.colcon_core.verb:set package 'dynamixel_interfaces' build argument 'cmake_target_skip_unavailable' from command line to 'False'
[0.399s] Level 5:colcon.colcon_core.verb:set package 'dynamixel_interfaces' build argument 'cmake_clean_cache' from command line to 'False'
[0.399s] Level 5:colcon.colcon_core.verb:set package 'dynamixel_interfaces' build argument 'cmake_clean_first' from command line to 'False'
[0.399s] Level 5:colcon.colcon_core.verb:set package 'dynamixel_interfaces' build argument 'cmake_force_configure' from command line to 'False'
[0.399s] Level 5:colcon.colcon_core.verb:set package 'dynamixel_interfaces' build argument 'ament_cmake_args' from command line to 'None'
[0.399s] Level 5:colcon.colcon_core.verb:set package 'dynamixel_interfaces' build argument 'catkin_cmake_args' from command line to 'None'
[0.399s] Level 5:colcon.colcon_core.verb:set package 'dynamixel_interfaces' build argument 'catkin_skip_building_tests' from command line to 'False'
[0.399s] DEBUG:colcon.colcon_core.verb:Building package 'dynamixel_interfaces' with the following arguments: {'ament_cmake_args': None, 'build_base': '/home/jamiek/2026_ROS_manipulator/open_manipulator_ws/build/dynamixel_interfaces', 'catkin_cmake_args': None, 'catkin_skip_building_tests': False, 'cmake_args': None, 'cmake_clean_cache': False, 'cmake_clean_first': False, 'cmake_force_configure': False, 'cmake_target': None, 'cmake_target_skip_unavailable': False, 'install_base': '/home/jamiek/2026_ROS_manipulator/open_manipulator_ws/install/dynamixel_interfaces', 'merge_install': False, 'path': '/home/jamiek/2026_ROS_manipulator/open_manipulator_ws/src/dynamixel_interfaces', 'symlink_install': True, 'test_result_base': None}
[0.399s] Level 5:colcon.colcon_core.verb:set package 'dynamixel_sdk' build argument 'cmake_args' from command line to 'None'
[0.399s] Level 5:colcon.colcon_core.verb:set package 'dynamixel_sdk' build argument 'cmake_target' from command line to 'None'
[0.399s] Level 5:colcon.colcon_core.verb:set package 'dynamixel_sdk' build argument 'cmake_target_skip_unavailable' from command line to 'False'
[0.399s] Level 5:colcon.colcon_core.verb:set package 'dynamixel_sdk' build argument 'cmake_clean_cache' from command line to 'False'
[0.399s] Level 5:colcon.colcon_core.verb:set package 'dynamixel_sdk' build argument 'cmake_clean_first' from command line to 'False'
[0.399s] Level 5:colcon.colcon_core.verb:set package 'dynamixel_sdk' build argument 'cmake_force_configure' from command line to 'False'
[0.399s] Level 5:colcon.colcon_core.verb:set package 'dynamixel_sdk' build argument 'ament_cmake_args' from command line to 'None'
[0.399s] Level 5:colcon.colcon_core.verb:set package 'dynamixel_sdk' build argument 'catkin_cmake_args' from command line to 'None'
[0.399s] Level 5:colcon.colcon_core.verb:set package 'dynamixel_sdk' build argument 'catkin_skip_building_tests' from command line to 'False'
[0.399s] DEBUG:colcon.colcon_core.verb:Building package 'dynamixel_sdk' with the following arguments: {'ament_cmake_args': None, 'build_base': '/home/jamiek/2026_ROS_manipulator/open_manipulator_ws/build/dynamixel_sdk', 'catkin_cmake_args': None, 'catkin_skip_building_tests': False, 'cmake_args': None, 'cmake_clean_cache': False, 'cmake_clean_first': False, 'cmake_force_configure': False, 'cmake_target': None, 'cmake_target_skip_unavailable': False, 'install_base': '/home/jamiek/2026_ROS_manipulator/open_manipulator_ws/install/dynamixel_sdk', 'merge_install': False, 'path': '/home/jamiek/2026_ROS_manipulator/open_manipulator_ws/src/DynamixelSDK/ros/dynamixel_sdk', 'symlink_install': True, 'test_result_base': None}
[0.399s] Level 5:colcon.colcon_core.verb:set package 'dynamixel_sdk_custom_interfaces' build argument 'cmake_args' from command line to 'None'
[0.399s] Level 5:colcon.colcon_core.verb:set package 'dynamixel_sdk_custom_interfaces' build argument 'cmake_target' from command line to 'None'
[0.399s] Level 5:colcon.colcon_core.verb:set package 'dynamixel_sdk_custom_interfaces' build argument 'cmake_target_skip_unavailable' from command line to 'False'
[0.399s] Level 5:colcon.colcon_core.verb:set package 'dynamixel_sdk_custom_interfaces' build argument 'cmake_clean_cache' from command line to 'False'
[0.399s] Level 5:colcon.colcon_core.verb:set package 'dynamixel_sdk_custom_interfaces' build argument 'cmake_clean_first' from command line to 'False'
[0.399s] Level 5:colcon.colcon_core.verb:set package 'dynamixel_sdk_custom_interfaces' build argument 'cmake_force_configure' from command line to 'False'
[0.399s] Level 5:colcon.colcon_core.verb:set package 'dynamixel_sdk_custom_interfaces' build argument 'ament_cmake_args' from command line to 'None'
[0.400s] Level 5:colcon.colcon_core.verb:set package 'dynamixel_sdk_custom_interfaces' build argument 'catkin_cmake_args' from command line to 'None'
[0.400s] Level 5:colcon.colcon_core.verb:set package 'dynamixel_sdk_custom_interfaces' build argument 'catkin_skip_building_tests' from command line to 'False'
[0.400s] DEBUG:colcon.colcon_core.verb:Building package 'dynamixel_sdk_custom_interfaces' with the following arguments: {'ament_cmake_args': None, 'build_base': '/home/jamiek/2026_ROS_manipulator/open_manipulator_ws/build/dynamixel_sdk_custom_interfaces', 'catkin_cmake_args': None, 'catkin_skip_building_tests': False, 'cmake_args': None, 'cmake_clean_cache': False, 'cmake_clean_first': False, 'cmake_force_configure': False, 'cmake_target': None, 'cmake_target_skip_unavailable': False, 'install_base': '/home/jamiek/2026_ROS_manipulator/open_manipulator_ws/install/dynamixel_sdk_custom_interfaces', 'merge_install': False, 'path': '/home/jamiek/2026_ROS_manipulator/open_manipulator_ws/src/DynamixelSDK/ros/dynamixel_sdk_custom_interfaces', 'symlink_install': True, 'test_result_base': None}
[0.400s] Level 5:colcon.colcon_core.verb:set package 'om_gravity_compensation_controller' build argument 'cmake_args' from command line to 'None'
[0.400s] Level 5:colcon.colcon_core.verb:set package 'om_gravity_compensation_controller' build argument 'cmake_target' from command line to 'None'
[0.400s] Level 5:colcon.colcon_core.verb:set package 'om_gravity_compensation_controller' build argument 'cmake_target_skip_unavailable' from command line to 'False'
[0.400s] Level 5:colcon.colcon_core.verb:set package 'om_gravity_compensation_controller' build argument 'cmake_clean_cache' from command line to 'False'
[0.400s] Level 5:colcon.colcon_core.verb:set package 'om_gravity_compensation_controller' build argument 'cmake_clean_first' from command line to 'False'
[0.400s] Level 5:colcon.colcon_core.verb:set package 'om_gravity_compensation_controller' build argument 'cmake_force_configure' from command line to 'False'
[0.400s] Level 5:colcon.colcon_core.verb:set package 'om_gravity_compensation_controller' build argument 'ament_cmake_args' from command line to 'None'
[0.400s] Level 5:colcon.colcon_core.verb:set package 'om_gravity_compensation_controller' build argument 'catkin_cmake_args' from command line to 'None'
[0.400s] Level 5:colcon.colcon_core.verb:set package 'om_gravity_compensation_controller' build argument 'catkin_skip_building_tests' from command line to 'False'
[0.400s] DEBUG:colcon.colcon_core.verb:Building package 'om_gravity_compensation_controller' with the following arguments: {'ament_cmake_args': None, 'build_base': '/home/jamiek/2026_ROS_manipulator/open_manipulator_ws/build/om_gravity_compensation_controller', 'catkin_cmake_args': None, 'catkin_skip_building_tests': False, 'cmake_args': None, 'cmake_clean_cache': False, 'cmake_clean_first': False, 'cmake_force_configure': False, 'cmake_target': None, 'cmake_target_skip_unavailable': False, 'install_base': '/home/jamiek/2026_ROS_manipulator/open_manipulator_ws/install/om_gravity_compensation_controller', 'merge_install': False, 'path': '/home/jamiek/2026_ROS_manipulator/open_manipulator_ws/src/open_manipulator/ros2_controller/om_gravity_compensation_controller', 'symlink_install': True, 'test_result_base': None}
[0.400s] Level 5:colcon.colcon_core.verb:set package 'om_joint_trajectory_command_broadcaster' build argument 'cmake_args' from command line to 'None'
[0.400s] Level 5:colcon.colcon_core.verb:set package 'om_joint_trajectory_command_broadcaster' build argument 'cmake_target' from command line to 'None'
[0.400s] Level 5:colcon.colcon_core.verb:set package 'om_joint_trajectory_command_broadcaster' build argument 'cmake_target_skip_unavailable' from command line to 'False'
[0.400s] Level 5:colcon.colcon_core.verb:set package 'om_joint_trajectory_command_broadcaster' build argument 'cmake_clean_cache' from command line to 'False'
[0.400s] Level 5:colcon.colcon_core.verb:set package 'om_joint_trajectory_command_broadcaster' build argument 'cmake_clean_first' from command line to 'False'
[0.400s] Level 5:colcon.colcon_core.verb:set package 'om_joint_trajectory_command_broadcaster' build argument 'cmake_force_configure' from command line to 'False'
[0.400s] Level 5:colcon.colcon_core.verb:set package 'om_joint_trajectory_command_broadcaster' build argument 'ament_cmake_args' from command line to 'None'
[0.400s] Level 5:colcon.colcon_core.verb:set package 'om_joint_trajectory_command_broadcaster' build argument 'catkin_cmake_args' from command line to 'None'
[0.400s] Level 5:colcon.colcon_core.verb:set package 'om_joint_trajectory_command_broadcaster' build argument 'catkin_skip_building_tests' from command line to 'False'
[0.400s] DEBUG:colcon.colcon_core.verb:Building package 'om_joint_trajectory_command_broadcaster' with the following arguments: {'ament_cmake_args': None, 'build_base': '/home/jamiek/2026_ROS_manipulator/open_manipulator_ws/build/om_joint_trajectory_command_broadcaster', 'catkin_cmake_args': None, 'catkin_skip_building_tests': False, 'cmake_args': None, 'cmake_clean_cache': False, 'cmake_clean_first': False, 'cmake_force_configure': False, 'cmake_target': None, 'cmake_target_skip_unavailable': False, 'install_base': '/home/jamiek/2026_ROS_manipulator/open_manipulator_ws/install/om_joint_trajectory_command_broadcaster', 'merge_install': False, 'path': '/home/jamiek/2026_ROS_manipulator/open_manipulator_ws/src/open_manipulator/ros2_controller/om_joint_trajectory_command_broadcaster', 'symlink_install': True, 'test_result_base': None}
[0.400s] Level 5:colcon.colcon_core.verb:set package 'om_spring_actuator_controller' build argument 'cmake_args' from command line to 'None'
[0.400s] Level 5:colcon.colcon_core.verb:set package 'om_spring_actuator_controller' build argument 'cmake_target' from command line to 'None'
[0.400s] Level 5:colcon.colcon_core.verb:set package 'om_spring_actuator_controller' build argument 'cmake_target_skip_unavailable' from command line to 'False'
[0.400s] Level 5:colcon.colcon_core.verb:set package 'om_spring_actuator_controller' build argument 'cmake_clean_cache' from command line to 'False'
[0.400s] Level 5:colcon.colcon_core.verb:set package 'om_spring_actuator_controller' build argument 'cmake_clean_first' from command line to 'False'
[0.400s] Level 5:colcon.colcon_core.verb:set package 'om_spring_actuator_controller' build argument 'cmake_force_configure' from command line to 'False'
[0.400s] Level 5:colcon.colcon_core.verb:set package 'om_spring_actuator_controller' build argument 'ament_cmake_args' from command line to 'None'
[0.401s] Level 5:colcon.colcon_core.verb:set package 'om_spring_actuator_controller' build argument 'catkin_cmake_args' from command line to 'None'
[0.401s] Level 5:colcon.colcon_core.verb:set package 'om_spring_actuator_controller' build argument 'catkin_skip_building_tests' from command line to 'False'
[0.401s] DEBUG:colcon.colcon_core.verb:Building package 'om_spring_actuator_controller' with the following arguments: {'ament_cmake_args': None, 'build_base': '/home/jamiek/2026_ROS_manipulator/open_manipulator_ws/build/om_spring_actuator_controller', 'catkin_cmake_args': None, 'catkin_skip_building_tests': False, 'cmake_args': None, 'cmake_clean_cache': False, 'cmake_clean_first': False, 'cmake_force_configure': False, 'cmake_target': None, 'cmake_target_skip_unavailable': False, 'install_base': '/home/jamiek/2026_ROS_manipulator/open_manipulator_ws/install/om_spring_actuator_controller', 'merge_install': False, 'path': '/home/jamiek/2026_ROS_manipulator/open_manipulator_ws/src/open_manipulator/ros2_controller/om_spring_actuator_controller', 'symlink_install': True, 'test_result_base': None}
[0.401s] Level 5:colcon.colcon_core.verb:set package 'open_manipulator_collision' build argument 'cmake_args' from command line to 'None'
[0.401s] Level 5:colcon.colcon_core.verb:set package 'open_manipulator_collision' build argument 'cmake_target' from command line to 'None'
[0.401s] Level 5:colcon.colcon_core.verb:set package 'open_manipulator_collision' build argument 'cmake_target_skip_unavailable' from command line to 'False'
[0.401s] Level 5:colcon.colcon_core.verb:set package 'open_manipulator_collision' build argument 'cmake_clean_cache' from command line to 'False'
[0.401s] Level 5:colcon.colcon_core.verb:set package 'open_manipulator_collision' build argument 'cmake_clean_first' from command line to 'False'
[0.401s] Level 5:colcon.colcon_core.verb:set package 'open_manipulator_collision' build argument 'cmake_force_configure' from command line to 'False'
[0.401s] Level 5:colcon.colcon_core.verb:set package 'open_manipulator_collision' build argument 'ament_cmake_args' from command line to 'None'
[0.401s] Level 5:colcon.colcon_core.verb:set package 'open_manipulator_collision' build argument 'catkin_cmake_args' from command line to 'None'
[0.401s] Level 5:colcon.colcon_core.verb:set package 'open_manipulator_collision' build argument 'catkin_skip_building_tests' from command line to 'False'
[0.401s] DEBUG:colcon.colcon_core.verb:Building package 'open_manipulator_collision' with the following arguments: {'ament_cmake_args': None, 'build_base': '/home/jamiek/2026_ROS_manipulator/open_manipulator_ws/build/open_manipulator_collision', 'catkin_cmake_args': None, 'catkin_skip_building_tests': False, 'cmake_args': None, 'cmake_clean_cache': False, 'cmake_clean_first': False, 'cmake_force_configure': False, 'cmake_target': None, 'cmake_target_skip_unavailable': False, 'install_base': '/home/jamiek/2026_ROS_manipulator/open_manipulator_ws/install/open_manipulator_collision', 'merge_install': False, 'path': '/home/jamiek/2026_ROS_manipulator/open_manipulator_ws/src/open_manipulator/open_manipulator_collision', 'symlink_install': True, 'test_result_base': None}
[0.401s] Level 5:colcon.colcon_core.verb:set package 'open_manipulator_description' build argument 'cmake_args' from command line to 'None'
[0.401s] Level 5:colcon.colcon_core.verb:set package 'open_manipulator_description' build argument 'cmake_target' from command line to 'None'
[0.401s] Level 5:colcon.colcon_core.verb:set package 'open_manipulator_description' build argument 'cmake_target_skip_unavailable' from command line to 'False'
[0.401s] Level 5:colcon.colcon_core.verb:set package 'open_manipulator_description' build argument 'cmake_clean_cache' from command line to 'False'
[0.401s] Level 5:colcon.colcon_core.verb:set package 'open_manipulator_description' build argument 'cmake_clean_first' from command line to 'False'
[0.401s] Level 5:colcon.colcon_core.verb:set package 'open_manipulator_description' build argument 'cmake_force_configure' from command line to 'False'
[0.401s] Level 5:colcon.colcon_core.verb:set package 'open_manipulator_description' build argument 'ament_cmake_args' from command line to 'None'
[0.401s] Level 5:colcon.colcon_core.verb:set package 'open_manipulator_description' build argument 'catkin_cmake_args' from command line to 'None'
[0.401s] Level 5:colcon.colcon_core.verb:set package 'open_manipulator_description' build argument 'catkin_skip_building_tests' from command line to 'False'
[0.401s] DEBUG:colcon.colcon_core.verb:Building package 'open_manipulator_description' with the following arguments: {'ament_cmake_args': None, 'build_base': '/home/jamiek/2026_ROS_manipulator/open_manipulator_ws/build/open_manipulator_description', 'catkin_cmake_args': None, 'catkin_skip_building_tests': False, 'cmake_args': None, 'cmake_clean_cache': False, 'cmake_clean_first': False, 'cmake_force_configure': False, 'cmake_target': None, 'cmake_target_skip_unavailable': False, 'install_base': '/home/jamiek/2026_ROS_manipulator/open_manipulator_ws/install/open_manipulator_description', 'merge_install': False, 'path': '/home/jamiek/2026_ROS_manipulator/open_manipulator_ws/src/open_manipulator/open_manipulator_description', 'symlink_install': True, 'test_result_base': None}
[0.401s] Level 5:colcon.colcon_core.verb:set package 'open_manipulator_gui' build argument 'cmake_args' from command line to 'None'
[0.401s] Level 5:colcon.colcon_core.verb:set package 'open_manipulator_gui' build argument 'cmake_target' from command line to 'None'
[0.401s] Level 5:colcon.colcon_core.verb:set package 'open_manipulator_gui' build argument 'cmake_target_skip_unavailable' from command line to 'False'
[0.401s] Level 5:colcon.colcon_core.verb:set package 'open_manipulator_gui' build argument 'cmake_clean_cache' from command line to 'False'
[0.401s] Level 5:colcon.colcon_core.verb:set package 'open_manipulator_gui' build argument 'cmake_clean_first' from command line to 'False'
[0.401s] Level 5:colcon.colcon_core.verb:set package 'open_manipulator_gui' build argument 'cmake_force_configure' from command line to 'False'
[0.401s] Level 5:colcon.colcon_core.verb:set package 'open_manipulator_gui' build argument 'ament_cmake_args' from command line to 'None'
[0.401s] Level 5:colcon.colcon_core.verb:set package 'open_manipulator_gui' build argument 'catkin_cmake_args' from command line to 'None'
[0.401s] Level 5:colcon.colcon_core.verb:set package 'open_manipulator_gui' build argument 'catkin_skip_building_tests' from command line to 'False'
[0.402s] DEBUG:colcon.colcon_core.verb:Building package 'open_manipulator_gui' with the following arguments: {'ament_cmake_args': None, 'build_base': '/home/jamiek/2026_ROS_manipulator/open_manipulator_ws/build/open_manipulator_gui', 'catkin_cmake_args': None, 'catkin_skip_building_tests': False, 'cmake_args': None, 'cmake_clean_cache': False, 'cmake_clean_first': False, 'cmake_force_configure': False, 'cmake_target': None, 'cmake_target_skip_unavailable': False, 'install_base': '/home/jamiek/2026_ROS_manipulator/open_manipulator_ws/install/open_manipulator_gui', 'merge_install': False, 'path': '/home/jamiek/2026_ROS_manipulator/open_manipulator_ws/src/open_manipulator/open_manipulator_gui', 'symlink_install': True, 'test_result_base': None}
[0.402s] Level 5:colcon.colcon_core.verb:set package 'open_manipulator_teleop' build argument 'cmake_args' from command line to 'None'
[0.402s] Level 5:colcon.colcon_core.verb:set package 'open_manipulator_teleop' build argument 'cmake_target' from command line to 'None'
[0.402s] Level 5:colcon.colcon_core.verb:set package 'open_manipulator_teleop' build argument 'cmake_target_skip_unavailable' from command line to 'False'
[0.402s] Level 5:colcon.colcon_core.verb:set package 'open_manipulator_teleop' build argument 'cmake_clean_cache' from command line to 'False'
[0.402s] Level 5:colcon.colcon_core.verb:set package 'open_manipulator_teleop' build argument 'cmake_clean_first' from command line to 'False'
[0.402s] Level 5:colcon.colcon_core.verb:set package 'open_manipulator_teleop' build argument 'cmake_force_configure' from command line to 'False'
[0.402s] Level 5:colcon.colcon_core.verb:set package 'open_manipulator_teleop' build argument 'ament_cmake_args' from command line to 'None'
[0.402s] Level 5:colcon.colcon_core.verb:set package 'open_manipulator_teleop' build argument 'catkin_cmake_args' from command line to 'None'
[0.402s] Level 5:colcon.colcon_core.verb:set package 'open_manipulator_teleop' build argument 'catkin_skip_building_tests' from command line to 'False'
[0.402s] DEBUG:colcon.colcon_core.verb:Building package 'open_manipulator_teleop' with the following arguments: {'ament_cmake_args': None, 'build_base': '/home/jamiek/2026_ROS_manipulator/open_manipulator_ws/build/open_manipulator_teleop', 'catkin_cmake_args': None, 'catkin_skip_building_tests': False, 'cmake_args': None, 'cmake_clean_cache': False, 'cmake_clean_first': False, 'cmake_force_configure': False, 'cmake_target': None, 'cmake_target_skip_unavailable': False, 'install_base': '/home/jamiek/2026_ROS_manipulator/open_manipulator_ws/install/open_manipulator_teleop', 'merge_install': False, 'path': '/home/jamiek/2026_ROS_manipulator/open_manipulator_ws/src/open_manipulator/open_manipulator_teleop', 'symlink_install': True, 'test_result_base': None}
[0.402s] Level 5:colcon.colcon_core.verb:set package 'robotis_interfaces' build argument 'cmake_args' from command line to 'None'
[0.402s] Level 5:colcon.colcon_core.verb:set package 'robotis_interfaces' build argument 'cmake_target' from command line to 'None'
[0.402s] Level 5:colcon.colcon_core.verb:set package 'robotis_interfaces' build argument 'cmake_target_skip_unavailable' from command line to 'False'
[0.402s] Level 5:colcon.colcon_core.verb:set package 'robotis_interfaces' build argument 'cmake_clean_cache' from command line to 'False'
[0.402s] Level 5:colcon.colcon_core.verb:set package 'robotis_interfaces' build argument 'cmake_clean_first' from command line to 'False'
[0.402s] Level 5:colcon.colcon_core.verb:set package 'robotis_interfaces' build argument 'cmake_force_configure' from command line to 'False'
[0.402s] Level 5:colcon.colcon_core.verb:set package 'robotis_interfaces' build argument 'ament_cmake_args' from command line to 'None'
[0.402s] Level 5:colcon.colcon_core.verb:set package 'robotis_interfaces' build argument 'catkin_cmake_args' from command line to 'None'
[0.402s] Level 5:colcon.colcon_core.verb:set package 'robotis_interfaces' build argument 'catkin_skip_building_tests' from command line to 'False'
[0.402s] DEBUG:colcon.colcon_core.verb:Building package 'robotis_interfaces' with the following arguments: {'ament_cmake_args': None, 'build_base': '/home/jamiek/2026_ROS_manipulator/open_manipulator_ws/build/robotis_interfaces', 'catkin_cmake_args': None, 'catkin_skip_building_tests': False, 'cmake_args': None, 'cmake_clean_cache': False, 'cmake_clean_first': False, 'cmake_force_configure': False, 'cmake_target': None, 'cmake_target_skip_unavailable': False, 'install_base': '/home/jamiek/2026_ROS_manipulator/open_manipulator_ws/install/robotis_interfaces', 'merge_install': False, 'path': '/home/jamiek/2026_ROS_manipulator/open_manipulator_ws/src/robotis_interfaces', 'symlink_install': True, 'test_result_base': None}
[0.402s] Level 5:colcon.colcon_core.verb:set package 'dynamixel_hardware_interface' build argument 'cmake_args' from command line to 'None'
[0.402s] Level 5:colcon.colcon_core.verb:set package 'dynamixel_hardware_interface' build argument 'cmake_target' from command line to 'None'
[0.402s] Level 5:colcon.colcon_core.verb:set package 'dynamixel_hardware_interface' build argument 'cmake_target_skip_unavailable' from command line to 'False'
[0.402s] Level 5:colcon.colcon_core.verb:set package 'dynamixel_hardware_interface' build argument 'cmake_clean_cache' from command line to 'False'
[0.402s] Level 5:colcon.colcon_core.verb:set package 'dynamixel_hardware_interface' build argument 'cmake_clean_first' from command line to 'False'
[0.402s] Level 5:colcon.colcon_core.verb:set package 'dynamixel_hardware_interface' build argument 'cmake_force_configure' from command line to 'False'
[0.402s] Level 5:colcon.colcon_core.verb:set package 'dynamixel_hardware_interface' build argument 'ament_cmake_args' from command line to 'None'
[0.402s] Level 5:colcon.colcon_core.verb:set package 'dynamixel_hardware_interface' build argument 'catkin_cmake_args' from command line to 'None'
[0.402s] Level 5:colcon.colcon_core.verb:set package 'dynamixel_hardware_interface' build argument 'catkin_skip_building_tests' from command line to 'False'
[0.402s] DEBUG:colcon.colcon_core.verb:Building package 'dynamixel_hardware_interface' with the following arguments: {'ament_cmake_args': None, 'build_base': '/home/jamiek/2026_ROS_manipulator/open_manipulator_ws/build/dynamixel_hardware_interface', 'catkin_cmake_args': None, 'catkin_skip_building_tests': False, 'cmake_args': None, 'cmake_clean_cache': False, 'cmake_clean_first': False, 'cmake_force_configure': False, 'cmake_target': None, 'cmake_target_skip_unavailable': False, 'install_base': '/home/jamiek/2026_ROS_manipulator/open_manipulator_ws/install/dynamixel_hardware_interface', 'merge_install': False, 'path': '/home/jamiek/2026_ROS_manipulator/open_manipulator_ws/src/dynamixel_hardware_interface', 'symlink_install': True, 'test_result_base': None}
[0.403s] Level 5:colcon.colcon_core.verb:set package 'dynamixel_sdk_examples' build argument 'cmake_args' from command line to 'None'
[0.403s] Level 5:colcon.colcon_core.verb:set package 'dynamixel_sdk_examples' build argument 'cmake_target' from command line to 'None'
[0.403s] Level 5:colcon.colcon_core.verb:set package 'dynamixel_sdk_examples' build argument 'cmake_target_skip_unavailable' from command line to 'False'
[0.403s] Level 5:colcon.colcon_core.verb:set package 'dynamixel_sdk_examples' build argument 'cmake_clean_cache' from command line to 'False'
[0.403s] Level 5:colcon.colcon_core.verb:set package 'dynamixel_sdk_examples' build argument 'cmake_clean_first' from command line to 'False'
[0.403s] Level 5:colcon.colcon_core.verb:set package 'dynamixel_sdk_examples' build argument 'cmake_force_configure' from command line to 'False'
[0.403s] Level 5:colcon.colcon_core.verb:set package 'dynamixel_sdk_examples' build argument 'ament_cmake_args' from command line to 'None'
[0.403s] Level 5:colcon.colcon_core.verb:set package 'dynamixel_sdk_examples' build argument 'catkin_cmake_args' from command line to 'None'
[0.403s] Level 5:colcon.colcon_core.verb:set package 'dynamixel_sdk_examples' build argument 'catkin_skip_building_tests' from command line to 'False'
[0.403s] DEBUG:colcon.colcon_core.verb:Building package 'dynamixel_sdk_examples' with the following arguments: {'ament_cmake_args': None, 'build_base': '/home/jamiek/2026_ROS_manipulator/open_manipulator_ws/build/dynamixel_sdk_examples', 'catkin_cmake_args': None, 'catkin_skip_building_tests': False, 'cmake_args': None, 'cmake_clean_cache': False, 'cmake_clean_first': False, 'cmake_force_configure': False, 'cmake_target': None, 'cmake_target_skip_unavailable': False, 'install_base': '/home/jamiek/2026_ROS_manipulator/open_manipulator_ws/install/dynamixel_sdk_examples', 'merge_install': False, 'path': '/home/jamiek/2026_ROS_manipulator/open_manipulator_ws/src/DynamixelSDK/ros/dynamixel_sdk_examples', 'symlink_install': True, 'test_result_base': None}
[0.403s] Level 5:colcon.colcon_core.verb:set package 'open_manipulator_moveit_config' build argument 'cmake_args' from command line to 'None'
[0.403s] Level 5:colcon.colcon_core.verb:set package 'open_manipulator_moveit_config' build argument 'cmake_target' from command line to 'None'
[0.403s] Level 5:colcon.colcon_core.verb:set package 'open_manipulator_moveit_config' build argument 'cmake_target_skip_unavailable' from command line to 'False'
[0.403s] Level 5:colcon.colcon_core.verb:set package 'open_manipulator_moveit_config' build argument 'cmake_clean_cache' from command line to 'False'
[0.403s] Level 5:colcon.colcon_core.verb:set package 'open_manipulator_moveit_config' build argument 'cmake_clean_first' from command line to 'False'
[0.403s] Level 5:colcon.colcon_core.verb:set package 'open_manipulator_moveit_config' build argument 'cmake_force_configure' from command line to 'False'
[0.403s] Level 5:colcon.colcon_core.verb:set package 'open_manipulator_moveit_config' build argument 'ament_cmake_args' from command line to 'None'
[0.403s] Level 5:colcon.colcon_core.verb:set package 'open_manipulator_moveit_config' build argument 'catkin_cmake_args' from command line to 'None'
[0.403s] Level 5:colcon.colcon_core.verb:set package 'open_manipulator_moveit_config' build argument 'catkin_skip_building_tests' from command line to 'False'
[0.403s] DEBUG:colcon.colcon_core.verb:Building package 'open_manipulator_moveit_config' with the following arguments: {'ament_cmake_args': None, 'build_base': '/home/jamiek/2026_ROS_manipulator/open_manipulator_ws/build/open_manipulator_moveit_config', 'catkin_cmake_args': None, 'catkin_skip_building_tests': False, 'cmake_args': None, 'cmake_clean_cache': False, 'cmake_clean_first': False, 'cmake_force_configure': False, 'cmake_target': None, 'cmake_target_skip_unavailable': False, 'install_base': '/home/jamiek/2026_ROS_manipulator/open_manipulator_ws/install/open_manipulator_moveit_config', 'merge_install': False, 'path': '/home/jamiek/2026_ROS_manipulator/open_manipulator_ws/src/open_manipulator/open_manipulator_moveit_config', 'symlink_install': True, 'test_result_base': None}
[0.403s] Level 5:colcon.colcon_core.verb:set package 'open_manipulator_playground' build argument 'cmake_args' from command line to 'None'
[0.403s] Level 5:colcon.colcon_core.verb:set package 'open_manipulator_playground' build argument 'cmake_target' from command line to 'None'
[0.403s] Level 5:colcon.colcon_core.verb:set package 'open_manipulator_playground' build argument 'cmake_target_skip_unavailable' from command line to 'False'
[0.403s] Level 5:colcon.colcon_core.verb:set package 'open_manipulator_playground' build argument 'cmake_clean_cache' from command line to 'False'
[0.403s] Level 5:colcon.colcon_core.verb:set package 'open_manipulator_playground' build argument 'cmake_clean_first' from command line to 'False'
[0.403s] Level 5:colcon.colcon_core.verb:set package 'open_manipulator_playground' build argument 'cmake_force_configure' from command line to 'False'
[0.403s] Level 5:colcon.colcon_core.verb:set package 'open_manipulator_playground' build argument 'ament_cmake_args' from command line to 'None'
[0.403s] Level 5:colcon.colcon_core.verb:set package 'open_manipulator_playground' build argument 'catkin_cmake_args' from command line to 'None'
[0.403s] Level 5:colcon.colcon_core.verb:set package 'open_manipulator_playground' build argument 'catkin_skip_building_tests' from command line to 'False'
[0.403s] DEBUG:colcon.colcon_core.verb:Building package 'open_manipulator_playground' with the following arguments: {'ament_cmake_args': None, 'build_base': '/home/jamiek/2026_ROS_manipulator/open_manipulator_ws/build/open_manipulator_playground', 'catkin_cmake_args': None, 'catkin_skip_building_tests': False, 'cmake_args': None, 'cmake_clean_cache': False, 'cmake_clean_first': False, 'cmake_force_configure': False, 'cmake_target': None, 'cmake_target_skip_unavailable': False, 'install_base': '/home/jamiek/2026_ROS_manipulator/open_manipulator_ws/install/open_manipulator_playground', 'merge_install': False, 'path': '/home/jamiek/2026_ROS_manipulator/open_manipulator_ws/src/open_manipulator/open_manipulator_playground', 'symlink_install': True, 'test_result_base': None}
[0.404s] Level 5:colcon.colcon_core.verb:set package 'open_manipulator_bringup' build argument 'cmake_args' from command line to 'None'
[0.404s] Level 5:colcon.colcon_core.verb:set package 'open_manipulator_bringup' build argument 'cmake_target' from command line to 'None'
[0.404s] Level 5:colcon.colcon_core.verb:set package 'open_manipulator_bringup' build argument 'cmake_target_skip_unavailable' from command line to 'False'
[0.404s] Level 5:colcon.colcon_core.verb:set package 'open_manipulator_bringup' build argument 'cmake_clean_cache' from command line to 'False'
[0.404s] Level 5:colcon.colcon_core.verb:set package 'open_manipulator_bringup' build argument 'cmake_clean_first' from command line to 'False'
[0.404s] Level 5:colcon.colcon_core.verb:set package 'open_manipulator_bringup' build argument 'cmake_force_configure' from command line to 'False'
[0.404s] Level 5:colcon.colcon_core.verb:set package 'open_manipulator_bringup' build argument 'ament_cmake_args' from command line to 'None'
[0.404s] Level 5:colcon.colcon_core.verb:set package 'open_manipulator_bringup' build argument 'catkin_cmake_args' from command line to 'None'
[0.404s] Level 5:colcon.colcon_core.verb:set package 'open_manipulator_bringup' build argument 'catkin_skip_building_tests' from command line to 'False'
[0.404s] DEBUG:colcon.colcon_core.verb:Building package 'open_manipulator_bringup' with the following arguments: {'ament_cmake_args': None, 'build_base': '/home/jamiek/2026_ROS_manipulator/open_manipulator_ws/build/open_manipulator_bringup', 'catkin_cmake_args': None, 'catkin_skip_building_tests': False, 'cmake_args': None, 'cmake_clean_cache': False, 'cmake_clean_first': False, 'cmake_force_configure': False, 'cmake_target': None, 'cmake_target_skip_unavailable': False, 'install_base': '/home/jamiek/2026_ROS_manipulator/open_manipulator_ws/install/open_manipulator_bringup', 'merge_install': False, 'path': '/home/jamiek/2026_ROS_manipulator/open_manipulator_ws/src/open_manipulator/open_manipulator_bringup', 'symlink_install': True, 'test_result_base': None}
[0.404s] Level 5:colcon.colcon_core.verb:set package 'open_manipulator' build argument 'cmake_args' from command line to 'None'
[0.404s] Level 5:colcon.colcon_core.verb:set package 'open_manipulator' build argument 'cmake_target' from command line to 'None'
[0.404s] Level 5:colcon.colcon_core.verb:set package 'open_manipulator' build argument 'cmake_target_skip_unavailable' from command line to 'False'
[0.404s] Level 5:colcon.colcon_core.verb:set package 'open_manipulator' build argument 'cmake_clean_cache' from command line to 'False'
[0.404s] Level 5:colcon.colcon_core.verb:set package 'open_manipulator' build argument 'cmake_clean_first' from command line to 'False'
[0.404s] Level 5:colcon.colcon_core.verb:set package 'open_manipulator' build argument 'cmake_force_configure' from command line to 'False'
[0.404s] Level 5:colcon.colcon_core.verb:set package 'open_manipulator' build argument 'ament_cmake_args' from command line to 'None'
[0.404s] Level 5:colcon.colcon_core.verb:set package 'open_manipulator' build argument 'catkin_cmake_args' from command line to 'None'
[0.404s] Level 5:colcon.colcon_core.verb:set package 'open_manipulator' build argument 'catkin_skip_building_tests' from command line to 'False'
[0.404s] DEBUG:colcon.colcon_core.verb:Building package 'open_manipulator' with the following arguments: {'ament_cmake_args': None, 'build_base': '/home/jamiek/2026_ROS_manipulator/open_manipulator_ws/build/open_manipulator', 'catkin_cmake_args': None, 'catkin_skip_building_tests': False, 'cmake_args': None, 'cmake_clean_cache': False, 'cmake_clean_first': False, 'cmake_force_configure': False, 'cmake_target': None, 'cmake_target_skip_unavailable': False, 'install_base': '/home/jamiek/2026_ROS_manipulator/open_manipulator_ws/install/open_manipulator', 'merge_install': False, 'path': '/home/jamiek/2026_ROS_manipulator/open_manipulator_ws/src/open_manipulator/open_manipulator', 'symlink_install': True, 'test_result_base': None}
[0.404s] INFO:colcon.colcon_core.executor:Executing jobs using 'parallel' executor
[0.405s] DEBUG:colcon.colcon_parallel_executor.executor.parallel:run_until_complete
[0.405s] INFO:colcon.colcon_ros.task.ament_cmake.build:Building ROS package in '/home/jamiek/2026_ROS_manipulator/open_manipulator_ws/src/DynamixelSDK/ros/dynamixel_sdk' with build type 'ament_cmake'
[0.405s] INFO:colcon.colcon_cmake.task.cmake.build:Building CMake package in '/home/jamiek/2026_ROS_manipulator/open_manipulator_ws/src/DynamixelSDK/ros/dynamixel_sdk'
[0.407s] INFO:colcon.colcon_core.plugin_system:Skipping extension 'colcon_core.shell.bat': Not used on non-Windows systems
[0.407s] INFO:colcon.colcon_core.shell:Skip shell extension 'powershell' for command environment: Not usable outside of PowerShell
[0.408s] DEBUG:colcon.colcon_core.shell:Skip shell extension 'dsv' for command environment
[0.411s] INFO:colcon.colcon_ros.task.ament_cmake.build:Building ROS package in '/home/jamiek/2026_ROS_manipulator/open_manipulator_ws/src/dynamixel_interfaces' with build type 'ament_cmake'
[0.411s] INFO:colcon.colcon_cmake.task.cmake.build:Building CMake package in '/home/jamiek/2026_ROS_manipulator/open_manipulator_ws/src/dynamixel_interfaces'
[0.412s] INFO:colcon.colcon_core.shell:Skip shell extension 'powershell' for command environment: Not usable outside of PowerShell
[0.412s] DEBUG:colcon.colcon_core.shell:Skip shell extension 'dsv' for command environment
[0.415s] INFO:colcon.colcon_ros.task.ament_cmake.build:Building ROS package in '/home/jamiek/2026_ROS_manipulator/open_manipulator_ws/src/open_manipulator/open_manipulator_description' with build type 'ament_cmake'
[0.416s] INFO:colcon.colcon_cmake.task.cmake.build:Building CMake package in '/home/jamiek/2026_ROS_manipulator/open_manipulator_ws/src/open_manipulator/open_manipulator_description'
[0.416s] INFO:colcon.colcon_core.shell:Skip shell extension 'powershell' for command environment: Not usable outside of PowerShell
[0.416s] DEBUG:colcon.colcon_core.shell:Skip shell extension 'dsv' for command environment
[0.419s] INFO:colcon.colcon_ros.task.ament_cmake.build:Building ROS package in '/home/jamiek/2026_ROS_manipulator/open_manipulator_ws/src/robotis_interfaces' with build type 'ament_cmake'
[0.420s] INFO:colcon.colcon_cmake.task.cmake.build:Building CMake package in '/home/jamiek/2026_ROS_manipulator/open_manipulator_ws/src/robotis_interfaces'
[0.420s] INFO:colcon.colcon_core.shell:Skip shell extension 'powershell' for command environment: Not usable outside of PowerShell
[0.420s] DEBUG:colcon.colcon_core.shell:Skip shell extension 'dsv' for command environment
[0.423s] INFO:colcon.colcon_ros.task.ament_cmake.build:Building ROS package in '/home/jamiek/2026_ROS_manipulator/open_manipulator_ws/src/DynamixelSDK/ros/dynamixel_sdk_custom_interfaces' with build type 'ament_cmake'
[0.424s] INFO:colcon.colcon_cmake.task.cmake.build:Building CMake package in '/home/jamiek/2026_ROS_manipulator/open_manipulator_ws/src/DynamixelSDK/ros/dynamixel_sdk_custom_interfaces'
[0.424s] INFO:colcon.colcon_core.shell:Skip shell extension 'powershell' for command environment: Not usable outside of PowerShell
[0.424s] DEBUG:colcon.colcon_core.shell:Skip shell extension 'dsv' for command environment
[0.428s] INFO:colcon.colcon_ros.task.ament_cmake.build:Building ROS package in '/home/jamiek/2026_ROS_manipulator/open_manipulator_ws/src/open_manipulator/ros2_controller/om_gravity_compensation_controller' with build type 'ament_cmake'
[0.428s] INFO:colcon.colcon_cmake.task.cmake.build:Building CMake package in '/home/jamiek/2026_ROS_manipulator/open_manipulator_ws/src/open_manipulator/ros2_controller/om_gravity_compensation_controller'
[0.428s] INFO:colcon.colcon_core.shell:Skip shell extension 'powershell' for command environment: Not usable outside of PowerShell
[0.428s] DEBUG:colcon.colcon_core.shell:Skip shell extension 'dsv' for command environment
[0.432s] INFO:colcon.colcon_ros.task.ament_cmake.build:Building ROS package in '/home/jamiek/2026_ROS_manipulator/open_manipulator_ws/src/open_manipulator/ros2_controller/om_joint_trajectory_command_broadcaster' with build type 'ament_cmake'
[0.432s] INFO:colcon.colcon_cmake.task.cmake.build:Building CMake package in '/home/jamiek/2026_ROS_manipulator/open_manipulator_ws/src/open_manipulator/ros2_controller/om_joint_trajectory_command_broadcaster'
[0.432s] INFO:colcon.colcon_core.shell:Skip shell extension 'powershell' for command environment: Not usable outside of PowerShell
[0.432s] DEBUG:colcon.colcon_core.shell:Skip shell extension 'dsv' for command environment
[0.437s] INFO:colcon.colcon_ros.task.ament_cmake.build:Building ROS package in '/home/jamiek/2026_ROS_manipulator/open_manipulator_ws/src/open_manipulator/ros2_controller/om_spring_actuator_controller' with build type 'ament_cmake'
[0.437s] INFO:colcon.colcon_cmake.task.cmake.build:Building CMake package in '/home/jamiek/2026_ROS_manipulator/open_manipulator_ws/src/open_manipulator/ros2_controller/om_spring_actuator_controller'
[0.437s] INFO:colcon.colcon_core.shell:Skip shell extension 'powershell' for command environment: Not usable outside of PowerShell
[0.437s] DEBUG:colcon.colcon_core.shell:Skip shell extension 'dsv' for command environment
[0.441s] INFO:colcon.colcon_ros.task.ament_cmake.build:Building ROS package in '/home/jamiek/2026_ROS_manipulator/open_manipulator_ws/src/open_manipulator/open_manipulator_collision' with build type 'ament_cmake'
[0.441s] INFO:colcon.colcon_cmake.task.cmake.build:Building CMake package in '/home/jamiek/2026_ROS_manipulator/open_manipulator_ws/src/open_manipulator/open_manipulator_collision'
[0.441s] INFO:colcon.colcon_core.shell:Skip shell extension 'powershell' for command environment: Not usable outside of PowerShell
[0.441s] DEBUG:colcon.colcon_core.shell:Skip shell extension 'dsv' for command environment
[0.445s] INFO:colcon.colcon_ros.task.ament_cmake.build:Building ROS package in '/home/jamiek/2026_ROS_manipulator/open_manipulator_ws/src/open_manipulator/open_manipulator_gui' with build type 'ament_cmake'
[0.445s] INFO:colcon.colcon_cmake.task.cmake.build:Building CMake package in '/home/jamiek/2026_ROS_manipulator/open_manipulator_ws/src/open_manipulator/open_manipulator_gui'
[0.445s] INFO:colcon.colcon_core.shell:Skip shell extension 'powershell' for command environment: Not usable outside of PowerShell
[0.445s] DEBUG:colcon.colcon_core.shell:Skip shell extension 'dsv' for command environment
[0.449s] INFO:colcon.colcon_ros.task.ament_python.build:Building ROS package in '/home/jamiek/2026_ROS_manipulator/open_manipulator_ws/src/open_manipulator/open_manipulator_teleop' with build type 'ament_python'
[0.449s] Level 1:colcon.colcon_core.shell:create_environment_hook('open_manipulator_teleop', 'ament_prefix_path')
[0.449s] INFO:colcon.colcon_core.shell:Creating environment hook '/home/jamiek/2026_ROS_manipulator/open_manipulator_ws/install/open_manipulator_teleop/share/open_manipulator_teleop/hook/ament_prefix_path.ps1'
[0.450s] INFO:colcon.colcon_core.shell:Creating environment descriptor '/home/jamiek/2026_ROS_manipulator/open_manipulator_ws/install/open_manipulator_teleop/share/open_manipulator_teleop/hook/ament_prefix_path.dsv'
[0.450s] INFO:colcon.colcon_core.shell:Creating environment hook '/home/jamiek/2026_ROS_manipulator/open_manipulator_ws/install/open_manipulator_teleop/share/open_manipulator_teleop/hook/ament_prefix_path.sh'
[0.450s] INFO:colcon.colcon_core.shell:Skip shell extension 'powershell' for command environment: Not usable outside of PowerShell
[0.450s] DEBUG:colcon.colcon_core.shell:Skip shell extension 'dsv' for command environment
[0.459s] DEBUG:colcon.colcon_core.event_handler.log_command:Invoking command in '/home/jamiek/2026_ROS_manipulator/open_manipulator_ws/build/dynamixel_sdk': CMAKE_PREFIX_PATH=${CMAKE_PREFIX_PATH}:/home/jamiek/open_manipulator_ws/install/open_manipulator_teleop:/home/jamiek/open_manipulator_ws/install/open_manipulator_bringup:/home/jamiek/2026_ROS_manipulator/ros_ws/install/tf2_basic:/home/jamiek/2026_ROS_manipulator/ros_ws/install/ros_basic:/opt/ros/jazzy DEBUGINFOD_URLS=https://debuginfod.ubuntu.com /usr/bin/cmake /home/jamiek/2026_ROS_manipulator/open_manipulator_ws/src/DynamixelSDK/ros/dynamixel_sdk -DAMENT_CMAKE_SYMLINK_INSTALL=1 -DCMAKE_INSTALL_PREFIX=/home/jamiek/2026_ROS_manipulator/open_manipulator_ws/install/dynamixel_sdk
[0.461s] DEBUG:colcon.colcon_core.event_handler.log_command:Invoking command in '/home/jamiek/2026_ROS_manipulator/open_manipulator_ws/build/dynamixel_interfaces': CMAKE_PREFIX_PATH=${CMAKE_PREFIX_PATH}:/home/jamiek/open_manipulator_ws/install/open_manipulator_teleop:/home/jamiek/open_manipulator_ws/install/open_manipulator_bringup:/home/jamiek/2026_ROS_manipulator/ros_ws/install/tf2_basic:/home/jamiek/2026_ROS_manipulator/ros_ws/install/ros_basic:/opt/ros/jazzy DEBUGINFOD_URLS=https://debuginfod.ubuntu.com /usr/bin/cmake /home/jamiek/2026_ROS_manipulator/open_manipulator_ws/src/dynamixel_interfaces -DAMENT_CMAKE_SYMLINK_INSTALL=1 -DCMAKE_INSTALL_PREFIX=/home/jamiek/2026_ROS_manipulator/open_manipulator_ws/install/dynamixel_interfaces
[0.462s] DEBUG:colcon.colcon_core.event_handler.log_command:Invoking command in '/home/jamiek/2026_ROS_manipulator/open_manipulator_ws/build/open_manipulator_description': CMAKE_PREFIX_PATH=${CMAKE_PREFIX_PATH}:/home/jamiek/open_manipulator_ws/install/open_manipulator_teleop:/home/jamiek/open_manipulator_ws/install/open_manipulator_bringup:/home/jamiek/2026_ROS_manipulator/ros_ws/install/tf2_basic:/home/jamiek/2026_ROS_manipulator/ros_ws/install/ros_basic:/opt/ros/jazzy DEBUGINFOD_URLS=https://debuginfod.ubuntu.com /usr/bin/cmake /home/jamiek/2026_ROS_manipulator/open_manipulator_ws/src/open_manipulator/open_manipulator_description -DAMENT_CMAKE_SYMLINK_INSTALL=1 -DCMAKE_INSTALL_PREFIX=/home/jamiek/2026_ROS_manipulator/open_manipulator_ws/install/open_manipulator_description
[0.464s] DEBUG:colcon.colcon_core.event_handler.log_command:Invoking command in '/home/jamiek/2026_ROS_manipulator/open_manipulator_ws/build/robotis_interfaces': CMAKE_PREFIX_PATH=${CMAKE_PREFIX_PATH}:/home/jamiek/open_manipulator_ws/install/open_manipulator_teleop:/home/jamiek/open_manipulator_ws/install/open_manipulator_bringup:/home/jamiek/2026_ROS_manipulator/ros_ws/install/tf2_basic:/home/jamiek/2026_ROS_manipulator/ros_ws/install/ros_basic:/opt/ros/jazzy DEBUGINFOD_URLS=https://debuginfod.ubuntu.com /usr/bin/cmake /home/jamiek/2026_ROS_manipulator/open_manipulator_ws/src/robotis_interfaces -DAMENT_CMAKE_SYMLINK_INSTALL=1 -DCMAKE_INSTALL_PREFIX=/home/jamiek/2026_ROS_manipulator/open_manipulator_ws/install/robotis_interfaces
[0.466s] DEBUG:colcon.colcon_core.event_handler.log_command:Invoking command in '/home/jamiek/2026_ROS_manipulator/open_manipulator_ws/build/dynamixel_sdk_custom_interfaces': CMAKE_PREFIX_PATH=${CMAKE_PREFIX_PATH}:/home/jamiek/open_manipulator_ws/install/open_manipulator_teleop:/home/jamiek/open_manipulator_ws/install/open_manipulator_bringup:/home/jamiek/2026_ROS_manipulator/ros_ws/install/tf2_basic:/home/jamiek/2026_ROS_manipulator/ros_ws/install/ros_basic:/opt/ros/jazzy DEBUGINFOD_URLS=https://debuginfod.ubuntu.com /usr/bin/cmake /home/jamiek/2026_ROS_manipulator/open_manipulator_ws/src/DynamixelSDK/ros/dynamixel_sdk_custom_interfaces -DAMENT_CMAKE_SYMLINK_INSTALL=1 -DCMAKE_INSTALL_PREFIX=/home/jamiek/2026_ROS_manipulator/open_manipulator_ws/install/dynamixel_sdk_custom_interfaces
[0.468s] DEBUG:colcon.colcon_core.event_handler.log_command:Invoking command in '/home/jamiek/2026_ROS_manipulator/open_manipulator_ws/build/om_gravity_compensation_controller': CMAKE_PREFIX_PATH=${CMAKE_PREFIX_PATH}:/home/jamiek/open_manipulator_ws/install/open_manipulator_teleop:/home/jamiek/open_manipulator_ws/install/open_manipulator_bringup:/home/jamiek/2026_ROS_manipulator/ros_ws/install/tf2_basic:/home/jamiek/2026_ROS_manipulator/ros_ws/install/ros_basic:/opt/ros/jazzy DEBUGINFOD_URLS=https://debuginfod.ubuntu.com /usr/bin/cmake /home/jamiek/2026_ROS_manipulator/open_manipulator_ws/src/open_manipulator/ros2_controller/om_gravity_compensation_controller -DAMENT_CMAKE_SYMLINK_INSTALL=1 -DCMAKE_INSTALL_PREFIX=/home/jamiek/2026_ROS_manipulator/open_manipulator_ws/install/om_gravity_compensation_controller
[0.470s] DEBUG:colcon.colcon_core.event_handler.log_command:Invoking command in '/home/jamiek/2026_ROS_manipulator/open_manipulator_ws/build/om_joint_trajectory_command_broadcaster': CMAKE_PREFIX_PATH=${CMAKE_PREFIX_PATH}:/home/jamiek/open_manipulator_ws/install/open_manipulator_teleop:/home/jamiek/open_manipulator_ws/install/open_manipulator_bringup:/home/jamiek/2026_ROS_manipulator/ros_ws/install/tf2_basic:/home/jamiek/2026_ROS_manipulator/ros_ws/install/ros_basic:/opt/ros/jazzy DEBUGINFOD_URLS=https://debuginfod.ubuntu.com /usr/bin/cmake /home/jamiek/2026_ROS_manipulator/open_manipulator_ws/src/open_manipulator/ros2_controller/om_joint_trajectory_command_broadcaster -DAMENT_CMAKE_SYMLINK_INSTALL=1 -DCMAKE_INSTALL_PREFIX=/home/jamiek/2026_ROS_manipulator/open_manipulator_ws/install/om_joint_trajectory_command_broadcaster
[0.472s] DEBUG:colcon.colcon_core.event_handler.log_command:Invoking command in '/home/jamiek/2026_ROS_manipulator/open_manipulator_ws/build/om_spring_actuator_controller': CMAKE_PREFIX_PATH=${CMAKE_PREFIX_PATH}:/home/jamiek/open_manipulator_ws/install/open_manipulator_teleop:/home/jamiek/open_manipulator_ws/install/open_manipulator_bringup:/home/jamiek/2026_ROS_manipulator/ros_ws/install/tf2_basic:/home/jamiek/2026_ROS_manipulator/ros_ws/install/ros_basic:/opt/ros/jazzy DEBUGINFOD_URLS=https://debuginfod.ubuntu.com /usr/bin/cmake /home/jamiek/2026_ROS_manipulator/open_manipulator_ws/src/open_manipulator/ros2_controller/om_spring_actuator_controller -DAMENT_CMAKE_SYMLINK_INSTALL=1 -DCMAKE_INSTALL_PREFIX=/home/jamiek/2026_ROS_manipulator/open_manipulator_ws/install/om_spring_actuator_controller
[0.474s] DEBUG:colcon.colcon_core.event_handler.log_command:Invoking command in '/home/jamiek/2026_ROS_manipulator/open_manipulator_ws/build/open_manipulator_collision': CMAKE_PREFIX_PATH=${CMAKE_PREFIX_PATH}:/home/jamiek/open_manipulator_ws/install/open_manipulator_teleop:/home/jamiek/open_manipulator_ws/install/open_manipulator_bringup:/home/jamiek/2026_ROS_manipulator/ros_ws/install/tf2_basic:/home/jamiek/2026_ROS_manipulator/ros_ws/install/ros_basic:/opt/ros/jazzy DEBUGINFOD_URLS=https://debuginfod.ubuntu.com /usr/bin/cmake /home/jamiek/2026_ROS_manipulator/open_manipulator_ws/src/open_manipulator/open_manipulator_collision -DAMENT_CMAKE_SYMLINK_INSTALL=1 -DCMAKE_INSTALL_PREFIX=/home/jamiek/2026_ROS_manipulator/open_manipulator_ws/install/open_manipulator_collision
[0.476s] DEBUG:colcon.colcon_core.event_handler.log_command:Invoking command in '/home/jamiek/2026_ROS_manipulator/open_manipulator_ws/build/open_manipulator_gui': CMAKE_PREFIX_PATH=${CMAKE_PREFIX_PATH}:/home/jamiek/open_manipulator_ws/install/open_manipulator_teleop:/home/jamiek/open_manipulator_ws/install/open_manipulator_bringup:/home/jamiek/2026_ROS_manipulator/ros_ws/install/tf2_basic:/home/jamiek/2026_ROS_manipulator/ros_ws/install/ros_basic:/opt/ros/jazzy DEBUGINFOD_URLS=https://debuginfod.ubuntu.com /usr/bin/cmake /home/jamiek/2026_ROS_manipulator/open_manipulator_ws/src/open_manipulator/open_manipulator_gui -DAMENT_CMAKE_SYMLINK_INSTALL=1 -DCMAKE_INSTALL_PREFIX=/home/jamiek/2026_ROS_manipulator/open_manipulator_ws/install/open_manipulator_gui
[0.867s] INFO:colcon.colcon_core.task.python.build:Building Python package in '/home/jamiek/2026_ROS_manipulator/open_manipulator_ws/src/open_manipulator/open_manipulator_teleop'
[0.867s] INFO:colcon.colcon_core.shell:Skip shell extension 'powershell' for command environment: Not usable outside of PowerShell
[0.867s] DEBUG:colcon.colcon_core.shell:Skip shell extension 'dsv' for command environment
[1.648s] DEBUG:colcon.colcon_core.event_handler.log_command:Invoked command in '/home/jamiek/2026_ROS_manipulator/open_manipulator_ws/build/open_manipulator_description' returned '0': CMAKE_PREFIX_PATH=${CMAKE_PREFIX_PATH}:/home/jamiek/open_manipulator_ws/install/open_manipulator_teleop:/home/jamiek/open_manipulator_ws/install/open_manipulator_bringup:/home/jamiek/2026_ROS_manipulator/ros_ws/install/tf2_basic:/home/jamiek/2026_ROS_manipulator/ros_ws/install/ros_basic:/opt/ros/jazzy DEBUGINFOD_URLS=https://debuginfod.ubuntu.com /usr/bin/cmake /home/jamiek/2026_ROS_manipulator/open_manipulator_ws/src/open_manipulator/open_manipulator_description -DAMENT_CMAKE_SYMLINK_INSTALL=1 -DCMAKE_INSTALL_PREFIX=/home/jamiek/2026_ROS_manipulator/open_manipulator_ws/install/open_manipulator_description
[1.650s] DEBUG:colcon.colcon_core.event_handler.log_command:Invoking command in '/home/jamiek/2026_ROS_manipulator/open_manipulator_ws/build/open_manipulator_description': CMAKE_PREFIX_PATH=${CMAKE_PREFIX_PATH}:/home/jamiek/open_manipulator_ws/install/open_manipulator_teleop:/home/jamiek/open_manipulator_ws/install/open_manipulator_bringup:/home/jamiek/2026_ROS_manipulator/ros_ws/install/tf2_basic:/home/jamiek/2026_ROS_manipulator/ros_ws/install/ros_basic:/opt/ros/jazzy DEBUGINFOD_URLS=https://debuginfod.ubuntu.com /usr/bin/cmake --build /home/jamiek/2026_ROS_manipulator/open_manipulator_ws/build/open_manipulator_description -- -j16 -l16
[1.713s] DEBUG:colcon.colcon_core.event_handler.log_command:Invoked command in '/home/jamiek/2026_ROS_manipulator/open_manipulator_ws/build/open_manipulator_description' returned '0': CMAKE_PREFIX_PATH=${CMAKE_PREFIX_PATH}:/home/jamiek/open_manipulator_ws/install/open_manipulator_teleop:/home/jamiek/open_manipulator_ws/install/open_manipulator_bringup:/home/jamiek/2026_ROS_manipulator/ros_ws/install/tf2_basic:/home/jamiek/2026_ROS_manipulator/ros_ws/install/ros_basic:/opt/ros/jazzy DEBUGINFOD_URLS=https://debuginfod.ubuntu.com /usr/bin/cmake --build /home/jamiek/2026_ROS_manipulator/open_manipulator_ws/build/open_manipulator_description -- -j16 -l16
[1.732s] DEBUG:colcon.colcon_core.event_handler.log_command:Invoking command in '/home/jamiek/2026_ROS_manipulator/open_manipulator_ws/build/open_manipulator_description': CMAKE_PREFIX_PATH=${CMAKE_PREFIX_PATH}:/home/jamiek/open_manipulator_ws/install/open_manipulator_teleop:/home/jamiek/open_manipulator_ws/install/open_manipulator_bringup:/home/jamiek/2026_ROS_manipulator/ros_ws/install/tf2_basic:/home/jamiek/2026_ROS_manipulator/ros_ws/install/ros_basic:/opt/ros/jazzy DEBUGINFOD_URLS=https://debuginfod.ubuntu.com /usr/bin/cmake --install /home/jamiek/2026_ROS_manipulator/open_manipulator_ws/build/open_manipulator_description
[1.754s] DEBUG:colcon.colcon_core.task.python.build:Available setuptools commands: build, setopt, rotate, bdist_dumb, dist_info, symlink_data, editable_wheel, build_scripts, egg_info, alias, build_ext, compile_catalog, register, install_scripts, install_lib, install_egg_info, saveopts, bdist_rpm, bdist_egg, install, install_headers, easy_install, bdist, check, upload, clean, sdist, init_catalog, install_data, extract_messages, upload_docs, build_clib, build_py, update_catalog, develop, test
[2.040s] DEBUG:colcon.colcon_core.event_handler.log_command:Invoked command in '/home/jamiek/2026_ROS_manipulator/open_manipulator_ws/build/dynamixel_sdk' returned '0': CMAKE_PREFIX_PATH=${CMAKE_PREFIX_PATH}:/home/jamiek/open_manipulator_ws/install/open_manipulator_teleop:/home/jamiek/open_manipulator_ws/install/open_manipulator_bringup:/home/jamiek/2026_ROS_manipulator/ros_ws/install/tf2_basic:/home/jamiek/2026_ROS_manipulator/ros_ws/install/ros_basic:/opt/ros/jazzy DEBUGINFOD_URLS=https://debuginfod.ubuntu.com /usr/bin/cmake /home/jamiek/2026_ROS_manipulator/open_manipulator_ws/src/DynamixelSDK/ros/dynamixel_sdk -DAMENT_CMAKE_SYMLINK_INSTALL=1 -DCMAKE_INSTALL_PREFIX=/home/jamiek/2026_ROS_manipulator/open_manipulator_ws/install/dynamixel_sdk
[2.041s] DEBUG:colcon.colcon_core.event_handler.log_command:Invoking command in '/home/jamiek/2026_ROS_manipulator/open_manipulator_ws/build/dynamixel_sdk': CMAKE_PREFIX_PATH=${CMAKE_PREFIX_PATH}:/home/jamiek/open_manipulator_ws/install/open_manipulator_teleop:/home/jamiek/open_manipulator_ws/install/open_manipulator_bringup:/home/jamiek/2026_ROS_manipulator/ros_ws/install/tf2_basic:/home/jamiek/2026_ROS_manipulator/ros_ws/install/ros_basic:/opt/ros/jazzy DEBUGINFOD_URLS=https://debuginfod.ubuntu.com /usr/bin/cmake --build /home/jamiek/2026_ROS_manipulator/open_manipulator_ws/build/dynamixel_sdk -- -j16 -l16
[2.600s] DEBUG:colcon.colcon_core.task.python.build:Available setuptools 'develop' options: --egg-path, --site-dirs, --upgrade, --no-user-cfg, --find-links, --exclude-scripts, --install-dir, --no-find-links, --record, --always-unzip, --quiet, --local-snapshots-ok, --version, --allow-hosts, --multi-version, --script-dir, --verbose, --build-directory, --no-deps, --optimize, --editable, --help, --uninstall, --index-url, --prefix, --install-layout, --dry-run, --zip-ok, --force-installation-into-system-dir, --always-copy, --user
[2.603s] DEBUG:colcon.colcon_core.event_handler.log_command:Invoking command in '/home/jamiek/2026_ROS_manipulator/open_manipulator_ws/build/open_manipulator_teleop': DEBUGINFOD_URLS=https://debuginfod.ubuntu.com PYTHONPATH=/home/jamiek/2026_ROS_manipulator/open_manipulator_ws/build/open_manipulator_teleop/prefix_override:/usr/lib/python3/dist-packages/colcon_core/task/python/colcon_distutils_commands:/home/jamiek/2026_ROS_manipulator/open_manipulator_ws/install/open_manipulator_teleop/lib/python3.12/site-packages:${PYTHONPATH} /usr/bin/python3 -W ignore:setup.py install is deprecated -W ignore:easy_install command is deprecated setup.py develop --editable --build-directory /home/jamiek/2026_ROS_manipulator/open_manipulator_ws/build/open_manipulator_teleop/build --no-deps symlink_data
[3.507s] DEBUG:colcon.colcon_core.event_handler.log_command:Invoked command in '/home/jamiek/2026_ROS_manipulator/open_manipulator_ws/build/open_manipulator_collision' returned '0': CMAKE_PREFIX_PATH=${CMAKE_PREFIX_PATH}:/home/jamiek/open_manipulator_ws/install/open_manipulator_teleop:/home/jamiek/open_manipulator_ws/install/open_manipulator_bringup:/home/jamiek/2026_ROS_manipulator/ros_ws/install/tf2_basic:/home/jamiek/2026_ROS_manipulator/ros_ws/install/ros_basic:/opt/ros/jazzy DEBUGINFOD_URLS=https://debuginfod.ubuntu.com /usr/bin/cmake /home/jamiek/2026_ROS_manipulator/open_manipulator_ws/src/open_manipulator/open_manipulator_collision -DAMENT_CMAKE_SYMLINK_INSTALL=1 -DCMAKE_INSTALL_PREFIX=/home/jamiek/2026_ROS_manipulator/open_manipulator_ws/install/open_manipulator_collision
[3.508s] DEBUG:colcon.colcon_core.event_handler.log_command:Invoking command in '/home/jamiek/2026_ROS_manipulator/open_manipulator_ws/build/open_manipulator_collision': CMAKE_PREFIX_PATH=${CMAKE_PREFIX_PATH}:/home/jamiek/open_manipulator_ws/install/open_manipulator_teleop:/home/jamiek/open_manipulator_ws/install/open_manipulator_bringup:/home/jamiek/2026_ROS_manipulator/ros_ws/install/tf2_basic:/home/jamiek/2026_ROS_manipulator/ros_ws/install/ros_basic:/opt/ros/jazzy DEBUGINFOD_URLS=https://debuginfod.ubuntu.com /usr/bin/cmake --build /home/jamiek/2026_ROS_manipulator/open_manipulator_ws/build/open_manipulator_collision -- -j16 -l16
[3.778s] DEBUG:colcon.colcon_core.event_handler.log_command:Invoked command in '/home/jamiek/2026_ROS_manipulator/open_manipulator_ws/build/om_joint_trajectory_command_broadcaster' returned '0': CMAKE_PREFIX_PATH=${CMAKE_PREFIX_PATH}:/home/jamiek/open_manipulator_ws/install/open_manipulator_teleop:/home/jamiek/open_manipulator_ws/install/open_manipulator_bringup:/home/jamiek/2026_ROS_manipulator/ros_ws/install/tf2_basic:/home/jamiek/2026_ROS_manipulator/ros_ws/install/ros_basic:/opt/ros/jazzy DEBUGINFOD_URLS=https://debuginfod.ubuntu.com /usr/bin/cmake /home/jamiek/2026_ROS_manipulator/open_manipulator_ws/src/open_manipulator/ros2_controller/om_joint_trajectory_command_broadcaster -DAMENT_CMAKE_SYMLINK_INSTALL=1 -DCMAKE_INSTALL_PREFIX=/home/jamiek/2026_ROS_manipulator/open_manipulator_ws/install/om_joint_trajectory_command_broadcaster
[3.779s] DEBUG:colcon.colcon_core.event_handler.log_command:Invoking command in '/home/jamiek/2026_ROS_manipulator/open_manipulator_ws/build/om_joint_trajectory_command_broadcaster': CMAKE_PREFIX_PATH=${CMAKE_PREFIX_PATH}:/home/jamiek/open_manipulator_ws/install/open_manipulator_teleop:/home/jamiek/open_manipulator_ws/install/open_manipulator_bringup:/home/jamiek/2026_ROS_manipulator/ros_ws/install/tf2_basic:/home/jamiek/2026_ROS_manipulator/ros_ws/install/ros_basic:/opt/ros/jazzy DEBUGINFOD_URLS=https://debuginfod.ubuntu.com /usr/bin/cmake --build /home/jamiek/2026_ROS_manipulator/open_manipulator_ws/build/om_joint_trajectory_command_broadcaster -- -j16 -l16
[3.824s] DEBUG:colcon.colcon_core.event_handler.log_command:Invoked command in '/home/jamiek/2026_ROS_manipulator/open_manipulator_ws/build/om_spring_actuator_controller' returned '0': CMAKE_PREFIX_PATH=${CMAKE_PREFIX_PATH}:/home/jamiek/open_manipulator_ws/install/open_manipulator_teleop:/home/jamiek/open_manipulator_ws/install/open_manipulator_bringup:/home/jamiek/2026_ROS_manipulator/ros_ws/install/tf2_basic:/home/jamiek/2026_ROS_manipulator/ros_ws/install/ros_basic:/opt/ros/jazzy DEBUGINFOD_URLS=https://debuginfod.ubuntu.com /usr/bin/cmake /home/jamiek/2026_ROS_manipulator/open_manipulator_ws/src/open_manipulator/ros2_controller/om_spring_actuator_controller -DAMENT_CMAKE_SYMLINK_INSTALL=1 -DCMAKE_INSTALL_PREFIX=/home/jamiek/2026_ROS_manipulator/open_manipulator_ws/install/om_spring_actuator_controller
[3.825s] DEBUG:colcon.colcon_core.event_handler.log_command:Invoking command in '/home/jamiek/2026_ROS_manipulator/open_manipulator_ws/build/om_spring_actuator_controller': CMAKE_PREFIX_PATH=${CMAKE_PREFIX_PATH}:/home/jamiek/open_manipulator_ws/install/open_manipulator_teleop:/home/jamiek/open_manipulator_ws/install/open_manipulator_bringup:/home/jamiek/2026_ROS_manipulator/ros_ws/install/tf2_basic:/home/jamiek/2026_ROS_manipulator/ros_ws/install/ros_basic:/opt/ros/jazzy DEBUGINFOD_URLS=https://debuginfod.ubuntu.com /usr/bin/cmake --build /home/jamiek/2026_ROS_manipulator/open_manipulator_ws/build/om_spring_actuator_controller -- -j16 -l16
[4.335s] DEBUG:colcon.colcon_core.event_handler.log_command:Invoked command in '/home/jamiek/2026_ROS_manipulator/open_manipulator_ws/build/om_gravity_compensation_controller' returned '0': CMAKE_PREFIX_PATH=${CMAKE_PREFIX_PATH}:/home/jamiek/open_manipulator_ws/install/open_manipulator_teleop:/home/jamiek/open_manipulator_ws/install/open_manipulator_bringup:/home/jamiek/2026_ROS_manipulator/ros_ws/install/tf2_basic:/home/jamiek/2026_ROS_manipulator/ros_ws/install/ros_basic:/opt/ros/jazzy DEBUGINFOD_URLS=https://debuginfod.ubuntu.com /usr/bin/cmake /home/jamiek/2026_ROS_manipulator/open_manipulator_ws/src/open_manipulator/ros2_controller/om_gravity_compensation_controller -DAMENT_CMAKE_SYMLINK_INSTALL=1 -DCMAKE_INSTALL_PREFIX=/home/jamiek/2026_ROS_manipulator/open_manipulator_ws/install/om_gravity_compensation_controller
[4.336s] DEBUG:colcon.colcon_core.event_handler.log_command:Invoking command in '/home/jamiek/2026_ROS_manipulator/open_manipulator_ws/build/om_gravity_compensation_controller': CMAKE_PREFIX_PATH=${CMAKE_PREFIX_PATH}:/home/jamiek/open_manipulator_ws/install/open_manipulator_teleop:/home/jamiek/open_manipulator_ws/install/open_manipulator_bringup:/home/jamiek/2026_ROS_manipulator/ros_ws/install/tf2_basic:/home/jamiek/2026_ROS_manipulator/ros_ws/install/ros_basic:/opt/ros/jazzy DEBUGINFOD_URLS=https://debuginfod.ubuntu.com /usr/bin/cmake --build /home/jamiek/2026_ROS_manipulator/open_manipulator_ws/build/om_gravity_compensation_controller -- -j16 -l16
[4.360s] Level 1:colcon.colcon_core.shell:create_environment_hook('open_manipulator_teleop', 'pythonpath_develop')
[4.361s] INFO:colcon.colcon_core.shell:Creating environment hook '/home/jamiek/2026_ROS_manipulator/open_manipulator_ws/build/open_manipulator_teleop/share/open_manipulator_teleop/hook/pythonpath_develop.ps1'
[4.362s] INFO:colcon.colcon_core.shell:Creating environment descriptor '/home/jamiek/2026_ROS_manipulator/open_manipulator_ws/build/open_manipulator_teleop/share/open_manipulator_teleop/hook/pythonpath_develop.dsv'
[4.363s] INFO:colcon.colcon_core.shell:Creating environment hook '/home/jamiek/2026_ROS_manipulator/open_manipulator_ws/build/open_manipulator_teleop/share/open_manipulator_teleop/hook/pythonpath_develop.sh'
[4.365s] DEBUG:colcon.colcon_core.event_handler.log_command:Invoked command in '/home/jamiek/2026_ROS_manipulator/open_manipulator_ws/build/open_manipulator_teleop' returned '0': DEBUGINFOD_URLS=https://debuginfod.ubuntu.com PYTHONPATH=/home/jamiek/2026_ROS_manipulator/open_manipulator_ws/build/open_manipulator_teleop/prefix_override:/usr/lib/python3/dist-packages/colcon_core/task/python/colcon_distutils_commands:/home/jamiek/2026_ROS_manipulator/open_manipulator_ws/install/open_manipulator_teleop/lib/python3.12/site-packages:${PYTHONPATH} /usr/bin/python3 -W ignore:setup.py install is deprecated -W ignore:easy_install command is deprecated setup.py develop --editable --build-directory /home/jamiek/2026_ROS_manipulator/open_manipulator_ws/build/open_manipulator_teleop/build --no-deps symlink_data
[4.367s] Level 1:colcon.colcon_core.environment:checking '/home/jamiek/2026_ROS_manipulator/open_manipulator_ws/install/open_manipulator_teleop' for CMake module files
[4.368s] Level 1:colcon.colcon_core.environment:checking '/home/jamiek/2026_ROS_manipulator/open_manipulator_ws/install/open_manipulator_teleop' for CMake config files
[4.369s] Level 1:colcon.colcon_core.environment:checking '/home/jamiek/2026_ROS_manipulator/open_manipulator_ws/install/open_manipulator_teleop/lib'
[4.369s] Level 1:colcon.colcon_core.environment:checking '/home/jamiek/2026_ROS_manipulator/open_manipulator_ws/install/open_manipulator_teleop/bin'
[4.369s] Level 1:colcon.colcon_core.environment:checking '/home/jamiek/2026_ROS_manipulator/open_manipulator_ws/install/open_manipulator_teleop/lib/pkgconfig/open_manipulator_teleop.pc'
[4.369s] Level 1:colcon.colcon_core.environment:checking '/home/jamiek/2026_ROS_manipulator/open_manipulator_ws/install/open_manipulator_teleop/lib/python3.12/site-packages'
[4.369s] Level 1:colcon.colcon_core.shell:create_environment_hook('open_manipulator_teleop', 'pythonpath')
[4.370s] INFO:colcon.colcon_core.shell:Creating environment hook '/home/jamiek/2026_ROS_manipulator/open_manipulator_ws/install/open_manipulator_teleop/share/open_manipulator_teleop/hook/pythonpath.ps1'
[4.370s] INFO:colcon.colcon_core.shell:Creating environment descriptor '/home/jamiek/2026_ROS_manipulator/open_manipulator_ws/install/open_manipulator_teleop/share/open_manipulator_teleop/hook/pythonpath.dsv'
[4.371s] INFO:colcon.colcon_core.shell:Creating environment hook '/home/jamiek/2026_ROS_manipulator/open_manipulator_ws/install/open_manipulator_teleop/share/open_manipulator_teleop/hook/pythonpath.sh'
[4.372s] Level 1:colcon.colcon_core.environment:checking '/home/jamiek/2026_ROS_manipulator/open_manipulator_ws/install/open_manipulator_teleop/bin'
[4.372s] Level 1:colcon.colcon_core.environment:create_environment_scripts_only(open_manipulator_teleop)
[4.373s] INFO:colcon.colcon_core.shell:Creating package script '/home/jamiek/2026_ROS_manipulator/open_manipulator_ws/install/open_manipulator_teleop/share/open_manipulator_teleop/package.ps1'
[4.374s] INFO:colcon.colcon_core.shell:Creating package descriptor '/home/jamiek/2026_ROS_manipulator/open_manipulator_ws/install/open_manipulator_teleop/share/open_manipulator_teleop/package.dsv'
[4.375s] INFO:colcon.colcon_core.shell:Creating package script '/home/jamiek/2026_ROS_manipulator/open_manipulator_ws/install/open_manipulator_teleop/share/open_manipulator_teleop/package.sh'
[4.375s] INFO:colcon.colcon_core.shell:Creating package script '/home/jamiek/2026_ROS_manipulator/open_manipulator_ws/install/open_manipulator_teleop/share/open_manipulator_teleop/package.bash'
[4.376s] INFO:colcon.colcon_core.shell:Creating package script '/home/jamiek/2026_ROS_manipulator/open_manipulator_ws/install/open_manipulator_teleop/share/open_manipulator_teleop/package.zsh'
[4.378s] Level 1:colcon.colcon_core.environment:create_file_with_runtime_dependencies(/home/jamiek/2026_ROS_manipulator/open_manipulator_ws/install/open_manipulator_teleop/share/colcon-core/packages/open_manipulator_teleop)
[4.568s] Level 1:colcon.colcon_core.environment:create_environment_scripts_only(open_manipulator_description)
[4.568s] Level 1:colcon.colcon_core.environment:checking '/home/jamiek/2026_ROS_manipulator/open_manipulator_ws/install/open_manipulator_description' for CMake module files
[4.569s] Level 1:colcon.colcon_core.environment:checking '/home/jamiek/2026_ROS_manipulator/open_manipulator_ws/install/open_manipulator_description' for CMake config files
[4.570s] Level 1:colcon.colcon_core.shell:create_environment_hook('open_manipulator_description', 'cmake_prefix_path')
[4.571s] INFO:colcon.colcon_core.shell:Creating environment hook '/home/jamiek/2026_ROS_manipulator/open_manipulator_ws/install/open_manipulator_description/share/open_manipulator_description/hook/cmake_prefix_path.ps1'
[4.571s] INFO:colcon.colcon_core.shell:Creating environment descriptor '/home/jamiek/2026_ROS_manipulator/open_manipulator_ws/install/open_manipulator_description/share/open_manipulator_description/hook/cmake_prefix_path.dsv'
[4.572s] DEBUG:colcon.colcon_core.event_handler.log_command:Invoked command in '/home/jamiek/2026_ROS_manipulator/open_manipulator_ws/build/open_manipulator_description' returned '0': CMAKE_PREFIX_PATH=${CMAKE_PREFIX_PATH}:/home/jamiek/open_manipulator_ws/install/open_manipulator_teleop:/home/jamiek/open_manipulator_ws/install/open_manipulator_bringup:/home/jamiek/2026_ROS_manipulator/ros_ws/install/tf2_basic:/home/jamiek/2026_ROS_manipulator/ros_ws/install/ros_basic:/opt/ros/jazzy DEBUGINFOD_URLS=https://debuginfod.ubuntu.com /usr/bin/cmake --install /home/jamiek/2026_ROS_manipulator/open_manipulator_ws/build/open_manipulator_description
[4.572s] INFO:colcon.colcon_core.shell:Creating environment hook '/home/jamiek/2026_ROS_manipulator/open_manipulator_ws/install/open_manipulator_description/share/open_manipulator_description/hook/cmake_prefix_path.sh'
[4.573s] Level 1:colcon.colcon_core.environment:checking '/home/jamiek/2026_ROS_manipulator/open_manipulator_ws/install/open_manipulator_description/bin'
[4.573s] Level 1:colcon.colcon_core.environment:checking '/home/jamiek/2026_ROS_manipulator/open_manipulator_ws/install/open_manipulator_description/lib/pkgconfig/open_manipulator_description.pc'
[4.574s] Level 1:colcon.colcon_core.environment:checking '/home/jamiek/2026_ROS_manipulator/open_manipulator_ws/install/open_manipulator_description/lib/python3.12/site-packages'
[4.574s] Level 1:colcon.colcon_core.environment:checking '/home/jamiek/2026_ROS_manipulator/open_manipulator_ws/install/open_manipulator_description/bin'
[4.574s] INFO:colcon.colcon_core.shell:Creating package script '/home/jamiek/2026_ROS_manipulator/open_manipulator_ws/install/open_manipulator_description/share/open_manipulator_description/package.ps1'
[4.575s] INFO:colcon.colcon_core.shell:Creating package descriptor '/home/jamiek/2026_ROS_manipulator/open_manipulator_ws/install/open_manipulator_description/share/open_manipulator_description/package.dsv'
[4.575s] INFO:colcon.colcon_core.shell:Creating package script '/home/jamiek/2026_ROS_manipulator/open_manipulator_ws/install/open_manipulator_description/share/open_manipulator_description/package.sh'
[4.576s] INFO:colcon.colcon_core.shell:Creating package script '/home/jamiek/2026_ROS_manipulator/open_manipulator_ws/install/open_manipulator_description/share/open_manipulator_description/package.bash'
[4.576s] INFO:colcon.colcon_core.shell:Creating package script '/home/jamiek/2026_ROS_manipulator/open_manipulator_ws/install/open_manipulator_description/share/open_manipulator_description/package.zsh'
[4.576s] Level 1:colcon.colcon_core.environment:create_file_with_runtime_dependencies(/home/jamiek/2026_ROS_manipulator/open_manipulator_ws/install/open_manipulator_description/share/colcon-core/packages/open_manipulator_description)
[4.577s] Level 1:colcon.colcon_core.environment:create_environment_scripts_only(open_manipulator_description)
[4.577s] Level 1:colcon.colcon_core.environment:checking '/home/jamiek/2026_ROS_manipulator/open_manipulator_ws/install/open_manipulator_description' for CMake module files
[4.578s] Level 1:colcon.colcon_core.environment:checking '/home/jamiek/2026_ROS_manipulator/open_manipulator_ws/install/open_manipulator_description' for CMake config files
[4.579s] Level 1:colcon.colcon_core.shell:create_environment_hook('open_manipulator_description', 'cmake_prefix_path')
[4.579s] INFO:colcon.colcon_core.shell:Creating environment hook '/home/jamiek/2026_ROS_manipulator/open_manipulator_ws/install/open_manipulator_description/share/open_manipulator_description/hook/cmake_prefix_path.ps1'
[4.580s] INFO:colcon.colcon_core.shell:Creating environment descriptor '/home/jamiek/2026_ROS_manipulator/open_manipulator_ws/install/open_manipulator_description/share/open_manipulator_description/hook/cmake_prefix_path.dsv'
[4.580s] INFO:colcon.colcon_core.shell:Creating environment hook '/home/jamiek/2026_ROS_manipulator/open_manipulator_ws/install/open_manipulator_description/share/open_manipulator_description/hook/cmake_prefix_path.sh'
[4.581s] Level 1:colcon.colcon_core.environment:checking '/home/jamiek/2026_ROS_manipulator/open_manipulator_ws/install/open_manipulator_description/bin'
[4.581s] Level 1:colcon.colcon_core.environment:checking '/home/jamiek/2026_ROS_manipulator/open_manipulator_ws/install/open_manipulator_description/lib/pkgconfig/open_manipulator_description.pc'
[4.581s] Level 1:colcon.colcon_core.environment:checking '/home/jamiek/2026_ROS_manipulator/open_manipulator_ws/install/open_manipulator_description/lib/python3.12/site-packages'
[4.582s] Level 1:colcon.colcon_core.environment:checking '/home/jamiek/2026_ROS_manipulator/open_manipulator_ws/install/open_manipulator_description/bin'
[4.582s] INFO:colcon.colcon_core.shell:Creating package script '/home/jamiek/2026_ROS_manipulator/open_manipulator_ws/install/open_manipulator_description/share/open_manipulator_description/package.ps1'
[4.583s] INFO:colcon.colcon_core.shell:Creating package descriptor '/home/jamiek/2026_ROS_manipulator/open_manipulator_ws/install/open_manipulator_description/share/open_manipulator_description/package.dsv'
[4.584s] INFO:colcon.colcon_core.shell:Creating package script '/home/jamiek/2026_ROS_manipulator/open_manipulator_ws/install/open_manipulator_description/share/open_manipulator_description/package.sh'
[4.584s] INFO:colcon.colcon_core.shell:Creating package script '/home/jamiek/2026_ROS_manipulator/open_manipulator_ws/install/open_manipulator_description/share/open_manipulator_description/package.bash'
[4.584s] INFO:colcon.colcon_core.shell:Creating package script '/home/jamiek/2026_ROS_manipulator/open_manipulator_ws/install/open_manipulator_description/share/open_manipulator_description/package.zsh'
[4.585s] Level 1:colcon.colcon_core.environment:create_file_with_runtime_dependencies(/home/jamiek/2026_ROS_manipulator/open_manipulator_ws/install/open_manipulator_description/share/colcon-core/packages/open_manipulator_description)
[4.585s] INFO:colcon.colcon_ros.task.ament_cmake.build:Building ROS package in '/home/jamiek/2026_ROS_manipulator/open_manipulator_ws/src/open_manipulator/open_manipulator_moveit_config' with build type 'ament_cmake'
[4.585s] INFO:colcon.colcon_cmake.task.cmake.build:Building CMake package in '/home/jamiek/2026_ROS_manipulator/open_manipulator_ws/src/open_manipulator/open_manipulator_moveit_config'
[4.586s] INFO:colcon.colcon_core.shell:Skip shell extension 'powershell' for command environment: Not usable outside of PowerShell
[4.586s] DEBUG:colcon.colcon_core.shell:Skip shell extension 'dsv' for command environment
[4.598s] DEBUG:colcon.colcon_core.event_handler.log_command:Invoking command in '/home/jamiek/2026_ROS_manipulator/open_manipulator_ws/build/open_manipulator_moveit_config': AMENT_PREFIX_PATH=/home/jamiek/2026_ROS_manipulator/open_manipulator_ws/install/open_manipulator_description:${AMENT_PREFIX_PATH} CMAKE_PREFIX_PATH=/home/jamiek/2026_ROS_manipulator/open_manipulator_ws/install/open_manipulator_description:/home/jamiek/open_manipulator_ws/install/open_manipulator:/home/jamiek/open_manipulator_ws/install/open_manipulator_playground:/home/jamiek/open_manipulator_ws/install/robotis_interfaces:/home/jamiek/open_manipulator_ws/install/open_manipulator_moveit_config:/home/jamiek/open_manipulator_ws/install/open_manipulator_gui:/home/jamiek/open_manipulator_ws/install/open_manipulator_description:/home/jamiek/open_manipulator_ws/install/open_manipulator_collision:/home/jamiek/open_manipulator_ws/install/om_spring_actuator_controller:/home/jamiek/open_manipulator_ws/install/om_joint_trajectory_command_broadcaster:/home/jamiek/open_manipulator_ws/install/om_gravity_compensation_controller:/home/jamiek/open_manipulator_ws/install/dynamixel_sdk_examples:/home/jamiek/open_manipulator_ws/install/dynamixel_sdk_custom_interfaces:/home/jamiek/open_manipulator_ws/install/dynamixel_hardware_interface:/home/jamiek/open_manipulator_ws/install/dynamixel_sdk:/home/jamiek/open_manipulator_ws/install/dynamixel_interfaces:/home/jamiek/2026_ROS_manipulator/ros_ws/install/user_interface:/opt/ros/jazzy/opt/gz_sim_vendor:/opt/ros/jazzy/opt/gz_sensors_vendor:/opt/ros/jazzy/opt/gz_physics_vendor:/opt/ros/jazzy/opt/sdformat_vendor:/opt/ros/jazzy/opt/gz_gui_vendor:/opt/ros/jazzy/opt/gz_transport_vendor:/opt/ros/jazzy/opt/gz_rendering_vendor:/opt/ros/jazzy/opt/gz_plugin_vendor:/opt/ros/jazzy/opt/gz_fuel_tools_vendor:/opt/ros/jazzy/opt/gz_msgs_vendor:/opt/ros/jazzy/opt/gz_common_vendor:/opt/ros/jazzy/opt/gz_math_vendor:/opt/ros/jazzy/opt/gz_utils_vendor:/opt/ros/jazzy/opt/gz_tools_vendor:/opt/ros/jazzy/opt/gz_ogre_next_vendor:/opt/ros/jazzy/opt/gz_dartsim_vendor:/opt/ros/jazzy/opt/gz_cmake_vendor:/home/jamiek/open_manipulator_ws/install/open_manipulator_teleop:/home/jamiek/open_manipulator_ws/install/open_manipulator_bringup:/home/jamiek/2026_ROS_manipulator/ros_ws/install/tf2_basic:/home/jamiek/2026_ROS_manipulator/ros_ws/install/ros_basic:/opt/ros/jazzy DEBUGINFOD_URLS=https://debuginfod.ubuntu.com /usr/bin/cmake /home/jamiek/2026_ROS_manipulator/open_manipulator_ws/src/open_manipulator/open_manipulator_moveit_config -DAMENT_CMAKE_SYMLINK_INSTALL=1 -DCMAKE_INSTALL_PREFIX=/home/jamiek/2026_ROS_manipulator/open_manipulator_ws/install/open_manipulator_moveit_config
[4.629s] DEBUG:colcon.colcon_core.event_handler.log_command:Invoked command in '/home/jamiek/2026_ROS_manipulator/open_manipulator_ws/build/dynamixel_sdk' returned '0': CMAKE_PREFIX_PATH=${CMAKE_PREFIX_PATH}:/home/jamiek/open_manipulator_ws/install/open_manipulator_teleop:/home/jamiek/open_manipulator_ws/install/open_manipulator_bringup:/home/jamiek/2026_ROS_manipulator/ros_ws/install/tf2_basic:/home/jamiek/2026_ROS_manipulator/ros_ws/install/ros_basic:/opt/ros/jazzy DEBUGINFOD_URLS=https://debuginfod.ubuntu.com /usr/bin/cmake --build /home/jamiek/2026_ROS_manipulator/open_manipulator_ws/build/dynamixel_sdk -- -j16 -l16
[4.630s] DEBUG:colcon.colcon_core.event_handler.log_command:Invoking command in '/home/jamiek/2026_ROS_manipulator/open_manipulator_ws/build/dynamixel_sdk': CMAKE_PREFIX_PATH=${CMAKE_PREFIX_PATH}:/home/jamiek/open_manipulator_ws/install/open_manipulator_teleop:/home/jamiek/open_manipulator_ws/install/open_manipulator_bringup:/home/jamiek/2026_ROS_manipulator/ros_ws/install/tf2_basic:/home/jamiek/2026_ROS_manipulator/ros_ws/install/ros_basic:/opt/ros/jazzy DEBUGINFOD_URLS=https://debuginfod.ubuntu.com /usr/bin/cmake --install /home/jamiek/2026_ROS_manipulator/open_manipulator_ws/build/dynamixel_sdk
[5.306s] DEBUG:colcon.colcon_core.event_handler.log_command:Invoked command in '/home/jamiek/2026_ROS_manipulator/open_manipulator_ws/build/open_manipulator_gui' returned '0': CMAKE_PREFIX_PATH=${CMAKE_PREFIX_PATH}:/home/jamiek/open_manipulator_ws/install/open_manipulator_teleop:/home/jamiek/open_manipulator_ws/install/open_manipulator_bringup:/home/jamiek/2026_ROS_manipulator/ros_ws/install/tf2_basic:/home/jamiek/2026_ROS_manipulator/ros_ws/install/ros_basic:/opt/ros/jazzy DEBUGINFOD_URLS=https://debuginfod.ubuntu.com /usr/bin/cmake /home/jamiek/2026_ROS_manipulator/open_manipulator_ws/src/open_manipulator/open_manipulator_gui -DAMENT_CMAKE_SYMLINK_INSTALL=1 -DCMAKE_INSTALL_PREFIX=/home/jamiek/2026_ROS_manipulator/open_manipulator_ws/install/open_manipulator_gui
[5.308s] DEBUG:colcon.colcon_core.event_handler.log_command:Invoking command in '/home/jamiek/2026_ROS_manipulator/open_manipulator_ws/build/open_manipulator_gui': CMAKE_PREFIX_PATH=${CMAKE_PREFIX_PATH}:/home/jamiek/open_manipulator_ws/install/open_manipulator_teleop:/home/jamiek/open_manipulator_ws/install/open_manipulator_bringup:/home/jamiek/2026_ROS_manipulator/ros_ws/install/tf2_basic:/home/jamiek/2026_ROS_manipulator/ros_ws/install/ros_basic:/opt/ros/jazzy DEBUGINFOD_URLS=https://debuginfod.ubuntu.com /usr/bin/cmake --build /home/jamiek/2026_ROS_manipulator/open_manipulator_ws/build/open_manipulator_gui -- -j16 -l16
[6.009s] DEBUG:colcon.colcon_core.event_handler.log_command:Invoked command in '/home/jamiek/2026_ROS_manipulator/open_manipulator_ws/build/open_manipulator_moveit_config' returned '0': AMENT_PREFIX_PATH=/home/jamiek/2026_ROS_manipulator/open_manipulator_ws/install/open_manipulator_description:${AMENT_PREFIX_PATH} CMAKE_PREFIX_PATH=/home/jamiek/2026_ROS_manipulator/open_manipulator_ws/install/open_manipulator_description:/home/jamiek/open_manipulator_ws/install/open_manipulator:/home/jamiek/open_manipulator_ws/install/open_manipulator_playground:/home/jamiek/open_manipulator_ws/install/robotis_interfaces:/home/jamiek/open_manipulator_ws/install/open_manipulator_moveit_config:/home/jamiek/open_manipulator_ws/install/open_manipulator_gui:/home/jamiek/open_manipulator_ws/install/open_manipulator_description:/home/jamiek/open_manipulator_ws/install/open_manipulator_collision:/home/jamiek/open_manipulator_ws/install/om_spring_actuator_controller:/home/jamiek/open_manipulator_ws/install/om_joint_trajectory_command_broadcaster:/home/jamiek/open_manipulator_ws/install/om_gravity_compensation_controller:/home/jamiek/open_manipulator_ws/install/dynamixel_sdk_examples:/home/jamiek/open_manipulator_ws/install/dynamixel_sdk_custom_interfaces:/home/jamiek/open_manipulator_ws/install/dynamixel_hardware_interface:/home/jamiek/open_manipulator_ws/install/dynamixel_sdk:/home/jamiek/open_manipulator_ws/install/dynamixel_interfaces:/home/jamiek/2026_ROS_manipulator/ros_ws/install/user_interface:/opt/ros/jazzy/opt/gz_sim_vendor:/opt/ros/jazzy/opt/gz_sensors_vendor:/opt/ros/jazzy/opt/gz_physics_vendor:/opt/ros/jazzy/opt/sdformat_vendor:/opt/ros/jazzy/opt/gz_gui_vendor:/opt/ros/jazzy/opt/gz_transport_vendor:/opt/ros/jazzy/opt/gz_rendering_vendor:/opt/ros/jazzy/opt/gz_plugin_vendor:/opt/ros/jazzy/opt/gz_fuel_tools_vendor:/opt/ros/jazzy/opt/gz_msgs_vendor:/opt/ros/jazzy/opt/gz_common_vendor:/opt/ros/jazzy/opt/gz_math_vendor:/opt/ros/jazzy/opt/gz_utils_vendor:/opt/ros/jazzy/opt/gz_tools_vendor:/opt/ros/jazzy/opt/gz_ogre_next_vendor:/opt/ros/jazzy/opt/gz_dartsim_vendor:/opt/ros/jazzy/opt/gz_cmake_vendor:/home/jamiek/open_manipulator_ws/install/open_manipulator_teleop:/home/jamiek/open_manipulator_ws/install/open_manipulator_bringup:/home/jamiek/2026_ROS_manipulator/ros_ws/install/tf2_basic:/home/jamiek/2026_ROS_manipulator/ros_ws/install/ros_basic:/opt/ros/jazzy DEBUGINFOD_URLS=https://debuginfod.ubuntu.com /usr/bin/cmake /home/jamiek/2026_ROS_manipulator/open_manipulator_ws/src/open_manipulator/open_manipulator_moveit_config -DAMENT_CMAKE_SYMLINK_INSTALL=1 -DCMAKE_INSTALL_PREFIX=/home/jamiek/2026_ROS_manipulator/open_manipulator_ws/install/open_manipulator_moveit_config
[6.010s] DEBUG:colcon.colcon_core.event_handler.log_command:Invoking command in '/home/jamiek/2026_ROS_manipulator/open_manipulator_ws/build/open_manipulator_moveit_config': AMENT_PREFIX_PATH=/home/jamiek/2026_ROS_manipulator/open_manipulator_ws/install/open_manipulator_description:${AMENT_PREFIX_PATH} CMAKE_PREFIX_PATH=/home/jamiek/2026_ROS_manipulator/open_manipulator_ws/install/open_manipulator_description:/home/jamiek/open_manipulator_ws/install/open_manipulator:/home/jamiek/open_manipulator_ws/install/open_manipulator_playground:/home/jamiek/open_manipulator_ws/install/robotis_interfaces:/home/jamiek/open_manipulator_ws/install/open_manipulator_moveit_config:/home/jamiek/open_manipulator_ws/install/open_manipulator_gui:/home/jamiek/open_manipulator_ws/install/open_manipulator_description:/home/jamiek/open_manipulator_ws/install/open_manipulator_collision:/home/jamiek/open_manipulator_ws/install/om_spring_actuator_controller:/home/jamiek/open_manipulator_ws/install/om_joint_trajectory_command_broadcaster:/home/jamiek/open_manipulator_ws/install/om_gravity_compensation_controller:/home/jamiek/open_manipulator_ws/install/dynamixel_sdk_examples:/home/jamiek/open_manipulator_ws/install/dynamixel_sdk_custom_interfaces:/home/jamiek/open_manipulator_ws/install/dynamixel_hardware_interface:/home/jamiek/open_manipulator_ws/install/dynamixel_sdk:/home/jamiek/open_manipulator_ws/install/dynamixel_interfaces:/home/jamiek/2026_ROS_manipulator/ros_ws/install/user_interface:/opt/ros/jazzy/opt/gz_sim_vendor:/opt/ros/jazzy/opt/gz_sensors_vendor:/opt/ros/jazzy/opt/gz_physics_vendor:/opt/ros/jazzy/opt/sdformat_vendor:/opt/ros/jazzy/opt/gz_gui_vendor:/opt/ros/jazzy/opt/gz_transport_vendor:/opt/ros/jazzy/opt/gz_rendering_vendor:/opt/ros/jazzy/opt/gz_plugin_vendor:/opt/ros/jazzy/opt/gz_fuel_tools_vendor:/opt/ros/jazzy/opt/gz_msgs_vendor:/opt/ros/jazzy/opt/gz_common_vendor:/opt/ros/jazzy/opt/gz_math_vendor:/opt/ros/jazzy/opt/gz_utils_vendor:/opt/ros/jazzy/opt/gz_tools_vendor:/opt/ros/jazzy/opt/gz_ogre_next_vendor:/opt/ros/jazzy/opt/gz_dartsim_vendor:/opt/ros/jazzy/opt/gz_cmake_vendor:/home/jamiek/open_manipulator_ws/install/open_manipulator_teleop:/home/jamiek/open_manipulator_ws/install/open_manipulator_bringup:/home/jamiek/2026_ROS_manipulator/ros_ws/install/tf2_basic:/home/jamiek/2026_ROS_manipulator/ros_ws/install/ros_basic:/opt/ros/jazzy DEBUGINFOD_URLS=https://debuginfod.ubuntu.com /usr/bin/cmake --build /home/jamiek/2026_ROS_manipulator/open_manipulator_ws/build/open_manipulator_moveit_config -- -j16 -l16
[6.151s] DEBUG:colcon.colcon_core.event_handler.log_command:Invoked command in '/home/jamiek/2026_ROS_manipulator/open_manipulator_ws/build/open_manipulator_moveit_config' returned '0': AMENT_PREFIX_PATH=/home/jamiek/2026_ROS_manipulator/open_manipulator_ws/install/open_manipulator_description:${AMENT_PREFIX_PATH} CMAKE_PREFIX_PATH=/home/jamiek/2026_ROS_manipulator/open_manipulator_ws/install/open_manipulator_description:/home/jamiek/open_manipulator_ws/install/open_manipulator:/home/jamiek/open_manipulator_ws/install/open_manipulator_playground:/home/jamiek/open_manipulator_ws/install/robotis_interfaces:/home/jamiek/open_manipulator_ws/install/open_manipulator_moveit_config:/home/jamiek/open_manipulator_ws/install/open_manipulator_gui:/home/jamiek/open_manipulator_ws/install/open_manipulator_description:/home/jamiek/open_manipulator_ws/install/open_manipulator_collision:/home/jamiek/open_manipulator_ws/install/om_spring_actuator_controller:/home/jamiek/open_manipulator_ws/install/om_joint_trajectory_command_broadcaster:/home/jamiek/open_manipulator_ws/install/om_gravity_compensation_controller:/home/jamiek/open_manipulator_ws/install/dynamixel_sdk_examples:/home/jamiek/open_manipulator_ws/install/dynamixel_sdk_custom_interfaces:/home/jamiek/open_manipulator_ws/install/dynamixel_hardware_interface:/home/jamiek/open_manipulator_ws/install/dynamixel_sdk:/home/jamiek/open_manipulator_ws/install/dynamixel_interfaces:/home/jamiek/2026_ROS_manipulator/ros_ws/install/user_interface:/opt/ros/jazzy/opt/gz_sim_vendor:/opt/ros/jazzy/opt/gz_sensors_vendor:/opt/ros/jazzy/opt/gz_physics_vendor:/opt/ros/jazzy/opt/sdformat_vendor:/opt/ros/jazzy/opt/gz_gui_vendor:/opt/ros/jazzy/opt/gz_transport_vendor:/opt/ros/jazzy/opt/gz_rendering_vendor:/opt/ros/jazzy/opt/gz_plugin_vendor:/opt/ros/jazzy/opt/gz_fuel_tools_vendor:/opt/ros/jazzy/opt/gz_msgs_vendor:/opt/ros/jazzy/opt/gz_common_vendor:/opt/ros/jazzy/opt/gz_math_vendor:/opt/ros/jazzy/opt/gz_utils_vendor:/opt/ros/jazzy/opt/gz_tools_vendor:/opt/ros/jazzy/opt/gz_ogre_next_vendor:/opt/ros/jazzy/opt/gz_dartsim_vendor:/opt/ros/jazzy/opt/gz_cmake_vendor:/home/jamiek/open_manipulator_ws/install/open_manipulator_teleop:/home/jamiek/open_manipulator_ws/install/open_manipulator_bringup:/home/jamiek/2026_ROS_manipulator/ros_ws/install/tf2_basic:/home/jamiek/2026_ROS_manipulator/ros_ws/install/ros_basic:/opt/ros/jazzy DEBUGINFOD_URLS=https://debuginfod.ubuntu.com /usr/bin/cmake --build /home/jamiek/2026_ROS_manipulator/open_manipulator_ws/build/open_manipulator_moveit_config -- -j16 -l16
[6.152s] DEBUG:colcon.colcon_core.event_handler.log_command:Invoking command in '/home/jamiek/2026_ROS_manipulator/open_manipulator_ws/build/open_manipulator_moveit_config': AMENT_PREFIX_PATH=/home/jamiek/2026_ROS_manipulator/open_manipulator_ws/install/open_manipulator_description:${AMENT_PREFIX_PATH} CMAKE_PREFIX_PATH=/home/jamiek/2026_ROS_manipulator/open_manipulator_ws/install/open_manipulator_description:/home/jamiek/open_manipulator_ws/install/open_manipulator:/home/jamiek/open_manipulator_ws/install/open_manipulator_playground:/home/jamiek/open_manipulator_ws/install/robotis_interfaces:/home/jamiek/open_manipulator_ws/install/open_manipulator_moveit_config:/home/jamiek/open_manipulator_ws/install/open_manipulator_gui:/home/jamiek/open_manipulator_ws/install/open_manipulator_description:/home/jamiek/open_manipulator_ws/install/open_manipulator_collision:/home/jamiek/open_manipulator_ws/install/om_spring_actuator_controller:/home/jamiek/open_manipulator_ws/install/om_joint_trajectory_command_broadcaster:/home/jamiek/open_manipulator_ws/install/om_gravity_compensation_controller:/home/jamiek/open_manipulator_ws/install/dynamixel_sdk_examples:/home/jamiek/open_manipulator_ws/install/dynamixel_sdk_custom_interfaces:/home/jamiek/open_manipulator_ws/install/dynamixel_hardware_interface:/home/jamiek/open_manipulator_ws/install/dynamixel_sdk:/home/jamiek/open_manipulator_ws/install/dynamixel_interfaces:/home/jamiek/2026_ROS_manipulator/ros_ws/install/user_interface:/opt/ros/jazzy/opt/gz_sim_vendor:/opt/ros/jazzy/opt/gz_sensors_vendor:/opt/ros/jazzy/opt/gz_physics_vendor:/opt/ros/jazzy/opt/sdformat_vendor:/opt/ros/jazzy/opt/gz_gui_vendor:/opt/ros/jazzy/opt/gz_transport_vendor:/opt/ros/jazzy/opt/gz_rendering_vendor:/opt/ros/jazzy/opt/gz_plugin_vendor:/opt/ros/jazzy/opt/gz_fuel_tools_vendor:/opt/ros/jazzy/opt/gz_msgs_vendor:/opt/ros/jazzy/opt/gz_common_vendor:/opt/ros/jazzy/opt/gz_math_vendor:/opt/ros/jazzy/opt/gz_utils_vendor:/opt/ros/jazzy/opt/gz_tools_vendor:/opt/ros/jazzy/opt/gz_ogre_next_vendor:/opt/ros/jazzy/opt/gz_dartsim_vendor:/opt/ros/jazzy/opt/gz_cmake_vendor:/home/jamiek/open_manipulator_ws/install/open_manipulator_teleop:/home/jamiek/open_manipulator_ws/install/open_manipulator_bringup:/home/jamiek/2026_ROS_manipulator/ros_ws/install/tf2_basic:/home/jamiek/2026_ROS_manipulator/ros_ws/install/ros_basic:/opt/ros/jazzy DEBUGINFOD_URLS=https://debuginfod.ubuntu.com /usr/bin/cmake --install /home/jamiek/2026_ROS_manipulator/open_manipulator_ws/build/open_manipulator_moveit_config
[6.845s] DEBUG:colcon.colcon_core.event_handler.log_command:Invoked command in '/home/jamiek/2026_ROS_manipulator/open_manipulator_ws/build/dynamixel_sdk_custom_interfaces' returned '0': CMAKE_PREFIX_PATH=${CMAKE_PREFIX_PATH}:/home/jamiek/open_manipulator_ws/install/open_manipulator_teleop:/home/jamiek/open_manipulator_ws/install/open_manipulator_bringup:/home/jamiek/2026_ROS_manipulator/ros_ws/install/tf2_basic:/home/jamiek/2026_ROS_manipulator/ros_ws/install/ros_basic:/opt/ros/jazzy DEBUGINFOD_URLS=https://debuginfod.ubuntu.com /usr/bin/cmake /home/jamiek/2026_ROS_manipulator/open_manipulator_ws/src/DynamixelSDK/ros/dynamixel_sdk_custom_interfaces -DAMENT_CMAKE_SYMLINK_INSTALL=1 -DCMAKE_INSTALL_PREFIX=/home/jamiek/2026_ROS_manipulator/open_manipulator_ws/install/dynamixel_sdk_custom_interfaces
[6.847s] DEBUG:colcon.colcon_core.event_handler.log_command:Invoking command in '/home/jamiek/2026_ROS_manipulator/open_manipulator_ws/build/dynamixel_sdk_custom_interfaces': CMAKE_PREFIX_PATH=${CMAKE_PREFIX_PATH}:/home/jamiek/open_manipulator_ws/install/open_manipulator_teleop:/home/jamiek/open_manipulator_ws/install/open_manipulator_bringup:/home/jamiek/2026_ROS_manipulator/ros_ws/install/tf2_basic:/home/jamiek/2026_ROS_manipulator/ros_ws/install/ros_basic:/opt/ros/jazzy DEBUGINFOD_URLS=https://debuginfod.ubuntu.com /usr/bin/cmake --build /home/jamiek/2026_ROS_manipulator/open_manipulator_ws/build/dynamixel_sdk_custom_interfaces -- -j16 -l16
[7.558s] DEBUG:colcon.colcon_core.event_handler.log_command:Invoked command in '/home/jamiek/2026_ROS_manipulator/open_manipulator_ws/build/robotis_interfaces' returned '0': CMAKE_PREFIX_PATH=${CMAKE_PREFIX_PATH}:/home/jamiek/open_manipulator_ws/install/open_manipulator_teleop:/home/jamiek/open_manipulator_ws/install/open_manipulator_bringup:/home/jamiek/2026_ROS_manipulator/ros_ws/install/tf2_basic:/home/jamiek/2026_ROS_manipulator/ros_ws/install/ros_basic:/opt/ros/jazzy DEBUGINFOD_URLS=https://debuginfod.ubuntu.com /usr/bin/cmake /home/jamiek/2026_ROS_manipulator/open_manipulator_ws/src/robotis_interfaces -DAMENT_CMAKE_SYMLINK_INSTALL=1 -DCMAKE_INSTALL_PREFIX=/home/jamiek/2026_ROS_manipulator/open_manipulator_ws/install/robotis_interfaces
[7.559s] DEBUG:colcon.colcon_core.event_handler.log_command:Invoking command in '/home/jamiek/2026_ROS_manipulator/open_manipulator_ws/build/robotis_interfaces': CMAKE_PREFIX_PATH=${CMAKE_PREFIX_PATH}:/home/jamiek/open_manipulator_ws/install/open_manipulator_teleop:/home/jamiek/open_manipulator_ws/install/open_manipulator_bringup:/home/jamiek/2026_ROS_manipulator/ros_ws/install/tf2_basic:/home/jamiek/2026_ROS_manipulator/ros_ws/install/ros_basic:/opt/ros/jazzy DEBUGINFOD_URLS=https://debuginfod.ubuntu.com /usr/bin/cmake --build /home/jamiek/2026_ROS_manipulator/open_manipulator_ws/build/robotis_interfaces -- -j16 -l16
[7.635s] Level 1:colcon.colcon_core.environment:create_environment_scripts_only(open_manipulator_moveit_config)
[7.636s] Level 1:colcon.colcon_core.environment:checking '/home/jamiek/2026_ROS_manipulator/open_manipulator_ws/install/open_manipulator_moveit_config' for CMake module files
[7.637s] DEBUG:colcon.colcon_core.event_handler.log_command:Invoked command in '/home/jamiek/2026_ROS_manipulator/open_manipulator_ws/build/open_manipulator_moveit_config' returned '0': AMENT_PREFIX_PATH=/home/jamiek/2026_ROS_manipulator/open_manipulator_ws/install/open_manipulator_description:${AMENT_PREFIX_PATH} CMAKE_PREFIX_PATH=/home/jamiek/2026_ROS_manipulator/open_manipulator_ws/install/open_manipulator_description:/home/jamiek/open_manipulator_ws/install/open_manipulator:/home/jamiek/open_manipulator_ws/install/open_manipulator_playground:/home/jamiek/open_manipulator_ws/install/robotis_interfaces:/home/jamiek/open_manipulator_ws/install/open_manipulator_moveit_config:/home/jamiek/open_manipulator_ws/install/open_manipulator_gui:/home/jamiek/open_manipulator_ws/install/open_manipulator_description:/home/jamiek/open_manipulator_ws/install/open_manipulator_collision:/home/jamiek/open_manipulator_ws/install/om_spring_actuator_controller:/home/jamiek/open_manipulator_ws/install/om_joint_trajectory_command_broadcaster:/home/jamiek/open_manipulator_ws/install/om_gravity_compensation_controller:/home/jamiek/open_manipulator_ws/install/dynamixel_sdk_examples:/home/jamiek/open_manipulator_ws/install/dynamixel_sdk_custom_interfaces:/home/jamiek/open_manipulator_ws/install/dynamixel_hardware_interface:/home/jamiek/open_manipulator_ws/install/dynamixel_sdk:/home/jamiek/open_manipulator_ws/install/dynamixel_interfaces:/home/jamiek/2026_ROS_manipulator/ros_ws/install/user_interface:/opt/ros/jazzy/opt/gz_sim_vendor:/opt/ros/jazzy/opt/gz_sensors_vendor:/opt/ros/jazzy/opt/gz_physics_vendor:/opt/ros/jazzy/opt/sdformat_vendor:/opt/ros/jazzy/opt/gz_gui_vendor:/opt/ros/jazzy/opt/gz_transport_vendor:/opt/ros/jazzy/opt/gz_rendering_vendor:/opt/ros/jazzy/opt/gz_plugin_vendor:/opt/ros/jazzy/opt/gz_fuel_tools_vendor:/opt/ros/jazzy/opt/gz_msgs_vendor:/opt/ros/jazzy/opt/gz_common_vendor:/opt/ros/jazzy/opt/gz_math_vendor:/opt/ros/jazzy/opt/gz_utils_vendor:/opt/ros/jazzy/opt/gz_tools_vendor:/opt/ros/jazzy/opt/gz_ogre_next_vendor:/opt/ros/jazzy/opt/gz_dartsim_vendor:/opt/ros/jazzy/opt/gz_cmake_vendor:/home/jamiek/open_manipulator_ws/install/open_manipulator_teleop:/home/jamiek/open_manipulator_ws/install/open_manipulator_bringup:/home/jamiek/2026_ROS_manipulator/ros_ws/install/tf2_basic:/home/jamiek/2026_ROS_manipulator/ros_ws/install/ros_basic:/opt/ros/jazzy DEBUGINFOD_URLS=https://debuginfod.ubuntu.com /usr/bin/cmake --install /home/jamiek/2026_ROS_manipulator/open_manipulator_ws/build/open_manipulator_moveit_config
[7.640s] Level 1:colcon.colcon_core.environment:checking '/home/jamiek/2026_ROS_manipulator/open_manipulator_ws/install/open_manipulator_moveit_config' for CMake config files
[7.641s] Level 1:colcon.colcon_core.shell:create_environment_hook('open_manipulator_moveit_config', 'cmake_prefix_path')
[7.641s] INFO:colcon.colcon_core.shell:Creating environment hook '/home/jamiek/2026_ROS_manipulator/open_manipulator_ws/install/open_manipulator_moveit_config/share/open_manipulator_moveit_config/hook/cmake_prefix_path.ps1'
[7.642s] INFO:colcon.colcon_core.shell:Creating environment descriptor '/home/jamiek/2026_ROS_manipulator/open_manipulator_ws/install/open_manipulator_moveit_config/share/open_manipulator_moveit_config/hook/cmake_prefix_path.dsv'
[7.646s] INFO:colcon.colcon_core.shell:Creating environment hook '/home/jamiek/2026_ROS_manipulator/open_manipulator_ws/install/open_manipulator_moveit_config/share/open_manipulator_moveit_config/hook/cmake_prefix_path.sh'
[7.647s] Level 1:colcon.colcon_core.environment:checking '/home/jamiek/2026_ROS_manipulator/open_manipulator_ws/install/open_manipulator_moveit_config/bin'
[7.647s] Level 1:colcon.colcon_core.environment:checking '/home/jamiek/2026_ROS_manipulator/open_manipulator_ws/install/open_manipulator_moveit_config/lib/pkgconfig/open_manipulator_moveit_config.pc'
[7.647s] Level 1:colcon.colcon_core.environment:checking '/home/jamiek/2026_ROS_manipulator/open_manipulator_ws/install/open_manipulator_moveit_config/lib/python3.12/site-packages'
[7.648s] Level 1:colcon.colcon_core.environment:checking '/home/jamiek/2026_ROS_manipulator/open_manipulator_ws/install/open_manipulator_moveit_config/bin'
[7.648s] INFO:colcon.colcon_core.shell:Creating package script '/home/jamiek/2026_ROS_manipulator/open_manipulator_ws/install/open_manipulator_moveit_config/share/open_manipulator_moveit_config/package.ps1'
[7.659s] INFO:colcon.colcon_core.shell:Creating package descriptor '/home/jamiek/2026_ROS_manipulator/open_manipulator_ws/install/open_manipulator_moveit_config/share/open_manipulator_moveit_config/package.dsv'
[7.660s] INFO:colcon.colcon_core.shell:Creating package script '/home/jamiek/2026_ROS_manipulator/open_manipulator_ws/install/open_manipulator_moveit_config/share/open_manipulator_moveit_config/package.sh'
[7.661s] INFO:colcon.colcon_core.shell:Creating package script '/home/jamiek/2026_ROS_manipulator/open_manipulator_ws/install/open_manipulator_moveit_config/share/open_manipulator_moveit_config/package.bash'
[7.661s] INFO:colcon.colcon_core.shell:Creating package script '/home/jamiek/2026_ROS_manipulator/open_manipulator_ws/install/open_manipulator_moveit_config/share/open_manipulator_moveit_config/package.zsh'
[7.665s] Level 1:colcon.colcon_core.environment:create_file_with_runtime_dependencies(/home/jamiek/2026_ROS_manipulator/open_manipulator_ws/install/open_manipulator_moveit_config/share/colcon-core/packages/open_manipulator_moveit_config)
[7.666s] Level 1:colcon.colcon_core.environment:create_environment_scripts_only(open_manipulator_moveit_config)
[7.666s] Level 1:colcon.colcon_core.environment:checking '/home/jamiek/2026_ROS_manipulator/open_manipulator_ws/install/open_manipulator_moveit_config' for CMake module files
[7.667s] Level 1:colcon.colcon_core.environment:checking '/home/jamiek/2026_ROS_manipulator/open_manipulator_ws/install/open_manipulator_moveit_config' for CMake config files
[7.674s] Level 1:colcon.colcon_core.shell:create_environment_hook('open_manipulator_moveit_config', 'cmake_prefix_path')
[7.675s] INFO:colcon.colcon_core.shell:Creating environment hook '/home/jamiek/2026_ROS_manipulator/open_manipulator_ws/install/open_manipulator_moveit_config/share/open_manipulator_moveit_config/hook/cmake_prefix_path.ps1'
[7.683s] INFO:colcon.colcon_core.shell:Creating environment descriptor '/home/jamiek/2026_ROS_manipulator/open_manipulator_ws/install/open_manipulator_moveit_config/share/open_manipulator_moveit_config/hook/cmake_prefix_path.dsv'
[7.683s] INFO:colcon.colcon_core.shell:Creating environment hook '/home/jamiek/2026_ROS_manipulator/open_manipulator_ws/install/open_manipulator_moveit_config/share/open_manipulator_moveit_config/hook/cmake_prefix_path.sh'
[7.688s] Level 1:colcon.colcon_core.environment:checking '/home/jamiek/2026_ROS_manipulator/open_manipulator_ws/install/open_manipulator_moveit_config/bin'
[7.688s] Level 1:colcon.colcon_core.environment:checking '/home/jamiek/2026_ROS_manipulator/open_manipulator_ws/install/open_manipulator_moveit_config/lib/pkgconfig/open_manipulator_moveit_config.pc'
[7.689s] Level 1:colcon.colcon_core.environment:checking '/home/jamiek/2026_ROS_manipulator/open_manipulator_ws/install/open_manipulator_moveit_config/lib/python3.12/site-packages'
[7.689s] Level 1:colcon.colcon_core.environment:checking '/home/jamiek/2026_ROS_manipulator/open_manipulator_ws/install/open_manipulator_moveit_config/bin'
[7.696s] INFO:colcon.colcon_core.shell:Creating package script '/home/jamiek/2026_ROS_manipulator/open_manipulator_ws/install/open_manipulator_moveit_config/share/open_manipulator_moveit_config/package.ps1'
[7.697s] INFO:colcon.colcon_core.shell:Creating package descriptor '/home/jamiek/2026_ROS_manipulator/open_manipulator_ws/install/open_manipulator_moveit_config/share/open_manipulator_moveit_config/package.dsv'
[7.698s] INFO:colcon.colcon_core.shell:Creating package script '/home/jamiek/2026_ROS_manipulator/open_manipulator_ws/install/open_manipulator_moveit_config/share/open_manipulator_moveit_config/package.sh'
[7.702s] INFO:colcon.colcon_core.shell:Creating package script '/home/jamiek/2026_ROS_manipulator/open_manipulator_ws/install/open_manipulator_moveit_config/share/open_manipulator_moveit_config/package.bash'
[7.703s] INFO:colcon.colcon_core.shell:Creating package script '/home/jamiek/2026_ROS_manipulator/open_manipulator_ws/install/open_manipulator_moveit_config/share/open_manipulator_moveit_config/package.zsh'
[7.704s] Level 1:colcon.colcon_core.environment:create_file_with_runtime_dependencies(/home/jamiek/2026_ROS_manipulator/open_manipulator_ws/install/open_manipulator_moveit_config/share/colcon-core/packages/open_manipulator_moveit_config)
[8.035s] DEBUG:colcon.colcon_core.event_handler.log_command:Invoked command in '/home/jamiek/2026_ROS_manipulator/open_manipulator_ws/build/dynamixel_interfaces' returned '0': CMAKE_PREFIX_PATH=${CMAKE_PREFIX_PATH}:/home/jamiek/open_manipulator_ws/install/open_manipulator_teleop:/home/jamiek/open_manipulator_ws/install/open_manipulator_bringup:/home/jamiek/2026_ROS_manipulator/ros_ws/install/tf2_basic:/home/jamiek/2026_ROS_manipulator/ros_ws/install/ros_basic:/opt/ros/jazzy DEBUGINFOD_URLS=https://debuginfod.ubuntu.com /usr/bin/cmake /home/jamiek/2026_ROS_manipulator/open_manipulator_ws/src/dynamixel_interfaces -DAMENT_CMAKE_SYMLINK_INSTALL=1 -DCMAKE_INSTALL_PREFIX=/home/jamiek/2026_ROS_manipulator/open_manipulator_ws/install/dynamixel_interfaces
[8.036s] DEBUG:colcon.colcon_core.event_handler.log_command:Invoking command in '/home/jamiek/2026_ROS_manipulator/open_manipulator_ws/build/dynamixel_interfaces': CMAKE_PREFIX_PATH=${CMAKE_PREFIX_PATH}:/home/jamiek/open_manipulator_ws/install/open_manipulator_teleop:/home/jamiek/open_manipulator_ws/install/open_manipulator_bringup:/home/jamiek/2026_ROS_manipulator/ros_ws/install/tf2_basic:/home/jamiek/2026_ROS_manipulator/ros_ws/install/ros_basic:/opt/ros/jazzy DEBUGINFOD_URLS=https://debuginfod.ubuntu.com /usr/bin/cmake --build /home/jamiek/2026_ROS_manipulator/open_manipulator_ws/build/dynamixel_interfaces -- -j16 -l16
[10.531s] Level 1:colcon.colcon_core.environment:create_environment_scripts_only(dynamixel_sdk)
[10.532s] DEBUG:colcon.colcon_core.event_handler.log_command:Invoked command in '/home/jamiek/2026_ROS_manipulator/open_manipulator_ws/build/dynamixel_sdk' returned '0': CMAKE_PREFIX_PATH=${CMAKE_PREFIX_PATH}:/home/jamiek/open_manipulator_ws/install/open_manipulator_teleop:/home/jamiek/open_manipulator_ws/install/open_manipulator_bringup:/home/jamiek/2026_ROS_manipulator/ros_ws/install/tf2_basic:/home/jamiek/2026_ROS_manipulator/ros_ws/install/ros_basic:/opt/ros/jazzy DEBUGINFOD_URLS=https://debuginfod.ubuntu.com /usr/bin/cmake --install /home/jamiek/2026_ROS_manipulator/open_manipulator_ws/build/dynamixel_sdk
[10.532s] Level 1:colcon.colcon_core.environment:checking '/home/jamiek/2026_ROS_manipulator/open_manipulator_ws/install/dynamixel_sdk' for CMake module files
[10.534s] Level 1:colcon.colcon_core.environment:checking '/home/jamiek/2026_ROS_manipulator/open_manipulator_ws/install/dynamixel_sdk' for CMake config files
[10.535s] Level 1:colcon.colcon_core.shell:create_environment_hook('dynamixel_sdk', 'cmake_prefix_path')
[10.536s] INFO:colcon.colcon_core.shell:Creating environment hook '/home/jamiek/2026_ROS_manipulator/open_manipulator_ws/install/dynamixel_sdk/share/dynamixel_sdk/hook/cmake_prefix_path.ps1'
[10.536s] INFO:colcon.colcon_core.shell:Creating environment descriptor '/home/jamiek/2026_ROS_manipulator/open_manipulator_ws/install/dynamixel_sdk/share/dynamixel_sdk/hook/cmake_prefix_path.dsv'
[10.537s] INFO:colcon.colcon_core.shell:Creating environment hook '/home/jamiek/2026_ROS_manipulator/open_manipulator_ws/install/dynamixel_sdk/share/dynamixel_sdk/hook/cmake_prefix_path.sh'
[10.538s] Level 1:colcon.colcon_core.environment:checking '/home/jamiek/2026_ROS_manipulator/open_manipulator_ws/install/dynamixel_sdk/lib'
[10.538s] Level 1:colcon.colcon_core.shell:create_environment_hook('dynamixel_sdk', 'ld_library_path_lib')
[10.538s] INFO:colcon.colcon_core.shell:Creating environment hook '/home/jamiek/2026_ROS_manipulator/open_manipulator_ws/install/dynamixel_sdk/share/dynamixel_sdk/hook/ld_library_path_lib.ps1'
[10.541s] INFO:colcon.colcon_core.shell:Creating environment descriptor '/home/jamiek/2026_ROS_manipulator/open_manipulator_ws/install/dynamixel_sdk/share/dynamixel_sdk/hook/ld_library_path_lib.dsv'
[10.541s] INFO:colcon.colcon_core.shell:Creating environment hook '/home/jamiek/2026_ROS_manipulator/open_manipulator_ws/install/dynamixel_sdk/share/dynamixel_sdk/hook/ld_library_path_lib.sh'
[10.542s] Level 1:colcon.colcon_core.environment:checking '/home/jamiek/2026_ROS_manipulator/open_manipulator_ws/install/dynamixel_sdk/bin'
[10.542s] Level 1:colcon.colcon_core.environment:checking '/home/jamiek/2026_ROS_manipulator/open_manipulator_ws/install/dynamixel_sdk/lib/pkgconfig/dynamixel_sdk.pc'
[10.542s] Level 1:colcon.colcon_core.environment:checking '/home/jamiek/2026_ROS_manipulator/open_manipulator_ws/install/dynamixel_sdk/lib/python3.12/site-packages'
[10.543s] Level 1:colcon.colcon_core.shell:create_environment_hook('dynamixel_sdk', 'pythonpath')
[10.543s] INFO:colcon.colcon_core.shell:Creating environment hook '/home/jamiek/2026_ROS_manipulator/open_manipulator_ws/install/dynamixel_sdk/share/dynamixel_sdk/hook/pythonpath.ps1'
[10.548s] INFO:colcon.colcon_core.shell:Creating environment descriptor '/home/jamiek/2026_ROS_manipulator/open_manipulator_ws/install/dynamixel_sdk/share/dynamixel_sdk/hook/pythonpath.dsv'
[10.549s] INFO:colcon.colcon_core.shell:Creating environment hook '/home/jamiek/2026_ROS_manipulator/open_manipulator_ws/install/dynamixel_sdk/share/dynamixel_sdk/hook/pythonpath.sh'
[10.550s] Level 1:colcon.colcon_core.environment:checking '/home/jamiek/2026_ROS_manipulator/open_manipulator_ws/install/dynamixel_sdk/bin'
[10.550s] INFO:colcon.colcon_core.shell:Creating package script '/home/jamiek/2026_ROS_manipulator/open_manipulator_ws/install/dynamixel_sdk/share/dynamixel_sdk/package.ps1'
[10.555s] INFO:colcon.colcon_core.shell:Creating package descriptor '/home/jamiek/2026_ROS_manipulator/open_manipulator_ws/install/dynamixel_sdk/share/dynamixel_sdk/package.dsv'
[10.556s] INFO:colcon.colcon_core.shell:Creating package script '/home/jamiek/2026_ROS_manipulator/open_manipulator_ws/install/dynamixel_sdk/share/dynamixel_sdk/package.sh'
[10.556s] INFO:colcon.colcon_core.shell:Creating package script '/home/jamiek/2026_ROS_manipulator/open_manipulator_ws/install/dynamixel_sdk/share/dynamixel_sdk/package.bash'
[10.560s] INFO:colcon.colcon_core.shell:Creating package script '/home/jamiek/2026_ROS_manipulator/open_manipulator_ws/install/dynamixel_sdk/share/dynamixel_sdk/package.zsh'
[10.561s] Level 1:colcon.colcon_core.environment:create_file_with_runtime_dependencies(/home/jamiek/2026_ROS_manipulator/open_manipulator_ws/install/dynamixel_sdk/share/colcon-core/packages/dynamixel_sdk)
[10.562s] Level 1:colcon.colcon_core.environment:create_environment_scripts_only(dynamixel_sdk)
[10.562s] Level 1:colcon.colcon_core.environment:checking '/home/jamiek/2026_ROS_manipulator/open_manipulator_ws/install/dynamixel_sdk' for CMake module files
[10.567s] Level 1:colcon.colcon_core.environment:checking '/home/jamiek/2026_ROS_manipulator/open_manipulator_ws/install/dynamixel_sdk' for CMake config files
[10.569s] Level 1:colcon.colcon_core.shell:create_environment_hook('dynamixel_sdk', 'cmake_prefix_path')
[10.569s] INFO:colcon.colcon_core.shell:Creating environment hook '/home/jamiek/2026_ROS_manipulator/open_manipulator_ws/install/dynamixel_sdk/share/dynamixel_sdk/hook/cmake_prefix_path.ps1'
[10.579s] INFO:colcon.colcon_core.shell:Creating environment descriptor '/home/jamiek/2026_ROS_manipulator/open_manipulator_ws/install/dynamixel_sdk/share/dynamixel_sdk/hook/cmake_prefix_path.dsv'
[10.580s] INFO:colcon.colcon_core.shell:Creating environment hook '/home/jamiek/2026_ROS_manipulator/open_manipulator_ws/install/dynamixel_sdk/share/dynamixel_sdk/hook/cmake_prefix_path.sh'
[10.581s] Level 1:colcon.colcon_core.environment:checking '/home/jamiek/2026_ROS_manipulator/open_manipulator_ws/install/dynamixel_sdk/lib'
[10.581s] Level 1:colcon.colcon_core.shell:create_environment_hook('dynamixel_sdk', 'ld_library_path_lib')
[10.590s] INFO:colcon.colcon_core.shell:Creating environment hook '/home/jamiek/2026_ROS_manipulator/open_manipulator_ws/install/dynamixel_sdk/share/dynamixel_sdk/hook/ld_library_path_lib.ps1'
[10.592s] INFO:colcon.colcon_core.shell:Creating environment descriptor '/home/jamiek/2026_ROS_manipulator/open_manipulator_ws/install/dynamixel_sdk/share/dynamixel_sdk/hook/ld_library_path_lib.dsv'
[10.592s] INFO:colcon.colcon_core.shell:Creating environment hook '/home/jamiek/2026_ROS_manipulator/open_manipulator_ws/install/dynamixel_sdk/share/dynamixel_sdk/hook/ld_library_path_lib.sh'
[10.593s] Level 1:colcon.colcon_core.environment:checking '/home/jamiek/2026_ROS_manipulator/open_manipulator_ws/install/dynamixel_sdk/bin'
[10.593s] Level 1:colcon.colcon_core.environment:checking '/home/jamiek/2026_ROS_manipulator/open_manipulator_ws/install/dynamixel_sdk/lib/pkgconfig/dynamixel_sdk.pc'
[10.593s] Level 1:colcon.colcon_core.environment:checking '/home/jamiek/2026_ROS_manipulator/open_manipulator_ws/install/dynamixel_sdk/lib/python3.12/site-packages'
[10.597s] Level 1:colcon.colcon_core.shell:create_environment_hook('dynamixel_sdk', 'pythonpath')
[10.599s] INFO:colcon.colcon_core.shell:Creating environment hook '/home/jamiek/2026_ROS_manipulator/open_manipulator_ws/install/dynamixel_sdk/share/dynamixel_sdk/hook/pythonpath.ps1'
[10.599s] INFO:colcon.colcon_core.shell:Creating environment descriptor '/home/jamiek/2026_ROS_manipulator/open_manipulator_ws/install/dynamixel_sdk/share/dynamixel_sdk/hook/pythonpath.dsv'
[10.602s] INFO:colcon.colcon_core.shell:Creating environment hook '/home/jamiek/2026_ROS_manipulator/open_manipulator_ws/install/dynamixel_sdk/share/dynamixel_sdk/hook/pythonpath.sh'
[10.605s] Level 1:colcon.colcon_core.environment:checking '/home/jamiek/2026_ROS_manipulator/open_manipulator_ws/install/dynamixel_sdk/bin'
[10.606s] INFO:colcon.colcon_core.shell:Creating package script '/home/jamiek/2026_ROS_manipulator/open_manipulator_ws/install/dynamixel_sdk/share/dynamixel_sdk/package.ps1'
[10.611s] INFO:colcon.colcon_core.shell:Creating package descriptor '/home/jamiek/2026_ROS_manipulator/open_manipulator_ws/install/dynamixel_sdk/share/dynamixel_sdk/package.dsv'
[10.613s] INFO:colcon.colcon_core.shell:Creating package script '/home/jamiek/2026_ROS_manipulator/open_manipulator_ws/install/dynamixel_sdk/share/dynamixel_sdk/package.sh'
[10.617s] INFO:colcon.colcon_core.shell:Creating package script '/home/jamiek/2026_ROS_manipulator/open_manipulator_ws/install/dynamixel_sdk/share/dynamixel_sdk/package.bash'
[10.618s] INFO:colcon.colcon_core.shell:Creating package script '/home/jamiek/2026_ROS_manipulator/open_manipulator_ws/install/dynamixel_sdk/share/dynamixel_sdk/package.zsh'
[10.620s] Level 1:colcon.colcon_core.environment:create_file_with_runtime_dependencies(/home/jamiek/2026_ROS_manipulator/open_manipulator_ws/install/dynamixel_sdk/share/colcon-core/packages/dynamixel_sdk)
[21.849s] DEBUG:colcon.colcon_core.event_handler.log_command:Invoked command in '/home/jamiek/2026_ROS_manipulator/open_manipulator_ws/build/dynamixel_sdk_custom_interfaces' returned '0': CMAKE_PREFIX_PATH=${CMAKE_PREFIX_PATH}:/home/jamiek/open_manipulator_ws/install/open_manipulator_teleop:/home/jamiek/open_manipulator_ws/install/open_manipulator_bringup:/home/jamiek/2026_ROS_manipulator/ros_ws/install/tf2_basic:/home/jamiek/2026_ROS_manipulator/ros_ws/install/ros_basic:/opt/ros/jazzy DEBUGINFOD_URLS=https://debuginfod.ubuntu.com /usr/bin/cmake --build /home/jamiek/2026_ROS_manipulator/open_manipulator_ws/build/dynamixel_sdk_custom_interfaces -- -j16 -l16
[21.850s] DEBUG:colcon.colcon_core.event_handler.log_command:Invoking command in '/home/jamiek/2026_ROS_manipulator/open_manipulator_ws/build/dynamixel_sdk_custom_interfaces': CMAKE_PREFIX_PATH=${CMAKE_PREFIX_PATH}:/home/jamiek/open_manipulator_ws/install/open_manipulator_teleop:/home/jamiek/open_manipulator_ws/install/open_manipulator_bringup:/home/jamiek/2026_ROS_manipulator/ros_ws/install/tf2_basic:/home/jamiek/2026_ROS_manipulator/ros_ws/install/ros_basic:/opt/ros/jazzy DEBUGINFOD_URLS=https://debuginfod.ubuntu.com /usr/bin/cmake --install /home/jamiek/2026_ROS_manipulator/open_manipulator_ws/build/dynamixel_sdk_custom_interfaces
[23.974s] DEBUG:colcon.colcon_core.event_handler.log_command:Invoked command in '/home/jamiek/2026_ROS_manipulator/open_manipulator_ws/build/robotis_interfaces' returned '0': CMAKE_PREFIX_PATH=${CMAKE_PREFIX_PATH}:/home/jamiek/open_manipulator_ws/install/open_manipulator_teleop:/home/jamiek/open_manipulator_ws/install/open_manipulator_bringup:/home/jamiek/2026_ROS_manipulator/ros_ws/install/tf2_basic:/home/jamiek/2026_ROS_manipulator/ros_ws/install/ros_basic:/opt/ros/jazzy DEBUGINFOD_URLS=https://debuginfod.ubuntu.com /usr/bin/cmake --build /home/jamiek/2026_ROS_manipulator/open_manipulator_ws/build/robotis_interfaces -- -j16 -l16
[23.975s] DEBUG:colcon.colcon_core.event_handler.log_command:Invoking command in '/home/jamiek/2026_ROS_manipulator/open_manipulator_ws/build/robotis_interfaces': CMAKE_PREFIX_PATH=${CMAKE_PREFIX_PATH}:/home/jamiek/open_manipulator_ws/install/open_manipulator_teleop:/home/jamiek/open_manipulator_ws/install/open_manipulator_bringup:/home/jamiek/2026_ROS_manipulator/ros_ws/install/tf2_basic:/home/jamiek/2026_ROS_manipulator/ros_ws/install/ros_basic:/opt/ros/jazzy DEBUGINFOD_URLS=https://debuginfod.ubuntu.com /usr/bin/cmake --install /home/jamiek/2026_ROS_manipulator/open_manipulator_ws/build/robotis_interfaces
[26.276s] Level 1:colcon.colcon_core.environment:create_environment_scripts_only(dynamixel_sdk_custom_interfaces)
[26.276s] Level 1:colcon.colcon_core.environment:checking '/home/jamiek/2026_ROS_manipulator/open_manipulator_ws/install/dynamixel_sdk_custom_interfaces' for CMake module files
[26.278s] Level 1:colcon.colcon_core.environment:checking '/home/jamiek/2026_ROS_manipulator/open_manipulator_ws/install/dynamixel_sdk_custom_interfaces' for CMake config files
[26.279s] DEBUG:colcon.colcon_core.event_handler.log_command:Invoked command in '/home/jamiek/2026_ROS_manipulator/open_manipulator_ws/build/dynamixel_sdk_custom_interfaces' returned '0': CMAKE_PREFIX_PATH=${CMAKE_PREFIX_PATH}:/home/jamiek/open_manipulator_ws/install/open_manipulator_teleop:/home/jamiek/open_manipulator_ws/install/open_manipulator_bringup:/home/jamiek/2026_ROS_manipulator/ros_ws/install/tf2_basic:/home/jamiek/2026_ROS_manipulator/ros_ws/install/ros_basic:/opt/ros/jazzy DEBUGINFOD_URLS=https://debuginfod.ubuntu.com /usr/bin/cmake --install /home/jamiek/2026_ROS_manipulator/open_manipulator_ws/build/dynamixel_sdk_custom_interfaces
[26.284s] Level 1:colcon.colcon_core.shell:create_environment_hook('dynamixel_sdk_custom_interfaces', 'cmake_prefix_path')
[26.285s] INFO:colcon.colcon_core.shell:Creating environment hook '/home/jamiek/2026_ROS_manipulator/open_manipulator_ws/install/dynamixel_sdk_custom_interfaces/share/dynamixel_sdk_custom_interfaces/hook/cmake_prefix_path.ps1'
[26.294s] INFO:colcon.colcon_core.shell:Creating environment descriptor '/home/jamiek/2026_ROS_manipulator/open_manipulator_ws/install/dynamixel_sdk_custom_interfaces/share/dynamixel_sdk_custom_interfaces/hook/cmake_prefix_path.dsv'
[26.300s] INFO:colcon.colcon_core.shell:Creating environment hook '/home/jamiek/2026_ROS_manipulator/open_manipulator_ws/install/dynamixel_sdk_custom_interfaces/share/dynamixel_sdk_custom_interfaces/hook/cmake_prefix_path.sh'
[26.302s] Level 1:colcon.colcon_core.environment:checking '/home/jamiek/2026_ROS_manipulator/open_manipulator_ws/install/dynamixel_sdk_custom_interfaces/lib'
[26.302s] Level 1:colcon.colcon_core.shell:create_environment_hook('dynamixel_sdk_custom_interfaces', 'ld_library_path_lib')
[26.303s] INFO:colcon.colcon_core.shell:Creating environment hook '/home/jamiek/2026_ROS_manipulator/open_manipulator_ws/install/dynamixel_sdk_custom_interfaces/share/dynamixel_sdk_custom_interfaces/hook/ld_library_path_lib.ps1'
[26.304s] INFO:colcon.colcon_core.shell:Creating environment descriptor '/home/jamiek/2026_ROS_manipulator/open_manipulator_ws/install/dynamixel_sdk_custom_interfaces/share/dynamixel_sdk_custom_interfaces/hook/ld_library_path_lib.dsv'
[26.307s] INFO:colcon.colcon_core.shell:Creating environment hook '/home/jamiek/2026_ROS_manipulator/open_manipulator_ws/install/dynamixel_sdk_custom_interfaces/share/dynamixel_sdk_custom_interfaces/hook/ld_library_path_lib.sh'
[26.308s] Level 1:colcon.colcon_core.environment:checking '/home/jamiek/2026_ROS_manipulator/open_manipulator_ws/install/dynamixel_sdk_custom_interfaces/bin'
[26.308s] Level 1:colcon.colcon_core.environment:checking '/home/jamiek/2026_ROS_manipulator/open_manipulator_ws/install/dynamixel_sdk_custom_interfaces/lib/pkgconfig/dynamixel_sdk_custom_interfaces.pc'
[26.308s] Level 1:colcon.colcon_core.environment:checking '/home/jamiek/2026_ROS_manipulator/open_manipulator_ws/install/dynamixel_sdk_custom_interfaces/lib/python3.12/site-packages'
[26.309s] Level 1:colcon.colcon_core.shell:create_environment_hook('dynamixel_sdk_custom_interfaces', 'pythonpath')
[26.309s] INFO:colcon.colcon_core.shell:Creating environment hook '/home/jamiek/2026_ROS_manipulator/open_manipulator_ws/install/dynamixel_sdk_custom_interfaces/share/dynamixel_sdk_custom_interfaces/hook/pythonpath.ps1'
[26.313s] INFO:colcon.colcon_core.shell:Creating environment descriptor '/home/jamiek/2026_ROS_manipulator/open_manipulator_ws/install/dynamixel_sdk_custom_interfaces/share/dynamixel_sdk_custom_interfaces/hook/pythonpath.dsv'
[26.314s] INFO:colcon.colcon_core.shell:Creating environment hook '/home/jamiek/2026_ROS_manipulator/open_manipulator_ws/install/dynamixel_sdk_custom_interfaces/share/dynamixel_sdk_custom_interfaces/hook/pythonpath.sh'
[26.315s] Level 1:colcon.colcon_core.environment:checking '/home/jamiek/2026_ROS_manipulator/open_manipulator_ws/install/dynamixel_sdk_custom_interfaces/bin'
[26.315s] INFO:colcon.colcon_core.shell:Creating package script '/home/jamiek/2026_ROS_manipulator/open_manipulator_ws/install/dynamixel_sdk_custom_interfaces/share/dynamixel_sdk_custom_interfaces/package.ps1'
[26.320s] INFO:colcon.colcon_core.shell:Creating package descriptor '/home/jamiek/2026_ROS_manipulator/open_manipulator_ws/install/dynamixel_sdk_custom_interfaces/share/dynamixel_sdk_custom_interfaces/package.dsv'
[26.325s] INFO:colcon.colcon_core.shell:Creating package script '/home/jamiek/2026_ROS_manipulator/open_manipulator_ws/install/dynamixel_sdk_custom_interfaces/share/dynamixel_sdk_custom_interfaces/package.sh'
[26.327s] INFO:colcon.colcon_core.shell:Creating package script '/home/jamiek/2026_ROS_manipulator/open_manipulator_ws/install/dynamixel_sdk_custom_interfaces/share/dynamixel_sdk_custom_interfaces/package.bash'
[26.330s] INFO:colcon.colcon_core.shell:Creating package script '/home/jamiek/2026_ROS_manipulator/open_manipulator_ws/install/dynamixel_sdk_custom_interfaces/share/dynamixel_sdk_custom_interfaces/package.zsh'
[26.335s] Level 1:colcon.colcon_core.environment:create_file_with_runtime_dependencies(/home/jamiek/2026_ROS_manipulator/open_manipulator_ws/install/dynamixel_sdk_custom_interfaces/share/colcon-core/packages/dynamixel_sdk_custom_interfaces)
[26.340s] Level 1:colcon.colcon_core.environment:create_environment_scripts_only(dynamixel_sdk_custom_interfaces)
[26.340s] Level 1:colcon.colcon_core.environment:checking '/home/jamiek/2026_ROS_manipulator/open_manipulator_ws/install/dynamixel_sdk_custom_interfaces' for CMake module files
[26.345s] Level 1:colcon.colcon_core.environment:checking '/home/jamiek/2026_ROS_manipulator/open_manipulator_ws/install/dynamixel_sdk_custom_interfaces' for CMake config files
[26.348s] Level 1:colcon.colcon_core.shell:create_environment_hook('dynamixel_sdk_custom_interfaces', 'cmake_prefix_path')
[26.349s] INFO:colcon.colcon_core.shell:Creating environment hook '/home/jamiek/2026_ROS_manipulator/open_manipulator_ws/install/dynamixel_sdk_custom_interfaces/share/dynamixel_sdk_custom_interfaces/hook/cmake_prefix_path.ps1'
[26.350s] INFO:colcon.colcon_core.shell:Creating environment descriptor '/home/jamiek/2026_ROS_manipulator/open_manipulator_ws/install/dynamixel_sdk_custom_interfaces/share/dynamixel_sdk_custom_interfaces/hook/cmake_prefix_path.dsv'
[26.358s] INFO:colcon.colcon_core.shell:Creating environment hook '/home/jamiek/2026_ROS_manipulator/open_manipulator_ws/install/dynamixel_sdk_custom_interfaces/share/dynamixel_sdk_custom_interfaces/hook/cmake_prefix_path.sh'
[26.360s] Level 1:colcon.colcon_core.environment:checking '/home/jamiek/2026_ROS_manipulator/open_manipulator_ws/install/dynamixel_sdk_custom_interfaces/lib'
[26.360s] Level 1:colcon.colcon_core.shell:create_environment_hook('dynamixel_sdk_custom_interfaces', 'ld_library_path_lib')
[26.361s] INFO:colcon.colcon_core.shell:Creating environment hook '/home/jamiek/2026_ROS_manipulator/open_manipulator_ws/install/dynamixel_sdk_custom_interfaces/share/dynamixel_sdk_custom_interfaces/hook/ld_library_path_lib.ps1'
[26.362s] INFO:colcon.colcon_core.shell:Creating environment descriptor '/home/jamiek/2026_ROS_manipulator/open_manipulator_ws/install/dynamixel_sdk_custom_interfaces/share/dynamixel_sdk_custom_interfaces/hook/ld_library_path_lib.dsv'
[26.363s] INFO:colcon.colcon_core.shell:Creating environment hook '/home/jamiek/2026_ROS_manipulator/open_manipulator_ws/install/dynamixel_sdk_custom_interfaces/share/dynamixel_sdk_custom_interfaces/hook/ld_library_path_lib.sh'
[26.367s] Level 1:colcon.colcon_core.environment:checking '/home/jamiek/2026_ROS_manipulator/open_manipulator_ws/install/dynamixel_sdk_custom_interfaces/bin'
[26.367s] Level 1:colcon.colcon_core.environment:checking '/home/jamiek/2026_ROS_manipulator/open_manipulator_ws/install/dynamixel_sdk_custom_interfaces/lib/pkgconfig/dynamixel_sdk_custom_interfaces.pc'
[26.367s] Level 1:colcon.colcon_core.environment:checking '/home/jamiek/2026_ROS_manipulator/open_manipulator_ws/install/dynamixel_sdk_custom_interfaces/lib/python3.12/site-packages'
[26.369s] Level 1:colcon.colcon_core.shell:create_environment_hook('dynamixel_sdk_custom_interfaces', 'pythonpath')
[26.370s] INFO:colcon.colcon_core.shell:Creating environment hook '/home/jamiek/2026_ROS_manipulator/open_manipulator_ws/install/dynamixel_sdk_custom_interfaces/share/dynamixel_sdk_custom_interfaces/hook/pythonpath.ps1'
[26.373s] INFO:colcon.colcon_core.shell:Creating environment descriptor '/home/jamiek/2026_ROS_manipulator/open_manipulator_ws/install/dynamixel_sdk_custom_interfaces/share/dynamixel_sdk_custom_interfaces/hook/pythonpath.dsv'
[26.374s] INFO:colcon.colcon_core.shell:Creating environment hook '/home/jamiek/2026_ROS_manipulator/open_manipulator_ws/install/dynamixel_sdk_custom_interfaces/share/dynamixel_sdk_custom_interfaces/hook/pythonpath.sh'
[26.375s] Level 1:colcon.colcon_core.environment:checking '/home/jamiek/2026_ROS_manipulator/open_manipulator_ws/install/dynamixel_sdk_custom_interfaces/bin'
[26.376s] INFO:colcon.colcon_core.shell:Creating package script '/home/jamiek/2026_ROS_manipulator/open_manipulator_ws/install/dynamixel_sdk_custom_interfaces/share/dynamixel_sdk_custom_interfaces/package.ps1'
[26.381s] INFO:colcon.colcon_core.shell:Creating package descriptor '/home/jamiek/2026_ROS_manipulator/open_manipulator_ws/install/dynamixel_sdk_custom_interfaces/share/dynamixel_sdk_custom_interfaces/package.dsv'
[26.382s] INFO:colcon.colcon_core.shell:Creating package script '/home/jamiek/2026_ROS_manipulator/open_manipulator_ws/install/dynamixel_sdk_custom_interfaces/share/dynamixel_sdk_custom_interfaces/package.sh'
[26.386s] INFO:colcon.colcon_core.shell:Creating package script '/home/jamiek/2026_ROS_manipulator/open_manipulator_ws/install/dynamixel_sdk_custom_interfaces/share/dynamixel_sdk_custom_interfaces/package.bash'
[26.388s] INFO:colcon.colcon_core.shell:Creating package script '/home/jamiek/2026_ROS_manipulator/open_manipulator_ws/install/dynamixel_sdk_custom_interfaces/share/dynamixel_sdk_custom_interfaces/package.zsh'
[26.390s] Level 1:colcon.colcon_core.environment:create_file_with_runtime_dependencies(/home/jamiek/2026_ROS_manipulator/open_manipulator_ws/install/dynamixel_sdk_custom_interfaces/share/colcon-core/packages/dynamixel_sdk_custom_interfaces)
[26.391s] INFO:colcon.colcon_ros.task.ament_cmake.build:Building ROS package in '/home/jamiek/2026_ROS_manipulator/open_manipulator_ws/src/DynamixelSDK/ros/dynamixel_sdk_examples' with build type 'ament_cmake'
[26.392s] INFO:colcon.colcon_cmake.task.cmake.build:Building CMake package in '/home/jamiek/2026_ROS_manipulator/open_manipulator_ws/src/DynamixelSDK/ros/dynamixel_sdk_examples'
[26.392s] INFO:colcon.colcon_core.shell:Skip shell extension 'powershell' for command environment: Not usable outside of PowerShell
[26.392s] DEBUG:colcon.colcon_core.shell:Skip shell extension 'dsv' for command environment
[26.498s] DEBUG:colcon.colcon_core.event_handler.log_command:Invoking command in '/home/jamiek/2026_ROS_manipulator/open_manipulator_ws/build/dynamixel_sdk_examples': AMENT_PREFIX_PATH=/home/jamiek/2026_ROS_manipulator/open_manipulator_ws/install/dynamixel_sdk_custom_interfaces:/home/jamiek/2026_ROS_manipulator/open_manipulator_ws/install/dynamixel_sdk:${AMENT_PREFIX_PATH} CMAKE_PREFIX_PATH=/home/jamiek/2026_ROS_manipulator/open_manipulator_ws/install/dynamixel_sdk_custom_interfaces:/home/jamiek/2026_ROS_manipulator/open_manipulator_ws/install/dynamixel_sdk:/home/jamiek/open_manipulator_ws/install/open_manipulator:/home/jamiek/open_manipulator_ws/install/open_manipulator_playground:/home/jamiek/open_manipulator_ws/install/robotis_interfaces:/home/jamiek/open_manipulator_ws/install/open_manipulator_moveit_config:/home/jamiek/open_manipulator_ws/install/open_manipulator_gui:/home/jamiek/open_manipulator_ws/install/open_manipulator_description:/home/jamiek/open_manipulator_ws/install/open_manipulator_collision:/home/jamiek/open_manipulator_ws/install/om_spring_actuator_controller:/home/jamiek/open_manipulator_ws/install/om_joint_trajectory_command_broadcaster:/home/jamiek/open_manipulator_ws/install/om_gravity_compensation_controller:/home/jamiek/open_manipulator_ws/install/dynamixel_sdk_examples:/home/jamiek/open_manipulator_ws/install/dynamixel_sdk_custom_interfaces:/home/jamiek/open_manipulator_ws/install/dynamixel_hardware_interface:/home/jamiek/open_manipulator_ws/install/dynamixel_sdk:/home/jamiek/open_manipulator_ws/install/dynamixel_interfaces:/home/jamiek/2026_ROS_manipulator/ros_ws/install/user_interface:/opt/ros/jazzy/opt/gz_sim_vendor:/opt/ros/jazzy/opt/gz_sensors_vendor:/opt/ros/jazzy/opt/gz_physics_vendor:/opt/ros/jazzy/opt/sdformat_vendor:/opt/ros/jazzy/opt/gz_gui_vendor:/opt/ros/jazzy/opt/gz_transport_vendor:/opt/ros/jazzy/opt/gz_rendering_vendor:/opt/ros/jazzy/opt/gz_plugin_vendor:/opt/ros/jazzy/opt/gz_fuel_tools_vendor:/opt/ros/jazzy/opt/gz_msgs_vendor:/opt/ros/jazzy/opt/gz_common_vendor:/opt/ros/jazzy/opt/gz_math_vendor:/opt/ros/jazzy/opt/gz_utils_vendor:/opt/ros/jazzy/opt/gz_tools_vendor:/opt/ros/jazzy/opt/gz_ogre_next_vendor:/opt/ros/jazzy/opt/gz_dartsim_vendor:/opt/ros/jazzy/opt/gz_cmake_vendor:/home/jamiek/open_manipulator_ws/install/open_manipulator_teleop:/home/jamiek/open_manipulator_ws/install/open_manipulator_bringup:/home/jamiek/2026_ROS_manipulator/ros_ws/install/tf2_basic:/home/jamiek/2026_ROS_manipulator/ros_ws/install/ros_basic:/opt/ros/jazzy DEBUGINFOD_URLS=https://debuginfod.ubuntu.com LD_LIBRARY_PATH=/home/jamiek/2026_ROS_manipulator/open_manipulator_ws/install/dynamixel_sdk_custom_interfaces/lib:/home/jamiek/2026_ROS_manipulator/open_manipulator_ws/install/dynamixel_sdk/lib:${LD_LIBRARY_PATH} PYTHONPATH=/home/jamiek/2026_ROS_manipulator/open_manipulator_ws/install/dynamixel_sdk_custom_interfaces/lib/python3.12/site-packages:/home/jamiek/2026_ROS_manipulator/open_manipulator_ws/install/dynamixel_sdk/lib/python3.12/site-packages:${PYTHONPATH} /usr/bin/cmake /home/jamiek/2026_ROS_manipulator/open_manipulator_ws/src/DynamixelSDK/ros/dynamixel_sdk_examples -DAMENT_CMAKE_SYMLINK_INSTALL=1 -DCMAKE_INSTALL_PREFIX=/home/jamiek/2026_ROS_manipulator/open_manipulator_ws/install/dynamixel_sdk_examples
[27.191s] DEBUG:colcon.colcon_core.event_handler.log_command:Invoked command in '/home/jamiek/2026_ROS_manipulator/open_manipulator_ws/build/dynamixel_interfaces' returned '0': CMAKE_PREFIX_PATH=${CMAKE_PREFIX_PATH}:/home/jamiek/open_manipulator_ws/install/open_manipulator_teleop:/home/jamiek/open_manipulator_ws/install/open_manipulator_bringup:/home/jamiek/2026_ROS_manipulator/ros_ws/install/tf2_basic:/home/jamiek/2026_ROS_manipulator/ros_ws/install/ros_basic:/opt/ros/jazzy DEBUGINFOD_URLS=https://debuginfod.ubuntu.com /usr/bin/cmake --build /home/jamiek/2026_ROS_manipulator/open_manipulator_ws/build/dynamixel_interfaces -- -j16 -l16
[27.197s] DEBUG:colcon.colcon_core.event_handler.log_command:Invoking command in '/home/jamiek/2026_ROS_manipulator/open_manipulator_ws/build/dynamixel_interfaces': CMAKE_PREFIX_PATH=${CMAKE_PREFIX_PATH}:/home/jamiek/open_manipulator_ws/install/open_manipulator_teleop:/home/jamiek/open_manipulator_ws/install/open_manipulator_bringup:/home/jamiek/2026_ROS_manipulator/ros_ws/install/tf2_basic:/home/jamiek/2026_ROS_manipulator/ros_ws/install/ros_basic:/opt/ros/jazzy DEBUGINFOD_URLS=https://debuginfod.ubuntu.com /usr/bin/cmake --install /home/jamiek/2026_ROS_manipulator/open_manipulator_ws/build/dynamixel_interfaces
[105.292s] Level 1:colcon.colcon_core.environment:create_environment_scripts_only(robotis_interfaces)
[105.296s] Level 1:colcon.colcon_core.environment:checking '/home/jamiek/2026_ROS_manipulator/open_manipulator_ws/install/robotis_interfaces' for CMake module files
[105.297s] Level 1:colcon.colcon_core.environment:checking '/home/jamiek/2026_ROS_manipulator/open_manipulator_ws/install/robotis_interfaces' for CMake config files
[105.293s] DEBUG:colcon.colcon_core.event_handler.log_command:Invoked command in '/home/jamiek/2026_ROS_manipulator/open_manipulator_ws/build/robotis_interfaces' returned '0': CMAKE_PREFIX_PATH=${CMAKE_PREFIX_PATH}:/home/jamiek/open_manipulator_ws/install/open_manipulator_teleop:/home/jamiek/open_manipulator_ws/install/open_manipulator_bringup:/home/jamiek/2026_ROS_manipulator/ros_ws/install/tf2_basic:/home/jamiek/2026_ROS_manipulator/ros_ws/install/ros_basic:/opt/ros/jazzy DEBUGINFOD_URLS=https://debuginfod.ubuntu.com /usr/bin/cmake --install /home/jamiek/2026_ROS_manipulator/open_manipulator_ws/build/robotis_interfaces
[105.302s] Level 1:colcon.colcon_core.shell:create_environment_hook('robotis_interfaces', 'cmake_prefix_path')
[105.303s] INFO:colcon.colcon_core.shell:Creating environment hook '/home/jamiek/2026_ROS_manipulator/open_manipulator_ws/install/robotis_interfaces/share/robotis_interfaces/hook/cmake_prefix_path.ps1'
[105.308s] INFO:colcon.colcon_core.shell:Creating environment descriptor '/home/jamiek/2026_ROS_manipulator/open_manipulator_ws/install/robotis_interfaces/share/robotis_interfaces/hook/cmake_prefix_path.dsv'
[105.309s] INFO:colcon.colcon_core.shell:Creating environment hook '/home/jamiek/2026_ROS_manipulator/open_manipulator_ws/install/robotis_interfaces/share/robotis_interfaces/hook/cmake_prefix_path.sh'
[105.310s] Level 1:colcon.colcon_core.environment:checking '/home/jamiek/2026_ROS_manipulator/open_manipulator_ws/install/robotis_interfaces/lib'
[105.311s] Level 1:colcon.colcon_core.shell:create_environment_hook('robotis_interfaces', 'ld_library_path_lib')
[105.311s] INFO:colcon.colcon_core.shell:Creating environment hook '/home/jamiek/2026_ROS_manipulator/open_manipulator_ws/install/robotis_interfaces/share/robotis_interfaces/hook/ld_library_path_lib.ps1'
[105.312s] INFO:colcon.colcon_core.shell:Creating environment descriptor '/home/jamiek/2026_ROS_manipulator/open_manipulator_ws/install/robotis_interfaces/share/robotis_interfaces/hook/ld_library_path_lib.dsv'
[105.312s] INFO:colcon.colcon_core.shell:Creating environment hook '/home/jamiek/2026_ROS_manipulator/open_manipulator_ws/install/robotis_interfaces/share/robotis_interfaces/hook/ld_library_path_lib.sh'
[105.313s] Level 1:colcon.colcon_core.environment:checking '/home/jamiek/2026_ROS_manipulator/open_manipulator_ws/install/robotis_interfaces/bin'
[105.313s] Level 1:colcon.colcon_core.environment:checking '/home/jamiek/2026_ROS_manipulator/open_manipulator_ws/install/robotis_interfaces/lib/pkgconfig/robotis_interfaces.pc'
[105.313s] Level 1:colcon.colcon_core.environment:checking '/home/jamiek/2026_ROS_manipulator/open_manipulator_ws/install/robotis_interfaces/lib/python3.12/site-packages'
[105.313s] Level 1:colcon.colcon_core.shell:create_environment_hook('robotis_interfaces', 'pythonpath')
[105.320s] INFO:colcon.colcon_core.shell:Creating environment hook '/home/jamiek/2026_ROS_manipulator/open_manipulator_ws/install/robotis_interfaces/share/robotis_interfaces/hook/pythonpath.ps1'
[105.321s] INFO:colcon.colcon_core.shell:Creating environment descriptor '/home/jamiek/2026_ROS_manipulator/open_manipulator_ws/install/robotis_interfaces/share/robotis_interfaces/hook/pythonpath.dsv'
[105.322s] INFO:colcon.colcon_core.shell:Creating environment hook '/home/jamiek/2026_ROS_manipulator/open_manipulator_ws/install/robotis_interfaces/share/robotis_interfaces/hook/pythonpath.sh'
[105.326s] Level 1:colcon.colcon_core.environment:checking '/home/jamiek/2026_ROS_manipulator/open_manipulator_ws/install/robotis_interfaces/bin'
[105.327s] INFO:colcon.colcon_core.shell:Creating package script '/home/jamiek/2026_ROS_manipulator/open_manipulator_ws/install/robotis_interfaces/share/robotis_interfaces/package.ps1'
[105.328s] INFO:colcon.colcon_core.shell:Creating package descriptor '/home/jamiek/2026_ROS_manipulator/open_manipulator_ws/install/robotis_interfaces/share/robotis_interfaces/package.dsv'
[105.332s] INFO:colcon.colcon_core.shell:Creating package script '/home/jamiek/2026_ROS_manipulator/open_manipulator_ws/install/robotis_interfaces/share/robotis_interfaces/package.sh'
[105.333s] INFO:colcon.colcon_core.shell:Creating package script '/home/jamiek/2026_ROS_manipulator/open_manipulator_ws/install/robotis_interfaces/share/robotis_interfaces/package.bash'
[105.338s] INFO:colcon.colcon_core.shell:Creating package script '/home/jamiek/2026_ROS_manipulator/open_manipulator_ws/install/robotis_interfaces/share/robotis_interfaces/package.zsh'
[105.339s] Level 1:colcon.colcon_core.environment:create_file_with_runtime_dependencies(/home/jamiek/2026_ROS_manipulator/open_manipulator_ws/install/robotis_interfaces/share/colcon-core/packages/robotis_interfaces)
[105.344s] Level 1:colcon.colcon_core.environment:create_environment_scripts_only(robotis_interfaces)
[105.345s] Level 1:colcon.colcon_core.environment:checking '/home/jamiek/2026_ROS_manipulator/open_manipulator_ws/install/robotis_interfaces' for CMake module files
[105.346s] Level 1:colcon.colcon_core.environment:checking '/home/jamiek/2026_ROS_manipulator/open_manipulator_ws/install/robotis_interfaces' for CMake config files
[105.350s] Level 1:colcon.colcon_core.shell:create_environment_hook('robotis_interfaces', 'cmake_prefix_path')
[105.350s] INFO:colcon.colcon_core.shell:Creating environment hook '/home/jamiek/2026_ROS_manipulator/open_manipulator_ws/install/robotis_interfaces/share/robotis_interfaces/hook/cmake_prefix_path.ps1'
[105.353s] INFO:colcon.colcon_core.shell:Creating environment descriptor '/home/jamiek/2026_ROS_manipulator/open_manipulator_ws/install/robotis_interfaces/share/robotis_interfaces/hook/cmake_prefix_path.dsv'
[105.353s] INFO:colcon.colcon_core.shell:Creating environment hook '/home/jamiek/2026_ROS_manipulator/open_manipulator_ws/install/robotis_interfaces/share/robotis_interfaces/hook/cmake_prefix_path.sh'
[105.357s] Level 1:colcon.colcon_core.environment:checking '/home/jamiek/2026_ROS_manipulator/open_manipulator_ws/install/robotis_interfaces/lib'
[105.357s] Level 1:colcon.colcon_core.shell:create_environment_hook('robotis_interfaces', 'ld_library_path_lib')
[105.357s] INFO:colcon.colcon_core.shell:Creating environment hook '/home/jamiek/2026_ROS_manipulator/open_manipulator_ws/install/robotis_interfaces/share/robotis_interfaces/hook/ld_library_path_lib.ps1'
[105.361s] INFO:colcon.colcon_core.shell:Creating environment descriptor '/home/jamiek/2026_ROS_manipulator/open_manipulator_ws/install/robotis_interfaces/share/robotis_interfaces/hook/ld_library_path_lib.dsv'
[105.362s] INFO:colcon.colcon_core.shell:Creating environment hook '/home/jamiek/2026_ROS_manipulator/open_manipulator_ws/install/robotis_interfaces/share/robotis_interfaces/hook/ld_library_path_lib.sh'
[105.362s] Level 1:colcon.colcon_core.environment:checking '/home/jamiek/2026_ROS_manipulator/open_manipulator_ws/install/robotis_interfaces/bin'
[105.362s] Level 1:colcon.colcon_core.environment:checking '/home/jamiek/2026_ROS_manipulator/open_manipulator_ws/install/robotis_interfaces/lib/pkgconfig/robotis_interfaces.pc'
[105.363s] Level 1:colcon.colcon_core.environment:checking '/home/jamiek/2026_ROS_manipulator/open_manipulator_ws/install/robotis_interfaces/lib/python3.12/site-packages'
[105.363s] Level 1:colcon.colcon_core.shell:create_environment_hook('robotis_interfaces', 'pythonpath')
[105.363s] INFO:colcon.colcon_core.shell:Creating environment hook '/home/jamiek/2026_ROS_manipulator/open_manipulator_ws/install/robotis_interfaces/share/robotis_interfaces/hook/pythonpath.ps1'
[105.365s] INFO:colcon.colcon_core.shell:Creating environment descriptor '/home/jamiek/2026_ROS_manipulator/open_manipulator_ws/install/robotis_interfaces/share/robotis_interfaces/hook/pythonpath.dsv'
[105.365s] INFO:colcon.colcon_core.shell:Creating environment hook '/home/jamiek/2026_ROS_manipulator/open_manipulator_ws/install/robotis_interfaces/share/robotis_interfaces/hook/pythonpath.sh'
[105.373s] Level 1:colcon.colcon_core.environment:checking '/home/jamiek/2026_ROS_manipulator/open_manipulator_ws/install/robotis_interfaces/bin'
[105.374s] INFO:colcon.colcon_core.shell:Creating package script '/home/jamiek/2026_ROS_manipulator/open_manipulator_ws/install/robotis_interfaces/share/robotis_interfaces/package.ps1'
[105.375s] INFO:colcon.colcon_core.shell:Creating package descriptor '/home/jamiek/2026_ROS_manipulator/open_manipulator_ws/install/robotis_interfaces/share/robotis_interfaces/package.dsv'
[105.379s] INFO:colcon.colcon_core.shell:Creating package script '/home/jamiek/2026_ROS_manipulator/open_manipulator_ws/install/robotis_interfaces/share/robotis_interfaces/package.sh'
[105.380s] INFO:colcon.colcon_core.shell:Creating package script '/home/jamiek/2026_ROS_manipulator/open_manipulator_ws/install/robotis_interfaces/share/robotis_interfaces/package.bash'
[105.381s] INFO:colcon.colcon_core.shell:Creating package script '/home/jamiek/2026_ROS_manipulator/open_manipulator_ws/install/robotis_interfaces/share/robotis_interfaces/package.zsh'
[105.381s] Level 1:colcon.colcon_core.environment:create_file_with_runtime_dependencies(/home/jamiek/2026_ROS_manipulator/open_manipulator_ws/install/robotis_interfaces/share/colcon-core/packages/robotis_interfaces)
[105.386s] INFO:colcon.colcon_ros.task.ament_cmake.build:Building ROS package in '/home/jamiek/2026_ROS_manipulator/open_manipulator_ws/src/open_manipulator/open_manipulator_playground' with build type 'ament_cmake'
[105.386s] INFO:colcon.colcon_cmake.task.cmake.build:Building CMake package in '/home/jamiek/2026_ROS_manipulator/open_manipulator_ws/src/open_manipulator/open_manipulator_playground'
[105.387s] INFO:colcon.colcon_core.shell:Skip shell extension 'powershell' for command environment: Not usable outside of PowerShell
[105.387s] DEBUG:colcon.colcon_core.shell:Skip shell extension 'dsv' for command environment
[105.461s] DEBUG:colcon.colcon_core.event_handler.log_command:Invoking command in '/home/jamiek/2026_ROS_manipulator/open_manipulator_ws/build/open_manipulator_playground': AMENT_PREFIX_PATH=/home/jamiek/2026_ROS_manipulator/open_manipulator_ws/install/robotis_interfaces:${AMENT_PREFIX_PATH} CMAKE_PREFIX_PATH=/home/jamiek/2026_ROS_manipulator/open_manipulator_ws/install/robotis_interfaces:/home/jamiek/open_manipulator_ws/install/open_manipulator:/home/jamiek/open_manipulator_ws/install/open_manipulator_playground:/home/jamiek/open_manipulator_ws/install/robotis_interfaces:/home/jamiek/open_manipulator_ws/install/open_manipulator_moveit_config:/home/jamiek/open_manipulator_ws/install/open_manipulator_gui:/home/jamiek/open_manipulator_ws/install/open_manipulator_description:/home/jamiek/open_manipulator_ws/install/open_manipulator_collision:/home/jamiek/open_manipulator_ws/install/om_spring_actuator_controller:/home/jamiek/open_manipulator_ws/install/om_joint_trajectory_command_broadcaster:/home/jamiek/open_manipulator_ws/install/om_gravity_compensation_controller:/home/jamiek/open_manipulator_ws/install/dynamixel_sdk_examples:/home/jamiek/open_manipulator_ws/install/dynamixel_sdk_custom_interfaces:/home/jamiek/open_manipulator_ws/install/dynamixel_hardware_interface:/home/jamiek/open_manipulator_ws/install/dynamixel_sdk:/home/jamiek/open_manipulator_ws/install/dynamixel_interfaces:/home/jamiek/2026_ROS_manipulator/ros_ws/install/user_interface:/opt/ros/jazzy/opt/gz_sim_vendor:/opt/ros/jazzy/opt/gz_sensors_vendor:/opt/ros/jazzy/opt/gz_physics_vendor:/opt/ros/jazzy/opt/sdformat_vendor:/opt/ros/jazzy/opt/gz_gui_vendor:/opt/ros/jazzy/opt/gz_transport_vendor:/opt/ros/jazzy/opt/gz_rendering_vendor:/opt/ros/jazzy/opt/gz_plugin_vendor:/opt/ros/jazzy/opt/gz_fuel_tools_vendor:/opt/ros/jazzy/opt/gz_msgs_vendor:/opt/ros/jazzy/opt/gz_common_vendor:/opt/ros/jazzy/opt/gz_math_vendor:/opt/ros/jazzy/opt/gz_utils_vendor:/opt/ros/jazzy/opt/gz_tools_vendor:/opt/ros/jazzy/opt/gz_ogre_next_vendor:/opt/ros/jazzy/opt/gz_dartsim_vendor:/opt/ros/jazzy/opt/gz_cmake_vendor:/home/jamiek/open_manipulator_ws/install/open_manipulator_teleop:/home/jamiek/open_manipulator_ws/install/open_manipulator_bringup:/home/jamiek/2026_ROS_manipulator/ros_ws/install/tf2_basic:/home/jamiek/2026_ROS_manipulator/ros_ws/install/ros_basic:/opt/ros/jazzy DEBUGINFOD_URLS=https://debuginfod.ubuntu.com LD_LIBRARY_PATH=/home/jamiek/2026_ROS_manipulator/open_manipulator_ws/install/robotis_interfaces/lib:${LD_LIBRARY_PATH} PYTHONPATH=/home/jamiek/2026_ROS_manipulator/open_manipulator_ws/install/robotis_interfaces/lib/python3.12/site-packages:${PYTHONPATH} /usr/bin/cmake /home/jamiek/2026_ROS_manipulator/open_manipulator_ws/src/open_manipulator/open_manipulator_playground -DAMENT_CMAKE_SYMLINK_INSTALL=1 -DCMAKE_INSTALL_PREFIX=/home/jamiek/2026_ROS_manipulator/open_manipulator_ws/install/open_manipulator_playground
[106.078s] DEBUG:colcon.colcon_core.event_handler.log_command:Invoked command in '/home/jamiek/2026_ROS_manipulator/open_manipulator_ws/build/om_spring_actuator_controller' returned '0': CMAKE_PREFIX_PATH=${CMAKE_PREFIX_PATH}:/home/jamiek/open_manipulator_ws/install/open_manipulator_teleop:/home/jamiek/open_manipulator_ws/install/open_manipulator_bringup:/home/jamiek/2026_ROS_manipulator/ros_ws/install/tf2_basic:/home/jamiek/2026_ROS_manipulator/ros_ws/install/ros_basic:/opt/ros/jazzy DEBUGINFOD_URLS=https://debuginfod.ubuntu.com /usr/bin/cmake --build /home/jamiek/2026_ROS_manipulator/open_manipulator_ws/build/om_spring_actuator_controller -- -j16 -l16
[106.088s] DEBUG:colcon.colcon_core.event_handler.log_command:Invoking command in '/home/jamiek/2026_ROS_manipulator/open_manipulator_ws/build/om_spring_actuator_controller': CMAKE_PREFIX_PATH=${CMAKE_PREFIX_PATH}:/home/jamiek/open_manipulator_ws/install/open_manipulator_teleop:/home/jamiek/open_manipulator_ws/install/open_manipulator_bringup:/home/jamiek/2026_ROS_manipulator/ros_ws/install/tf2_basic:/home/jamiek/2026_ROS_manipulator/ros_ws/install/ros_basic:/opt/ros/jazzy DEBUGINFOD_URLS=https://debuginfod.ubuntu.com /usr/bin/cmake --install /home/jamiek/2026_ROS_manipulator/open_manipulator_ws/build/om_spring_actuator_controller
[106.770s] Level 1:colcon.colcon_core.environment:create_environment_scripts_only(om_spring_actuator_controller)
[106.771s] Level 1:colcon.colcon_core.environment:checking '/home/jamiek/2026_ROS_manipulator/open_manipulator_ws/install/om_spring_actuator_controller' for CMake module files
[106.772s] Level 1:colcon.colcon_core.environment:checking '/home/jamiek/2026_ROS_manipulator/open_manipulator_ws/install/om_spring_actuator_controller' for CMake config files
[106.773s] Level 1:colcon.colcon_core.shell:create_environment_hook('om_spring_actuator_controller', 'cmake_prefix_path')
[106.773s] INFO:colcon.colcon_core.shell:Creating environment hook '/home/jamiek/2026_ROS_manipulator/open_manipulator_ws/install/om_spring_actuator_controller/share/om_spring_actuator_controller/hook/cmake_prefix_path.ps1'
[106.771s] DEBUG:colcon.colcon_core.event_handler.log_command:Invoked command in '/home/jamiek/2026_ROS_manipulator/open_manipulator_ws/build/om_spring_actuator_controller' returned '0': CMAKE_PREFIX_PATH=${CMAKE_PREFIX_PATH}:/home/jamiek/open_manipulator_ws/install/open_manipulator_teleop:/home/jamiek/open_manipulator_ws/install/open_manipulator_bringup:/home/jamiek/2026_ROS_manipulator/ros_ws/install/tf2_basic:/home/jamiek/2026_ROS_manipulator/ros_ws/install/ros_basic:/opt/ros/jazzy DEBUGINFOD_URLS=https://debuginfod.ubuntu.com /usr/bin/cmake --install /home/jamiek/2026_ROS_manipulator/open_manipulator_ws/build/om_spring_actuator_controller
[106.775s] INFO:colcon.colcon_core.shell:Creating environment descriptor '/home/jamiek/2026_ROS_manipulator/open_manipulator_ws/install/om_spring_actuator_controller/share/om_spring_actuator_controller/hook/cmake_prefix_path.dsv'
[106.776s] INFO:colcon.colcon_core.shell:Creating environment hook '/home/jamiek/2026_ROS_manipulator/open_manipulator_ws/install/om_spring_actuator_controller/share/om_spring_actuator_controller/hook/cmake_prefix_path.sh'
[106.777s] Level 1:colcon.colcon_core.environment:checking '/home/jamiek/2026_ROS_manipulator/open_manipulator_ws/install/om_spring_actuator_controller/lib'
[106.778s] Level 1:colcon.colcon_core.shell:create_environment_hook('om_spring_actuator_controller', 'ld_library_path_lib')
[106.778s] INFO:colcon.colcon_core.shell:Creating environment hook '/home/jamiek/2026_ROS_manipulator/open_manipulator_ws/install/om_spring_actuator_controller/share/om_spring_actuator_controller/hook/ld_library_path_lib.ps1'
[106.779s] INFO:colcon.colcon_core.shell:Creating environment descriptor '/home/jamiek/2026_ROS_manipulator/open_manipulator_ws/install/om_spring_actuator_controller/share/om_spring_actuator_controller/hook/ld_library_path_lib.dsv'
[106.779s] INFO:colcon.colcon_core.shell:Creating environment hook '/home/jamiek/2026_ROS_manipulator/open_manipulator_ws/install/om_spring_actuator_controller/share/om_spring_actuator_controller/hook/ld_library_path_lib.sh'
[106.780s] Level 1:colcon.colcon_core.environment:checking '/home/jamiek/2026_ROS_manipulator/open_manipulator_ws/install/om_spring_actuator_controller/bin'
[106.780s] Level 1:colcon.colcon_core.environment:checking '/home/jamiek/2026_ROS_manipulator/open_manipulator_ws/install/om_spring_actuator_controller/lib/pkgconfig/om_spring_actuator_controller.pc'
[106.780s] Level 1:colcon.colcon_core.environment:checking '/home/jamiek/2026_ROS_manipulator/open_manipulator_ws/install/om_spring_actuator_controller/lib/python3.12/site-packages'
[106.781s] Level 1:colcon.colcon_core.environment:checking '/home/jamiek/2026_ROS_manipulator/open_manipulator_ws/install/om_spring_actuator_controller/bin'
[106.781s] INFO:colcon.colcon_core.shell:Creating package script '/home/jamiek/2026_ROS_manipulator/open_manipulator_ws/install/om_spring_actuator_controller/share/om_spring_actuator_controller/package.ps1'
[106.782s] INFO:colcon.colcon_core.shell:Creating package descriptor '/home/jamiek/2026_ROS_manipulator/open_manipulator_ws/install/om_spring_actuator_controller/share/om_spring_actuator_controller/package.dsv'
[106.783s] INFO:colcon.colcon_core.shell:Creating package script '/home/jamiek/2026_ROS_manipulator/open_manipulator_ws/install/om_spring_actuator_controller/share/om_spring_actuator_controller/package.sh'
[106.784s] INFO:colcon.colcon_core.shell:Creating package script '/home/jamiek/2026_ROS_manipulator/open_manipulator_ws/install/om_spring_actuator_controller/share/om_spring_actuator_controller/package.bash'
[106.784s] INFO:colcon.colcon_core.shell:Creating package script '/home/jamiek/2026_ROS_manipulator/open_manipulator_ws/install/om_spring_actuator_controller/share/om_spring_actuator_controller/package.zsh'
[106.785s] Level 1:colcon.colcon_core.environment:create_file_with_runtime_dependencies(/home/jamiek/2026_ROS_manipulator/open_manipulator_ws/install/om_spring_actuator_controller/share/colcon-core/packages/om_spring_actuator_controller)
[106.789s] Level 1:colcon.colcon_core.environment:create_environment_scripts_only(om_spring_actuator_controller)
[106.790s] Level 1:colcon.colcon_core.environment:checking '/home/jamiek/2026_ROS_manipulator/open_manipulator_ws/install/om_spring_actuator_controller' for CMake module files
[106.793s] Level 1:colcon.colcon_core.environment:checking '/home/jamiek/2026_ROS_manipulator/open_manipulator_ws/install/om_spring_actuator_controller' for CMake config files
[106.793s] Level 1:colcon.colcon_core.shell:create_environment_hook('om_spring_actuator_controller', 'cmake_prefix_path')
[106.794s] INFO:colcon.colcon_core.shell:Creating environment hook '/home/jamiek/2026_ROS_manipulator/open_manipulator_ws/install/om_spring_actuator_controller/share/om_spring_actuator_controller/hook/cmake_prefix_path.ps1'
[106.795s] INFO:colcon.colcon_core.shell:Creating environment descriptor '/home/jamiek/2026_ROS_manipulator/open_manipulator_ws/install/om_spring_actuator_controller/share/om_spring_actuator_controller/hook/cmake_prefix_path.dsv'
[106.795s] INFO:colcon.colcon_core.shell:Creating environment hook '/home/jamiek/2026_ROS_manipulator/open_manipulator_ws/install/om_spring_actuator_controller/share/om_spring_actuator_controller/hook/cmake_prefix_path.sh'
[106.799s] Level 1:colcon.colcon_core.environment:checking '/home/jamiek/2026_ROS_manipulator/open_manipulator_ws/install/om_spring_actuator_controller/lib'
[106.800s] Level 1:colcon.colcon_core.shell:create_environment_hook('om_spring_actuator_controller', 'ld_library_path_lib')
[106.800s] INFO:colcon.colcon_core.shell:Creating environment hook '/home/jamiek/2026_ROS_manipulator/open_manipulator_ws/install/om_spring_actuator_controller/share/om_spring_actuator_controller/hook/ld_library_path_lib.ps1'
[106.801s] INFO:colcon.colcon_core.shell:Creating environment descriptor '/home/jamiek/2026_ROS_manipulator/open_manipulator_ws/install/om_spring_actuator_controller/share/om_spring_actuator_controller/hook/ld_library_path_lib.dsv'
[106.801s] INFO:colcon.colcon_core.shell:Creating environment hook '/home/jamiek/2026_ROS_manipulator/open_manipulator_ws/install/om_spring_actuator_controller/share/om_spring_actuator_controller/hook/ld_library_path_lib.sh'
[106.805s] Level 1:colcon.colcon_core.environment:checking '/home/jamiek/2026_ROS_manipulator/open_manipulator_ws/install/om_spring_actuator_controller/bin'
[106.805s] Level 1:colcon.colcon_core.environment:checking '/home/jamiek/2026_ROS_manipulator/open_manipulator_ws/install/om_spring_actuator_controller/lib/pkgconfig/om_spring_actuator_controller.pc'
[106.806s] Level 1:colcon.colcon_core.environment:checking '/home/jamiek/2026_ROS_manipulator/open_manipulator_ws/install/om_spring_actuator_controller/lib/python3.12/site-packages'
[106.806s] Level 1:colcon.colcon_core.environment:checking '/home/jamiek/2026_ROS_manipulator/open_manipulator_ws/install/om_spring_actuator_controller/bin'
[106.807s] INFO:colcon.colcon_core.shell:Creating package script '/home/jamiek/2026_ROS_manipulator/open_manipulator_ws/install/om_spring_actuator_controller/share/om_spring_actuator_controller/package.ps1'
[106.808s] INFO:colcon.colcon_core.shell:Creating package descriptor '/home/jamiek/2026_ROS_manipulator/open_manipulator_ws/install/om_spring_actuator_controller/share/om_spring_actuator_controller/package.dsv'
[106.809s] INFO:colcon.colcon_core.shell:Creating package script '/home/jamiek/2026_ROS_manipulator/open_manipulator_ws/install/om_spring_actuator_controller/share/om_spring_actuator_controller/package.sh'
[106.810s] INFO:colcon.colcon_core.shell:Creating package script '/home/jamiek/2026_ROS_manipulator/open_manipulator_ws/install/om_spring_actuator_controller/share/om_spring_actuator_controller/package.bash'
[106.810s] INFO:colcon.colcon_core.shell:Creating package script '/home/jamiek/2026_ROS_manipulator/open_manipulator_ws/install/om_spring_actuator_controller/share/om_spring_actuator_controller/package.zsh'
[106.811s] Level 1:colcon.colcon_core.environment:create_file_with_runtime_dependencies(/home/jamiek/2026_ROS_manipulator/open_manipulator_ws/install/om_spring_actuator_controller/share/colcon-core/packages/om_spring_actuator_controller)
[127.983s] Level 1:colcon.colcon_core.environment:create_environment_scripts_only(dynamixel_interfaces)
[127.999s] Level 1:colcon.colcon_core.environment:checking '/home/jamiek/2026_ROS_manipulator/open_manipulator_ws/install/dynamixel_interfaces' for CMake module files
[128.000s] DEBUG:colcon.colcon_core.event_handler.log_command:Invoked command in '/home/jamiek/2026_ROS_manipulator/open_manipulator_ws/build/dynamixel_interfaces' returned '0': CMAKE_PREFIX_PATH=${CMAKE_PREFIX_PATH}:/home/jamiek/open_manipulator_ws/install/open_manipulator_teleop:/home/jamiek/open_manipulator_ws/install/open_manipulator_bringup:/home/jamiek/2026_ROS_manipulator/ros_ws/install/tf2_basic:/home/jamiek/2026_ROS_manipulator/ros_ws/install/ros_basic:/opt/ros/jazzy DEBUGINFOD_URLS=https://debuginfod.ubuntu.com /usr/bin/cmake --install /home/jamiek/2026_ROS_manipulator/open_manipulator_ws/build/dynamixel_interfaces
[128.195s] Level 1:colcon.colcon_core.environment:checking '/home/jamiek/2026_ROS_manipulator/open_manipulator_ws/install/dynamixel_interfaces' for CMake config files
[129.155s] Level 1:colcon.colcon_core.shell:create_environment_hook('dynamixel_interfaces', 'cmake_prefix_path')
[129.160s] INFO:colcon.colcon_core.shell:Creating environment hook '/home/jamiek/2026_ROS_manipulator/open_manipulator_ws/install/dynamixel_interfaces/share/dynamixel_interfaces/hook/cmake_prefix_path.ps1'
[129.170s] INFO:colcon.colcon_core.shell:Creating environment descriptor '/home/jamiek/2026_ROS_manipulator/open_manipulator_ws/install/dynamixel_interfaces/share/dynamixel_interfaces/hook/cmake_prefix_path.dsv'
[129.181s] INFO:colcon.colcon_core.shell:Creating environment hook '/home/jamiek/2026_ROS_manipulator/open_manipulator_ws/install/dynamixel_interfaces/share/dynamixel_interfaces/hook/cmake_prefix_path.sh'
[129.186s] Level 1:colcon.colcon_core.environment:checking '/home/jamiek/2026_ROS_manipulator/open_manipulator_ws/install/dynamixel_interfaces/lib'
[129.186s] Level 1:colcon.colcon_core.shell:create_environment_hook('dynamixel_interfaces', 'ld_library_path_lib')
[129.186s] INFO:colcon.colcon_core.shell:Creating environment hook '/home/jamiek/2026_ROS_manipulator/open_manipulator_ws/install/dynamixel_interfaces/share/dynamixel_interfaces/hook/ld_library_path_lib.ps1'
[129.189s] INFO:colcon.colcon_core.shell:Creating environment descriptor '/home/jamiek/2026_ROS_manipulator/open_manipulator_ws/install/dynamixel_interfaces/share/dynamixel_interfaces/hook/ld_library_path_lib.dsv'
[129.192s] INFO:colcon.colcon_core.shell:Creating environment hook '/home/jamiek/2026_ROS_manipulator/open_manipulator_ws/install/dynamixel_interfaces/share/dynamixel_interfaces/hook/ld_library_path_lib.sh'
[129.194s] Level 1:colcon.colcon_core.environment:checking '/home/jamiek/2026_ROS_manipulator/open_manipulator_ws/install/dynamixel_interfaces/bin'
[129.194s] Level 1:colcon.colcon_core.environment:checking '/home/jamiek/2026_ROS_manipulator/open_manipulator_ws/install/dynamixel_interfaces/lib/pkgconfig/dynamixel_interfaces.pc'
[129.195s] Level 1:colcon.colcon_core.environment:checking '/home/jamiek/2026_ROS_manipulator/open_manipulator_ws/install/dynamixel_interfaces/lib/python3.12/site-packages'
[129.195s] Level 1:colcon.colcon_core.shell:create_environment_hook('dynamixel_interfaces', 'pythonpath')
[129.195s] INFO:colcon.colcon_core.shell:Creating environment hook '/home/jamiek/2026_ROS_manipulator/open_manipulator_ws/install/dynamixel_interfaces/share/dynamixel_interfaces/hook/pythonpath.ps1'
[129.196s] INFO:colcon.colcon_core.shell:Creating environment descriptor '/home/jamiek/2026_ROS_manipulator/open_manipulator_ws/install/dynamixel_interfaces/share/dynamixel_interfaces/hook/pythonpath.dsv'
[129.196s] INFO:colcon.colcon_core.shell:Creating environment hook '/home/jamiek/2026_ROS_manipulator/open_manipulator_ws/install/dynamixel_interfaces/share/dynamixel_interfaces/hook/pythonpath.sh'
[129.197s] Level 1:colcon.colcon_core.environment:checking '/home/jamiek/2026_ROS_manipulator/open_manipulator_ws/install/dynamixel_interfaces/bin'
[129.197s] INFO:colcon.colcon_core.shell:Creating package script '/home/jamiek/2026_ROS_manipulator/open_manipulator_ws/install/dynamixel_interfaces/share/dynamixel_interfaces/package.ps1'
[129.199s] INFO:colcon.colcon_core.shell:Creating package descriptor '/home/jamiek/2026_ROS_manipulator/open_manipulator_ws/install/dynamixel_interfaces/share/dynamixel_interfaces/package.dsv'
[129.206s] INFO:colcon.colcon_core.shell:Creating package script '/home/jamiek/2026_ROS_manipulator/open_manipulator_ws/install/dynamixel_interfaces/share/dynamixel_interfaces/package.sh'
[129.208s] INFO:colcon.colcon_core.shell:Creating package script '/home/jamiek/2026_ROS_manipulator/open_manipulator_ws/install/dynamixel_interfaces/share/dynamixel_interfaces/package.bash'
[129.217s] INFO:colcon.colcon_core.shell:Creating package script '/home/jamiek/2026_ROS_manipulator/open_manipulator_ws/install/dynamixel_interfaces/share/dynamixel_interfaces/package.zsh'
[129.223s] Level 1:colcon.colcon_core.environment:create_file_with_runtime_dependencies(/home/jamiek/2026_ROS_manipulator/open_manipulator_ws/install/dynamixel_interfaces/share/colcon-core/packages/dynamixel_interfaces)
[129.250s] Level 1:colcon.colcon_core.environment:create_environment_scripts_only(dynamixel_interfaces)
[129.250s] Level 1:colcon.colcon_core.environment:checking '/home/jamiek/2026_ROS_manipulator/open_manipulator_ws/install/dynamixel_interfaces' for CMake module files
[129.288s] Level 1:colcon.colcon_core.environment:checking '/home/jamiek/2026_ROS_manipulator/open_manipulator_ws/install/dynamixel_interfaces' for CMake config files
[129.379s] Level 1:colcon.colcon_core.shell:create_environment_hook('dynamixel_interfaces', 'cmake_prefix_path')
[129.379s] INFO:colcon.colcon_core.shell:Creating environment hook '/home/jamiek/2026_ROS_manipulator/open_manipulator_ws/install/dynamixel_interfaces/share/dynamixel_interfaces/hook/cmake_prefix_path.ps1'
[129.381s] INFO:colcon.colcon_core.shell:Creating environment descriptor '/home/jamiek/2026_ROS_manipulator/open_manipulator_ws/install/dynamixel_interfaces/share/dynamixel_interfaces/hook/cmake_prefix_path.dsv'
[129.384s] INFO:colcon.colcon_core.shell:Creating environment hook '/home/jamiek/2026_ROS_manipulator/open_manipulator_ws/install/dynamixel_interfaces/share/dynamixel_interfaces/hook/cmake_prefix_path.sh'
[129.385s] Level 1:colcon.colcon_core.environment:checking '/home/jamiek/2026_ROS_manipulator/open_manipulator_ws/install/dynamixel_interfaces/lib'
[129.386s] Level 1:colcon.colcon_core.shell:create_environment_hook('dynamixel_interfaces', 'ld_library_path_lib')
[129.386s] INFO:colcon.colcon_core.shell:Creating environment hook '/home/jamiek/2026_ROS_manipulator/open_manipulator_ws/install/dynamixel_interfaces/share/dynamixel_interfaces/hook/ld_library_path_lib.ps1'
[129.387s] INFO:colcon.colcon_core.shell:Creating environment descriptor '/home/jamiek/2026_ROS_manipulator/open_manipulator_ws/install/dynamixel_interfaces/share/dynamixel_interfaces/hook/ld_library_path_lib.dsv'
[129.387s] INFO:colcon.colcon_core.shell:Creating environment hook '/home/jamiek/2026_ROS_manipulator/open_manipulator_ws/install/dynamixel_interfaces/share/dynamixel_interfaces/hook/ld_library_path_lib.sh'
[129.388s] Level 1:colcon.colcon_core.environment:checking '/home/jamiek/2026_ROS_manipulator/open_manipulator_ws/install/dynamixel_interfaces/bin'
[129.388s] Level 1:colcon.colcon_core.environment:checking '/home/jamiek/2026_ROS_manipulator/open_manipulator_ws/install/dynamixel_interfaces/lib/pkgconfig/dynamixel_interfaces.pc'
[129.388s] Level 1:colcon.colcon_core.environment:checking '/home/jamiek/2026_ROS_manipulator/open_manipulator_ws/install/dynamixel_interfaces/lib/python3.12/site-packages'
[129.388s] Level 1:colcon.colcon_core.shell:create_environment_hook('dynamixel_interfaces', 'pythonpath')
[129.389s] INFO:colcon.colcon_core.shell:Creating environment hook '/home/jamiek/2026_ROS_manipulator/open_manipulator_ws/install/dynamixel_interfaces/share/dynamixel_interfaces/hook/pythonpath.ps1'
[129.389s] INFO:colcon.colcon_core.shell:Creating environment descriptor '/home/jamiek/2026_ROS_manipulator/open_manipulator_ws/install/dynamixel_interfaces/share/dynamixel_interfaces/hook/pythonpath.dsv'
[129.390s] INFO:colcon.colcon_core.shell:Creating environment hook '/home/jamiek/2026_ROS_manipulator/open_manipulator_ws/install/dynamixel_interfaces/share/dynamixel_interfaces/hook/pythonpath.sh'
[129.393s] Level 1:colcon.colcon_core.environment:checking '/home/jamiek/2026_ROS_manipulator/open_manipulator_ws/install/dynamixel_interfaces/bin'
[129.393s] INFO:colcon.colcon_core.shell:Creating package script '/home/jamiek/2026_ROS_manipulator/open_manipulator_ws/install/dynamixel_interfaces/share/dynamixel_interfaces/package.ps1'
[129.395s] INFO:colcon.colcon_core.shell:Creating package descriptor '/home/jamiek/2026_ROS_manipulator/open_manipulator_ws/install/dynamixel_interfaces/share/dynamixel_interfaces/package.dsv'
[129.396s] INFO:colcon.colcon_core.shell:Creating package script '/home/jamiek/2026_ROS_manipulator/open_manipulator_ws/install/dynamixel_interfaces/share/dynamixel_interfaces/package.sh'
[129.397s] INFO:colcon.colcon_core.shell:Creating package script '/home/jamiek/2026_ROS_manipulator/open_manipulator_ws/install/dynamixel_interfaces/share/dynamixel_interfaces/package.bash'
[129.398s] INFO:colcon.colcon_core.shell:Creating package script '/home/jamiek/2026_ROS_manipulator/open_manipulator_ws/install/dynamixel_interfaces/share/dynamixel_interfaces/package.zsh'
[129.399s] Level 1:colcon.colcon_core.environment:create_file_with_runtime_dependencies(/home/jamiek/2026_ROS_manipulator/open_manipulator_ws/install/dynamixel_interfaces/share/colcon-core/packages/dynamixel_interfaces)
[129.401s] INFO:colcon.colcon_ros.task.ament_cmake.build:Building ROS package in '/home/jamiek/2026_ROS_manipulator/open_manipulator_ws/src/dynamixel_hardware_interface' with build type 'ament_cmake'
[129.402s] INFO:colcon.colcon_cmake.task.cmake.build:Building CMake package in '/home/jamiek/2026_ROS_manipulator/open_manipulator_ws/src/dynamixel_hardware_interface'
[129.402s] INFO:colcon.colcon_core.shell:Skip shell extension 'powershell' for command environment: Not usable outside of PowerShell
[129.402s] DEBUG:colcon.colcon_core.shell:Skip shell extension 'dsv' for command environment
[129.542s] DEBUG:colcon.colcon_core.event_handler.log_command:Invoking command in '/home/jamiek/2026_ROS_manipulator/open_manipulator_ws/build/dynamixel_hardware_interface': AMENT_PREFIX_PATH=/home/jamiek/2026_ROS_manipulator/open_manipulator_ws/install/dynamixel_sdk:/home/jamiek/2026_ROS_manipulator/open_manipulator_ws/install/dynamixel_interfaces:${AMENT_PREFIX_PATH} CMAKE_PREFIX_PATH=/home/jamiek/2026_ROS_manipulator/open_manipulator_ws/install/dynamixel_sdk:/home/jamiek/2026_ROS_manipulator/open_manipulator_ws/install/dynamixel_interfaces:/home/jamiek/open_manipulator_ws/install/open_manipulator:/home/jamiek/open_manipulator_ws/install/open_manipulator_playground:/home/jamiek/open_manipulator_ws/install/robotis_interfaces:/home/jamiek/open_manipulator_ws/install/open_manipulator_moveit_config:/home/jamiek/open_manipulator_ws/install/open_manipulator_gui:/home/jamiek/open_manipulator_ws/install/open_manipulator_description:/home/jamiek/open_manipulator_ws/install/open_manipulator_collision:/home/jamiek/open_manipulator_ws/install/om_spring_actuator_controller:/home/jamiek/open_manipulator_ws/install/om_joint_trajectory_command_broadcaster:/home/jamiek/open_manipulator_ws/install/om_gravity_compensation_controller:/home/jamiek/open_manipulator_ws/install/dynamixel_sdk_examples:/home/jamiek/open_manipulator_ws/install/dynamixel_sdk_custom_interfaces:/home/jamiek/open_manipulator_ws/install/dynamixel_hardware_interface:/home/jamiek/open_manipulator_ws/install/dynamixel_sdk:/home/jamiek/open_manipulator_ws/install/dynamixel_interfaces:/home/jamiek/2026_ROS_manipulator/ros_ws/install/user_interface:/opt/ros/jazzy/opt/gz_sim_vendor:/opt/ros/jazzy/opt/gz_sensors_vendor:/opt/ros/jazzy/opt/gz_physics_vendor:/opt/ros/jazzy/opt/sdformat_vendor:/opt/ros/jazzy/opt/gz_gui_vendor:/opt/ros/jazzy/opt/gz_transport_vendor:/opt/ros/jazzy/opt/gz_rendering_vendor:/opt/ros/jazzy/opt/gz_plugin_vendor:/opt/ros/jazzy/opt/gz_fuel_tools_vendor:/opt/ros/jazzy/opt/gz_msgs_vendor:/opt/ros/jazzy/opt/gz_common_vendor:/opt/ros/jazzy/opt/gz_math_vendor:/opt/ros/jazzy/opt/gz_utils_vendor:/opt/ros/jazzy/opt/gz_tools_vendor:/opt/ros/jazzy/opt/gz_ogre_next_vendor:/opt/ros/jazzy/opt/gz_dartsim_vendor:/opt/ros/jazzy/opt/gz_cmake_vendor:/home/jamiek/open_manipulator_ws/install/open_manipulator_teleop:/home/jamiek/open_manipulator_ws/install/open_manipulator_bringup:/home/jamiek/2026_ROS_manipulator/ros_ws/install/tf2_basic:/home/jamiek/2026_ROS_manipulator/ros_ws/install/ros_basic:/opt/ros/jazzy DEBUGINFOD_URLS=https://debuginfod.ubuntu.com LD_LIBRARY_PATH=/home/jamiek/2026_ROS_manipulator/open_manipulator_ws/install/dynamixel_sdk/lib:/home/jamiek/2026_ROS_manipulator/open_manipulator_ws/install/dynamixel_interfaces/lib:${LD_LIBRARY_PATH} PYTHONPATH=/home/jamiek/2026_ROS_manipulator/open_manipulator_ws/install/dynamixel_sdk/lib/python3.12/site-packages:/home/jamiek/2026_ROS_manipulator/open_manipulator_ws/install/dynamixel_interfaces/lib/python3.12/site-packages:${PYTHONPATH} /usr/bin/cmake /home/jamiek/2026_ROS_manipulator/open_manipulator_ws/src/dynamixel_hardware_interface -DAMENT_CMAKE_SYMLINK_INSTALL=1 -DCMAKE_INSTALL_PREFIX=/home/jamiek/2026_ROS_manipulator/open_manipulator_ws/install/dynamixel_hardware_interface
[131.099s] DEBUG:colcon.colcon_core.event_handler.log_command:Invoked command in '/home/jamiek/2026_ROS_manipulator/open_manipulator_ws/build/dynamixel_sdk_examples' returned '0': AMENT_PREFIX_PATH=/home/jamiek/2026_ROS_manipulator/open_manipulator_ws/install/dynamixel_sdk_custom_interfaces:/home/jamiek/2026_ROS_manipulator/open_manipulator_ws/install/dynamixel_sdk:${AMENT_PREFIX_PATH} CMAKE_PREFIX_PATH=/home/jamiek/2026_ROS_manipulator/open_manipulator_ws/install/dynamixel_sdk_custom_interfaces:/home/jamiek/2026_ROS_manipulator/open_manipulator_ws/install/dynamixel_sdk:/home/jamiek/open_manipulator_ws/install/open_manipulator:/home/jamiek/open_manipulator_ws/install/open_manipulator_playground:/home/jamiek/open_manipulator_ws/install/robotis_interfaces:/home/jamiek/open_manipulator_ws/install/open_manipulator_moveit_config:/home/jamiek/open_manipulator_ws/install/open_manipulator_gui:/home/jamiek/open_manipulator_ws/install/open_manipulator_description:/home/jamiek/open_manipulator_ws/install/open_manipulator_collision:/home/jamiek/open_manipulator_ws/install/om_spring_actuator_controller:/home/jamiek/open_manipulator_ws/install/om_joint_trajectory_command_broadcaster:/home/jamiek/open_manipulator_ws/install/om_gravity_compensation_controller:/home/jamiek/open_manipulator_ws/install/dynamixel_sdk_examples:/home/jamiek/open_manipulator_ws/install/dynamixel_sdk_custom_interfaces:/home/jamiek/open_manipulator_ws/install/dynamixel_hardware_interface:/home/jamiek/open_manipulator_ws/install/dynamixel_sdk:/home/jamiek/open_manipulator_ws/install/dynamixel_interfaces:/home/jamiek/2026_ROS_manipulator/ros_ws/install/user_interface:/opt/ros/jazzy/opt/gz_sim_vendor:/opt/ros/jazzy/opt/gz_sensors_vendor:/opt/ros/jazzy/opt/gz_physics_vendor:/opt/ros/jazzy/opt/sdformat_vendor:/opt/ros/jazzy/opt/gz_gui_vendor:/opt/ros/jazzy/opt/gz_transport_vendor:/opt/ros/jazzy/opt/gz_rendering_vendor:/opt/ros/jazzy/opt/gz_plugin_vendor:/opt/ros/jazzy/opt/gz_fuel_tools_vendor:/opt/ros/jazzy/opt/gz_msgs_vendor:/opt/ros/jazzy/opt/gz_common_vendor:/opt/ros/jazzy/opt/gz_math_vendor:/opt/ros/jazzy/opt/gz_utils_vendor:/opt/ros/jazzy/opt/gz_tools_vendor:/opt/ros/jazzy/opt/gz_ogre_next_vendor:/opt/ros/jazzy/opt/gz_dartsim_vendor:/opt/ros/jazzy/opt/gz_cmake_vendor:/home/jamiek/open_manipulator_ws/install/open_manipulator_teleop:/home/jamiek/open_manipulator_ws/install/open_manipulator_bringup:/home/jamiek/2026_ROS_manipulator/ros_ws/install/tf2_basic:/home/jamiek/2026_ROS_manipulator/ros_ws/install/ros_basic:/opt/ros/jazzy DEBUGINFOD_URLS=https://debuginfod.ubuntu.com LD_LIBRARY_PATH=/home/jamiek/2026_ROS_manipulator/open_manipulator_ws/install/dynamixel_sdk_custom_interfaces/lib:/home/jamiek/2026_ROS_manipulator/open_manipulator_ws/install/dynamixel_sdk/lib:${LD_LIBRARY_PATH} PYTHONPATH=/home/jamiek/2026_ROS_manipulator/open_manipulator_ws/install/dynamixel_sdk_custom_interfaces/lib/python3.12/site-packages:/home/jamiek/2026_ROS_manipulator/open_manipulator_ws/install/dynamixel_sdk/lib/python3.12/site-packages:${PYTHONPATH} /usr/bin/cmake /home/jamiek/2026_ROS_manipulator/open_manipulator_ws/src/DynamixelSDK/ros/dynamixel_sdk_examples -DAMENT_CMAKE_SYMLINK_INSTALL=1 -DCMAKE_INSTALL_PREFIX=/home/jamiek/2026_ROS_manipulator/open_manipulator_ws/install/dynamixel_sdk_examples
[131.104s] DEBUG:colcon.colcon_core.event_handler.log_command:Invoking command in '/home/jamiek/2026_ROS_manipulator/open_manipulator_ws/build/dynamixel_sdk_examples': AMENT_PREFIX_PATH=/home/jamiek/2026_ROS_manipulator/open_manipulator_ws/install/dynamixel_sdk_custom_interfaces:/home/jamiek/2026_ROS_manipulator/open_manipulator_ws/install/dynamixel_sdk:${AMENT_PREFIX_PATH} CMAKE_PREFIX_PATH=/home/jamiek/2026_ROS_manipulator/open_manipulator_ws/install/dynamixel_sdk_custom_interfaces:/home/jamiek/2026_ROS_manipulator/open_manipulator_ws/install/dynamixel_sdk:/home/jamiek/open_manipulator_ws/install/open_manipulator:/home/jamiek/open_manipulator_ws/install/open_manipulator_playground:/home/jamiek/open_manipulator_ws/install/robotis_interfaces:/home/jamiek/open_manipulator_ws/install/open_manipulator_moveit_config:/home/jamiek/open_manipulator_ws/install/open_manipulator_gui:/home/jamiek/open_manipulator_ws/install/open_manipulator_description:/home/jamiek/open_manipulator_ws/install/open_manipulator_collision:/home/jamiek/open_manipulator_ws/install/om_spring_actuator_controller:/home/jamiek/open_manipulator_ws/install/om_joint_trajectory_command_broadcaster:/home/jamiek/open_manipulator_ws/install/om_gravity_compensation_controller:/home/jamiek/open_manipulator_ws/install/dynamixel_sdk_examples:/home/jamiek/open_manipulator_ws/install/dynamixel_sdk_custom_interfaces:/home/jamiek/open_manipulator_ws/install/dynamixel_hardware_interface:/home/jamiek/open_manipulator_ws/install/dynamixel_sdk:/home/jamiek/open_manipulator_ws/install/dynamixel_interfaces:/home/jamiek/2026_ROS_manipulator/ros_ws/install/user_interface:/opt/ros/jazzy/opt/gz_sim_vendor:/opt/ros/jazzy/opt/gz_sensors_vendor:/opt/ros/jazzy/opt/gz_physics_vendor:/opt/ros/jazzy/opt/sdformat_vendor:/opt/ros/jazzy/opt/gz_gui_vendor:/opt/ros/jazzy/opt/gz_transport_vendor:/opt/ros/jazzy/opt/gz_rendering_vendor:/opt/ros/jazzy/opt/gz_plugin_vendor:/opt/ros/jazzy/opt/gz_fuel_tools_vendor:/opt/ros/jazzy/opt/gz_msgs_vendor:/opt/ros/jazzy/opt/gz_common_vendor:/opt/ros/jazzy/opt/gz_math_vendor:/opt/ros/jazzy/opt/gz_utils_vendor:/opt/ros/jazzy/opt/gz_tools_vendor:/opt/ros/jazzy/opt/gz_ogre_next_vendor:/opt/ros/jazzy/opt/gz_dartsim_vendor:/opt/ros/jazzy/opt/gz_cmake_vendor:/home/jamiek/open_manipulator_ws/install/open_manipulator_teleop:/home/jamiek/open_manipulator_ws/install/open_manipulator_bringup:/home/jamiek/2026_ROS_manipulator/ros_ws/install/tf2_basic:/home/jamiek/2026_ROS_manipulator/ros_ws/install/ros_basic:/opt/ros/jazzy DEBUGINFOD_URLS=https://debuginfod.ubuntu.com LD_LIBRARY_PATH=/home/jamiek/2026_ROS_manipulator/open_manipulator_ws/install/dynamixel_sdk_custom_interfaces/lib:/home/jamiek/2026_ROS_manipulator/open_manipulator_ws/install/dynamixel_sdk/lib:${LD_LIBRARY_PATH} PYTHONPATH=/home/jamiek/2026_ROS_manipulator/open_manipulator_ws/install/dynamixel_sdk_custom_interfaces/lib/python3.12/site-packages:/home/jamiek/2026_ROS_manipulator/open_manipulator_ws/install/dynamixel_sdk/lib/python3.12/site-packages:${PYTHONPATH} /usr/bin/cmake --build /home/jamiek/2026_ROS_manipulator/open_manipulator_ws/build/dynamixel_sdk_examples -- -j16 -l16
